season,plot_id,input_week_index,observation_date,yield_observed_for_baseline_g,flower_count,green_fruit_count,white_fruit_count,pink_fruit_count,canopy_area,canopy_volume,total_unripe_visible_count,phenology_weighted_index,phenology_weighted_index_per_area,total_unripe_visible_count_per_area,tmean_2m_c_7d_mean,soil_temp_mean_c_7d_mean,rh_mean_pct_7d_mean,rainfall_in_7d_sum,solar_radiation_mean_wm2_7d_mean,gdd_base_10_c_7d_sum,cumulative_gdd_base_10_c,cumulative_rainfall_in,cumulative_solar_radiation_sum_wm2_records
2324,B11,1,2024-01-08,84.0,2.0,14.0,1.0,4.0,1485317.0,1814427.0,21.0,10.4,7.001872327590676e-06,1.4138396046096557e-05,12.9471875,14.320357142857144,79.795625,1.02,107.7697619047619,20.630312499999995,22.5171875,1.02,84432.48999999999
2324,B11,2,2024-01-16,103.0,2.0,31.0,13.0,7.0,1598939.0,2076444.0,53.0,29.500000000000004,1.844973448017717e-05,3.314698059150474e-05,13.661636904761906,14.597038690476191,79.36620535714285,1.53,82.54610119047618,26.170833333333334,56.8509375,3.88,142552.69999999998
2324,B11,3,2024-01-23,22.0,2.0,14.0,3.0,0.0,1461191.0,1870595.0,19.0,8.400000000000002,5.748735107183114e-06,1.3003091313866566e-05,10.462544642857145,12.273392857142856,70.53050595238095,0.0,117.54267308897242,14.51927083333333,71.37020833333332,3.88,221491.41
2324,B11,4,2024-01-30,192.0,0.0,11.0,4.0,1.0,1164576.0,1522782.0,16.0,8.5,7.298793724067815e-06,1.3738905833539416e-05,18.03215773809524,19.05563988095238,79.72150297619046,0.22,138.16929652255638,56.22510416666667,127.59531249999998,4.1,314167.48000000004
2324,B11,5,2024-02-06,264.0,8.0,10.0,2.0,3.0,1239286.0,1465912.0,23.0,9.899999999999999,7.988470780756015e-06,1.855907353104933e-05,13.057708333333334,15.240416666666668,74.52035714285715,0.09,143.0740625,21.403958333333332,148.99927083333333,4.19,410313.25
2324,B12,1,2024-01-08,168.0,8.0,7.0,0.0,1.0,2246262.0,2796545.0,16.0,5.300000000000001,2.3594754307378216e-06,7.122944696567008e-06,12.9471875,14.320357142857144,79.795625,1.02,107.7697619047619,20.630312499999995,22.5171875,1.02,84432.48999999999
2324,B12,2,2024-01-16,149.0,8.0,19.0,2.0,1.0,1912826.0,2472454.0,30.0,11.700000000000001,6.11660443762266e-06,1.568360112210938e-05,13.661636904761906,14.597038690476191,79.36620535714285,1.53,82.54610119047618,26.170833333333334,56.8509375,3.88,142552.69999999998
2324,B12,3,2024-01-23,38.0,10.0,23.0,3.0,2.0,2031794.0,2652563.0,38.0,15.400000000000002,7.579508552540269e-06,1.8702683441333127e-05,10.462544642857145,12.273392857142856,70.53050595238095,0.0,117.54267308897242,14.51927083333333,71.37020833333332,3.88,221491.41
2324,B12,4,2024-01-30,278.0,2.0,12.0,2.0,3.0,1153588.0,1536945.0,19.0,9.5,8.235175816669383e-06,1.6470351633338766e-05,18.03215773809524,19.05563988095238,79.72150297619046,0.22,138.16929652255638,56.22510416666667,127.59531249999998,4.1,314167.48000000004
2324,B12,5,2024-02-06,431.0,7.0,20.0,6.0,2.0,1807223.0,2260070.0,35.0,16.0,8.853362313339305e-06,1.936673006042973e-05,13.057708333333334,15.240416666666668,74.52035714285715,0.09,143.0740625,21.403958333333332,148.99927083333333,4.19,410313.25
2324,B13,1,2024-01-08,92.0,4.0,10.0,1.0,2.0,1612586.0,1956835.0,17.0,7.3999999999999995,4.5889025453526194e-06,1.0542073414999262e-05,12.9471875,14.320357142857144,79.795625,1.02,107.7697619047619,20.630312499999995,22.5171875,1.02,84432.48999999999
2324,B13,2,2024-01-16,66.0,1.0,23.0,6.0,1.0,1468714.0,1885551.0,31.0,15.100000000000001,1.02811030602282e-05,2.1106900322322795e-05,13.661636904761906,14.597038690476191,79.36620535714285,1.53,82.54610119047618,26.170833333333334,56.8509375,3.88,142552.69999999998
2324,B13,3,2024-01-23,39.0,3.0,17.0,7.0,1.0,1464854.0,1853038.0,28.0,13.9,9.489000268968785e-06,1.9114532915908343e-05,10.462544642857145,12.273392857142856,70.53050595238095,0.0,117.54267308897242,14.51927083333333,71.37020833333332,3.88,221491.41
2324,B13,4,2024-01-30,112.0,0.0,15.0,0.0,1.0,1817692.0,2338553.0,16.0,6.9,3.7960226485015063e-06,8.802371358844073e-06,18.03215773809524,19.05563988095238,79.72150297619046,0.22,138.16929652255638,56.22510416666667,127.59531249999998,4.1,314167.48000000004
2324,B13,5,2024-02-06,209.0,4.0,13.0,4.0,3.0,1194247.0,1398211.0,24.0,11.899999999999999,9.964437842422881e-06,2.0096345228415898e-05,13.057708333333334,15.240416666666668,74.52035714285715,0.09,143.0740625,21.403958333333332,148.99927083333333,4.19,410313.25
2324,B14,1,2024-01-08,48.0,1.0,10.0,0.0,0.0,1650347.0,2029757.0,11.0,4.2,2.5449193412052134e-06,6.6652649412517485e-06,12.9471875,14.320357142857144,79.795625,1.02,107.7697619047619,20.630312499999995,22.5171875,1.02,84432.48999999999
2324,B14,2,2024-01-16,27.0,8.0,26.0,7.0,3.0,2037911.0,2681639.0,44.0,20.3,9.961180836650865e-06,2.1590736788799905e-05,13.661636904761906,14.597038690476191,79.36620535714285,1.53,82.54610119047618,26.170833333333334,56.8509375,3.88,142552.69999999998
2324,B14,3,2024-01-23,33.0,6.0,12.0,3.0,4.0,1976058.0,2604767.0,25.0,12.000000000000002,6.0726962467700856e-06,1.2651450514104342e-05,10.462544642857145,12.273392857142856,70.53050595238095,0.0,117.54267308897242,14.51927083333333,71.37020833333332,3.88,221491.41
2324,B14,4,2024-01-30,238.0,0.0,8.0,1.0,2.0,1800916.0,2315472.0,11.0,5.8,3.2205833031635013e-06,6.108002816344571e-06,18.03215773809524,19.05563988095238,79.72150297619046,0.22,138.16929652255638,56.22510416666667,127.59531249999998,4.1,314167.48000000004
2324,B14,5,2024-02-06,188.0,7.0,32.0,2.0,2.0,1572563.0,1900448.0,43.0,17.6,1.1191920450881777e-05,2.7343896556131614e-05,13.057708333333334,15.240416666666668,74.52035714285715,0.09,143.0740625,21.403958333333332,148.99927083333333,4.19,410313.25
2324,B15,1,2024-01-08,111.0,6.0,21.0,4.0,2.0,1815343.0,2271639.0,33.0,14.600000000000001,8.042557246757225e-06,1.8178382818012903e-05,12.9471875,14.320357142857144,79.795625,1.02,107.7697619047619,20.630312499999995,22.5171875,1.02,84432.48999999999
2324,B15,2,2024-01-16,32.0,,,,,,,0.0,0.0,,,13.661636904761906,14.597038690476191,79.36620535714285,1.53,82.54610119047618,26.170833333333334,56.8509375,3.88,142552.69999999998
2324,B15,3,2024-01-23,61.0,5.0,18.0,14.0,6.0,2080340.0,2689427.0,43.0,24.799999999999997,1.1921128277108548e-05,2.0669698222405953e-05,10.462544642857145,12.273392857142856,70.53050595238095,0.0,117.54267308897242,14.51927083333333,71.37020833333332,3.88,221491.41
2324,B15,4,2024-01-30,199.0,0.0,15.0,5.0,2.0,1587893.0,2179108.0,22.0,11.8,7.431231197568099e-06,1.385483782597442e-05,18.03215773809524,19.05563988095238,79.72150297619046,0.22,138.16929652255638,56.22510416666667,127.59531249999998,4.1,314167.48000000004
2324,B15,5,2024-02-06,294.0,8.0,27.0,7.0,3.0,1940381.0,2391068.0,45.0,20.7,1.0668007983999018e-05,2.3191321704345694e-05,13.057708333333334,15.240416666666668,74.52035714285715,0.09,143.0740625,21.403958333333332,148.99927083333333,4.19,410313.25
2324,B21,1,2024-01-08,6.0,13.0,17.0,3.0,0.0,1332583.0,1586828.0,33.0,11.8,8.854983141763028e-06,2.47639359049305e-05,12.9471875,14.320357142857144,79.795625,1.02,107.7697619047619,20.630312499999995,22.5171875,1.02,84432.48999999999
2324,B21,2,2024-01-16,65.0,6.0,19.0,2.0,0.0,962967.0,1207906.0,27.0,10.4,1.0799954723266737e-05,2.8038343993096335e-05,13.661636904761906,14.597038690476191,79.36620535714285,1.53,82.54610119047618,26.170833333333334,56.8509375,3.88,142552.69999999998
2324,B21,3,2024-01-23,0.0,1.0,23.0,8.0,1.0,1147547.0,1430744.0,33.0,16.7,1.4552780844706142e-05,2.8756992088341478e-05,10.462544642857145,12.273392857142856,70.53050595238095,0.0,117.54267308897242,14.51927083333333,71.37020833333332,3.88,221491.41
2324,B21,4,2024-01-30,105.0,4.0,14.0,8.0,2.0,1159351.0,1382994.0,28.0,14.600000000000001,1.2593252604258763e-05,2.415144335063324e-05,18.03215773809524,19.05563988095238,79.72150297619046,0.22,138.16929652255638,56.22510416666667,127.59531249999998,4.1,314167.48000000004
2324,B21,5,2024-02-06,237.0,0.0,21.0,2.0,2.0,1083034.0,1382474.0,25.0,11.8,1.0895318152523374e-05,2.308330117060037e-05,13.057708333333334,15.240416666666668,74.52035714285715,0.09,143.0740625,21.403958333333332,148.99927083333333,4.19,410313.25
2324,B22,1,2024-01-08,97.0,2.0,12.0,8.0,1.0,2307485.0,2831933.0,23.0,12.500000000000002,5.417153307605467e-06,9.967562085994058e-06,12.9471875,14.320357142857144,79.795625,1.02,107.7697619047619,20.630312499999995,22.5171875,1.02,84432.48999999999
2324,B22,2,2024-01-16,223.0,5.0,15.0,4.0,0.0,2126202.0,2685135.0,24.0,10.2,4.797286429041078e-06,1.1287732774214304e-05,13.661636904761906,14.597038690476191,79.36620535714285,1.53,82.54610119047618,26.170833333333334,56.8509375,3.88,142552.69999999998
2324,B22,3,2024-01-23,57.0,2.0,22.0,4.0,3.0,2144608.0,2776582.0,31.0,15.100000000000001,7.040913770721736e-06,1.4454856085587669e-05,10.462544642857145,12.273392857142856,70.53050595238095,0.0,117.54267308897242,14.51927083333333,71.37020833333332,3.88,221491.41
2324,B22,4,2024-01-30,224.0,0.0,12.0,8.0,2.0,1786667.0,2229476.0,22.0,13.000000000000002,7.276118045500366e-06,1.2313430538539079e-05,18.03215773809524,19.05563988095238,79.72150297619046,0.22,138.16929652255638,56.22510416666667,127.59531249999998,4.1,314167.48000000004
2324,B22,5,2024-02-06,236.0,0.0,13.0,1.0,0.0,1499466.0,1867014.0,14.0,6.0,4.001424507124536e-06,9.336657183290585e-06,13.057708333333334,15.240416666666668,74.52035714285715,0.09,143.0740625,21.403958333333332,148.99927083333333,4.19,410313.25
2324,B23,1,2024-01-08,123.0,1.0,18.0,3.0,2.0,1951279.0,2354619.0,24.0,11.600000000000001,5.944818757338136e-06,1.2299625015182349e-05,12.9471875,14.320357142857144,79.795625,1.02,107.7697619047619,20.630312499999995,22.5171875,1.02,84432.48999999999
2324,B23,2,2024-01-16,84.0,7.0,16.0,2.0,3.0,1389806.0,1738349.0,28.0,12.100000000000001,8.706251088281386e-06,2.0146696733213126e-05,13.661636904761906,14.597038690476191,79.36620535714285,1.53,82.54610119047618,26.170833333333334,56.8509375,3.88,142552.69999999998
2324,B23,3,2024-01-23,99.0,3.0,18.0,8.0,5.0,1882756.0,2375370.0,34.0,18.700000000000003,9.932248257341898e-06,1.8058633195167084e-05,10.462544642857145,12.273392857142856,70.53050595238095,0.0,117.54267308897242,14.51927083333333,71.37020833333332,3.88,221491.41
2324,B23,4,2024-01-30,376.0,0.0,7.0,12.0,5.0,1859986.0,2308209.0,24.0,16.900000000000002,9.086089895300289e-06,1.2903322928237094e-05,18.03215773809524,19.05563988095238,79.72150297619046,0.22,138.16929652255638,56.22510416666667,127.59531249999998,4.1,314167.48000000004
2324,B23,5,2024-02-06,228.0,4.0,6.0,1.0,0.0,1070029.0,1329449.0,11.0,4.0,3.738216440862818e-06,1.0280095212372749e-05,13.057708333333334,15.240416666666668,74.52035714285715,0.09,143.0740625,21.403958333333332,148.99927083333333,4.19,410313.25
2324,B24,1,2024-01-08,69.0,3.0,13.0,6.0,3.0,2601016.0,3133722.0,25.0,13.3,5.113386461290511e-06,9.6116286866363e-06,12.9471875,14.320357142857144,79.795625,1.02,107.7697619047619,20.630312499999995,22.5171875,1.02,84432.48999999999
2324,B24,2,2024-01-16,138.0,19.0,24.0,5.0,1.0,1841009.0,2331360.0,49.0,18.3,9.940201270064405e-06,2.6615839466292668e-05,13.661636904761906,14.597038690476191,79.36620535714285,1.53,82.54610119047618,26.170833333333334,56.8509375,3.88,142552.69999999998
2324,B24,3,2024-01-23,127.0,4.0,36.0,4.0,6.0,2155452.0,2727257.0,50.0,23.800000000000004,1.1041767573576217e-05,2.319699070079037e-05,10.462544642857145,12.273392857142856,70.53050595238095,0.0,117.54267308897242,14.51927083333333,71.37020833333332,3.88,221491.41
2324,B24,4,2024-01-30,443.0,3.0,18.0,9.0,1.0,1720700.0,2068772.0,31.0,15.9,9.240425408264079e-06,1.801592375196141e-05,18.03215773809524,19.05563988095238,79.72150297619046,0.22,138.16929652255638,56.22510416666667,127.59531249999998,4.1,314167.48000000004
2324,B24,5,2024-02-06,343.0,1.0,23.0,6.0,0.0,1558647.0,1972081.0,30.0,14.200000000000001,9.110465679528463e-06,1.9247462703229146e-05,13.057708333333334,15.240416666666668,74.52035714285715,0.09,143.0740625,21.403958333333332,148.99927083333333,4.19,410313.25
2324,B25,1,2024-01-08,47.0,6.0,16.0,4.0,0.0,1047240.0,1252123.0,26.0,10.8,1.0312822275696116e-05,2.4827164737786944e-05,12.9471875,14.320357142857144,79.795625,1.02,107.7697619047619,20.630312499999995,22.5171875,1.02,84432.48999999999
2324,B25,2,2024-01-16,27.0,6.0,15.0,10.0,0.0,1436915.0,1904293.0,31.0,15.2,1.057821791824847e-05,2.157399707011201e-05,13.661636904761906,14.597038690476191,79.36620535714285,1.53,82.54610119047618,26.170833333333334,56.8509375,3.88,142552.69999999998
2324,B25,3,2024-01-23,57.0,13.0,32.0,22.0,8.0,3398859.0,4538543.0,75.0,40.2,1.1827498581141495e-05,2.2066228696159505e-05,10.462544642857145,12.273392857142856,70.53050595238095,0.0,117.54267308897242,14.51927083333333,71.37020833333332,3.88,221491.41
2324,B25,4,2024-01-30,814.0,5.0,18.0,12.0,2.0,2762852.0,3405581.0,37.0,19.6,7.094118686053398e-06,1.3391958744080392e-05,18.03215773809524,19.05563988095238,79.72150297619046,0.22,138.16929652255638,56.22510416666667,127.59531249999998,4.1,314167.48000000004
2324,B25,5,2024-02-06,507.0,10.0,31.0,2.0,4.0,2530524.0,3376876.0,47.0,19.6,7.745431381010416e-06,1.857322831160661e-05,13.057708333333334,15.240416666666668,74.52035714285715,0.09,143.0740625,21.403958333333332,148.99927083333333,4.19,410313.25
2324,B41,1,2024-01-08,43.0,10.0,22.0,4.0,1.0,1935791.0,2307320.0,37.0,14.9,7.697111929955248e-06,1.9113633651566725e-05,12.9471875,14.320357142857144,79.795625,1.02,107.7697619047619,20.630312499999995,22.5171875,1.02,84432.48999999999
2324,B41,2,2024-01-16,89.0,7.0,26.0,3.0,1.0,1179211.0,1524401.0,37.0,15.100000000000001,1.2805172271968292e-05,3.1376912189591175e-05,13.661636904761906,14.597038690476191,79.36620535714285,1.53,82.54610119047618,26.170833333333334,56.8509375,3.88,142552.69999999998
2324,B41,3,2024-01-23,26.0,3.0,34.0,4.0,5.0,1857036.0,2386267.0,46.0,21.900000000000002,1.1792986242593037e-05,2.47706560346703e-05,10.462544642857145,12.273392857142856,70.53050595238095,0.0,117.54267308897242,14.51927083333333,71.37020833333332,3.88,221491.41
2324,B41,4,2024-01-30,201.0,2.0,36.0,13.0,3.0,2284100.0,3088865.0,54.0,27.900000000000002,1.2214876756709426e-05,2.3641696948469856e-05,18.03215773809524,19.05563988095238,79.72150297619046,0.22,138.16929652255638,56.22510416666667,127.59531249999998,4.1,314167.48000000004
2324,B41,5,2024-02-06,707.0,2.0,17.0,9.0,6.0,1623170.0,1855041.0,34.0,19.800000000000004,1.2198352606319735e-05,2.0946666091660147e-05,13.057708333333334,15.240416666666668,74.52035714285715,0.09,143.0740625,21.403958333333332,148.99927083333333,4.19,410313.25
2324,B42,1,2024-01-08,312.0,7.0,17.0,2.0,0.0,1891913.0,2265934.0,26.0,9.8,5.179942206644809e-06,1.3742703813547453e-05,12.9471875,14.320357142857144,79.795625,1.02,107.7697619047619,20.630312499999995,22.5171875,1.02,84432.48999999999
2324,B42,2,2024-01-16,177.0,15.0,36.0,12.0,1.0,2717522.0,3588226.0,64.0,27.9,1.0266706212498002e-05,2.355086729748646e-05,13.661636904761906,14.597038690476191,79.36620535714285,1.53,82.54610119047618,26.170833333333334,56.8509375,3.88,142552.69999999998
2324,B42,3,2024-01-23,184.0,9.0,29.0,17.0,4.0,2449341.0,3198508.0,59.0,30.600000000000005,1.2493156322455716e-05,2.40881118635584e-05,10.462544642857145,12.273392857142856,70.53050595238095,0.0,117.54267308897242,14.51927083333333,71.37020833333332,3.88,221491.41
2324,B42,4,2024-01-30,562.0,3.0,28.0,10.0,2.0,1498275.0,2052314.0,43.0,21.6,1.4416579065925815e-05,2.869967128864861e-05,18.03215773809524,19.05563988095238,79.72150297619046,0.22,138.16929652255638,56.22510416666667,127.59531249999998,4.1,314167.48000000004
2324,B42,5,2024-02-06,651.0,0.0,28.0,17.0,4.0,2167097.0,2646976.0,49.0,28.400000000000006,1.3105089435313697e-05,2.261089374402715e-05,13.057708333333334,15.240416666666668,74.52035714285715,0.09,143.0740625,21.403958333333332,148.99927083333333,4.19,410313.25
2324,B43,1,2024-01-08,144.0,8.0,18.0,3.0,1.0,1811113.0,2096432.0,30.0,12.100000000000001,6.680974627204378e-06,1.656439990215961e-05,12.9471875,14.320357142857144,79.795625,1.02,107.7697619047619,20.630312499999995,22.5171875,1.02,84432.48999999999
2324,B43,2,2024-01-16,143.0,10.0,21.0,6.0,2.0,2050732.0,2707623.0,39.0,17.0,8.289722889192736e-06,1.9017599569324515e-05,13.661636904761906,14.597038690476191,79.36620535714285,1.53,82.54610119047618,26.170833333333334,56.8509375,3.88,142552.69999999998
2324,B43,3,2024-01-23,76.0,6.0,27.0,13.0,1.0,2172776.0,2894598.0,47.0,23.299999999999997,1.0723608876386703e-05,2.1631314042496787e-05,10.462544642857145,12.273392857142856,70.53050595238095,0.0,117.54267308897242,14.51927083333333,71.37020833333332,3.88,221491.41
2324,B43,4,2024-01-30,211.0,3.0,18.0,5.0,1.0,2169074.0,2929767.0,27.0,12.700000000000001,5.855033069411187e-06,1.2447708100322995e-05,18.03215773809524,19.05563988095238,79.72150297619046,0.22,138.16929652255638,56.22510416666667,127.59531249999998,4.1,314167.48000000004
2324,B43,5,2024-02-06,285.0,2.0,16.0,6.0,2.0,2203760.0,2655929.0,26.0,13.400000000000002,6.080516934693434e-06,1.1798017932987258e-05,13.057708333333334,15.240416666666668,74.52035714285715,0.09,143.0740625,21.403958333333332,148.99927083333333,4.19,410313.25
2324,B44,1,2024-01-08,218.0,2.0,8.0,2.0,5.0,1666247.0,1925358.0,17.0,9.7,5.8214658450997955e-06,1.0202569006875932e-05,12.9471875,14.320357142857144,79.795625,1.02,107.7697619047619,20.630312499999995,22.5171875,1.02,84432.48999999999
2324,B44,2,2024-01-16,149.0,9.0,18.0,3.0,3.0,1892827.0,2464683.0,33.0,14.100000000000001,7.449175228375336e-06,1.7434239896197592e-05,13.661636904761906,14.597038690476191,79.36620535714285,1.53,82.54610119047618,26.170833333333334,56.8509375,3.88,142552.69999999998
2324,B44,3,2024-01-23,26.0,1.0,9.0,1.0,0.0,1331857.0,1752271.0,11.0,4.6000000000000005,3.4538242468973776e-06,8.259144938232858e-06,10.462544642857145,12.273392857142856,70.53050595238095,0.0,117.54267308897242,14.51927083333333,71.37020833333332,3.88,221491.41
2324,B44,4,2024-01-30,380.0,4.0,20.0,4.0,4.0,2522133.0,3430122.0,32.0,15.6,6.185240825919965e-06,1.2687673489066595e-05,18.03215773809524,19.05563988095238,79.72150297619046,0.22,138.16929652255638,56.22510416666667,127.59531249999998,4.1,314167.48000000004
2324,B44,5,2024-02-06,303.0,6.0,20.0,10.0,6.0,2352861.0,2922467.0,42.0,22.6,9.6053273015278e-06,1.785060825947644e-05,13.057708333333334,15.240416666666668,74.52035714285715,0.09,143.0740625,21.403958333333332,148.99927083333333,4.19,410313.25
2324,B45,1,2024-01-08,108.0,8.0,25.0,4.0,3.0,2809389.0,3564360.0,40.0,17.5,6.229112451141512e-06,1.4237971316894884e-05,12.9471875,14.320357142857144,79.795625,1.02,107.7697619047619,20.630312499999995,22.5171875,1.02,84432.48999999999
2324,B45,2,2024-01-16,200.0,7.0,31.0,8.0,6.0,2271147.0,3069001.0,52.0,25.6,1.1271837534074193e-05,2.2895919991088204e-05,13.661636904761906,14.597038690476191,79.36620535714285,1.53,82.54610119047618,26.170833333333334,56.8509375,3.88,142552.69999999998
2324,B45,3,2024-01-23,113.0,5.0,14.0,4.0,4.0,2493014.0,3383726.0,27.0,13.4,5.375019955764388e-06,1.083026408997302e-05,10.462544642857145,12.273392857142856,70.53050595238095,0.0,117.54267308897242,14.51927083333333,71.37020833333332,3.88,221491.41
2324,B45,4,2024-01-30,986.0,1.0,14.0,9.0,3.0,2159551.0,2953527.0,27.0,15.7,7.270029742293652e-06,1.2502598919868066e-05,18.03215773809524,19.05563988095238,79.72150297619046,0.22,138.16929652255638,56.22510416666667,127.59531249999998,4.1,314167.48000000004
2324,B45,5,2024-02-06,589.0,7.0,16.0,13.0,2.0,2719036.0,3404144.0,38.0,20.000000000000004,7.355548069242189e-06,1.3975541331560155e-05,13.057708333333334,15.240416666666668,74.52035714285715,0.09,143.0740625,21.403958333333332,148.99927083333333,4.19,410313.25
2324,B51,1,2024-01-08,78.0,8.0,22.0,4.0,1.0,2449690.0,2988987.0,35.0,14.500000000000002,5.9191162963477016e-06,1.4287522094632383e-05,12.9471875,14.320357142857144,79.795625,1.02,107.7697619047619,20.630312499999995,22.5171875,1.02,84432.48999999999
2324,B51,2,2024-01-16,78.0,12.0,38.0,5.0,2.0,2036892.0,2716446.0,57.0,23.400000000000002,1.1488090679329096e-05,2.7983810629134977e-05,13.661636904761906,14.597038690476191,79.36620535714285,1.53,82.54610119047618,26.170833333333334,56.8509375,3.88,142552.69999999998
2324,B51,3,2024-01-23,71.0,7.0,36.0,18.0,4.0,2267515.0,3101045.0,65.0,33.800000000000004,1.4906185846620642e-05,2.8665742012732e-05,10.462544642857145,12.273392857142856,70.53050595238095,0.0,117.54267308897242,14.51927083333333,71.37020833333332,3.88,221491.41
2324,B51,4,2024-01-30,284.0,3.0,22.0,7.0,2.0,2264273.0,2895392.0,34.0,16.8,7.419600021728829e-06,1.5015857186832153e-05,18.03215773809524,19.05563988095238,79.72150297619046,0.22,138.16929652255638,56.22510416666667,127.59531249999998,4.1,314167.48000000004
2324,B51,5,2024-02-06,216.0,3.0,28.0,12.0,4.0,2080235.0,2716254.0,47.0,25.000000000000004,1.2017872980696893e-05,2.259360120371016e-05,13.057708333333334,15.240416666666668,74.52035714285715,0.09,143.0740625,21.403958333333332,148.99927083333333,4.19,410313.25
2324,B52,1,2024-01-08,114.0,4.0,13.0,1.0,0.0,2039544.0,2437573.0,18.0,6.8,3.3340785979611128e-06,8.825502171073534e-06,12.9471875,14.320357142857144,79.795625,1.02,107.7697619047619,20.630312499999995,22.5171875,1.02,84432.48999999999
2324,B52,2,2024-01-16,116.0,13.0,17.0,6.0,0.0,1964789.0,2572204.0,36.0,14.200000000000001,7.227239159014022e-06,1.832257814961301e-05,13.661636904761906,14.597038690476191,79.36620535714285,1.53,82.54610119047618,26.170833333333334,56.8509375,3.88,142552.69999999998
2324,B52,3,2024-01-23,90.0,10.0,14.0,11.0,3.0,2332854.0,2983013.0,38.0,19.1,8.187396210821596e-06,1.6289060524147674e-05,10.462544642857145,12.273392857142856,70.53050595238095,0.0,117.54267308897242,14.51927083333333,71.37020833333332,3.88,221491.41
2324,B52,4,2024-01-30,333.0,0.0,7.0,4.0,2.0,1617231.0,2001646.0,13.0,7.8,4.823058672508751e-06,8.03843112084792e-06,18.03215773809524,19.05563988095238,79.72150297619046,0.22,138.16929652255638,56.22510416666667,127.59531249999998,4.1,314167.48000000004
2324,B52,5,2024-02-06,472.0,7.0,14.0,7.0,0.0,1659358.0,2123483.0,28.0,12.600000000000001,7.593298130963904e-06,1.687399584658645e-05,13.057708333333334,15.240416666666668,74.52035714285715,0.09,143.0740625,21.403958333333332,148.99927083333333,4.19,410313.25
2324,B53,1,2024-01-08,243.0,9.0,19.0,2.0,0.0,1656132.0,2060072.0,30.0,11.0,6.641982643895535e-06,1.8114498119715095e-05,12.9471875,14.320357142857144,79.795625,1.02,107.7697619047619,20.630312499999995,22.5171875,1.02,84432.48999999999
2324,B53,2,2024-01-16,111.0,7.0,20.0,6.0,0.0,1686819.0,2229063.0,33.0,14.200000000000001,8.418212031047789e-06,1.9563450494688522e-05,13.661636904761906,14.597038690476191,79.36620535714285,1.53,82.54610119047618,26.170833333333334,56.8509375,3.88,142552.69999999998
2324,B53,3,2024-01-23,68.0,1.0,26.0,12.0,0.0,1670204.0,2094648.0,39.0,20.200000000000003,1.2094330991902787e-05,2.3350441023970726e-05,10.462544642857145,12.273392857142856,70.53050595238095,0.0,117.54267308897242,14.51927083333333,71.37020833333332,3.88,221491.41
2324,B53,4,2024-01-30,222.0,1.0,8.0,10.0,3.0,1609125.0,1998477.0,22.0,14.100000000000001,8.762526217664881e-06,1.3672026722597685e-05,18.03215773809524,19.05563988095238,79.72150297619046,0.22,138.16929652255638,56.22510416666667,127.59531249999998,4.1,314167.48000000004
2324,B53,5,2024-02-06,391.0,2.0,16.0,0.0,5.0,1513613.0,1964001.0,23.0,11.3,7.465580699954348e-06,1.5195429743269912e-05,13.057708333333334,15.240416666666668,74.52035714285715,0.09,143.0740625,21.403958333333332,148.99927083333333,4.19,410313.25
2324,B54,1,2024-01-08,48.0,0.0,15.0,2.0,1.0,1533992.0,1905513.0,18.0,8.5,5.541097997903509e-06,1.1734089877913314e-05,12.9471875,14.320357142857144,79.795625,1.02,107.7697619047619,20.630312499999995,22.5171875,1.02,84432.48999999999
2324,B54,2,2024-01-16,65.0,3.0,20.0,6.0,2.0,1307714.0,1714193.0,31.0,15.200000000000001,1.1623336601122265e-05,2.370548912070988e-05,13.661636904761906,14.597038690476191,79.36620535714285,1.53,82.54610119047618,26.170833333333334,56.8509375,3.88,142552.69999999998
2324,B54,3,2024-01-23,73.0,8.0,12.0,11.0,3.0,1694943.0,2121306.0,34.0,17.900000000000002,1.0560827119260058e-05,2.005967162317553e-05,10.462544642857145,12.273392857142856,70.53050595238095,0.0,117.54267308897242,14.51927083333333,71.37020833333332,3.88,221491.41
2324,B54,4,2024-01-30,655.0,1.0,33.0,7.0,2.0,2134097.0,2658467.0,43.0,20.8,9.746511053621274e-06,2.014903727431321e-05,18.03215773809524,19.05563988095238,79.72150297619046,0.22,138.16929652255638,56.22510416666667,127.59531249999998,4.1,314167.48000000004
2324,B54,5,2024-02-06,454.0,4.0,21.0,7.0,6.0,2044372.0,2777053.0,38.0,20.200000000000003,9.880784906073847e-06,1.858761516984189e-05,13.057708333333334,15.240416666666668,74.52035714285715,0.09,143.0740625,21.403958333333332,148.99927083333333,4.19,410313.25
2324,B55,1,2024-01-08,113.0,6.0,9.0,3.0,1.0,1723326.0,2123484.0,19.0,8.100000000000001,4.700213424505869e-06,1.1025191983408827e-05,12.9471875,14.320357142857144,79.795625,1.02,107.7697619047619,20.630312499999995,22.5171875,1.02,84432.48999999999
2324,B55,2,2024-01-16,69.0,9.0,11.0,9.0,0.0,1193338.0,1565388.0,29.0,13.4,1.1229006367014208e-05,2.430158094353821e-05,13.661636904761906,14.597038690476191,79.36620535714285,1.53,82.54610119047618,26.170833333333334,56.8509375,3.88,142552.69999999998
2324,B55,3,2024-01-23,40.0,18.0,14.0,18.0,2.0,2467571.0,3151725.0,52.0,25.400000000000002,1.0293523469030881e-05,2.107335513344905e-05,10.462544642857145,12.273392857142856,70.53050595238095,0.0,117.54267308897242,14.51927083333333,71.37020833333332,3.88,221491.41
2324,B55,4,2024-01-30,424.0,1.0,16.0,13.0,2.0,2530572.0,3169903.0,32.0,18.8,7.4291504055209654e-06,1.264536239237611e-05,18.03215773809524,19.05563988095238,79.72150297619046,0.22,138.16929652255638,56.22510416666667,127.59531249999998,4.1,314167.48000000004
2324,B55,5,2024-02-06,348.0,3.0,28.0,5.0,2.0,1728360.0,2361554.0,38.0,17.6,1.018306371357819e-05,2.1986160290680183e-05,13.057708333333334,15.240416666666668,74.52035714285715,0.09,143.0740625,21.403958333333332,148.99927083333333,4.19,410313.25
2324,M11,1,2024-01-08,92.0,1.0,5.0,4.0,4.0,933485.0,1127367.0,14.0,9.0,9.641290433161754e-06,1.4997562896029395e-05,12.9471875,14.320357142857144,79.795625,1.02,107.7697619047619,20.630312499999995,22.5171875,1.02,84432.48999999999
2324,M11,2,2024-01-16,44.0,2.0,8.0,1.0,0.0,1084519.0,1357397.0,11.0,4.4,4.057098123684325e-06,1.014274530921081e-05,13.661636904761906,14.597038690476191,79.36620535714285,1.53,82.54610119047618,26.170833333333334,56.8509375,3.88,142552.69999999998
2324,M11,3,2024-01-23,48.0,1.0,5.0,4.0,1.0,1353902.0,1705535.0,11.0,6.300000000000001,4.653217145701832e-06,8.124664857574625e-06,10.462544642857145,12.273392857142856,70.53050595238095,0.0,117.54267308897242,14.51927083333333,71.37020833333332,3.88,221491.41
2324,M11,4,2024-01-30,39.0,0.0,8.0,4.0,0.0,1471900.0,1864444.0,12.0,6.4,4.348121475643726e-06,8.152727766831986e-06,18.03215773809524,19.05563988095238,79.72150297619046,0.22,138.16929652255638,56.22510416666667,127.59531249999998,4.1,314167.48000000004
2324,M11,5,2024-02-06,125.0,2.0,5.0,1.0,2.0,926988.0,1073421.0,10.0,5.0,5.393813080643978e-06,1.0787626161287956e-05,13.057708333333334,15.240416666666668,74.52035714285715,0.09,143.0740625,21.403958333333332,148.99927083333333,4.19,410313.25
2324,M12,1,2024-01-08,148.0,0.0,8.0,5.0,1.0,1729863.0,2075031.0,14.0,8.1,4.682451731726732e-06,8.093126449898055e-06,12.9471875,14.320357142857144,79.795625,1.02,107.7697619047619,20.630312499999995,22.5171875,1.02,84432.48999999999
2324,M12,2,2024-01-16,282.0,6.0,10.0,4.0,1.0,2469226.0,3233716.0,21.0,9.3,3.7663624147809884e-06,8.504689323699006e-06,13.661636904761906,14.597038690476191,79.36620535714285,1.53,82.54610119047618,26.170833333333334,56.8509375,3.88,142552.69999999998
2324,M12,3,2024-01-23,98.0,3.0,26.0,10.0,0.0,3257167.0,4165859.0,39.0,19.0,5.833290095349732e-06,1.1973595458875765e-05,10.462544642857145,12.273392857142856,70.53050595238095,0.0,117.54267308897242,14.51927083333333,71.37020833333332,3.88,221491.41
2324,M12,4,2024-01-30,341.0,0.0,14.0,4.0,5.0,1792300.0,2292182.0,23.0,13.3,7.42063270657814e-06,1.2832673101601295e-05,18.03215773809524,19.05563988095238,79.72150297619046,0.22,138.16929652255638,56.22510416666667,127.59531249999998,4.1,314167.48000000004
2324,M12,5,2024-02-06,484.0,1.0,15.0,4.0,3.0,1956851.0,2285724.0,23.0,12.100000000000001,6.1834038462816034e-06,1.1753577559047674e-05,13.057708333333334,15.240416666666668,74.52035714285715,0.09,143.0740625,21.403958333333332,148.99927083333333,4.19,410313.25
2324,M13,1,2024-01-08,223.0,4.0,3.0,1.0,1.0,1971739.0,2330008.0,9.0,3.6999999999999997,1.876516110905145e-06,4.56449864814765e-06,12.9471875,14.320357142857144,79.795625,1.02,107.7697619047619,20.630312499999995,22.5171875,1.02,84432.48999999999
2324,M13,2,2024-01-16,27.0,3.0,14.0,1.0,0.0,2066473.0,2656230.0,18.0,7.000000000000001,3.387414207686237e-06,8.710493676907466e-06,13.661636904761906,14.597038690476191,79.36620535714285,1.53,82.54610119047618,26.170833333333334,56.8509375,3.88,142552.69999999998
2324,M13,3,2024-01-23,30.0,1.0,22.0,8.0,0.0,3282222.0,4179304.0,31.0,15.4,4.691943445629211e-06,9.444821221721139e-06,10.462544642857145,12.273392857142856,70.53050595238095,0.0,117.54267308897242,14.51927083333333,71.37020833333332,3.88,221491.41
2324,M13,4,2024-01-30,190.0,0.0,2.0,15.0,0.0,2103086.0,2703482.0,17.0,12.8,6.086294141086005e-06,8.08335940612985e-06,18.03215773809524,19.05563988095238,79.72150297619046,0.22,138.16929652255638,56.22510416666667,127.59531249999998,4.1,314167.48000000004
2324,M13,5,2024-02-06,400.0,2.0,6.0,2.0,3.0,2024804.0,2410573.0,13.0,7.1000000000000005,3.5065122352583267e-06,6.420374515261724e-06,13.057708333333334,15.240416666666668,74.52035714285715,0.09,143.0740625,21.403958333333332,148.99927083333333,4.19,410313.25
2324,M14,1,2024-01-08,156.0,1.0,20.0,1.0,4.0,1886957.0,2425922.0,26.0,12.6,6.6774176624056616e-06,1.377879835099581e-05,12.9471875,14.320357142857144,79.795625,1.02,107.7697619047619,20.630312499999995,22.5171875,1.02,84432.48999999999
2324,M14,2,2024-01-16,162.0,2.0,10.0,5.0,0.0,2421671.0,3276347.0,17.0,8.4,3.4686792714617306e-06,7.019946144624931e-06,13.661636904761906,14.597038690476191,79.36620535714285,1.53,82.54610119047618,26.170833333333334,56.8509375,3.88,142552.69999999998
2324,M14,3,2024-01-23,201.0,1.0,14.0,9.0,1.0,2411181.0,3128538.0,25.0,13.9,5.764809858737275e-06,1.0368363055282868e-05,10.462544642857145,12.273392857142856,70.53050595238095,0.0,117.54267308897242,14.51927083333333,71.37020833333332,3.88,221491.41
2324,M14,4,2024-01-30,844.0,0.0,2.0,4.0,2.0,2506991.0,3349503.0,8.0,5.8,2.313530443467886e-06,3.191076473748809e-06,18.03215773809524,19.05563988095238,79.72150297619046,0.22,138.16929652255638,56.22510416666667,127.59531249999998,4.1,314167.48000000004
2324,M14,5,2024-02-06,562.0,1.0,11.0,8.0,8.0,2278131.0,2790279.0,28.0,18.2,7.989005022099255e-06,1.2290776957075778e-05,13.057708333333334,15.240416666666668,74.52035714285715,0.09,143.0740625,21.403958333333332,148.99927083333333,4.19,410313.25
2324,M15,1,2024-01-08,124.0,2.0,15.0,7.0,7.0,2151987.0,2654949.0,31.0,18.3,8.503768842469773e-06,1.4405291481779397e-05,12.9471875,14.320357142857144,79.795625,1.02,107.7697619047619,20.630312499999995,22.5171875,1.02,84432.48999999999
2324,M15,2,2024-01-16,187.0,1.0,12.0,10.0,4.0,2148935.0,2842705.0,27.0,16.6,7.724756681798194e-06,1.2564363277623566e-05,13.661636904761906,14.597038690476191,79.36620535714285,1.53,82.54610119047618,26.170833333333334,56.8509375,3.88,142552.69999999998
2324,M15,3,2024-01-23,110.0,1.0,18.0,23.0,2.0,2929539.0,3838075.0,44.0,27.600000000000005,9.42127754571624e-06,1.5019427971431683e-05,10.462544642857145,12.273392857142856,70.53050595238095,0.0,117.54267308897242,14.51927083333333,71.37020833333332,3.88,221491.41
2324,M15,4,2024-01-30,555.0,4.0,9.0,10.0,7.0,3286818.0,4434088.0,30.0,18.7,5.689393206438568e-06,9.12736878038273e-06,18.03215773809524,19.05563988095238,79.72150297619046,0.22,138.16929652255638,56.22510416666667,127.59531249999998,4.1,314167.48000000004
2324,M15,5,2024-02-06,477.0,4.0,10.0,3.0,1.0,2597414.0,3267544.0,18.0,8.1,3.1184863098450997e-06,6.929969577433555e-06,13.057708333333334,15.240416666666668,74.52035714285715,0.09,143.0740625,21.403958333333332,148.99927083333333,4.19,410313.25
2324,M21,1,2024-01-08,120.0,1.0,8.0,1.0,1.0,1393556.0,1627549.0,11.0,5.1000000000000005,3.6597022294044877e-06,7.893475396754778e-06,12.9471875,14.320357142857144,79.795625,1.02,107.7697619047619,20.630312499999995,22.5171875,1.02,84432.48999999999
2324,M21,2,2024-01-16,97.0,4.0,19.0,11.0,1.0,1646653.0,1969743.0,35.0,18.1,1.0991994063108621e-05,2.1255237138607832e-05,13.661636904761906,14.597038690476191,79.36620535714285,1.53,82.54610119047618,26.170833333333334,56.8509375,3.88,142552.69999999998
2324,M21,3,2024-01-23,40.0,3.0,28.0,9.0,1.0,1588240.0,1997874.0,41.0,19.9,1.2529592504911096e-05,2.5814738326701254e-05,10.462544642857145,12.273392857142856,70.53050595238095,0.0,117.54267308897242,14.51927083333333,71.37020833333332,3.88,221491.41
2324,M21,4,2024-01-30,204.0,0.0,7.0,10.0,2.0,1644294.0,1978344.0,19.0,12.600000000000001,7.662863210593727e-06,1.1555111190577841e-05,18.03215773809524,19.05563988095238,79.72150297619046,0.22,138.16929652255638,56.22510416666667,127.59531249999998,4.1,314167.48000000004
2324,M21,5,2024-02-06,375.0,2.0,12.0,9.0,1.0,1377206.0,1668066.0,24.0,13.300000000000002,9.657233558378342e-06,1.7426586872261666e-05,13.057708333333334,15.240416666666668,74.52035714285715,0.09,143.0740625,21.403958333333332,148.99927083333333,4.19,410313.25
2324,M22,1,2024-01-08,11.0,5.0,19.0,3.0,3.0,2063732.0,2561521.0,30.0,13.700000000000003,6.638458869659434e-06,1.4536771247429415e-05,12.9471875,14.320357142857144,79.795625,1.02,107.7697619047619,20.630312499999995,22.5171875,1.02,84432.48999999999
2324,M22,2,2024-01-16,194.0,8.0,18.0,9.0,1.0,1610671.0,1980548.0,36.0,16.9,1.0492521439822284e-05,2.235093324459185e-05,13.661636904761906,14.597038690476191,79.36620535714285,1.53,82.54610119047618,26.170833333333334,56.8509375,3.88,142552.69999999998
2324,M22,3,2024-01-23,47.0,6.0,46.0,15.0,0.0,2727361.0,3455003.0,67.0,31.6,1.1586291657026701e-05,2.456587155129079e-05,10.462544642857145,12.273392857142856,70.53050595238095,0.0,117.54267308897242,14.51927083333333,71.37020833333332,3.88,221491.41
2324,M22,4,2024-01-30,487.0,0.0,25.0,10.0,1.0,2130344.0,2557511.0,36.0,18.9,8.871806619024909e-06,1.689867927433316e-05,18.03215773809524,19.05563988095238,79.72150297619046,0.22,138.16929652255638,56.22510416666667,127.59531249999998,4.1,314167.48000000004
2324,M22,5,2024-02-06,558.0,2.0,22.0,11.0,1.0,2263521.0,2733312.0,36.0,18.9,8.349823129540215e-06,1.590442500864803e-05,13.057708333333334,15.240416666666668,74.52035714285715,0.09,143.0740625,21.403958333333332,148.99927083333333,4.19,410313.25
2324,M23,1,2024-01-08,87.0,0.0,15.0,2.0,0.0,1111792.0,1316699.0,17.0,7.6,6.8358110150100014e-06,1.5290629901996056e-05,12.9471875,14.320357142857144,79.795625,1.02,107.7697619047619,20.630312499999995,22.5171875,1.02,84432.48999999999
2324,M23,2,2024-01-16,63.0,2.0,8.0,4.0,2.0,1288030.0,1597450.0,16.0,8.600000000000001,6.676863116542318e-06,1.2422070914497333e-05,13.661636904761906,14.597038690476191,79.36620535714285,1.53,82.54610119047618,26.170833333333334,56.8509375,3.88,142552.69999999998
2324,M23,3,2024-01-23,56.0,2.0,9.0,6.0,2.0,1459433.0,1801531.0,19.0,10.600000000000001,7.263094640178755e-06,1.3018754543716634e-05,10.462544642857145,12.273392857142856,70.53050595238095,0.0,117.54267308897242,14.51927083333333,71.37020833333332,3.88,221491.41
2324,M23,4,2024-01-30,113.0,0.0,4.0,3.0,1.0,962332.0,1125022.0,8.0,4.9,5.0917978410777155e-06,8.31313933237178e-06,18.03215773809524,19.05563988095238,79.72150297619046,0.22,138.16929652255638,56.22510416666667,127.59531249999998,4.1,314167.48000000004
2324,M23,5,2024-02-06,139.0,8.0,21.0,3.0,2.0,1179530.0,1416861.0,34.0,14.200000000000001,1.2038693377870849e-05,2.8825040482225973e-05,13.057708333333334,15.240416666666668,74.52035714285715,0.09,143.0740625,21.403958333333332,148.99927083333333,4.19,410313.25
2324,M24,1,2024-01-08,106.0,0.0,6.0,1.0,8.0,1070731.0,1267893.0,15.0,10.4,9.712990470995983e-06,1.4009120871628821e-05,12.9471875,14.320357142857144,79.795625,1.02,107.7697619047619,20.630312499999995,22.5171875,1.02,84432.48999999999
2324,M24,2,2024-01-16,38.0,1.0,6.0,3.0,0.0,1038430.0,1307607.0,10.0,5.000000000000001,4.8149610469651305e-06,9.62992209393026e-06,13.661636904761906,14.597038690476191,79.36620535714285,1.53,82.54610119047618,26.170833333333334,56.8509375,3.88,142552.69999999998
2324,M24,3,2024-01-23,33.0,3.0,6.0,4.0,2.0,1575469.0,1937455.0,15.0,8.000000000000002,5.077853007580601e-06,9.520974389213624e-06,10.462544642857145,12.273392857142856,70.53050595238095,0.0,117.54267308897242,14.51927083333333,71.37020833333332,3.88,221491.41
2324,M24,4,2024-01-30,51.0,0.0,1.0,0.0,0.0,937658.0,1107633.0,1.0,0.4,4.265947712278891e-07,1.0664869280697226e-06,18.03215773809524,19.05563988095238,79.72150297619046,0.22,138.16929652255638,56.22510416666667,127.59531249999998,4.1,314167.48000000004
2324,M24,5,2024-02-06,238.0,0.0,5.0,0.0,0.0,1252469.0,1551997.0,5.0,2.0,1.5968459099586498e-06,3.992114774896624e-06,13.057708333333334,15.240416666666668,74.52035714285715,0.09,143.0740625,21.403958333333332,148.99927083333333,4.19,410313.25
2324,M25,1,2024-01-08,5.0,2.0,16.0,1.0,3.0,1758896.0,2140634.0,22.0,10.3,5.855946002492473e-06,1.2507845830566446e-05,12.9471875,14.320357142857144,79.795625,1.02,107.7697619047619,20.630312499999995,22.5171875,1.02,84432.48999999999
2324,M25,2,2024-01-16,49.0,0.0,11.0,6.0,3.0,1320506.0,1661987.0,20.0,11.900000000000002,9.011697031289523e-06,1.514570929628491e-05,13.661636904761906,14.597038690476191,79.36620535714285,1.53,82.54610119047618,26.170833333333334,56.8509375,3.88,142552.69999999998
2324,M25,3,2024-01-23,53.0,3.0,14.0,10.0,0.0,1874982.0,2368299.0,27.0,14.200000000000001,7.573406038031299e-06,1.4400138241327117e-05,10.462544642857145,12.273392857142856,70.53050595238095,0.0,117.54267308897242,14.51927083333333,71.37020833333332,3.88,221491.41
2324,M25,4,2024-01-30,88.0,0.0,13.0,7.0,4.0,1522467.0,1824445.0,24.0,14.4,9.458333087022577e-06,1.576388847837096e-05,18.03215773809524,19.05563988095238,79.72150297619046,0.22,138.16929652255638,56.22510416666667,127.59531249999998,4.1,314167.48000000004
2324,M25,5,2024-02-06,365.0,0.0,8.0,1.0,0.0,1204885.0,1604842.0,9.0,4.0,3.3198189038787933e-06,7.469592533727285e-06,13.057708333333334,15.240416666666668,74.52035714285715,0.09,143.0740625,21.403958333333332,148.99927083333333,4.19,410313.25
2324,M41,1,2024-01-08,47.0,4.0,13.0,4.0,0.0,1762482.0,2130835.0,21.0,9.2,5.2199114657624865e-06,1.1915015302283937e-05,12.9471875,14.320357142857144,79.795625,1.02,107.7697619047619,20.630312499999995,22.5171875,1.02,84432.48999999999
2324,M41,2,2024-01-16,113.0,3.0,25.0,5.0,0.0,1879005.0,2478055.0,33.0,14.6,7.770069797579038e-06,1.756248652877454e-05,13.661636904761906,14.597038690476191,79.36620535714285,1.53,82.54610119047618,26.170833333333334,56.8509375,3.88,142552.69999999998
2324,M41,3,2024-01-23,45.0,7.0,23.0,6.0,0.0,2502748.0,3161310.0,36.0,15.400000000000002,6.1532363625902416e-06,1.4384188899561601e-05,10.462544642857145,12.273392857142856,70.53050595238095,0.0,117.54267308897242,14.51927083333333,71.37020833333332,3.88,221491.41
2324,M41,4,2024-01-30,316.0,3.0,9.0,16.0,3.0,2766959.0,3401481.0,31.0,19.7,7.119729638205698e-06,1.1203635471288154e-05,18.03215773809524,19.05563988095238,79.72150297619046,0.22,138.16929652255638,56.22510416666667,127.59531249999998,4.1,314167.48000000004
2324,M41,5,2024-02-06,298.0,6.0,15.0,12.0,7.0,2430133.0,2904089.0,40.0,23.1,9.505652571279021e-06,1.6460004452431203e-05,13.057708333333334,15.240416666666668,74.52035714285715,0.09,143.0740625,21.403958333333332,148.99927083333333,4.19,410313.25
2324,M42,1,2024-01-08,86.0,2.0,18.0,1.0,6.0,2089560.0,2436805.0,27.0,13.8,6.604261184172745e-06,1.2921380577729282e-05,12.9471875,14.320357142857144,79.795625,1.02,107.7697619047619,20.630312499999995,22.5171875,1.02,84432.48999999999
2324,M42,2,2024-01-16,36.0,5.0,18.0,7.0,1.0,1662087.0,2135373.0,31.0,14.700000000000001,8.844302374063453e-06,1.865124990448755e-05,13.661636904761906,14.597038690476191,79.36620535714285,1.53,82.54610119047618,26.170833333333334,56.8509375,3.88,142552.69999999998
2324,M42,3,2024-01-23,31.0,5.0,20.0,8.0,0.0,1932465.0,2428217.0,33.0,15.4,7.96909646487776e-06,1.7076635281880914e-05,10.462544642857145,12.273392857142856,70.53050595238095,0.0,117.54267308897242,14.51927083333333,71.37020833333332,3.88,221491.41
2324,M42,4,2024-01-30,595.0,1.0,16.0,13.0,3.0,1745978.0,2223422.0,33.0,19.7,1.128307458627772e-05,1.8900581794272323e-05,18.03215773809524,19.05563988095238,79.72150297619046,0.22,138.16929652255638,56.22510416666667,127.59531249999998,4.1,314167.48000000004
2324,M42,5,2024-02-06,506.0,9.0,12.0,9.0,4.0,2033147.0,2326030.0,34.0,17.400000000000002,8.558161313471187e-06,1.6722843945863237e-05,13.057708333333334,15.240416666666668,74.52035714285715,0.09,143.0740625,21.403958333333332,148.99927083333333,4.19,410313.25
2324,M43,1,2024-01-08,112.0,4.0,8.0,5.0,0.0,1781377.0,2125256.0,17.0,8.0,4.490907876322642e-06,9.543179237185615e-06,12.9471875,14.320357142857144,79.795625,1.02,107.7697619047619,20.630312499999995,22.5171875,1.02,84432.48999999999
2324,M43,2,2024-01-16,250.0,9.0,31.0,2.0,1.0,2465573.0,3124464.0,43.0,16.7,6.77327339324368e-06,1.7440165024519656e-05,13.661636904761906,14.597038690476191,79.36620535714285,1.53,82.54610119047618,26.170833333333334,56.8509375,3.88,142552.69999999998
2324,M43,3,2024-01-23,28.0,1.0,24.0,10.0,0.0,2056244.0,2576101.0,35.0,17.8,8.65656021367114e-06,1.7021326262836513e-05,10.462544642857145,12.273392857142856,70.53050595238095,0.0,117.54267308897242,14.51927083333333,71.37020833333332,3.88,221491.41
2324,M43,4,2024-01-30,269.0,0.0,15.0,9.0,0.0,2194715.0,2751879.0,24.0,13.2,6.014448345229335e-06,1.09353606276897e-05,18.03215773809524,19.05563988095238,79.72150297619046,0.22,138.16929652255638,56.22510416666667,127.59531249999998,4.1,314167.48000000004
2324,M43,5,2024-02-06,225.0,5.0,11.0,13.0,2.0,2021185.0,2345384.0,31.0,17.6,8.707763020208443e-06,1.5337537137867143e-05,13.057708333333334,15.240416666666668,74.52035714285715,0.09,143.0740625,21.403958333333332,148.99927083333333,4.19,410313.25
2324,M44,1,2024-01-08,164.0,6.0,2.0,1.0,0.0,2475307.0,2974668.0,9.0,2.8,1.1311728201794767e-06,3.635912636291175e-06,12.9471875,14.320357142857144,79.795625,1.02,107.7697619047619,20.630312499999995,22.5171875,1.02,84432.48999999999
2324,M44,2,2024-01-16,100.0,4.0,22.0,1.0,0.0,2666965.0,3521699.0,27.0,10.400000000000002,3.899563736307002e-06,1.0123867392335483e-05,13.661636904761906,14.597038690476191,79.36620535714285,1.53,82.54610119047618,26.170833333333334,56.8509375,3.88,142552.69999999998
2324,M44,3,2024-01-23,93.0,7.0,23.0,10.0,0.0,3081605.0,3913718.0,40.0,18.6,6.0358157518565815e-06,1.2980248928723831e-05,10.462544642857145,12.273392857142856,70.53050595238095,0.0,117.54267308897242,14.51927083333333,71.37020833333332,3.88,221491.41
2324,M44,4,2024-01-30,405.0,3.0,6.0,8.0,2.0,2219755.0,2624150.0,19.0,11.200000000000001,5.0456018794867e-06,8.559503188414937e-06,18.03215773809524,19.05563988095238,79.72150297619046,0.22,138.16929652255638,56.22510416666667,127.59531249999998,4.1,314167.48000000004
2324,M44,5,2024-02-06,357.0,3.0,12.0,8.0,2.0,2200407.0,2708827.0,25.0,13.600000000000001,6.18067475698814e-06,1.1361534479757609e-05,13.057708333333334,15.240416666666668,74.52035714285715,0.09,143.0740625,21.403958333333332,148.99927083333333,4.19,410313.25
2324,M45,1,2024-01-08,113.0,0.0,4.0,0.0,2.0,1873639.0,2242891.0,6.0,3.4000000000000004,1.814650527663013e-06,3.2023244605817876e-06,12.9471875,14.320357142857144,79.795625,1.02,107.7697619047619,20.630312499999995,22.5171875,1.02,84432.48999999999
2324,M45,2,2024-01-16,21.0,2.0,14.0,3.0,1.0,1876868.0,2413242.0,20.0,9.300000000000002,4.955063435468025e-06,1.0656050398855966e-05,13.661636904761906,14.597038690476191,79.36620535714285,1.53,82.54610119047618,26.170833333333334,56.8509375,3.88,142552.69999999998
2324,M45,3,2024-01-23,35.0,4.0,12.0,3.0,0.0,2847955.0,3593140.0,19.0,8.0,2.809033148346796e-06,6.671453727323641e-06,10.462544642857145,12.273392857142856,70.53050595238095,0.0,117.54267308897242,14.51927083333333,71.37020833333332,3.88,221491.41
2324,M45,4,2024-01-30,449.0,0.0,5.0,7.0,0.0,1562180.0,1824354.0,12.0,7.6000000000000005,4.864996351252737e-06,7.681573186188532e-06,18.03215773809524,19.05563988095238,79.72150297619046,0.22,138.16929652255638,56.22510416666667,127.59531249999998,4.1,314167.48000000004
2324,M45,5,2024-02-06,441.0,3.0,28.0,1.0,3.0,2093650.0,2503342.0,35.0,15.3,7.307811716380484e-06,1.6717216344661237e-05,13.057708333333334,15.240416666666668,74.52035714285715,0.09,143.0740625,21.403958333333332,148.99927083333333,4.19,410313.25
2324,M51,1,2024-01-08,0.0,2.0,14.0,2.0,0.0,1759416.0,2090375.0,18.0,7.600000000000001,4.319615145025395e-06,1.0230667448744355e-05,12.9471875,14.320357142857144,79.795625,1.02,107.7697619047619,20.630312499999995,22.5171875,1.02,84432.48999999999
2324,M51,2,2024-01-16,0.0,3.0,32.0,4.0,0.0,1919279.0,2478581.0,39.0,16.6,8.649081243529472e-06,2.0320130632388518e-05,13.661636904761906,14.597038690476191,79.36620535714285,1.53,82.54610119047618,26.170833333333334,56.8509375,3.88,142552.69999999998
2324,M51,3,2024-01-23,173.0,9.0,35.0,12.0,4.0,2831025.0,3563332.0,60.0,29.000000000000004,1.0243639671143845e-05,2.1193737250642434e-05,10.462544642857145,12.273392857142856,70.53050595238095,0.0,117.54267308897242,14.51927083333333,71.37020833333332,3.88,221491.41
2324,M51,4,2024-01-30,443.0,3.0,21.0,15.0,1.0,2167859.0,2562598.0,40.0,21.9,1.0102133026179284e-05,1.845138452270189e-05,18.03215773809524,19.05563988095238,79.72150297619046,0.22,138.16929652255638,56.22510416666667,127.59531249999998,4.1,314167.48000000004
2324,M51,5,2024-02-06,511.0,14.0,26.0,5.0,4.0,1629604.0,1998699.0,49.0,20.800000000000004,1.2763837103983548e-05,3.006865471611508e-05,13.057708333333334,15.240416666666668,74.52035714285715,0.09,143.0740625,21.403958333333332,148.99927083333333,4.19,410313.25
2324,M52,1,2024-01-08,138.0,9.0,33.0,5.0,3.0,3015812.0,3574247.0,50.0,21.7,7.195408732374564e-06,1.657928279348978e-05,12.9471875,14.320357142857144,79.795625,1.02,107.7697619047619,20.630312499999995,22.5171875,1.02,84432.48999999999
2324,M52,2,2024-01-16,60.0,9.0,31.0,10.0,0.0,1989489.0,2572175.0,50.0,22.200000000000003,1.1158644254881532e-05,2.513208165513858e-05,13.661636904761906,14.597038690476191,79.36620535714285,1.53,82.54610119047618,26.170833333333334,56.8509375,3.88,142552.69999999998
2324,M52,3,2024-01-23,218.0,5.0,32.0,15.0,3.0,2507065.0,3211732.0,55.0,28.5,1.1367874386982388e-05,2.1938003202948468e-05,10.462544642857145,12.273392857142856,70.53050595238095,0.0,117.54267308897242,14.51927083333333,71.37020833333332,3.88,221491.41
2324,M52,4,2024-01-30,663.0,3.0,18.0,12.0,2.0,2170845.0,2566667.0,35.0,19.200000000000003,8.844482217753918e-06,1.6122754042780576e-05,18.03215773809524,19.05563988095238,79.72150297619046,0.22,138.16929652255638,56.22510416666667,127.59531249999998,4.1,314167.48000000004
2324,M52,5,2024-02-06,1077.0,2.0,29.0,9.0,3.0,2342651.0,3003407.0,43.0,21.900000000000002,9.348383519354782e-06,1.8355273576815325e-05,13.057708333333334,15.240416666666668,74.52035714285715,0.09,143.0740625,21.403958333333332,148.99927083333333,4.19,410313.25
2324,M53,1,2024-01-08,45.0,1.0,9.0,0.0,4.0,1458183.0,1796975.0,14.0,7.4,5.074808854581353e-06,9.600989724883639e-06,12.9471875,14.320357142857144,79.795625,1.02,107.7697619047619,20.630312499999995,22.5171875,1.02,84432.48999999999
2324,M53,2,2024-01-16,54.0,1.0,17.0,4.0,0.0,2289336.0,3013968.0,22.0,10.200000000000001,4.455440354757886e-06,9.609773314183675e-06,13.661636904761906,14.597038690476191,79.36620535714285,1.53,82.54610119047618,26.170833333333334,56.8509375,3.88,142552.69999999998
2324,M53,3,2024-01-23,34.0,1.0,31.0,4.0,2.0,2130183.0,2738520.0,38.0,17.6,8.262200947054784e-06,1.7838842953868282e-05,10.462544642857145,12.273392857142856,70.53050595238095,0.0,117.54267308897242,14.51927083333333,71.37020833333332,3.88,221491.41
2324,M53,4,2024-01-30,303.0,0.0,10.0,10.0,3.0,2063245.0,2399067.0,23.0,14.7,7.124699199561855e-06,1.1147488543532155e-05,18.03215773809524,19.05563988095238,79.72150297619046,0.22,138.16929652255638,56.22510416666667,127.59531249999998,4.1,314167.48000000004
2324,M53,5,2024-02-06,435.0,7.0,21.0,7.0,8.0,2184883.0,2725622.0,43.0,22.6,1.034380330663015e-05,1.968068770730515e-05,13.057708333333334,15.240416666666668,74.52035714285715,0.09,143.0740625,21.403958333333332,148.99927083333333,4.19,410313.25
2324,M54,1,2024-01-08,7.0,1.0,10.0,0.0,0.0,1472602.0,1781971.0,11.0,4.2,2.85209445593582e-06,7.469771194117623e-06,12.9471875,14.320357142857144,79.795625,1.02,107.7697619047619,20.630312499999995,22.5171875,1.02,84432.48999999999
2324,M54,2,2024-01-16,35.0,2.0,17.0,2.0,2.0,1251767.0,1621149.0,23.0,10.600000000000001,8.468029593366817e-06,1.837402647617328e-05,13.661636904761906,14.597038690476191,79.36620535714285,1.53,82.54610119047618,26.170833333333334,56.8509375,3.88,142552.69999999998
2324,M54,3,2024-01-23,116.0,7.0,24.0,6.0,0.0,2023885.0,2547629.0,37.0,15.800000000000002,7.806767677017223e-06,1.82816711423821e-05,10.462544642857145,12.273392857142856,70.53050595238095,0.0,117.54267308897242,14.51927083333333,71.37020833333332,3.88,221491.41
2324,M54,4,2024-01-30,266.0,1.0,5.0,5.0,0.0,1547478.0,1790785.0,11.0,6.2,4.006518994131096e-06,7.108340150877751e-06,18.03215773809524,19.05563988095238,79.72150297619046,0.22,138.16929652255638,56.22510416666667,127.59531249999998,4.1,314167.48000000004
2324,M54,5,2024-02-06,328.0,8.0,37.0,5.0,1.0,1448359.0,1802954.0,51.0,21.3,1.4706298645570609e-05,3.521226436263385e-05,13.057708333333334,15.240416666666668,74.52035714285715,0.09,143.0740625,21.403958333333332,148.99927083333333,4.19,410313.25
2324,M55,1,2024-01-08,154.0,9.0,16.0,1.0,0.0,1651125.0,2024686.0,26.0,9.000000000000002,5.450828980240746e-06,1.574683927625104e-05,12.9471875,14.320357142857144,79.795625,1.02,107.7697619047619,20.630312499999995,22.5171875,1.02,84432.48999999999
2324,M55,2,2024-01-16,117.0,5.0,22.0,2.0,1.0,2593845.0,3293639.0,30.0,12.3,4.741994991990655e-06,1.1565841443879646e-05,13.661636904761906,14.597038690476191,79.36620535714285,1.53,82.54610119047618,26.170833333333334,56.8509375,3.88,142552.69999999998
2324,M55,3,2024-01-23,46.0,3.0,40.0,1.0,0.0,3044367.0,3782451.0,44.0,17.400000000000002,5.71547385712695e-06,1.4452922397332515e-05,10.462544642857145,12.273392857142856,70.53050595238095,0.0,117.54267308897242,14.51927083333333,71.37020833333332,3.88,221491.41
2324,M55,4,2024-01-30,366.0,0.0,9.0,10.0,1.0,2144943.0,2552227.0,20.0,12.5,5.827660688419226e-06,9.324257101470761e-06,18.03215773809524,19.05563988095238,79.72150297619046,0.22,138.16929652255638,56.22510416666667,127.59531249999998,4.1,314167.48000000004
2324,M55,5,2024-02-06,537.0,6.0,24.0,8.0,0.0,2093730.0,2614577.0,38.0,17.200000000000003,8.215003844812847e-06,1.8149427099005124e-05,13.057708333333334,15.240416666666668,74.52035714285715,0.09,143.0740625,21.403958333333332,148.99927083333333,4.19,410313.25
2425,B11,1,2025-01-07,27.0,0.0,3.0,1.0,1.0,134477.0,165366.0,5.0,2.9,2.1565025989574426e-05,3.7181079292369696e-05,10.599136904761904,12.918348214285714,67.33674107142858,0.06,129.81196428571428,10.828333333333331,10.828333333333331,0.06,87233.64
2425,B11,2,2025-01-15,0.0,0.0,1.0,0.0,1.0,88391.0,104676.0,2.0,1.3,1.4707379710604022e-05,2.2626738016313877e-05,8.893482142857142,10.987276785714286,70.96653273809524,0.4,103.50331845238097,2.048333333333334,12.876666666666669,0.49,170818.37
2425,B11,3,2025-01-24,8.0,0.0,5.0,0.0,0.0,57540.0,67947.0,5.0,2.0,3.475842891901286e-05,8.689607229753215e-05,8.432797619047617,10.506681547619047,74.32239583333333,2.13,87.6885900689223,14.915520833333332,28.054895833333333,2.6500000000000004,254683.16
2425,B11,4,2025-01-29,,0.0,3.0,0.0,0.0,82940.0,99652.0,3.0,1.2000000000000002,1.4468290330359298e-05,3.617072582589824e-05,9.98485119047619,11.000773809523809,70.62700892857143,0.0,144.39314348370928,13.239479166666664,41.294375,2.6500000000000004,329680.25999999995
2425,B11,5,2025-02-05,0.0,0.0,1.0,0.0,0.0,101042.0,110777.0,1.0,0.4,3.958749826804696e-06,9.896874567011738e-06,17.893645833333334,18.988110119047622,78.69738095238095,0.0,147.0850148809524,55.255520833333335,96.54989583333332,2.6500000000000004,428521.39
2425,B12,1,2025-01-07,11.0,0.0,1.0,2.0,0.0,106466.0,130434.0,3.0,2.0,1.8785339920725865e-05,2.81780098810888e-05,10.599136904761904,12.918348214285714,67.33674107142858,0.06,129.81196428571428,10.828333333333331,10.828333333333331,0.06,87233.64
2425,B12,2,2025-01-15,0.0,0.0,8.0,1.0,0.0,171859.0,190795.0,9.0,4.0,2.3274893953764422e-05,5.2368511395969954e-05,8.893482142857142,10.987276785714286,70.96653273809524,0.4,103.50331845238097,2.048333333333334,12.876666666666669,0.49,170818.37
2425,B12,3,2025-01-24,3.0,0.0,0.0,0.0,1.0,141570.0,176588.0,1.0,0.9,6.357279084551812e-06,7.063643427279791e-06,8.432797619047617,10.506681547619047,74.32239583333333,2.13,87.6885900689223,14.915520833333332,28.054895833333333,2.6500000000000004,254683.16
2425,B12,4,2025-01-29,5.0,0.0,4.0,0.0,0.0,266533.0,321187.0,4.0,1.6,6.003009008265394e-06,1.5007522520663482e-05,9.98485119047619,11.000773809523809,70.62700892857143,0.0,144.39314348370928,13.239479166666664,41.294375,2.6500000000000004,329680.25999999995
2425,B12,5,2025-02-05,18.0,1.0,1.0,0.0,0.0,187591.0,204430.0,2.0,0.6000000000000001,3.198447686722711e-06,1.0661492289075702e-05,17.893645833333334,18.988110119047622,78.69738095238095,0.0,147.0850148809524,55.255520833333335,96.54989583333332,2.6500000000000004,428521.39
2425,B13,1,2025-01-07,47.0,0.0,5.0,0.0,2.0,232853.0,320032.0,7.0,3.8,1.6319308748437855e-05,3.006188453659605e-05,10.599136904761904,12.918348214285714,67.33674107142858,0.06,129.81196428571428,10.828333333333331,10.828333333333331,0.06,87233.64
2425,B13,2,2025-01-15,0.0,0.0,2.0,0.0,0.0,159914.0,185623.0,2.0,0.8,5.002688945308104e-06,1.2506722363270258e-05,8.893482142857142,10.987276785714286,70.96653273809524,0.4,103.50331845238097,2.048333333333334,12.876666666666669,0.49,170818.37
2425,B13,3,2025-01-24,14.0,0.0,9.0,1.0,0.0,220842.0,296548.0,10.0,4.4,1.992374638882097e-05,4.5281241792774925e-05,8.432797619047617,10.506681547619047,74.32239583333333,2.13,87.6885900689223,14.915520833333332,28.054895833333333,2.6500000000000004,254683.16
2425,B13,4,2025-01-29,5.0,0.0,2.0,0.0,1.0,180958.0,218494.0,3.0,1.7000000000000002,9.394445119862068e-06,1.6578432564462473e-05,9.98485119047619,11.000773809523809,70.62700892857143,0.0,144.39314348370928,13.239479166666664,41.294375,2.6500000000000004,329680.25999999995
2425,B13,5,2025-02-05,17.0,0.0,0.0,0.0,0.0,221651.0,254095.0,0.0,0.0,0.0,0.0,17.893645833333334,18.988110119047622,78.69738095238095,0.0,147.0850148809524,55.255520833333335,96.54989583333332,2.6500000000000004,428521.39
2425,B14,1,2025-01-07,31.0,0.0,1.0,0.0,2.0,148111.0,181303.0,3.0,2.2,1.4853724571436289e-05,2.0255078961049482e-05,10.599136904761904,12.918348214285714,67.33674107142858,0.06,129.81196428571428,10.828333333333331,10.828333333333331,0.06,87233.64
2425,B14,2,2025-01-15,0.0,0.0,7.0,1.0,1.0,165724.0,188480.0,9.0,4.500000000000001,2.715358065216867e-05,5.430716130433733e-05,8.893482142857142,10.987276785714286,70.96653273809524,0.4,103.50331845238097,2.048333333333334,12.876666666666669,0.49,170818.37
2425,B14,3,2025-01-24,5.0,0.0,1.0,0.0,0.0,163186.0,197925.0,1.0,0.4,2.4511906658659445e-06,6.127976664664861e-06,8.432797619047617,10.506681547619047,74.32239583333333,2.13,87.6885900689223,14.915520833333332,28.054895833333333,2.6500000000000004,254683.16
2425,B14,4,2025-01-29,0.0,0.0,0.0,1.0,1.0,136401.0,166981.0,2.0,1.7000000000000002,1.2463251735691089e-05,1.4662649100813045e-05,9.98485119047619,11.000773809523809,70.62700892857143,0.0,144.39314348370928,13.239479166666664,41.294375,2.6500000000000004,329680.25999999995
2425,B14,5,2025-02-05,23.0,0.0,1.0,1.0,0.0,129855.0,150928.0,2.0,1.2000000000000002,9.241076585422203e-06,1.5401794309037002e-05,17.893645833333334,18.988110119047622,78.69738095238095,0.0,147.0850148809524,55.255520833333335,96.54989583333332,2.6500000000000004,428521.39
2425,B15,1,2025-01-07,15.0,3.0,6.0,0.0,0.0,257351.0,328185.0,9.0,3.0000000000000004,1.1657230785969359e-05,3.4971692357908074e-05,10.599136904761904,12.918348214285714,67.33674107142858,0.06,129.81196428571428,10.828333333333331,10.828333333333331,0.06,87233.64
2425,B15,2,2025-01-15,0.0,1.0,2.0,1.0,0.0,246232.0,304692.0,4.0,1.8,7.310179018161734e-06,1.624484226258163e-05,8.893482142857142,10.987276785714286,70.96653273809524,0.4,103.50331845238097,2.048333333333334,12.876666666666669,0.49,170818.37
2425,B15,3,2025-01-24,11.0,0.0,2.0,1.0,4.0,239694.0,302648.0,7.0,5.2,2.1694326933506888e-05,2.9203901641259272e-05,8.432797619047617,10.506681547619047,74.32239583333333,2.13,87.6885900689223,14.915520833333332,28.054895833333333,2.6500000000000004,254683.16
2425,B15,4,2025-01-29,5.0,0.0,2.0,0.0,0.0,154088.0,214302.0,2.0,0.8,5.191838429988059e-06,1.2979596074970147e-05,9.98485119047619,11.000773809523809,70.62700892857143,0.0,144.39314348370928,13.239479166666664,41.294375,2.6500000000000004,329680.25999999995
2425,B15,5,2025-02-05,0.0,0.0,4.0,4.0,0.0,236427.0,263972.0,8.0,4.800000000000001,2.0302249743049656e-05,3.383708290508275e-05,17.893645833333334,18.988110119047622,78.69738095238095,0.0,147.0850148809524,55.255520833333335,96.54989583333332,2.6500000000000004,428521.39
2425,B21,1,2025-01-07,11.0,0.0,1.0,0.0,0.0,204519.0,264938.0,1.0,0.4,1.9558085067891003e-06,4.889521266972751e-06,10.599136904761904,12.918348214285714,67.33674107142858,0.06,129.81196428571428,10.828333333333331,10.828333333333331,0.06,87233.64
2425,B21,2,2025-01-15,0.0,0.0,1.0,2.0,0.0,184373.0,216331.0,3.0,2.0,1.0847575295732022e-05,1.627136294359803e-05,8.893482142857142,10.987276785714286,70.96653273809524,0.4,103.50331845238097,2.048333333333334,12.876666666666669,0.49,170818.37
2425,B21,3,2025-01-24,0.0,0.0,1.0,1.0,0.0,174942.0,194837.0,2.0,1.2000000000000002,6.859416263675962e-06,1.1432360439459936e-05,8.432797619047617,10.506681547619047,74.32239583333333,2.13,87.6885900689223,14.915520833333332,28.054895833333333,2.6500000000000004,254683.16
2425,B21,4,2025-01-29,0.0,0.0,1.0,0.0,0.0,229231.0,307526.0,1.0,0.4,1.7449646862771615e-06,4.362411715692904e-06,9.98485119047619,11.000773809523809,70.62700892857143,0.0,144.39314348370928,13.239479166666664,41.294375,2.6500000000000004,329680.25999999995
2425,B21,5,2025-02-05,0.0,0.0,2.0,1.0,0.0,169711.0,206669.0,3.0,1.6,9.427791952201095e-06,1.767710991037705e-05,17.893645833333334,18.988110119047622,78.69738095238095,0.0,147.0850148809524,55.255520833333335,96.54989583333332,2.6500000000000004,428521.39
2425,B22,1,2025-01-07,35.0,0.0,2.0,0.0,1.0,174361.0,242032.0,3.0,1.7000000000000002,9.749886729257117e-06,1.720568246339491e-05,10.599136904761904,12.918348214285714,67.33674107142858,0.06,129.81196428571428,10.828333333333331,10.828333333333331,0.06,87233.64
2425,B22,2,2025-01-15,0.0,0.0,3.0,2.0,0.0,247850.0,303443.0,5.0,2.8000000000000003,1.1297155537623564e-05,2.017349203147065e-05,8.893482142857142,10.987276785714286,70.96653273809524,0.4,103.50331845238097,2.048333333333334,12.876666666666669,0.49,170818.37
2425,B22,3,2025-01-24,0.0,0.0,3.0,0.0,0.0,135581.0,148485.0,3.0,1.2000000000000002,8.850797678140744e-06,2.2126994195351856e-05,8.432797619047617,10.506681547619047,74.32239583333333,2.13,87.6885900689223,14.915520833333332,28.054895833333333,2.6500000000000004,254683.16
2425,B22,4,2025-01-29,0.0,0.0,3.0,0.0,3.0,246934.0,304449.0,6.0,3.9000000000000004,1.5793693861517653e-05,2.4297990556181003e-05,9.98485119047619,11.000773809523809,70.62700892857143,0.0,144.39314348370928,13.239479166666664,41.294375,2.6500000000000004,329680.25999999995
2425,B22,5,2025-02-05,43.0,0.0,2.0,0.0,0.0,166209.0,204510.0,2.0,0.8,4.81321709414051e-06,1.2033042735351275e-05,17.893645833333334,18.988110119047622,78.69738095238095,0.0,147.0850148809524,55.255520833333335,96.54989583333332,2.6500000000000004,428521.39
2425,B23,1,2025-01-07,31.0,0.0,4.0,0.0,0.0,214192.0,285550.0,4.0,1.6,7.469933517591694e-06,1.8674833793979235e-05,10.599136904761904,12.918348214285714,67.33674107142858,0.06,129.81196428571428,10.828333333333331,10.828333333333331,0.06,87233.64
2425,B23,2,2025-01-15,0.0,0.0,5.0,0.0,0.0,196009.0,231905.0,5.0,2.0,1.0203613099398497e-05,2.5509032748496243e-05,8.893482142857142,10.987276785714286,70.96653273809524,0.4,103.50331845238097,2.048333333333334,12.876666666666669,0.49,170818.37
2425,B23,3,2025-01-24,0.0,0.0,3.0,0.0,0.0,232130.0,268843.0,3.0,1.2000000000000002,5.169517080946023e-06,1.2923792702365054e-05,8.432797619047617,10.506681547619047,74.32239583333333,2.13,87.6885900689223,14.915520833333332,28.054895833333333,2.6500000000000004,254683.16
2425,B23,4,2025-01-29,0.0,0.0,3.0,0.0,2.0,196301.0,240451.0,5.0,3.0,1.528265266096454e-05,2.5471087768274233e-05,9.98485119047619,11.000773809523809,70.62700892857143,0.0,144.39314348370928,13.239479166666664,41.294375,2.6500000000000004,329680.25999999995
2425,B23,5,2025-02-05,21.0,0.0,0.0,3.0,0.0,212854.0,253148.0,3.0,2.4000000000000004,1.127533426668045e-05,1.409416783335056e-05,17.893645833333334,18.988110119047622,78.69738095238095,0.0,147.0850148809524,55.255520833333335,96.54989583333332,2.6500000000000004,428521.39
2425,B24,1,2025-01-07,75.0,0.0,3.0,0.0,3.0,236697.0,326519.0,6.0,3.9000000000000004,1.647676142916894e-05,2.5348863737182982e-05,10.599136904761904,12.918348214285714,67.33674107142858,0.06,129.81196428571428,10.828333333333331,10.828333333333331,0.06,87233.64
2425,B24,2,2025-01-15,9.0,0.0,1.0,0.0,2.0,313222.0,365496.0,3.0,2.2,7.0237722765323e-06,9.57787128618041e-06,8.893482142857142,10.987276785714286,70.96653273809524,0.4,103.50331845238097,2.048333333333334,12.876666666666669,0.49,170818.37
2425,B24,3,2025-01-24,0.0,0.0,3.0,2.0,1.0,252312.0,284892.0,6.0,3.7,1.4664383778813534e-05,2.3780081803481404e-05,8.432797619047617,10.506681547619047,74.32239583333333,2.13,87.6885900689223,14.915520833333332,28.054895833333333,2.6500000000000004,254683.16
2425,B24,4,2025-01-29,21.0,0.0,2.0,2.0,1.0,218261.0,277494.0,5.0,3.3000000000000003,1.5119512876785135e-05,2.290835284361384e-05,9.98485119047619,11.000773809523809,70.62700892857143,0.0,144.39314348370928,13.239479166666664,41.294375,2.6500000000000004,329680.25999999995
2425,B24,5,2025-02-05,73.0,0.0,2.0,3.0,1.0,243090.0,283716.0,6.0,4.1000000000000005,1.6866181249742897e-05,2.468221646303838e-05,17.893645833333334,18.988110119047622,78.69738095238095,0.0,147.0850148809524,55.255520833333335,96.54989583333332,2.6500000000000004,428521.39
2425,B25,1,2025-01-07,14.0,1.0,6.0,0.0,2.0,174927.0,251821.0,9.0,4.4,2.515334968301063e-05,5.145003344252174e-05,10.599136904761904,12.918348214285714,67.33674107142858,0.06,129.81196428571428,10.828333333333331,10.828333333333331,0.06,87233.64
2425,B25,2,2025-01-15,0.0,0.0,4.0,0.0,0.0,197125.0,231249.0,4.0,1.6,8.116677235256816e-06,2.029169308814204e-05,8.893482142857142,10.987276785714286,70.96653273809524,0.4,103.50331845238097,2.048333333333334,12.876666666666669,0.49,170818.37
2425,B25,3,2025-01-24,0.0,0.0,6.0,3.0,0.0,153608.0,175638.0,9.0,4.800000000000001,3.1248372480599976e-05,5.859069840112494e-05,8.432797619047617,10.506681547619047,74.32239583333333,2.13,87.6885900689223,14.915520833333332,28.054895833333333,2.6500000000000004,254683.16
2425,B25,4,2025-01-29,0.0,0.0,2.0,1.0,0.0,99553.0,126554.0,3.0,1.6,1.607184112985043e-05,3.013470211846956e-05,9.98485119047619,11.000773809523809,70.62700892857143,0.0,144.39314348370928,13.239479166666664,41.294375,2.6500000000000004,329680.25999999995
2425,B25,5,2025-02-05,33.0,1.0,1.0,1.0,0.0,176454.0,209491.0,3.0,1.4000000000000001,7.93407913677219e-06,1.7001598150226122e-05,17.893645833333334,18.988110119047622,78.69738095238095,0.0,147.0850148809524,55.255520833333335,96.54989583333332,2.6500000000000004,428521.39
2425,B41,1,2025-01-07,0.0,0.0,1.0,0.0,0.0,130598.0,156761.0,1.0,0.4,3.0628340403375244e-06,7.657085100843811e-06,10.599136904761904,12.918348214285714,67.33674107142858,0.06,129.81196428571428,10.828333333333331,10.828333333333331,0.06,87233.64
2425,B41,2,2025-01-15,0.0,0.0,2.0,0.0,0.0,115857.0,134995.0,2.0,0.8,6.905064001311963e-06,1.7262660003279905e-05,8.893482142857142,10.987276785714286,70.96653273809524,0.4,103.50331845238097,2.048333333333334,12.876666666666669,0.49,170818.37
2425,B41,3,2025-01-24,0.0,0.0,7.0,1.0,0.0,253703.0,286295.0,8.0,3.6000000000000005,1.4189820380523686e-05,3.153293417894152e-05,8.432797619047617,10.506681547619047,74.32239583333333,2.13,87.6885900689223,14.915520833333332,28.054895833333333,2.6500000000000004,254683.16
2425,B41,4,2025-01-29,0.0,0.0,5.0,0.0,0.0,209938.0,258675.0,5.0,2.0,9.526622145585839e-06,2.3816555363964598e-05,9.98485119047619,11.000773809523809,70.62700892857143,0.0,144.39314348370928,13.239479166666664,41.294375,2.6500000000000004,329680.25999999995
2425,B41,5,2025-02-05,0.0,0.0,10.0,4.0,0.0,251351.0,279969.0,14.0,7.2,2.8645201332001863e-05,5.569900259000362e-05,17.893645833333334,18.988110119047622,78.69738095238095,0.0,147.0850148809524,55.255520833333335,96.54989583333332,2.6500000000000004,428521.39
2425,B42,1,2025-01-07,29.0,0.0,2.0,1.0,2.0,136309.0,182826.0,5.0,3.4000000000000004,2.4943327293135453e-05,3.668136366637566e-05,10.599136904761904,12.918348214285714,67.33674107142858,0.06,129.81196428571428,10.828333333333331,10.828333333333331,0.06,87233.64
2425,B42,2,2025-01-15,16.0,0.0,7.0,3.0,1.0,199834.0,255071.0,11.0,6.100000000000001,3.0525336028904e-05,5.504568792097441e-05,8.893482142857142,10.987276785714286,70.96653273809524,0.4,103.50331845238097,2.048333333333334,12.876666666666669,0.49,170818.37
2425,B42,3,2025-01-24,11.0,0.0,1.0,0.0,0.0,106948.0,118304.0,1.0,0.4,3.740135392901223e-06,9.350338482253057e-06,8.432797619047617,10.506681547619047,74.32239583333333,2.13,87.6885900689223,14.915520833333332,28.054895833333333,2.6500000000000004,254683.16
2425,B42,4,2025-01-29,0.0,0.0,5.0,0.0,0.0,135346.0,172028.0,5.0,2.0,1.4776942059610185e-05,3.694235514902546e-05,9.98485119047619,11.000773809523809,70.62700892857143,0.0,144.39314348370928,13.239479166666664,41.294375,2.6500000000000004,329680.25999999995
2425,B42,5,2025-02-05,12.0,0.0,5.0,0.0,0.0,171794.0,207706.0,5.0,2.0,1.1641850122821518e-05,2.9104625307053798e-05,17.893645833333334,18.988110119047622,78.69738095238095,0.0,147.0850148809524,55.255520833333335,96.54989583333332,2.6500000000000004,428521.39
2425,B43,1,2025-01-07,22.0,0.0,1.0,0.0,0.0,123412.0,185602.0,1.0,0.4,3.2411758986160183e-06,8.102939746540045e-06,10.599136904761904,12.918348214285714,67.33674107142858,0.06,129.81196428571428,10.828333333333331,10.828333333333331,0.06,87233.64
2425,B43,2,2025-01-15,3.0,0.0,0.0,0.0,0.0,80778.0,102904.0,0.0,0.0,0.0,0.0,8.893482142857142,10.987276785714286,70.96653273809524,0.4,103.50331845238097,2.048333333333334,12.876666666666669,0.49,170818.37
2425,B43,3,2025-01-24,0.0,0.0,1.0,0.0,0.0,81877.0,92039.0,1.0,0.4,4.88537684575644e-06,1.2213442114391099e-05,8.432797619047617,10.506681547619047,74.32239583333333,2.13,87.6885900689223,14.915520833333332,28.054895833333333,2.6500000000000004,254683.16
2425,B43,4,2025-01-29,0.0,0.0,0.0,0.0,0.0,165735.0,189990.0,0.0,0.0,0.0,0.0,9.98485119047619,11.000773809523809,70.62700892857143,0.0,144.39314348370928,13.239479166666664,41.294375,2.6500000000000004,329680.25999999995
2425,B43,5,2025-02-05,0.0,1.0,3.0,0.0,0.0,130469.0,160558.0,4.0,1.4000000000000001,1.0730518360683382e-05,3.06586238876668e-05,17.893645833333334,18.988110119047622,78.69738095238095,0.0,147.0850148809524,55.255520833333335,96.54989583333332,2.6500000000000004,428521.39
2425,B44,1,2025-01-07,33.0,1.0,2.0,3.0,2.0,185900.0,260121.0,8.0,5.2,2.7972027972027973e-05,4.3033889187735344e-05,10.599136904761904,12.918348214285714,67.33674107142858,0.06,129.81196428571428,10.828333333333331,10.828333333333331,0.06,87233.64
2425,B44,2,2025-01-15,0.0,2.0,4.0,1.0,0.0,137616.0,178088.0,7.0,2.8,2.0346471340541797e-05,5.0866178351354495e-05,8.893482142857142,10.987276785714286,70.96653273809524,0.4,103.50331845238097,2.048333333333334,12.876666666666669,0.49,170818.37
2425,B44,3,2025-01-24,0.0,0.0,1.0,0.0,0.0,134354.0,156088.0,1.0,0.4,2.977209461571669e-06,7.443023653929172e-06,8.432797619047617,10.506681547619047,74.32239583333333,2.13,87.6885900689223,14.915520833333332,28.054895833333333,2.6500000000000004,254683.16
2425,B44,4,2025-01-29,0.0,0.0,8.0,0.0,1.0,149412.0,195052.0,9.0,4.1000000000000005,2.7440901667871394e-05,6.023612561240061e-05,9.98485119047619,11.000773809523809,70.62700892857143,0.0,144.39314348370928,13.239479166666664,41.294375,2.6500000000000004,329680.25999999995
2425,B44,5,2025-02-05,9.0,0.0,3.0,0.0,0.0,168272.0,194287.0,3.0,1.2000000000000002,7.131311210421224e-06,1.7828278026053056e-05,17.893645833333334,18.988110119047622,78.69738095238095,0.0,147.0850148809524,55.255520833333335,96.54989583333332,2.6500000000000004,428521.39
2425,B45,1,2025-01-07,1.0,1.0,4.0,0.0,0.0,174417.0,251876.0,5.0,1.8,1.0320094944873493e-05,2.866693040242637e-05,10.599136904761904,12.918348214285714,67.33674107142858,0.06,129.81196428571428,10.828333333333331,10.828333333333331,0.06,87233.64
2425,B45,2,2025-01-15,0.0,0.0,2.0,1.0,0.0,236338.0,305201.0,3.0,1.6,6.7699650500554295e-06,1.2693684468853929e-05,8.893482142857142,10.987276785714286,70.96653273809524,0.4,103.50331845238097,2.048333333333334,12.876666666666669,0.49,170818.37
2425,B45,3,2025-01-24,6.0,0.0,4.0,0.0,0.0,66474.0,75801.0,4.0,1.6,2.406956103138069e-05,6.0173902578451724e-05,8.432797619047617,10.506681547619047,74.32239583333333,2.13,87.6885900689223,14.915520833333332,28.054895833333333,2.6500000000000004,254683.16
2425,B45,4,2025-01-29,0.0,0.0,7.0,1.0,0.0,108596.0,138032.0,8.0,3.6000000000000005,3.315039227964198e-05,7.36675383992044e-05,9.98485119047619,11.000773809523809,70.62700892857143,0.0,144.39314348370928,13.239479166666664,41.294375,2.6500000000000004,329680.25999999995
2425,B45,5,2025-02-05,0.0,0.0,16.0,1.0,0.0,198259.0,279709.0,17.0,7.2,3.631613192843704e-05,8.574642260880968e-05,17.893645833333334,18.988110119047622,78.69738095238095,0.0,147.0850148809524,55.255520833333335,96.54989583333332,2.6500000000000004,428521.39
2425,B51,1,2025-01-07,23.0,0.0,4.0,1.0,2.0,170171.0,254422.0,7.0,4.2,2.4681056114144008e-05,4.1135093523573344e-05,10.599136904761904,12.918348214285714,67.33674107142858,0.06,129.81196428571428,10.828333333333331,10.828333333333331,0.06,87233.64
2425,B51,2,2025-01-15,0.0,0.0,1.0,0.0,0.0,119536.0,159728.0,1.0,0.4,3.346272252710481e-06,8.3656806317762e-06,8.893482142857142,10.987276785714286,70.96653273809524,0.4,103.50331845238097,2.048333333333334,12.876666666666669,0.49,170818.37
2425,B51,3,2025-01-24,0.0,0.0,3.0,0.0,0.0,132871.0,148368.0,3.0,1.2000000000000002,9.031316088537003e-06,2.2578290221342506e-05,8.432797619047617,10.506681547619047,74.32239583333333,2.13,87.6885900689223,14.915520833333332,28.054895833333333,2.6500000000000004,254683.16
2425,B51,4,2025-01-29,0.0,0.0,1.0,0.0,0.0,116407.0,148849.0,1.0,0.4,3.4362194713376344e-06,8.590548678344086e-06,9.98485119047619,11.000773809523809,70.62700892857143,0.0,144.39314348370928,13.239479166666664,41.294375,2.6500000000000004,329680.25999999995
2425,B51,5,2025-02-05,0.0,1.0,11.0,0.0,0.0,171255.0,230556.0,12.0,4.6000000000000005,2.6860529619573153e-05,7.007094683366908e-05,17.893645833333334,18.988110119047622,78.69738095238095,0.0,147.0850148809524,55.255520833333335,96.54989583333332,2.6500000000000004,428521.39
2425,B52,1,2025-01-07,4.0,3.0,4.0,0.0,0.0,313115.0,397891.0,7.0,2.2,7.026172492534692e-06,2.2356003385337655e-05,10.599136904761904,12.918348214285714,67.33674107142858,0.06,129.81196428571428,10.828333333333331,10.828333333333331,0.06,87233.64
2425,B52,2,2025-01-15,10.0,4.0,3.0,0.0,0.0,267808.0,348098.0,7.0,2.0,7.468036802485362e-06,2.613812880869877e-05,8.893482142857142,10.987276785714286,70.96653273809524,0.4,103.50331845238097,2.048333333333334,12.876666666666669,0.49,170818.37
2425,B52,3,2025-01-24,0.0,0.0,10.0,2.0,0.0,294266.0,341034.0,12.0,5.6,1.9030401065702458e-05,4.07794308550767e-05,8.432797619047617,10.506681547619047,74.32239583333333,2.13,87.6885900689223,14.915520833333332,28.054895833333333,2.6500000000000004,254683.16
2425,B52,4,2025-01-29,0.0,0.0,2.0,0.0,0.0,285083.0,352544.0,2.0,0.8,2.806200299561882e-06,7.015500748904705e-06,9.98485119047619,11.000773809523809,70.62700892857143,0.0,144.39314348370928,13.239479166666664,41.294375,2.6500000000000004,329680.25999999995
2425,B52,5,2025-02-05,0.0,1.0,11.0,2.0,0.0,334765.0,371536.0,14.0,6.200000000000001,1.8520454647289894e-05,4.182038146162233e-05,17.893645833333334,18.988110119047622,78.69738095238095,0.0,147.0850148809524,55.255520833333335,96.54989583333332,2.6500000000000004,428521.39
2425,B53,1,2025-01-07,10.0,1.0,2.0,2.0,1.0,330248.0,477407.0,6.0,3.5,1.0598095976357162e-05,1.8168164530897993e-05,10.599136904761904,12.918348214285714,67.33674107142858,0.06,129.81196428571428,10.828333333333331,10.828333333333331,0.06,87233.64
2425,B53,2,2025-01-15,15.0,1.0,8.0,2.0,0.0,240365.0,297720.0,11.0,5.0,2.080169741850935e-05,4.576373432072057e-05,8.893482142857142,10.987276785714286,70.96653273809524,0.4,103.50331845238097,2.048333333333334,12.876666666666669,0.49,170818.37
2425,B53,3,2025-01-24,0.0,0.0,11.0,2.0,0.0,212159.0,247098.0,13.0,6.0,2.82806762852389e-05,6.127479861801762e-05,8.432797619047617,10.506681547619047,74.32239583333333,2.13,87.6885900689223,14.915520833333332,28.054895833333333,2.6500000000000004,254683.16
2425,B53,4,2025-01-29,0.0,0.0,8.0,0.0,0.0,273490.0,337585.0,8.0,3.2,1.1700610625617026e-05,2.925152656404256e-05,9.98485119047619,11.000773809523809,70.62700892857143,0.0,144.39314348370928,13.239479166666664,41.294375,2.6500000000000004,329680.25999999995
2425,B53,5,2025-02-05,0.0,2.0,22.0,0.0,0.0,311677.0,378870.0,24.0,9.200000000000001,2.951773791457182e-05,7.700279455975257e-05,17.893645833333334,18.988110119047622,78.69738095238095,0.0,147.0850148809524,55.255520833333335,96.54989583333332,2.6500000000000004,428521.39
2425,B54,1,2025-01-07,14.0,0.0,2.0,1.0,2.0,216917.0,299791.0,5.0,3.4000000000000004,1.5674197965120302e-05,2.305029112517691e-05,10.599136904761904,12.918348214285714,67.33674107142858,0.06,129.81196428571428,10.828333333333331,10.828333333333331,0.06,87233.64
2425,B54,2,2025-01-15,20.0,0.0,5.0,1.0,0.0,209124.0,274325.0,6.0,2.8,1.3389185363707656e-05,2.8691111493659266e-05,8.893482142857142,10.987276785714286,70.96653273809524,0.4,103.50331845238097,2.048333333333334,12.876666666666669,0.49,170818.37
2425,B54,3,2025-01-24,0.0,0.0,4.0,0.0,1.0,165594.0,192036.0,5.0,2.5,1.5097165356232714e-05,3.0194330712465428e-05,8.432797619047617,10.506681547619047,74.32239583333333,2.13,87.6885900689223,14.915520833333332,28.054895833333333,2.6500000000000004,254683.16
2425,B54,4,2025-01-29,0.0,0.0,4.0,0.0,0.0,249833.0,317138.0,4.0,1.6,6.404278057742573e-06,1.601069514435643e-05,9.98485119047619,11.000773809523809,70.62700892857143,0.0,144.39314348370928,13.239479166666664,41.294375,2.6500000000000004,329680.25999999995
2425,B54,5,2025-02-05,0.0,1.0,2.0,0.0,0.0,136302.0,169429.0,3.0,1.0,7.336649498906839e-06,2.200994849672052e-05,17.893645833333334,18.988110119047622,78.69738095238095,0.0,147.0850148809524,55.255520833333335,96.54989583333332,2.6500000000000004,428521.39
2425,B55,1,2025-01-07,26.0,0.0,5.0,1.0,0.0,237160.0,332335.0,6.0,2.8,1.1806375442739078e-05,2.5299375948726597e-05,10.599136904761904,12.918348214285714,67.33674107142858,0.06,129.81196428571428,10.828333333333331,10.828333333333331,0.06,87233.64
2425,B55,2,2025-01-15,0.0,0.0,5.0,0.0,0.0,206307.0,241684.0,5.0,2.0,9.694290547582002e-06,2.4235726368955002e-05,8.893482142857142,10.987276785714286,70.96653273809524,0.4,103.50331845238097,2.048333333333334,12.876666666666669,0.49,170818.37
2425,B55,3,2025-01-24,0.0,0.0,3.0,0.0,0.0,226640.0,257322.0,3.0,1.2000000000000002,5.294740557712673e-06,1.323685139428168e-05,8.432797619047617,10.506681547619047,74.32239583333333,2.13,87.6885900689223,14.915520833333332,28.054895833333333,2.6500000000000004,254683.16
2425,B55,4,2025-01-29,0.0,0.0,4.0,0.0,0.0,214243.0,245600.0,4.0,1.6,7.468155318960246e-06,1.8670388297400614e-05,9.98485119047619,11.000773809523809,70.62700892857143,0.0,144.39314348370928,13.239479166666664,41.294375,2.6500000000000004,329680.25999999995
2425,B55,5,2025-02-05,0.0,1.0,3.0,0.0,0.0,268356.0,330459.0,4.0,1.4000000000000001,5.21695061783601e-06,1.4905573193817169e-05,17.893645833333334,18.988110119047622,78.69738095238095,0.0,147.0850148809524,55.255520833333335,96.54989583333332,2.6500000000000004,428521.39
2425,M11,1,2025-01-07,76.0,0.0,3.0,1.0,0.0,133455.0,163177.0,4.0,2.0,1.4986324978457158e-05,2.9972649956914316e-05,10.599136904761904,12.918348214285714,67.33674107142858,0.06,129.81196428571428,10.828333333333331,10.828333333333331,0.06,87233.64
2425,M11,2,2025-01-15,28.0,0.0,7.0,2.0,1.0,208134.0,246356.0,10.0,5.300000000000001,2.5464364303765847e-05,4.8045970384463855e-05,8.893482142857142,10.987276785714286,70.96653273809524,0.4,103.50331845238097,2.048333333333334,12.876666666666669,0.49,170818.37
2425,M11,3,2025-01-24,0.0,0.0,1.0,0.0,0.0,181744.0,219377.0,1.0,0.4,2.200897966370279e-06,5.502244915925698e-06,8.432797619047617,10.506681547619047,74.32239583333333,2.13,87.6885900689223,14.915520833333332,28.054895833333333,2.6500000000000004,254683.16
2425,M11,4,2025-01-29,0.0,0.0,0.0,0.0,0.0,132519.0,161476.0,0.0,0.0,0.0,0.0,9.98485119047619,11.000773809523809,70.62700892857143,0.0,144.39314348370928,13.239479166666664,41.294375,2.6500000000000004,329680.25999999995
2425,M11,5,2025-02-05,0.0,0.0,4.0,0.0,0.0,119861.0,132597.0,4.0,1.6,1.3348795688338993e-05,3.3371989220847485e-05,17.893645833333334,18.988110119047622,78.69738095238095,0.0,147.0850148809524,55.255520833333335,96.54989583333332,2.6500000000000004,428521.39
2425,M12,1,2025-01-07,24.0,0.0,2.0,0.0,0.0,280290.0,358031.0,2.0,0.8,2.8541867351671484e-06,7.135466837917871e-06,10.599136904761904,12.918348214285714,67.33674107142858,0.06,129.81196428571428,10.828333333333331,10.828333333333331,0.06,87233.64
2425,M12,2,2025-01-15,34.0,0.0,6.0,0.0,0.0,223513.0,253354.0,6.0,2.4000000000000004,1.0737630473395285e-05,2.6844076183488208e-05,8.893482142857142,10.987276785714286,70.96653273809524,0.4,103.50331845238097,2.048333333333334,12.876666666666669,0.49,170818.37
2425,M12,3,2025-01-24,0.0,0.0,5.0,0.0,0.0,307458.0,389352.0,5.0,2.0,6.504953522107085e-06,1.626238380526771e-05,8.432797619047617,10.506681547619047,74.32239583333333,2.13,87.6885900689223,14.915520833333332,28.054895833333333,2.6500000000000004,254683.16
2425,M12,4,2025-01-29,0.0,0.0,1.0,0.0,0.0,291429.0,378116.0,1.0,0.4,1.3725470011563709e-06,3.431367502890927e-06,9.98485119047619,11.000773809523809,70.62700892857143,0.0,144.39314348370928,13.239479166666664,41.294375,2.6500000000000004,329680.25999999995
2425,M12,5,2025-02-05,33.0,0.0,3.0,0.0,0.0,235289.0,265781.0,3.0,1.2000000000000002,5.100110927412672e-06,1.2750277318531677e-05,17.893645833333334,18.988110119047622,78.69738095238095,0.0,147.0850148809524,55.255520833333335,96.54989583333332,2.6500000000000004,428521.39
2425,M13,1,2025-01-07,27.0,0.0,12.0,4.0,0.0,222543.0,293829.0,16.0,8.0,3.594810890479593e-05,7.189621780959186e-05,10.599136904761904,12.918348214285714,67.33674107142858,0.06,129.81196428571428,10.828333333333331,10.828333333333331,0.06,87233.64
2425,M13,2,2025-01-15,43.0,1.0,12.0,2.0,2.0,208608.0,237397.0,17.0,8.400000000000002,4.0266912103083305e-05,8.149256020862096e-05,8.893482142857142,10.987276785714286,70.96653273809524,0.4,103.50331845238097,2.048333333333334,12.876666666666669,0.49,170818.37
2425,M13,3,2025-01-24,0.0,1.0,5.0,0.0,1.0,220673.0,276253.0,7.0,3.1,1.4047935180108125e-05,3.172114395508286e-05,8.432797619047617,10.506681547619047,74.32239583333333,2.13,87.6885900689223,14.915520833333332,28.054895833333333,2.6500000000000004,254683.16
2425,M13,4,2025-01-29,12.0,0.0,12.0,7.0,1.0,210445.0,268639.0,20.0,11.300000000000002,5.369573997956712e-05,9.503670792843736e-05,9.98485119047619,11.000773809523809,70.62700892857143,0.0,144.39314348370928,13.239479166666664,41.294375,2.6500000000000004,329680.25999999995
2425,M13,5,2025-02-05,86.0,0.0,7.0,2.0,2.0,198571.0,234373.0,11.0,6.2,3.122308897069562e-05,5.539580301252449e-05,17.893645833333334,18.988110119047622,78.69738095238095,0.0,147.0850148809524,55.255520833333335,96.54989583333332,2.6500000000000004,428521.39
2425,M14,1,2025-01-07,35.0,0.0,4.0,1.0,1.0,249334.0,340922.0,6.0,3.3000000000000003,1.3235258729254736e-05,2.4064106780463153e-05,10.599136904761904,12.918348214285714,67.33674107142858,0.06,129.81196428571428,10.828333333333331,10.828333333333331,0.06,87233.64
2425,M14,2,2025-01-15,25.0,0.0,3.0,1.0,5.0,144797.0,169641.0,9.0,6.5,4.489043281283452e-05,6.215598389469395e-05,8.893482142857142,10.987276785714286,70.96653273809524,0.4,103.50331845238097,2.048333333333334,12.876666666666669,0.49,170818.37
2425,M14,3,2025-01-24,3.0,0.0,3.0,0.0,0.0,175539.0,217735.0,3.0,1.2000000000000002,6.836087707005282e-06,1.70902192675132e-05,8.432797619047617,10.506681547619047,74.32239583333333,2.13,87.6885900689223,14.915520833333332,28.054895833333333,2.6500000000000004,254683.16
2425,M14,4,2025-01-29,9.0,0.0,0.0,0.0,1.0,151284.0,190906.0,1.0,0.9,5.9490759102086145e-06,6.6100843446762385e-06,9.98485119047619,11.000773809523809,70.62700892857143,0.0,144.39314348370928,13.239479166666664,41.294375,2.6500000000000004,329680.25999999995
2425,M14,5,2025-02-05,10.0,0.0,0.0,1.0,0.0,107782.0,114431.0,1.0,0.8,7.422389638344065e-06,9.27798704793008e-06,17.893645833333334,18.988110119047622,78.69738095238095,0.0,147.0850148809524,55.255520833333335,96.54989583333332,2.6500000000000004,428521.39
2425,M15,1,2025-01-07,42.0,0.0,2.0,0.0,0.0,158348.0,205179.0,2.0,0.8,5.052163589057014e-06,1.2630408972642535e-05,10.599136904761904,12.918348214285714,67.33674107142858,0.06,129.81196428571428,10.828333333333331,10.828333333333331,0.06,87233.64
2425,M15,2,2025-01-15,23.0,0.0,6.0,1.0,0.0,221319.0,272066.0,7.0,3.2,1.4458767661158781e-05,3.162855425878483e-05,8.893482142857142,10.987276785714286,70.96653273809524,0.4,103.50331845238097,2.048333333333334,12.876666666666669,0.49,170818.37
2425,M15,3,2025-01-24,7.0,0.0,3.0,1.0,1.0,185774.0,202439.0,5.0,2.9,1.5610365282547612e-05,2.691442290094416e-05,8.432797619047617,10.506681547619047,74.32239583333333,2.13,87.6885900689223,14.915520833333332,28.054895833333333,2.6500000000000004,254683.16
2425,M15,4,2025-01-29,0.0,0.0,3.0,0.0,0.0,111259.0,137325.0,3.0,1.2000000000000002,1.0785644307426816e-05,2.6964110768567036e-05,9.98485119047619,11.000773809523809,70.62700892857143,0.0,144.39314348370928,13.239479166666664,41.294375,2.6500000000000004,329680.25999999995
2425,M15,5,2025-02-05,41.0,0.0,4.0,2.0,0.0,197148.0,218659.0,6.0,3.2,1.6231460628563315e-05,3.043398867855621e-05,17.893645833333334,18.988110119047622,78.69738095238095,0.0,147.0850148809524,55.255520833333335,96.54989583333332,2.6500000000000004,428521.39
2425,M21,1,2025-01-07,30.0,0.0,1.0,5.0,1.0,172367.0,241743.0,7.0,5.300000000000001,3.0748345100860375e-05,4.0611021831325025e-05,10.599136904761904,12.918348214285714,67.33674107142858,0.06,129.81196428571428,10.828333333333331,10.828333333333331,0.06,87233.64
2425,M21,2,2025-01-15,34.0,0.0,9.0,2.0,3.0,213267.0,269640.0,14.0,7.9,3.704276798567054e-05,6.564541162017565e-05,8.893482142857142,10.987276785714286,70.96653273809524,0.4,103.50331845238097,2.048333333333334,12.876666666666669,0.49,170818.37
2425,M21,3,2025-01-24,0.0,0.0,0.0,3.0,0.0,198970.0,220437.0,3.0,2.4000000000000004,1.2062119917575516e-05,1.5077649896969392e-05,8.432797619047617,10.506681547619047,74.32239583333333,2.13,87.6885900689223,14.915520833333332,28.054895833333333,2.6500000000000004,254683.16
2425,M21,4,2025-01-29,0.0,0.0,1.0,0.0,0.0,138549.0,180536.0,1.0,0.4,2.887065226021119e-06,7.217663065052797e-06,9.98485119047619,11.000773809523809,70.62700892857143,0.0,144.39314348370928,13.239479166666664,41.294375,2.6500000000000004,329680.25999999995
2425,M21,5,2025-02-05,13.0,0.0,4.0,1.0,0.0,250354.0,314291.0,5.0,2.4000000000000004,9.586425621320212e-06,1.9971720044417105e-05,17.893645833333334,18.988110119047622,78.69738095238095,0.0,147.0850148809524,55.255520833333335,96.54989583333332,2.6500000000000004,428521.39
2425,M22,1,2025-01-07,30.0,1.0,12.0,6.0,0.0,179325.0,222023.0,19.0,9.8,5.464937961801199e-05,0.00010595287885124774,10.599136904761904,12.918348214285714,67.33674107142858,0.06,129.81196428571428,10.828333333333331,10.828333333333331,0.06,87233.64
2425,M22,2,2025-01-15,21.0,0.0,9.0,1.0,6.0,202678.0,223190.0,16.0,9.8,4.8352559231885064e-05,7.894295384797561e-05,8.893482142857142,10.987276785714286,70.96653273809524,0.4,103.50331845238097,2.048333333333334,12.876666666666669,0.49,170818.37
2425,M22,3,2025-01-24,15.0,0.0,2.0,2.0,3.0,200199.0,212730.0,7.0,5.1000000000000005,2.547465272054306e-05,3.496520961643165e-05,8.432797619047617,10.506681547619047,74.32239583333333,2.13,87.6885900689223,14.915520833333332,28.054895833333333,2.6500000000000004,254683.16
2425,M22,4,2025-01-29,4.0,0.0,6.0,1.0,0.0,250873.0,307067.0,7.0,3.2,1.2755457940870482e-05,2.7902564245654176e-05,9.98485119047619,11.000773809523809,70.62700892857143,0.0,144.39314348370928,13.239479166666664,41.294375,2.6500000000000004,329680.25999999995
2425,M22,5,2025-02-05,0.0,0.0,1.0,1.0,1.0,257925.0,286558.0,3.0,2.1,8.141901715615005e-06,1.1631288165164291e-05,17.893645833333334,18.988110119047622,78.69738095238095,0.0,147.0850148809524,55.255520833333335,96.54989583333332,2.6500000000000004,428521.39
2425,M23,1,2025-01-07,63.0,0.0,4.0,2.0,1.0,133924.0,170665.0,7.0,4.1000000000000005,3.061437830411278e-05,5.226845076311938e-05,10.599136904761904,12.918348214285714,67.33674107142858,0.06,129.81196428571428,10.828333333333331,10.828333333333331,0.06,87233.64
2425,M23,2,2025-01-15,13.0,0.0,5.0,1.0,0.0,179104.0,189027.0,6.0,2.8,1.5633375022333393e-05,3.3500089333571554e-05,8.893482142857142,10.987276785714286,70.96653273809524,0.4,103.50331845238097,2.048333333333334,12.876666666666669,0.49,170818.37
2425,M23,3,2025-01-24,10.0,0.0,1.0,1.0,0.0,215694.0,247795.0,2.0,1.2000000000000002,5.563437091435089e-06,9.272395152391814e-06,8.432797619047617,10.506681547619047,74.32239583333333,2.13,87.6885900689223,14.915520833333332,28.054895833333333,2.6500000000000004,254683.16
2425,M23,4,2025-01-29,0.0,0.0,6.0,0.0,0.0,180904.0,231623.0,6.0,2.4000000000000004,1.3266704992703314e-05,3.316676248175828e-05,9.98485119047619,11.000773809523809,70.62700892857143,0.0,144.39314348370928,13.239479166666664,41.294375,2.6500000000000004,329680.25999999995
2425,M23,5,2025-02-05,19.0,0.0,2.0,0.0,0.0,172714.0,194029.0,2.0,0.8,4.631934874995658e-06,1.1579837187489144e-05,17.893645833333334,18.988110119047622,78.69738095238095,0.0,147.0850148809524,55.255520833333335,96.54989583333332,2.6500000000000004,428521.39
2425,M24,1,2025-01-07,55.0,0.0,3.0,1.0,1.0,150963.0,189900.0,5.0,2.9,1.921000510058756e-05,3.31206984492889e-05,10.599136904761904,12.918348214285714,67.33674107142858,0.06,129.81196428571428,10.828333333333331,10.828333333333331,0.06,87233.64
2425,M24,2,2025-01-15,11.0,0.0,8.0,0.0,1.0,170660.0,202852.0,9.0,4.1000000000000005,2.4024375952185635e-05,5.273643501699285e-05,8.893482142857142,10.987276785714286,70.96653273809524,0.4,103.50331845238097,2.048333333333334,12.876666666666669,0.49,170818.37
2425,M24,3,2025-01-24,0.0,0.0,0.0,1.0,0.0,125626.0,139869.0,1.0,0.8,6.368108512569054e-06,7.960135640711318e-06,8.432797619047617,10.506681547619047,74.32239583333333,2.13,87.6885900689223,14.915520833333332,28.054895833333333,2.6500000000000004,254683.16
2425,M24,4,2025-01-29,0.0,0.0,0.0,0.0,0.0,126067.0,148953.0,0.0,0.0,0.0,0.0,9.98485119047619,11.000773809523809,70.62700892857143,0.0,144.39314348370928,13.239479166666664,41.294375,2.6500000000000004,329680.25999999995
2425,M24,5,2025-02-05,14.0,0.0,4.0,0.0,1.0,93951.0,112572.0,5.0,2.5,2.660961565071154e-05,5.321923130142308e-05,17.893645833333334,18.988110119047622,78.69738095238095,0.0,147.0850148809524,55.255520833333335,96.54989583333332,2.6500000000000004,428521.39
2425,M25,1,2025-01-07,41.0,0.0,2.0,0.0,0.0,125770.0,167270.0,2.0,0.8,6.360817365031407e-06,1.5902043412578516e-05,10.599136904761904,12.918348214285714,67.33674107142858,0.06,129.81196428571428,10.828333333333331,10.828333333333331,0.06,87233.64
2425,M25,2,2025-01-15,0.0,0.0,1.0,0.0,0.0,163718.0,196614.0,1.0,0.4,2.443225546366313e-06,6.108063865915782e-06,8.893482142857142,10.987276785714286,70.96653273809524,0.4,103.50331845238097,2.048333333333334,12.876666666666669,0.49,170818.37
2425,M25,3,2025-01-24,8.0,1.0,16.0,0.0,0.0,212103.0,251065.0,17.0,6.6000000000000005,3.111695732733625e-05,8.014973857041154e-05,8.432797619047617,10.506681547619047,74.32239583333333,2.13,87.6885900689223,14.915520833333332,28.054895833333333,2.6500000000000004,254683.16
2425,M25,4,2025-01-29,0.0,0.0,2.0,0.0,0.0,106429.0,142237.0,2.0,0.8,7.516748254705015e-06,1.8791870636762537e-05,9.98485119047619,11.000773809523809,70.62700892857143,0.0,144.39314348370928,13.239479166666664,41.294375,2.6500000000000004,329680.25999999995
2425,M25,5,2025-02-05,0.0,0.0,3.0,0.0,0.0,239569.0,305336.0,3.0,1.2000000000000002,5.008995320763539e-06,1.2522488301908844e-05,17.893645833333334,18.988110119047622,78.69738095238095,0.0,147.0850148809524,55.255520833333335,96.54989583333332,2.6500000000000004,428521.39
2425,M41,1,2025-01-07,8.0,0.0,10.0,0.0,0.0,149607.0,211239.0,10.0,4.0,2.673671686485258e-05,6.684179216213146e-05,10.599136904761904,12.918348214285714,67.33674107142858,0.06,129.81196428571428,10.828333333333331,10.828333333333331,0.06,87233.64
2425,M41,2,2025-01-15,0.0,0.0,9.0,2.0,0.0,135308.0,188391.0,11.0,5.2,3.84308392704053e-05,8.129600614893428e-05,8.893482142857142,10.987276785714286,70.96653273809524,0.4,103.50331845238097,2.048333333333334,12.876666666666669,0.49,170818.37
2425,M41,3,2025-01-24,0.0,0.0,2.0,1.0,0.0,141546.0,169386.0,3.0,1.6,1.1303745778757436e-05,2.1194523335170193e-05,8.432797619047617,10.506681547619047,74.32239583333333,2.13,87.6885900689223,14.915520833333332,28.054895833333333,2.6500000000000004,254683.16
2425,M41,4,2025-01-29,0.0,0.0,14.0,0.0,1.0,140006.0,173963.0,15.0,6.500000000000001,4.642658171792638e-05,0.00010713826550290702,9.98485119047619,11.000773809523809,70.62700892857143,0.0,144.39314348370928,13.239479166666664,41.294375,2.6500000000000004,329680.25999999995
2425,M41,5,2025-02-05,4.0,0.0,18.0,2.0,0.0,168227.0,209416.0,20.0,8.8,5.231027124064508e-05,0.00011888698009237518,17.893645833333334,18.988110119047622,78.69738095238095,0.0,147.0850148809524,55.255520833333335,96.54989583333332,2.6500000000000004,428521.39
2425,M42,1,2025-01-07,63.0,1.0,3.0,2.0,0.0,101660.0,144555.0,6.0,3.0,2.9510131811922092e-05,5.9020263623844184e-05,10.599136904761904,12.918348214285714,67.33674107142858,0.06,129.81196428571428,10.828333333333331,10.828333333333331,0.06,87233.64
2425,M42,2,2025-01-15,0.0,0.0,10.0,1.0,0.0,148327.0,207217.0,11.0,4.8,3.236093226452365e-05,7.41604697728667e-05,8.893482142857142,10.987276785714286,70.96653273809524,0.4,103.50331845238097,2.048333333333334,12.876666666666669,0.49,170818.37
2425,M42,3,2025-01-24,0.0,0.0,2.0,0.0,0.0,123335.0,143255.0,2.0,0.8,6.48639883244821e-06,1.6215997081120525e-05,8.432797619047617,10.506681547619047,74.32239583333333,2.13,87.6885900689223,14.915520833333332,28.054895833333333,2.6500000000000004,254683.16
2425,M42,4,2025-01-29,0.0,0.0,5.0,0.0,0.0,130144.0,174933.0,5.0,2.0,1.5367592820260634e-05,3.8418982050651584e-05,9.98485119047619,11.000773809523809,70.62700892857143,0.0,144.39314348370928,13.239479166666664,41.294375,2.6500000000000004,329680.25999999995
2425,M42,5,2025-02-05,0.0,0.0,12.0,2.0,0.0,158696.0,203750.0,14.0,6.4,4.0328678731663054e-05,8.821898472551292e-05,17.893645833333334,18.988110119047622,78.69738095238095,0.0,147.0850148809524,55.255520833333335,96.54989583333332,2.6500000000000004,428521.39
2425,M43,1,2025-01-07,91.0,0.0,3.0,0.0,1.0,154692.0,214067.0,4.0,2.1,1.3575362656116671e-05,2.585783363069842e-05,10.599136904761904,12.918348214285714,67.33674107142858,0.06,129.81196428571428,10.828333333333331,10.828333333333331,0.06,87233.64
2425,M43,2,2025-01-15,14.0,0.0,1.0,0.0,0.0,166466.0,236887.0,1.0,0.4,2.40289308327226e-06,6.00723270818065e-06,8.893482142857142,10.987276785714286,70.96653273809524,0.4,103.50331845238097,2.048333333333334,12.876666666666669,0.49,170818.37
2425,M43,3,2025-01-24,0.0,0.0,1.0,0.0,0.0,189280.0,218551.0,1.0,0.4,2.113271344040575e-06,5.283178360101437e-06,8.432797619047617,10.506681547619047,74.32239583333333,2.13,87.6885900689223,14.915520833333332,28.054895833333333,2.6500000000000004,254683.16
2425,M43,4,2025-01-29,0.0,0.0,2.0,0.0,0.0,230196.0,288205.0,2.0,0.8,3.475299310153087e-06,8.688248275382717e-06,9.98485119047619,11.000773809523809,70.62700892857143,0.0,144.39314348370928,13.239479166666664,41.294375,2.6500000000000004,329680.25999999995
2425,M43,5,2025-02-05,0.0,0.0,0.0,1.0,0.0,144990.0,178182.0,1.0,0.8,5.517621904958963e-06,6.897027381198703e-06,17.893645833333334,18.988110119047622,78.69738095238095,0.0,147.0850148809524,55.255520833333335,96.54989583333332,2.6500000000000004,428521.39
2425,M44,1,2025-01-07,52.0,0.0,2.0,2.0,1.0,236749.0,330183.0,5.0,3.3000000000000003,1.393881283553468e-05,2.1119413387173758e-05,10.599136904761904,12.918348214285714,67.33674107142858,0.06,129.81196428571428,10.828333333333331,10.828333333333331,0.06,87233.64
2425,M44,2,2025-01-15,32.0,0.0,3.0,1.0,1.0,328674.0,434951.0,5.0,2.9,8.823332542275932e-06,1.521264231426885e-05,8.893482142857142,10.987276785714286,70.96653273809524,0.4,103.50331845238097,2.048333333333334,12.876666666666669,0.49,170818.37
2425,M44,3,2025-01-24,0.0,0.0,4.0,0.0,1.0,260765.0,325292.0,5.0,2.5,9.587176193124077e-06,1.9174352386248155e-05,8.432797619047617,10.506681547619047,74.32239583333333,2.13,87.6885900689223,14.915520833333332,28.054895833333333,2.6500000000000004,254683.16
2425,M44,4,2025-01-29,0.0,1.0,5.0,0.0,0.0,282575.0,373784.0,6.0,2.2,7.785543660974964e-06,2.123330089356808e-05,9.98485119047619,11.000773809523809,70.62700892857143,0.0,144.39314348370928,13.239479166666664,41.294375,2.6500000000000004,329680.25999999995
2425,M44,5,2025-02-05,0.0,0.0,5.0,0.0,2.0,227288.0,269789.0,7.0,3.8,1.671887649149977e-05,3.0797930379078524e-05,17.893645833333334,18.988110119047622,78.69738095238095,0.0,147.0850148809524,55.255520833333335,96.54989583333332,2.6500000000000004,428521.39
2425,M45,1,2025-01-07,32.0,0.0,0.0,1.0,2.0,121222.0,166207.0,3.0,2.6,2.1448251967464653e-05,2.474798303938229e-05,10.599136904761904,12.918348214285714,67.33674107142858,0.06,129.81196428571428,10.828333333333331,10.828333333333331,0.06,87233.64
2425,M45,2,2025-01-15,12.0,0.0,4.0,0.0,0.0,195859.0,258066.0,4.0,1.6,8.16914208690946e-06,2.0422855217273652e-05,8.893482142857142,10.987276785714286,70.96653273809524,0.4,103.50331845238097,2.048333333333334,12.876666666666669,0.49,170818.37
2425,M45,3,2025-01-24,0.0,0.0,1.0,0.0,0.0,128636.0,151908.0,1.0,0.4,3.109549426288131e-06,7.773873565720327e-06,8.432797619047617,10.506681547619047,74.32239583333333,2.13,87.6885900689223,14.915520833333332,28.054895833333333,2.6500000000000004,254683.16
2425,M45,4,2025-01-29,0.0,0.0,2.0,0.0,0.0,177796.0,234820.0,2.0,0.8,4.49953879727328e-06,1.1248846993183199e-05,9.98485119047619,11.000773809523809,70.62700892857143,0.0,144.39314348370928,13.239479166666664,41.294375,2.6500000000000004,329680.25999999995
2425,M45,5,2025-02-05,0.0,0.0,1.0,0.0,0.0,143344.0,167631.0,1.0,0.4,2.790490010045764e-06,6.97622502511441e-06,17.893645833333334,18.988110119047622,78.69738095238095,0.0,147.0850148809524,55.255520833333335,96.54989583333332,2.6500000000000004,428521.39
2425,M51,1,2025-01-07,2.0,0.0,1.0,1.0,0.0,178490.0,237719.0,2.0,1.2000000000000002,6.723065717967394e-06,1.1205109529945655e-05,10.599136904761904,12.918348214285714,67.33674107142858,0.06,129.81196428571428,10.828333333333331,10.828333333333331,0.06,87233.64
2425,M51,2,2025-01-15,3.0,0.0,9.0,0.0,0.0,254875.0,306737.0,9.0,3.6,1.4124570868072585e-05,3.5311427170181465e-05,8.893482142857142,10.987276785714286,70.96653273809524,0.4,103.50331845238097,2.048333333333334,12.876666666666669,0.49,170818.37
2425,M51,3,2025-01-24,0.0,0.0,3.0,0.0,0.0,266131.0,318421.0,3.0,1.2000000000000002,4.509057569392518e-06,1.1272643923481293e-05,8.432797619047617,10.506681547619047,74.32239583333333,2.13,87.6885900689223,14.915520833333332,28.054895833333333,2.6500000000000004,254683.16
2425,M51,4,2025-01-29,0.0,0.0,2.0,1.0,0.0,203434.0,225716.0,3.0,1.6,7.864958659811044e-06,1.4746797487145708e-05,9.98485119047619,11.000773809523809,70.62700892857143,0.0,144.39314348370928,13.239479166666664,41.294375,2.6500000000000004,329680.25999999995
2425,M51,5,2025-02-05,18.0,0.0,8.0,8.0,0.0,312258.0,355470.0,16.0,9.600000000000001,3.0743808004919016e-05,5.1239680008198346e-05,17.893645833333334,18.988110119047622,78.69738095238095,0.0,147.0850148809524,55.255520833333335,96.54989583333332,2.6500000000000004,428521.39
2425,M52,1,2025-01-07,28.0,0.0,8.0,2.0,0.0,184420.0,253704.0,10.0,4.800000000000001,2.6027545819325457e-05,5.422405379026136e-05,10.599136904761904,12.918348214285714,67.33674107142858,0.06,129.81196428571428,10.828333333333331,10.828333333333331,0.06,87233.64
2425,M52,2,2025-01-15,0.0,0.0,8.0,0.0,0.0,175760.0,225636.0,8.0,3.2,1.8206645425580336e-05,4.551661356395084e-05,8.893482142857142,10.987276785714286,70.96653273809524,0.4,103.50331845238097,2.048333333333334,12.876666666666669,0.49,170818.37
2425,M52,3,2025-01-24,0.0,0.0,1.0,0.0,0.0,211589.0,252440.0,1.0,0.4,1.8904574434398765e-06,4.726143608599691e-06,8.432797619047617,10.506681547619047,74.32239583333333,2.13,87.6885900689223,14.915520833333332,28.054895833333333,2.6500000000000004,254683.16
2425,M52,4,2025-01-29,5.0,0.0,3.0,0.0,0.0,222639.0,259335.0,3.0,1.2000000000000002,5.3898912589438515e-06,1.3474728147359628e-05,9.98485119047619,11.000773809523809,70.62700892857143,0.0,144.39314348370928,13.239479166666664,41.294375,2.6500000000000004,329680.25999999995
2425,M52,5,2025-02-05,0.0,0.0,2.0,1.0,0.0,278424.0,326179.0,3.0,1.6,5.746631037554234e-06,1.0774933195414188e-05,17.893645833333334,18.988110119047622,78.69738095238095,0.0,147.0850148809524,55.255520833333335,96.54989583333332,2.6500000000000004,428521.39
2425,M53,1,2025-01-07,50.0,0.0,1.0,1.0,1.0,209460.0,275246.0,3.0,2.1,1.0025780578630765e-05,1.4322543683758236e-05,10.599136904761904,12.918348214285714,67.33674107142858,0.06,129.81196428571428,10.828333333333331,10.828333333333331,0.06,87233.64
2425,M53,2,2025-01-15,51.0,0.0,1.0,1.0,3.0,279758.0,365141.0,5.0,3.9000000000000004,1.394062010737852e-05,1.7872589881254514e-05,8.893482142857142,10.987276785714286,70.96653273809524,0.4,103.50331845238097,2.048333333333334,12.876666666666669,0.49,170818.37
2425,M53,3,2025-01-24,0.0,0.0,1.0,0.0,0.0,283947.0,351716.0,1.0,0.4,1.4087135979601828e-06,3.5217839949004566e-06,8.432797619047617,10.506681547619047,74.32239583333333,2.13,87.6885900689223,14.915520833333332,28.054895833333333,2.6500000000000004,254683.16
2425,M53,4,2025-01-29,0.0,0.0,1.0,0.0,0.0,307029.0,395418.0,1.0,0.4,1.3028085294874426e-06,3.2570213237186065e-06,9.98485119047619,11.000773809523809,70.62700892857143,0.0,144.39314348370928,13.239479166666664,41.294375,2.6500000000000004,329680.25999999995
2425,M53,5,2025-02-05,0.0,0.0,2.0,0.0,0.0,256196.0,312608.0,2.0,0.8,3.1226092522912147e-06,7.806523130728036e-06,17.893645833333334,18.988110119047622,78.69738095238095,0.0,147.0850148809524,55.255520833333335,96.54989583333332,2.6500000000000004,428521.39
2425,M54,1,2025-01-07,2.0,0.0,0.0,0.0,0.0,252352.0,324507.0,0.0,0.0,0.0,0.0,10.599136904761904,12.918348214285714,67.33674107142858,0.06,129.81196428571428,10.828333333333331,10.828333333333331,0.06,87233.64
2425,M54,2,2025-01-15,0.0,0.0,4.0,0.0,0.0,199693.0,240884.0,4.0,1.6,8.012298878778926e-06,2.0030747196947313e-05,8.893482142857142,10.987276785714286,70.96653273809524,0.4,103.50331845238097,2.048333333333334,12.876666666666669,0.49,170818.37
2425,M54,3,2025-01-24,0.0,0.0,0.0,0.0,0.0,186997.0,231762.0,0.0,0.0,0.0,0.0,8.432797619047617,10.506681547619047,74.32239583333333,2.13,87.6885900689223,14.915520833333332,28.054895833333333,2.6500000000000004,254683.16
2425,M54,4,2025-01-29,0.0,1.0,4.0,0.0,0.0,171043.0,204181.0,5.0,1.8,1.0523669486620324e-05,2.923241524061201e-05,9.98485119047619,11.000773809523809,70.62700892857143,0.0,144.39314348370928,13.239479166666664,41.294375,2.6500000000000004,329680.25999999995
2425,M54,5,2025-02-05,0.0,0.0,4.0,1.0,0.0,188690.0,232832.0,5.0,2.4000000000000004,1.2719275001324926e-05,2.6498489586093593e-05,17.893645833333334,18.988110119047622,78.69738095238095,0.0,147.0850148809524,55.255520833333335,96.54989583333332,2.6500000000000004,428521.39
2425,M55,1,2025-01-07,0.0,0.0,2.0,1.0,0.0,187817.0,234183.0,3.0,1.6,8.51893066122875e-06,1.5972994989803906e-05,10.599136904761904,12.918348214285714,67.33674107142858,0.06,129.81196428571428,10.828333333333331,10.828333333333331,0.06,87233.64
2425,M55,2,2025-01-15,0.0,0.0,4.0,1.0,0.0,201903.0,258461.0,5.0,2.4000000000000004,1.1886896182820464e-05,2.476436704754263e-05,8.893482142857142,10.987276785714286,70.96653273809524,0.4,103.50331845238097,2.048333333333334,12.876666666666669,0.49,170818.37
2425,M55,3,2025-01-24,0.0,0.0,3.0,0.0,0.0,209186.0,253766.0,3.0,1.2000000000000002,5.736521564540649e-06,1.4341303911351621e-05,8.432797619047617,10.506681547619047,74.32239583333333,2.13,87.6885900689223,14.915520833333332,28.054895833333333,2.6500000000000004,254683.16
2425,M55,4,2025-01-29,0.0,0.0,2.0,1.0,0.0,160725.0,177908.0,3.0,1.6,9.954891896095817e-06,1.8665422305179655e-05,9.98485119047619,11.000773809523809,70.62700892857143,0.0,144.39314348370928,13.239479166666664,41.294375,2.6500000000000004,329680.25999999995
2425,M55,5,2025-02-05,0.0,0.0,1.0,1.0,0.0,195842.0,222544.0,2.0,1.2000000000000002,6.127388404938676e-06,1.0212314008231124e-05,17.893645833333334,18.988110119047622,78.69738095238095,0.0,147.0850148809524,55.255520833333335,96.54989583333332,2.6500000000000004,428521.39
