season,date,n_weather_records,tmean_2m_c,tmin_2m_c,tmax_2m_c,tmean_60cm_c,soil_temp_mean_c,rh_mean_pct,rainfall_in,wind_speed_mean_mph,solar_radiation_mean_wm2,solar_radiation_sum_wm2_records,dew_point_mean_c,gdd_base_10_c,weather_date,tmean_2m_c_3d_mean,tmean_2m_c_7d_mean,tmean_2m_c_14d_mean,soil_temp_mean_c_3d_mean,soil_temp_mean_c_7d_mean,soil_temp_mean_c_14d_mean,rh_mean_pct_3d_mean,rh_mean_pct_7d_mean,rh_mean_pct_14d_mean,rainfall_in_3d_sum,rainfall_in_7d_sum,rainfall_in_14d_sum,solar_radiation_mean_wm2_3d_mean,solar_radiation_mean_wm2_7d_mean,solar_radiation_mean_wm2_14d_mean,solar_radiation_sum_wm2_records_3d_sum,solar_radiation_sum_wm2_records_7d_sum,solar_radiation_sum_wm2_records_14d_sum,gdd_base_10_c_3d_sum,gdd_base_10_c_7d_sum,gdd_base_10_c_14d_sum,cumulative_gdd_base_10_c,cumulative_rainfall_in,cumulative_solar_radiation_sum_wm2_records
2324,2024-01-01,96,11.886875000000002,2.67,21.81,11.863333333333332,13.2053125,82.54489583333334,0.0,4.187916666666667,125.11677083333332,12011.21,8.568333333333333,1.8868750000000016,2024-01-01,11.886875000000002,11.886875000000002,11.886875000000002,13.2053125,13.2053125,13.2053125,82.54489583333334,82.54489583333334,82.54489583333334,0.0,0.0,0.0,125.11677083333332,125.11677083333332,125.11677083333332,12011.21,12011.21,12011.21,1.8868750000000016,1.8868750000000016,1.8868750000000016,1.8868750000000016,0.0,12011.21
2324,2024-01-02,96,10.116562499999999,4.96,15.08,10.408854166666666,13.425833333333332,69.08729166666667,0.06,5.0955208333333335,143.63760416666668,13789.210000000001,4.4089583333333335,0.11656249999999879,2024-01-02,11.00171875,11.00171875,11.00171875,13.315572916666666,13.315572916666666,13.315572916666666,75.81609375000001,75.81609375000001,75.81609375000001,0.06,0.06,0.06,134.3771875,134.3771875,134.3771875,25800.42,25800.42,25800.42,2.0034375000000004,2.0034375000000004,2.0034375000000004,2.0034375000000004,0.06,25800.42
2324,2024-01-03,96,10.684583333333334,2.87,18.7,10.886562499999998,13.128437499999999,86.14489583333334,0.05,2.5214583333333334,103.49333333333334,9935.36,8.1446875,0.6845833333333342,2024-01-03,10.896006944444444,10.896006944444444,10.896006944444444,13.253194444444444,13.253194444444444,13.253194444444444,79.25902777777777,79.25902777777777,79.25902777777777,0.11,0.11,0.11,124.08256944444445,124.08256944444445,124.08256944444445,35735.78,35735.78,35735.78,2.6880208333333346,2.6880208333333346,2.6880208333333346,2.6880208333333346,0.11,35735.78
2324,2024-01-04,96,10.804791666666667,4.34,16.56,11.062395833333333,14.18125,81.57197916666667,0.05,4.497395833333333,144.50052083333333,13872.05,7.3254166666666665,0.8047916666666666,2024-01-04,10.535312499999998,10.873203125,10.873203125,13.578506944444444,13.485208333333333,13.485208333333333,78.93472222222222,79.837265625,79.837265625,0.16,0.16,0.16,130.54381944444444,129.18705729166666,129.18705729166666,37596.62,49607.83,49607.83,1.6059374999999996,3.492812500000001,3.492812500000001,3.492812500000001,0.16,49607.83
2324,2024-01-05,96,13.854687499999999,2.71,21.19,13.974479166666667,13.370104166666666,76.76427083333333,0.0,5.100833333333333,122.71395833333334,11780.54,9.460625,3.854687499999999,2024-01-05,11.781354166666667,11.4695,11.4695,13.559930555555555,13.462187499999999,13.462187499999999,81.49371527777778,79.22266666666667,79.22266666666667,0.1,0.16,0.16,123.56927083333333,127.8924375,127.8924375,35587.950000000004,61388.37,61388.37,5.3440625,7.3475,7.3475,7.3475,0.16,61388.37
2324,2024-01-06,96,19.3753125,13.97,24.35,19.618020833333333,17.871666666666666,87.1075,0.8400000000000001,9.845833333333333,87.43052083333333,8393.33,17.11583333333333,9.3753125,2024-01-06,14.678263888888887,12.787135416666667,12.787135416666667,15.141006944444444,14.197100694444444,14.197100694444444,81.81458333333335,80.53680555555556,80.53680555555556,0.8900000000000001,1.0,1.0,118.21499999999999,121.14878472222222,121.14878472222222,34045.92,69781.7,69781.7,14.034791666666665,16.7228125,16.7228125,16.7228125,1.0,69781.7
2324,2024-01-07,96,13.287291666666667,9.56,16.75,13.550833333333335,15.258333333333333,75.4165625,0.0,5.1884375,129.42708333333334,12425.0,8.672083333333333,3.2872916666666665,2024-01-07,15.505763888888888,12.85858630952381,12.85858630952381,15.50003472222222,14.348705357142856,14.348705357142856,79.76277777777779,79.80534226190477,79.80534226190477,0.8400000000000001,1.0,1.0,113.19052083333334,122.3313988095238,122.3313988095238,32598.87,82206.7,82206.7,16.517291666666665,20.010104166666665,20.010104166666665,20.010104166666665,1.0,82206.7
2324,2024-01-08,96,12.507083333333334,9.08,16.98,12.696458333333332,13.006875,82.47687499999999,0.02,4.230625,23.1853125,2225.79,9.583958333333333,2.507083333333334,2024-01-08,15.0565625,12.9471875,12.8146484375,15.378958333333335,14.320357142857143,14.1809765625,81.66697916666666,79.795625,80.13928385416666,0.8600000000000001,1.02,1.02,80.01430555555557,107.7697619047619,109.93813802083334,23044.120000000003,72421.28,84432.49,15.1696875,20.630312499999995,22.5171875,22.5171875,1.02,84432.48999999999
2324,2024-01-09,96,18.162916666666668,13.64,25.09,18.399687500000002,16.5853125,88.14354166666668,1.33,10.615,27.596145833333335,2649.23,16.087395833333336,8.162916666666668,2024-01-09,14.652430555555556,14.096666666666666,13.408900462962963,14.950173611111111,14.771711309523809,14.448124999999997,82.0123263888889,82.51794642857143,81.02864583333333,1.35,2.29,2.35,60.0695138888889,91.19241071428573,100.78902777777779,17300.02,61281.3,87081.72,13.957291666666668,28.67666666666667,30.680104166666666,30.680104166666666,2.35,87081.71999999999
2324,2024-01-10,96,10.852708333333332,4.79,15.55,10.989062500000001,13.131041666666667,70.14854166666667,0.0,5.9589583333333325,143.24333333333334,13751.36,5.329166666666667,0.8527083333333323,2024-01-10,13.840902777777778,14.12068452380952,13.153281250000001,14.241076388888887,14.772083333333333,14.316416666666665,80.25631944444446,80.23275297619047,79.94063541666667,1.35,2.24,2.35,64.67493055555555,96.87098214285713,105.03445833333333,18626.38,65097.3,100833.08,11.522708333333334,28.844791666666666,31.5328125,31.5328125,2.35,100833.07999999999
2324,2024-01-11,96,10.701041666666667,3.72,18.2,10.970729166666667,12.639479166666668,83.38552083333333,0.0,2.206354166666667,121.15072916666666,11630.47,7.718541666666667,0.7010416666666668,2024-01-11,13.238888888888889,14.105863095238094,12.93035037878788,14.11861111111111,14.551830357142858,14.163967803030301,80.5592013888889,80.49183035714286,80.25380681818181,1.33,2.19,2.35,97.33006944444445,93.53529761904761,106.49957386363636,28031.059999999998,62855.72,112463.55,9.716666666666667,28.741041666666664,32.23385416666667,32.23385416666667,2.35,112463.54999999999
2324,2024-01-12,96,18.265625,10.99,24.86,18.481666666666666,16.14875,90.125,0.07,7.509687499999999,40.32385416666667,3871.09,16.605208333333334,8.265625,2024-01-12,13.273125,14.735997023809526,13.374956597222223,13.973090277777777,14.948779761904762,14.329366319444444,81.2196875,82.40050595238095,81.07640625,0.07,2.26,2.42,101.57263888888889,81.76528273809524,100.98493055555555,29252.92,54946.27,116334.64,9.819374999999999,33.15197916666666,40.49947916666667,40.49947916666667,2.42,116334.63999999998
2324,2024-01-13,96,14.879166666666668,8.29,23.81,15.164270833333333,16.695625,58.809374999999996,0.01,7.308645833333333,85.75916666666666,8232.88,6.196041666666667,4.879166666666668,2024-01-13,14.615277777777779,14.093690476190476,13.490665064102565,15.16128472222222,14.78077380952381,14.511386217948719,77.43996527777777,78.35791666666667,79.3635576923077,0.08,1.4300000000000002,2.43,82.41125,81.52651785714286,99.81371794871795,23734.44,54785.82000000001,124567.52,13.845833333333335,28.655833333333334,45.37864583333334,45.37864583333334,2.4299999999999997,124567.51999999999
2324,2024-01-14,96,9.460625,6.14,14.52,9.5940625,12.313749999999999,69.46489583333333,0.0,2.9623958333333333,77.79229166666667,7468.06,3.903020833333333,0.0,2024-01-14,14.201805555555557,13.54702380952381,13.20280505952381,15.05270833333333,14.36011904761905,14.354412202380953,72.79975694444444,77.50767857142857,78.65651041666668,0.08,1.4300000000000002,2.43,67.9584375,74.15011904761904,98.24075892857142,19572.03,49828.880000000005,132035.58,13.144791666666668,25.368541666666665,45.37864583333334,45.37864583333334,2.4299999999999997,132035.58
2324,2024-01-15,96,14.42375,4.61,21.92,14.5490625,13.777500000000002,88.6821875,0.0,2.8919791666666668,76.64385416666666,7357.8099999999995,12.480937500000001,4.42375,2024-01-15,12.921180555555557,13.820833333333335,13.384010416666667,14.262291666666664,14.470208333333334,14.395282738095238,72.31881944444444,78.39415178571429,79.09488839285713,0.01,1.4100000000000001,2.43,80.06510416666666,81.78705357142857,94.77840773809524,23058.75,54960.9,127382.18000000001,9.302916666666668,27.285208333333333,47.91552083333333,49.802395833333335,2.4299999999999997,139393.38999999998
2324,2024-01-16,96,17.04854166666667,8.58,21.94,17.396041666666665,17.473125,94.94791666666667,1.45,6.029062499999999,32.909479166666664,3159.31,16.2309375,7.048541666666669,2024-01-16,13.644305555555556,13.661636904761906,13.879151785714287,14.52145833333333,14.597038690476191,14.684375000000001,84.365,79.36620535714285,80.94207589285713,1.45,1.53,3.8200000000000003,62.448541666666664,82.54610119047618,86.86925595238095,17985.18,55470.979999999996,116752.28,11.472291666666669,26.170833333333338,54.8475,56.8509375,3.88,142552.69999999998
2324,2024-01-17,96,5.755416666666666,1.45,11.76,6.129270833333333,11.416666666666666,64.70885416666667,0.0,5.785,153.94583333333333,14778.8,-0.8378125000000001,0.0,2024-01-17,12.409236111111111,12.93345238095238,13.527068452380954,14.222430555555553,14.352127976190477,14.562105654761906,82.77965277777777,78.58910714285715,79.4109300595238,1.45,1.53,3.7700000000000005,87.83305555555553,84.07502976190474,90.47300595238094,25295.92,56498.42,121595.72,11.472291666666669,25.318125000000002,54.162916666666675,56.8509375,3.88,157331.49999999997
2324,2024-01-18,96,9.797708333333334,2.02,15.48,10.0328125,10.8771875,81.5078125,0.0,2.693578947368421,49.96631578947368,4746.8,6.7491666666666665,0.0,2024-01-18,10.867222222222225,12.804404761904763,13.455133928571428,13.25565972222222,14.100372023809523,14.32610119047619,80.38819444444444,78.3208630952381,79.40634672619048,1.45,1.53,3.7199999999999998,78.9405427631579,73.90582785087717,83.72056273496241,22684.91,49614.75,112470.47,7.048541666666669,24.617083333333337,53.358125,56.8509375,3.88,162078.29999999996
2324,2024-01-19,96,14.159270833333332,8.1,22.11,14.334375,14.146979166666666,77.5978125,0.0,4.674375,116.02614583333333,11138.51,9.896041666666667,4.159270833333332,2024-01-19,9.904131944444444,12.217782738095238,13.476889880952381,12.146944444444442,13.814404761904763,14.381592261904762,74.6048263888889,76.53126488095238,79.46588541666667,0.0,1.46,3.7199999999999998,106.64609831871344,84.72044094611529,83.24286184210526,30664.11,56882.17,111828.44,4.159270833333332,20.51072916666667,53.66270833333334,61.01020833333333,3.88,173216.80999999997
2324,2024-01-20,96,7.898125,3.53,12.46,8.331875,11.704791666666667,47.955625,0.0,6.992291666666667,160.53333333333333,15411.2,-2.81625,0.0,2024-01-20,10.618368055555557,11.22049107142857,12.657090773809525,12.242986111111108,13.10142857142857,13.941101190476191,69.02041666666668,74.98072916666668,76.66932291666667,0.0,1.45,2.88,108.84193165204677,95.4024647556391,88.46449130639098,31296.510000000002,64060.49,118846.31,4.159270833333332,15.631562500000001,44.287395833333335,61.01020833333333,3.88,188628.00999999998
2324,2024-01-21,96,5.267291666666667,0.23,11.44,5.608854166666667,9.557812499999999,58.75239583333333,0.0,6.993125,156.21333333333334,14996.48,-2.3603125,0.0,2024-01-21,9.108229166666666,10.621443452380955,12.084233630952381,11.803194444444442,12.707723214285712,13.53392113095238,61.43527777777778,73.45037202380954,75.47902529761905,0.0,1.45,2.88,144.25760416666665,106.60547070802006,90.37779487781953,41546.19,71588.91,121417.79000000001,4.159270833333332,15.631562500000001,41.000104166666674,61.01020833333333,3.88,203624.49
2324,2024-01-22,96,12.066354166666665,4.61,20.27,12.26375,11.8490625,80.95947916666667,0.0,3.9042708333333334,92.88802083333333,8917.25,8.612604166666666,2.066354166666665,2024-01-22,8.410590277777777,10.28467261904762,12.052752976190476,11.03722222222222,12.432232142857142,13.451220238095237,62.55583333333333,72.34712797619048,75.37063988095238,0.0,1.45,2.8600000000000003,136.54489583333333,108.92606594611529,95.35655975877194,39324.93,73148.35,128109.25,2.066354166666665,13.274166666666666,40.559375,63.076562499999994,3.88,212541.74
2324,2024-01-23,96,18.293645833333333,13.57,22.75,18.577604166666667,16.361250000000002,82.23156250000001,0.0,4.235833333333333,93.22572916666667,8949.67,15.061666666666667,8.293645833333333,2024-01-23,11.875763888888889,10.462544642857143,12.062090773809524,12.589374999999999,12.273392857142856,13.435215773809523,73.98114583333334,70.53050595238095,74.94835565476191,0.0,0.0,1.53,114.10902777777778,117.54267308897242,100.04438713972432,32863.4,78938.71,134409.69,10.359999999999998,14.51927083333333,40.69010416666667,71.37020833333332,3.88,221491.41
2324,2024-01-24,96,21.3409375,16.37,26.23,21.650104166666665,19.3096875,83.405,0.0,4.056666666666667,112.18145833333334,10769.42,18.245625,11.340937499999999,2024-01-24,17.23364583333333,12.689047619047617,12.81125,15.839999999999998,13.400967261904762,13.876547619047619,82.19868055555555,73.20138392857143,75.89524553571428,0.0,0.0,1.53,99.4317361111111,111.57633380325812,97.82568178258146,28636.34,74929.33,131427.75,21.700937499999995,25.86020833333333,51.178333333333335,82.71114583333332,3.88,232260.83000000002
2324,2024-01-25,96,21.775729166666665,15.27,28.32,21.969895833333336,20.7571875,84.55,0.0,3.8504166666666664,113.10895833333335,10858.460000000001,18.797604166666666,11.775729166666665,2024-01-25,20.470104166666662,14.40019345238095,13.602299107142857,18.809375,14.812395833333335,14.456383928571428,83.39552083333334,73.63598214285715,75.97842261904762,0.0,0.0,1.53,106.17204861111112,120.59671130952381,97.2512695802005,30577.550000000003,81040.99,130655.74,31.410312499999996,37.6359375,62.25302083333333,94.48687499999998,3.88,243119.29
2324,2024-01-26,96,22.180625000000003,17.57,27.68,22.4959375,21.865520833333335,85.90864583333332,0.09000000000000001,3.89625,112.78416666666668,10827.28,19.529166666666665,12.180625000000003,2024-01-26,21.765763888888888,15.546101190476191,13.881941964285714,20.644131944444442,15.915044642857143,14.864724702380952,84.62121527777776,74.82324404761904,75.67725446428572,0.09000000000000001,0.09000000000000001,1.55,112.69152777777781,120.13357142857144,102.42700618734337,32455.160000000003,80729.76000000001,137611.93,35.297291666666666,45.657291666666666,66.16802083333333,106.66749999999999,3.9699999999999998,253946.57
2324,2024-01-27,96,22.05270833333333,17.41,28.1,22.3203125,21.644166666666667,83.3678125,0.09999999999999999,6.684375,127.855,12274.08,18.831041666666668,12.052708333333332,2024-01-27,22.003020833333334,17.568184523809524,14.394337797619047,21.422291666666666,17.334955357142857,15.218191964285714,84.60881944444445,79.88212797619046,77.43142857142857,0.19,0.19,1.64,117.91604166666667,115.46523809523809,105.43385142543859,33959.82,77592.64,141653.13,36.0090625,57.709999999999994,73.3415625,118.72020833333332,4.069999999999999,266220.65
2324,2024-01-28,96,17.525312500000002,11.19,20.6,17.940208333333334,19.948541666666667,76.55447916666667,0.03,8.804166666666667,158.0521875,15173.01,13.039895833333333,7.525312500000002,2024-01-28,20.58621527777778,19.319330357142857,14.970386904761906,21.152743055555554,18.81934523809524,15.763534226190476,81.94364583333333,82.42528273809523,77.93782738095238,0.22,0.22,1.67,132.89711805555555,115.72793154761904,111.16670112781955,38274.37,77769.17000000001,149358.08000000002,31.75864583333334,65.23531249999999,80.866875,126.24552083333332,4.1,281393.66000000003
2324,2024-01-29,96,10.811979166666667,5.85,17.18,11.105104166666665,15.336145833333333,70.42479166666666,0.0,4.8309375,169.50604166666668,16272.58,5.323125,0.8119791666666671,2024-01-29,16.796666666666667,19.140133928571426,14.712403273809525,18.97628472222222,19.3175,15.87486607142857,76.78236111111111,80.92032738095237,76.63372767857143,0.13,0.22,1.67,151.8044097222222,126.6733630952381,117.7997145206767,43719.67,85124.5,158272.85,20.39,63.980937499999996,77.25510416666667,127.05749999999998,4.1,297666.24000000005
2324,2024-01-30,96,10.5378125,3.12,18.94,10.706666666666665,14.528229166666668,73.83979166666667,0.0,3.8611702127659573,173.69726315789475,16501.24,5.218229166666666,0.5378124999999994,2024-01-30,12.958368055555555,18.03215773809524,14.247351190476191,16.604305555555552,19.05563988095238,15.664516369047618,73.60635416666666,79.72150297619046,75.12600446428573,0.03,0.22,0.22,167.08516410818714,138.16929652255638,127.85598480576441,47946.83,92676.07,171614.78,8.875104166666668,56.22510416666667,70.744375,127.59531249999998,4.1,314167.48000000004
2324,2024-01-31,96,12.868645833333334,6.84,20.1,12.789583333333333,14.904375,64.95447916666667,0.0,4.9309375,172.86895833333335,16595.420000000002,5.408541666666667,2.868645833333334,2024-01-31,11.406145833333333,16.821830357142858,14.755438988095237,14.922916666666666,18.426309523809525,15.913638392857141,69.7396875,77.08571428571429,75.14354910714285,0.0,0.22,0.22,172.02408771929825,146.83893937969927,129.2076365914787,49369.240000000005,98502.06999999999,173431.4,4.2184375,47.752812500000005,73.61302083333334,130.46395833333332,4.1,330762.9
2324,2024-02-01,96,10.964166666666666,2.1,19.42,11.053854166666667,14.554791666666667,69.100625,0.0,2.4422916666666667,168.699375,16195.14,4.766770833333333,0.9641666666666655,2024-02-01,11.456874999999998,15.27732142857143,14.83875744047619,14.662465277777775,17.540252976190477,16.176324404761907,69.29829861111111,74.87866071428572,74.25732142857143,0.0,0.22,0.22,171.7551988304094,154.78042747493737,137.6885693922306,49291.8,103838.75,184879.74,4.370624999999999,36.941250000000004,74.5771875,131.428125,4.1,346958.04000000004
2324,2024-02-02,96,12.287916666666668,5.29,21.46,12.478229166666667,15.621770833333334,75.25375,0.0,3.359375,171.98739583333335,16510.79,7.310520833333334,2.2879166666666677,2024-02-02,12.040243055555555,13.86407738095238,14.705089285714285,15.026979166666663,16.64828869047619,16.281666666666666,69.76961805555555,73.35653273809524,74.08988839285713,0.0,0.13,0.22,171.18524305555556,163.238031641604,141.6858015350877,49301.350000000006,109522.26000000001,190252.02,6.120729166666667,27.048541666666665,72.70583333333333,133.71604166666665,4.1,363468.83
2324,2024-02-03,96,12.941875000000001,2.71,22.36,13.100729166666667,15.349375,75.33239583333334,0.0,4.0103125,163.78687499999998,15723.539999999999,7.639583333333333,2.9418750000000014,2024-02-03,12.064652777777779,12.562529761904765,15.065357142857142,15.175312499999999,15.749032738095238,16.54199404761905,73.22892361111111,72.20861607142857,76.04537202380952,0.0,0.03,0.22,168.15788194444443,168.37115664160402,141.91819736842106,48429.47,112971.72,190564.36000000002,6.193958333333335,17.937708333333337,75.64770833333333,136.65791666666667,4.1,379192.37
2324,2024-02-04,96,16.596666666666668,11.05,22.73,16.786875,16.790833333333335,84.01125,0.08,6.992604166666666,83.11604166666667,7979.14,13.749479166666667,6.596666666666668,2024-02-04,13.942152777777778,12.429866071428572,15.874598214285713,15.92065972222222,15.297931547619047,17.058638392857144,78.19913194444445,73.27386904761904,77.84957589285715,0.08,0.08,0.3,139.63010416666665,157.66599295112783,136.69696224937343,40213.47,105777.84999999999,183547.02,11.826458333333337,17.009062500000002,82.24437499999999,143.25458333333333,4.18,387171.51
2324,2024-02-05,96,12.266041666666666,7.96,17.45,12.48375,14.3903125,90.84072916666666,0.01,4.1180208333333335,58.22416666666667,5589.52,10.755416666666667,2.2660416666666663,2024-02-05,13.934861111111113,12.637589285714286,15.888861607142857,15.510173611111108,15.162812500000001,17.240156250000002,83.39479166666666,76.19043154761904,78.5553794642857,0.09,0.09,0.31,101.70902777777776,141.7685822368421,134.2209726660401,29292.2,95094.79000000001,180219.29,11.804583333333335,18.463125,82.4440625,145.520625,4.1899999999999995,392761.03
2324,2024-02-06,96,13.478645833333333,9.5,18.78,13.831145833333332,15.071458333333332,62.14927083333333,0.0,8.390520833333333,182.83562500000002,17552.22,5.745729166666667,3.478645833333333,2024-02-06,14.113784722222222,13.057708333333334,15.544933035714285,15.41753472222222,15.240416666666667,17.148028273809523,79.00041666666665,74.52035714285715,77.12093005952381,0.09,0.09,0.31,108.05861111111112,143.0740625,140.6216795112782,31120.880000000005,96145.77,188821.84000000003,12.341354166666667,21.403958333333335,77.6290625,148.99927083333333,4.1899999999999995,410313.25
2324,2024-02-07,96,11.280729166666667,6.99,17.05,11.5696875,14.239895833333334,65.04802083333333,0.0,5.543333333333333,185.40895833333332,17799.26,4.633020833333333,1.2807291666666671,2024-02-07,12.341805555555554,12.830863095238096,14.826346726190478,14.56722222222222,15.145491071428571,16.785900297619047,72.67934027777777,74.53372023809524,75.80971726190477,0.01,0.09,0.31,142.15625,144.86549107142858,145.85221522556392,40941.0,97349.61,195851.68,7.025416666666667,19.81604166666667,67.56885416666667,150.28,4.1899999999999995,428112.51
2324,2024-02-08,96,13.981979166666667,6.63,22.46,14.174270833333333,15.421875,76.49760416666668,0.0,3.4842708333333334,176.83635416666667,16976.29,9.449166666666667,3.981979166666667,2024-02-08,12.913784722222223,13.261979166666666,14.269650297619048,14.911076388888887,15.26936011904762,16.40480654761905,67.89829861111112,75.59043154761905,75.23454613095238,0.0,0.09,0.31,181.69364583333333,146.02791666666667,150.404172070802,52327.770000000004,98130.76000000001,201969.51,8.741354166666667,22.833854166666672,59.77510416666667,154.26197916666666,4.1899999999999995,445088.8
2324,2024-02-09,96,15.099583333333333,7.92,24.67,15.292604166666665,17.001770833333335,82.07083333333334,0.0,2.2946874999999998,137.44115789473685,13056.91,11.533854166666666,5.099583333333333,2024-02-09,13.454097222222224,13.663645833333334,13.763861607142857,15.554513888888886,15.466502976190478,16.057395833333334,74.53881944444446,76.56430059523811,74.96041666666667,0.0,0.09,0.21999999999999997,166.5621567982456,141.09273981829574,152.16538572994986,47832.46,94676.88,204199.14,10.362291666666668,25.645520833333336,52.69406250000001,159.3615625,4.1899999999999995,458145.70999999996
2324,2024-02-10,96,16.9834375,9.9,25.66,17.1053125,18.209479166666664,77.9809375,0.0,3.326041666666667,149.7940625,14380.23,12.442291666666668,6.983437500000001,2024-02-10,15.355000000000002,14.241011904761905,13.401770833333334,16.87770833333333,15.875089285714285,15.812061011904762,78.84979166666666,76.94266369047618,74.57563988095238,0.0,0.09,0.12,154.69052485380118,139.09376660401003,153.73246162280702,44413.43000000001,93333.57,206305.29,16.065,29.687083333333334,47.624791666666674,166.345,4.1899999999999995,472525.93999999994
2324,2024-02-11,96,21.048645833333335,14.98,28.81,21.316875,20.453125,74.505,0.0,6.387291666666666,147.49927083333333,14159.93,15.792083333333332,11.048645833333335,2024-02-11,17.71055555555556,14.877008928571428,13.653437499999999,18.554791666666663,16.398273809523808,15.848102678571427,78.18559027777778,75.58462797619048,74.42924851190477,0.0,0.01,0.09,144.91149707602338,148.29137077067668,152.97868186090227,41597.07000000001,99514.36,205292.21000000002,23.131666666666668,34.1390625,51.148125,177.39364583333332,4.1899999999999995,486685.86999999994
2324,2024-02-12,96,21.348958333333332,16.61,28.06,21.668645833333333,20.826666666666664,81.93052083333333,0.43000000000000005,11.8228125,100.05802083333333,9605.57,17.838125,11.348958333333332,2024-02-12,19.793680555555557,16.174568452380953,14.406078869047619,19.82975694444444,17.317752976190476,16.24028273809524,78.13881944444444,74.31174107142856,75.2510863095238,0.43000000000000005,0.43000000000000005,0.52,132.45045138888887,154.26763565162906,148.0181089442356,38145.73,103530.41,198625.2,29.38104166666667,43.22197916666667,61.68510416666667,188.74260416666667,4.619999999999999,496291.43999999994
2324,2024-02-13,96,14.7740625,7.31,18.6,15.086666666666666,17.811770833333334,71.40114583333333,0.0,6.378020833333333,155.10177083333335,14889.77,9.432604166666666,4.774062499999999,2024-02-13,19.057222222222222,16.359627976190474,14.708668154761906,19.697187499999995,17.70922619047619,16.474821428571428,75.94555555555554,75.6334375,75.07689732142856,0.43000000000000005,0.43000000000000005,0.52,134.2196875,150.30565648496238,146.68985949248122,38655.270000000004,100867.95999999999,197013.73,27.171666666666667,44.51739583333334,65.92135416666667,193.51666666666665,4.619999999999999,511181.20999999996
2324,2024-02-14,96,12.4684375,4.71,20.86,12.6084375,15.302604166666667,64.38270833333333,0.0,3.6687499999999997,203.5711458333333,19542.829999999998,4.608958333333333,2.4684375000000003,2024-02-14,16.197152777777777,16.529300595238094,14.680081845238096,17.98034722222222,17.861041666666665,16.50326636904762,72.57145833333333,75.53839285714285,75.03605654761905,0.43000000000000005,0.43000000000000005,0.52,152.9103125,152.9002546992481,148.88287288533834,44038.17,102611.53,199961.13999999998,18.591458333333335,45.70510416666667,65.52114583333334,195.98510416666664,4.619999999999999,530724.0399999999
2324,2024-02-15,96,14.798229166666667,7.95,22.75,14.920416666666666,16.1325,77.00385416666667,0.0,1.9551041666666666,104.79770833333333,10060.58,10.408020833333333,4.798229166666667,2024-02-15,14.013576388888888,16.64590773809524,14.953943452380953,16.415625,17.962559523809524,16.61595982142857,70.92923611111111,75.61071428571428,75.60057291666666,0.0,0.43000000000000005,0.52,154.49020833333333,142.6090195802005,144.31846812343358,44493.18,95695.81999999999,193826.58000000002,12.040729166666667,46.52135416666667,69.35520833333334,200.7833333333333,4.619999999999999,540784.6199999999
2324,2024-02-16,96,15.611979166666666,9.35,23.06,15.866354166666667,17.141354166666666,80.36864583333333,0.0,3.5047916666666663,110.29072916666667,10587.91,11.916458333333333,5.611979166666666,2024-02-16,14.292881944444446,16.719107142857144,15.191376488095239,16.192152777777775,17.982499999999998,16.72450148809524,73.91840277777779,75.36754464285715,75.96592261904762,0.0,0.43000000000000005,0.52,139.55319444444444,138.7303869047619,139.91156336152883,40191.32,93226.82,187903.7,12.878645833333334,47.03375,72.67927083333335,206.39531249999996,4.619999999999999,551372.5299999999
2324,2024-02-17,96,14.405416666666667,11.78,16.64,14.712083333333332,16.571041666666666,91.11979166666667,0.71,1.6621875,29.713437499999998,2852.49,12.963958333333332,4.405416666666667,2024-02-17,14.938541666666666,16.350818452380953,15.295915178571429,16.614965277777774,17.7484375,16.81176339285714,82.8307638888889,77.2445238095238,77.09359375,0.71,1.1400000000000001,1.23,81.600625,121.5760119047619,130.33488925438596,23500.980000000003,81699.07999999999,175032.65,14.815625,44.455729166666664,74.1428125,210.80072916666663,5.329999999999999,554225.0199999999
2324,2024-02-18,96,11.279895833333333,9.08,14.52,11.591770833333333,14.201041666666667,96.90208333333334,1.16,4.761354166666667,20.522604166666667,1970.17,10.805729166666666,1.2798958333333328,2024-02-18,13.76576388888889,14.955282738095239,14.916145833333333,15.971145833333331,16.855282738095237,16.626778273809524,89.46350694444446,80.44410714285713,78.01436755952382,1.8699999999999999,2.3,2.3099999999999996,53.50892361111111,103.4364880952381,125.8639294329574,15410.570000000003,69509.32,169023.68000000002,11.297291666666666,34.68697916666667,68.82604166666667,212.08062499999997,6.489999999999999,556195.19
2324,2024-02-19,96,11.315104166666666,5.2,18.36,11.632395833333334,14.218229166666667,71.40854166666666,0.09,5.118125,204.87302083333336,19667.81,5.491458333333333,1.315104166666666,2024-02-19,12.333472222222222,13.521874999999998,14.848221726190475,14.996770833333331,15.911220238095238,16.614486607142858,86.47680555555557,78.94096726190476,76.62635416666667,1.96,1.9599999999999997,2.39,85.03635416666667,118.41005952380952,136.3388475877193,24490.470000000005,79571.56,183101.97,7.000416666666666,24.653124999999996,67.87510416666667,213.39572916666663,6.579999999999999,575863.0
2324,2024-02-20,96,10.565729166666666,1.1,21.25,10.805833333333332,13.518125,64.6725,0.0,2.3884374999999998,210.61,20218.56,2.3240624999999997,0.5657291666666655,2024-02-20,11.053576388888887,12.920684523809525,14.64015625,13.979131944444442,15.29784226190476,16.503534226190474,77.66104166666666,77.97973214285715,76.80658482142857,1.25,1.96,2.39,145.33520833333333,126.33980654761906,138.32273151629073,41856.54000000001,84900.35,185768.31,3.1607291666666644,20.444791666666664,64.9621875,213.9614583333333,6.579999999999999,596081.56
2324,2024-02-21,96,10.680104166666666,2.5,20.0,10.7440625,13.963229166666666,62.529270833333335,0.0,3.4159375,208.65697916666667,20031.07,2.0304166666666665,0.6801041666666663,2024-02-21,10.853645833333331,12.665208333333334,14.597254464285713,13.899861111111107,15.106502976190479,16.48377232142857,66.20343749999999,77.71495535714287,76.62667410714286,0.09,1.96,2.39,208.0466666666667,127.06635416666667,139.9833044329574,59917.44,85388.59,188000.12000000002,2.560937499999998,18.656458333333333,64.3615625,214.64156249999996,6.579999999999999,616112.63
2324,2024-02-22,96,11.8728125,1.33,23.77,11.957500000000001,14.670729166666668,58.18385416666666,0.03,3.5340624999999997,210.84802083333332,20241.41,1.6110416666666667,1.8728125000000002,2024-02-22,11.03954861111111,12.247291666666666,14.446599702380952,14.05069444444444,14.897678571428571,16.430119047619048,61.795208333333335,75.02638392857143,75.31854910714286,0.03,1.9899999999999998,2.42,210.03833333333333,142.2163988095238,142.41270919486215,60491.04000000001,95569.42,191265.24,3.118645833333332,15.731041666666664,62.25239583333333,216.51437499999997,6.609999999999999,636354.04
2324,2024-02-23,96,15.863124999999998,6.55,22.48,16.002083333333335,15.530416666666667,84.08302083333334,0.16,11.789270833333333,103.38875,9925.32,13.063020833333333,5.863124999999998,2024-02-23,12.805347222222222,12.283169642857143,14.501138392857143,14.72145833333333,14.667544642857141,16.32502232142857,68.26538194444446,75.55700892857143,75.46227678571428,0.19,2.15,2.58,174.29791666666665,141.2304017857143,139.9803943452381,50197.8,94906.83000000002,188133.65,8.416041666666665,15.982187499999997,63.01593749999999,222.37749999999997,6.77,646279.36
2324,2024-02-24,96,15.921666666666667,11.19,21.94,16.134270833333336,16.25375,60.260729166666664,0.0,6.9624999999999995,216.0,20736.0,6.8308333333333335,5.921666666666667,2024-02-24,14.552534722222221,12.499776785714285,14.425297619047617,15.484965277777777,14.622217261904764,16.18532738095238,67.50920138888888,71.14857142857143,74.19654761904762,0.19,1.44,2.58,176.74559027777778,167.84276785714286,144.7093898809524,50902.73,112790.34,194489.41999999998,13.657604166666665,17.498437499999994,61.954166666666666,228.29916666666662,6.77,667015.36
2324,2024-02-25,96,14.624479166666667,6.79,21.56,14.729999999999999,16.083541666666665,58.67760416666667,0.0,3.420833333333333,216.64927083333336,20798.33,5.320729166666667,4.624479166666667,2024-02-25,15.469756944444443,12.977574404761905,13.96642857142857,15.955902777777775,14.891145833333335,15.873214285714285,67.67378472222224,65.68793154761904,73.0660193452381,0.16,0.2799999999999998,2.58,178.67934027777778,195.8608630952381,149.6486755952381,51459.65000000001,131618.5,201127.82,16.40927083333333,20.843020833333327,55.53,232.9236458333333,6.77,687813.69
2324,2024-02-26,96,13.466875,2.83,24.15,13.5471875,16.276458333333334,65.52645833333334,0.0,3.3534375,219.5091666666667,21072.88,5.0075,3.466875,2024-02-26,14.671006944444445,13.284970238095239,13.40342261904762,16.204583333333332,15.185178571428574,15.548199404761904,61.488263888888895,64.84763392857143,71.8943005952381,0.0,0.18999999999999978,2.15,217.38614583333333,197.9517410714286,158.18090029761905,62607.21000000001,133023.57,212595.13,14.013020833333334,22.994791666666664,47.64791666666666,236.39052083333328,6.77,708886.57
2324,2024-02-27,96,15.918020833333335,5.97,25.95,16.0459375,17.839791666666667,71.44239583333334,0.0,4.804895833333333,211.05989583333334,20261.75,9.81375,5.918020833333335,2024-02-27,14.669791666666669,14.049583333333333,13.485133928571427,16.733263888888885,15.802559523809524,15.550200892857143,65.21548611111112,65.81476190476191,71.89724702380953,0.0,0.18999999999999978,2.15,215.73944444444444,198.0160119047619,162.17790922619048,62132.96000000001,133066.76,217967.11000000002,14.009375000000002,28.347083333333337,48.791875,242.30854166666663,6.77,729148.32
2324,2024-02-28,96,19.7190625,12.04,27.41,19.989895833333332,19.84208333333333,75.8628125,0.0,8.770104166666666,195.84635416666666,18801.25,14.978229166666667,9.7190625,2024-02-28,16.36798611111111,15.340863095238095,14.003035714285714,17.98611111111111,16.64239583333333,15.874449404761904,70.9438888888889,67.71955357142858,72.71725446428572,0.0,0.18999999999999978,2.15,208.8051388888889,196.18592261904763,161.62613839285714,60135.880000000005,131836.94,217225.53000000003,19.103958333333335,37.38604166666667,56.0425,252.02760416666663,6.77,747949.57
2324,2024-02-29,96,17.5321875,14.47,22.51,17.900729166666668,20.343125,78.33708333333333,0.0,6.4684375,138.0596875,13253.73,13.482083333333334,7.532187499999999,2024-02-29,17.72309027777778,16.14934523809524,14.198318452380951,19.341666666666665,17.452738095238097,16.175208333333334,75.21409722222224,70.59858630952381,72.81248511904762,0.0,0.15999999999999978,2.15,181.6553125,185.7875892857143,164.00199404761906,52316.729999999996,124849.26000000001,220418.68,23.169270833333336,43.04541666666667,58.77645833333333,259.5597916666666,6.77,761203.2999999999
2324,2024-03-01,96,19.676041666666666,14.96,26.25,20.045624999999998,20.4340625,83.94739583333333,0.02,4.008125,112.710625,10820.22,16.736875,9.676041666666666,2024-03-01,18.97576388888889,16.69404761904762,14.488608630952381,20.206423611111106,18.15325892857143,16.410401785714285,79.38243055555556,70.57921130952381,73.06811011904762,0.02,0.01999999999999978,2.17,148.8722222222222,187.11928571428572,164.17484375,42875.200000000004,125744.15999999999,220650.99,26.92729166666666,46.858333333333334,62.84052083333333,269.2358333333333,6.789999999999999,772023.5199999999
2324,2024-03-02,96,20.626145833333332,17.52,24.77,20.9875,20.972708333333333,88.39510416666667,0.88,2.9255208333333336,78.14552083333334,7501.97,18.564270833333335,10.626145833333332,2024-03-02,19.278125,17.36611607142857,14.932946428571428,20.583298611111108,18.827395833333334,16.724806547619046,83.55986111111112,74.59840773809525,72.87348958333334,0.9,0.8999999999999998,2.34,109.63861111111112,167.4257886904762,167.63427827380954,31575.920000000002,112510.13,225300.47,27.834374999999994,51.5628125,69.06125,279.86197916666663,7.669999999999999,779525.4899999999
2324,2024-03-03,96,20.235833333333336,16.6,26.7,20.66604166666667,21.661145833333332,88.17395833333335,0.16,3.3172916666666663,154.84166666666667,14864.8,18.100833333333334,10.235833333333336,2024-03-03,20.17934027777778,18.167738095238096,15.57265625,21.02263888888889,19.624196428571427,17.25767113095238,86.83881944444447,78.81217261904762,72.25005208333333,1.06,1.0599999999999998,1.34,115.23260416666666,158.59613095238095,177.22849702380952,33186.990000000005,106576.59999999999,238195.09999999998,30.538020833333334,57.17416666666667,78.01718749999999,290.0978125,7.829999999999999,794390.2899999999
2324,2024-03-04,96,19.514479166666668,16.29,25.37,19.9759375,21.315,85.07197916666667,0.0,5.036979166666667,165.97593750000001,15933.69,16.714895833333333,9.514479166666668,2024-03-04,20.125486111111112,19.031681547619048,16.158325892857142,21.31628472222222,20.343988095238096,17.764583333333334,87.21368055555557,81.60438988095238,73.2260119047619,1.04,1.0599999999999998,1.25,132.98770833333333,150.94852678571428,174.45013392857143,38300.46,101437.41,234460.97999999998,30.37645833333334,63.22177083333334,86.21656250000001,299.61229166666664,7.829999999999999,810323.9799999999
2324,2024-03-05,96,20.420312499999998,17.52,24.29,20.833645833333332,21.352708333333336,85.94,0.18000000000000002,4.318958333333334,83.87010416666666,8051.53,17.863020833333334,10.420312499999998,2024-03-05,20.056875,19.67486607142857,16.862224702380953,21.442951388888886,20.845833333333335,18.32419642857143,86.3953125,83.67547619047619,74.74511904761904,0.34,1.2399999999999998,1.43,134.8959027777778,132.77855654761905,165.3972842261905,38850.020000000004,89227.19,222293.94999999998,30.170625,67.7240625,96.07114583333333,310.03260416666666,8.01,818375.5099999999
2324,2024-03-06,96,21.564999999999998,18.79,25.57,21.965833333333332,21.575208333333332,82.96614583333333,0.09,10.0115625,149.05385416666667,14309.17,18.399270833333333,11.564999999999998,2024-03-06,20.499930555555554,19.93857142857143,17.63971726190476,21.414305555555554,21.09342261904762,18.867909226190477,84.659375,84.69023809523809,76.20489583333334,0.27,1.3299999999999998,1.52,132.96663194444446,126.09391369047619,161.13991815476192,38294.39,84735.11,216572.05,31.49979166666666,69.57,106.95604166666666,321.59760416666666,8.1,832684.6799999999
2324,2024-03-07,96,20.743125,15.23,27.2,21.1828125,22.451666666666668,75.56072916666666,0.0,3.125,218.016875,20929.62,15.694062500000001,10.743125,2024-03-07,20.909479166666667,20.397276785714286,18.27331101190476,21.793194444444442,21.394642857142856,19.423690476190476,81.48895833333334,84.29361607142856,77.44610119047618,0.27,1.3299999999999998,1.4900000000000002,150.3136111111111,137.51636904761907,161.65197916666668,43290.32,92411.0,217260.26,32.72843749999999,72.7809375,115.82635416666666,332.3407291666667,8.1,853614.2999999999
2324,2024-03-08,96,22.088333333333335,15.72,28.87,22.521041666666665,23.265312499999997,79.38458333333334,0.0,4.12,173.0528125,16613.07,17.900000000000002,12.088333333333335,2024-03-08,21.465486111111108,20.74188988095238,18.71796875,22.430729166666662,21.799107142857142,19.976183035714286,79.30381944444444,83.6417857142857,77.11049851190477,0.09,1.3099999999999998,1.33,180.04118055555554,146.13668154761905,166.6279836309524,51851.86,98203.85,223948.01,34.396458333333335,75.19322916666667,122.0515625,344.4290625,8.1,870227.3699999999
2324,2024-03-09,96,24.544270833333332,20.98,29.79,24.974062500000002,24.727604166666666,82.55833333333334,0.14,10.816145833333332,148.98416666666665,14302.48,21.1865625,14.544270833333332,2024-03-09,22.45857638888889,21.301622023809525,19.33386904761905,23.481527777777774,22.335520833333334,20.58145833333333,79.16788194444445,82.8079613095238,78.70318452380953,0.14,0.5699999999999998,1.47,180.01795138888892,156.2564880952381,161.84113839285715,51845.17,105004.36,217514.49,37.375729166666666,79.11135416666666,130.67416666666668,358.9733333333333,8.24,884529.8499999999
2324,2024-03-10,93,18.98,13.58,22.66,19.413440860215054,22.4841935483871,69.04612903225807,0.0,6.408709677419354,207.61032258064515,19307.76,12.728494623655914,8.98,2024-03-10,21.870868055555558,21.12221726190476,19.64497767857143,23.492370071684586,22.453099078341015,21.03864775345622,76.99634856630826,80.07541426651305,79.44379344278035,0.14,0.4099999999999998,1.47,176.54910058243726,163.79486751152075,161.19549923195086,50223.31,109447.31999999999,216023.91999999998,35.61260416666667,77.85552083333333,135.0296875,367.9533333333333,8.24,903837.6099999999
2324,2024-03-11,95,14.998315789473683,9.8,21.5,15.287368421052632,19.48357894736842,52.32463157894737,0.0,4.705368421052632,236.386,22456.67,4.7825263157894735,4.998315789473683,2024-03-11,19.507528874269003,20.477051065162904,19.754366306390978,22.231792220807392,22.191467499393646,21.26772779731587,67.9763646481796,75.39722175398174,78.50080581746705,0.14,0.4099999999999998,1.47,197.6601630824373,173.85344786866358,162.40098732718894,56066.91,115970.29999999999,217407.71,28.52258662280701,73.33935745614035,136.5611282894737,372.951649122807,8.24,926294.2799999999
2324,2024-03-12,96,15.912083333333333,6.47,25.96,16.172291666666666,20.4665625,69.51958333333333,0.0,2.599479166666667,239.09177083333336,22952.81,9.291979166666666,5.912083333333333,2024-03-12,16.63013304093567,19.833018327067666,19.75394219924812,20.811444998585173,22.064875237488884,21.455354285411108,63.630114648179585,73.05144794445792,78.36346206746705,0.0,0.2299999999999998,1.47,227.69603113799283,196.0279716781874,164.4032641129032,64717.240000000005,130871.57999999999,220098.77,19.89039912280702,68.83112828947368,136.55519078947367,378.8637324561403,8.24,949247.09
2324,2024-03-13,96,17.5959375,11.13,25.48,17.890833333333333,21.491666666666664,78.98645833333333,0.0,3.158125,170.48291666666668,16366.36,13.553020833333333,7.595937500000002,2024-03-13,16.168778874269005,19.26600939849624,19.602290413533833,20.480602704678358,22.05294071367936,21.57318166636349,66.94355774853801,72.48292115874362,78.58657962699087,0.0,0.1399999999999998,1.47,215.32022916666665,199.08926632104456,162.59159000576037,61775.840000000004,132928.77,217663.87999999998,18.50633662280702,64.86206578947369,134.43206578947368,386.4596699561403,8.24,965613.45
2324,2024-03-14,96,18.839791666666667,10.1,28.71,19.1959375,22.2565625,66.24916666666667,0.0,2.0944791666666664,245.311875,23549.94,10.445416666666667,8.839791666666667,2024-03-14,17.449270833333333,18.99410463659148,19.69569071115288,21.404930555555552,22.025068689869837,21.709855773506344,71.58506944444444,71.15269794445793,77.72315700794324,0.0,0.1399999999999998,1.47,218.29552083333337,202.98855203533026,170.25246054147465,62869.11,135549.09,227960.09,22.347812500000003,62.95873245614035,135.73966995614035,395.299461622807,8.24,989163.3899999999
2324,2024-03-15,96,20.844166666666666,12.32,29.97,21.138020833333332,23.58791666666667,73.6215625,0.0,4.8341666666666665,213.0753125,20455.23,15.444375,10.844166666666666,2024-03-15,19.093298611111113,18.816366541353382,19.779128211152884,22.445381944444446,22.071154999393645,21.935131071125394,72.95239583333334,70.32940925398172,76.98559748413372,0.0,0.1399999999999998,1.45,209.62336805555552,208.70605203533026,177.42136679147464,60371.530000000006,139391.25,237595.1,27.279895833333335,61.71456578947368,136.90779495614035,406.14362828947367,8.24,1009618.6199999999
2324,2024-03-16,96,22.686562499999997,16.87,29.4,23.216875,25.115729166666668,79.9384375,0.0,6.31,197.46729166666668,18956.86,18.753020833333334,12.686562499999997,2024-03-16,20.79017361111111,18.550979636591478,19.9263008302005,23.653402777777774,22.126601427965078,22.231061130649206,73.26972222222223,69.9551384206484,76.3815498650861,0.0,0.0,0.5700000000000001,218.61815972222223,215.63221274961597,185.94435042242705,62962.03,144045.63,249049.99,32.37052083333333,59.85685745614035,138.96821162280702,418.83019078947365,8.24,1028575.4799999999
2324,2024-03-17,96,23.609687500000003,19.3,29.86,24.1375,26.3253125,75.68020833333334,0.0,7.001979166666666,231.30166666666665,22204.96,18.609166666666667,13.609687500000003,2024-03-17,22.38013888888889,19.21236356516291,20.167290413533834,25.009652777777774,22.675332706766916,22.564215892553968,76.41340277777778,70.90286403508773,75.48913915080038,0.0,0.0,0.41000000000000003,213.94809027777777,219.0166904761905,191.4057789938556,61617.05,146942.83000000002,256390.15000000002,37.14041666666667,64.48654495614035,142.34206578947368,432.43987828947365,8.24,1050780.44
2324,2024-03-18,96,21.779375,18.37,24.53,22.243854166666665,24.856041666666666,84.00302083333334,0.07,6.000104166666667,118.3975,11366.16,18.884062500000002,11.779375000000002,2024-03-18,22.691875,20.18108630952381,20.32906868734336,25.432361111111106,23.442827380952384,22.817147440173017,79.8738888888889,75.42834821428572,75.41278498413372,0.07,0.06999999999999978,0.48,182.38881944444447,202.16119047619048,188.00731917242703,52527.98000000001,135852.32,251822.62,38.075625,71.26760416666667,144.606961622807,444.21925328947367,8.31,1062146.5999999999
2324,2024-03-19,96,13.142083333333334,7.97,18.38,13.626979166666667,20.950416666666666,42.555625,0.0,6.570208333333333,268.0778125,25735.47,0.11593749999999999,3.142083333333334,2024-03-19,19.510381944444447,19.785372023809522,19.809195175438592,24.043923611111108,23.511949404761904,22.788412321125396,67.41295138888889,71.57635416666668,72.3139010555623,0.07,0.06999999999999978,0.30000000000000004,205.9256597222222,206.3020535714286,201.16501262480799,59306.59000000001,138634.98,269506.56,28.53114583333334,68.49760416666668,137.32873245614036,447.361336622807,8.31,1087882.0699999998
2324,2024-03-20,96,12.665625,2.87,23.1,12.967604166666668,19.71739583333333,61.02135416666667,0.0,3.0201041666666666,259.12895833333334,24876.38,3.4570833333333333,2.6656250000000004,2024-03-20,15.862361111111111,19.081041666666668,19.173525532581454,21.841284722222216,23.258482142857144,22.65571142826825,62.52666666666667,69.00991071428571,70.74641593651468,0.07,0.06999999999999978,0.21000000000000002,215.2014236111111,218.9657738095238,209.02752006528416,61978.01,147145.0,280073.77,17.587083333333336,63.56729166666668,128.42935745614034,450.026961622807,8.31,1112758.4499999997
2324,2024-03-21,96,16.181145833333332,5.1,26.79,16.501875000000002,20.751145833333332,63.79020833333333,0.0,3.0989583333333335,245.68895833333332,23586.14,7.8825,6.181145833333332,2024-03-21,13.996284722222223,18.70123511904762,18.847669877819552,20.47298611111111,23.043422619047618,22.534245654458726,55.7890625,68.65863095238095,69.90566444841944,0.0,0.06999999999999978,0.21000000000000002,257.6319097222222,219.01964285714286,211.00409744623656,74197.99,147181.2,282730.29,11.988854166666666,60.90864583333334,123.86737828947369,456.20810745614034,8.31,1136344.5899999996
2324,2024-03-22,96,19.195208333333333,17.36,22.79,19.53708333333333,20.848020833333333,87.58083333333333,0.97,6.0103125,66.68249999999999,6401.5199999999995,17.028541666666666,9.195208333333333,2024-03-22,16.013993055555556,18.465669642857144,18.641018092105266,20.438854166666662,22.65200892857143,22.361581963982538,70.79746527777779,70.6528125,70.49111087699087,0.97,1.0399999999999998,1.18,190.50013888888887,198.1063839285714,203.40621798195085,54864.04,133127.49,272518.74,18.041979166666664,59.2596875,120.97425328947368,465.40331578947365,9.280000000000001,1142746.1099999996
2324,2024-03-23,96,19.668645833333333,15.01,26.16,20.14645833333333,21.408958333333334,82.71625,0.16,5.3289583333333335,195.76770833333333,18793.7,16.2003125,9.668645833333333,2024-03-23,18.348333333333333,18.03453869047619,18.292759163533837,21.00270833333333,22.122470238095236,22.12453583303016,78.02909722222222,71.04964285714286,70.50239063889562,1.13,1.1999999999999997,1.2,169.37972222222223,197.86358630952378,206.74789952956988,48781.36,132964.33000000002,277009.96,25.044999999999998,56.24177083333334,116.0986282894737,475.071961622807,9.440000000000001,1161539.8099999996
2324,2024-03-24,96,16.748124999999998,13.58,20.13,17.1403125,19.136354166666667,79.58739583333333,0.0,8.064895833333333,133.30114583333332,12796.91,13.124166666666667,6.748124999999998,2024-03-24,18.53732638888889,17.054315476190478,18.133339520676692,20.464444444444442,21.095476190476187,21.885404448621554,83.2948263888889,71.6078125,71.25533826754386,1.13,1.1999999999999997,1.1999999999999997,131.91711805555553,183.8635119047619,201.44010119047616,37992.130000000005,123556.28,270499.11,25.611979166666664,49.38020833333333,113.86675328947368,481.820086622807,9.440000000000001,1174336.7199999995
2324,2024-03-25,96,19.113020833333334,13.5,25.09,19.488020833333334,20.055729166666666,71.5525,0.0,6.959166666666667,219.78364583333334,21099.23,13.461875,9.113020833333334,2024-03-25,18.509930555555552,16.67340773809524,18.427247023809525,20.20034722222222,20.409717261904763,21.926272321428574,77.95204861111112,69.82916666666667,72.62875744047618,0.16,1.1299999999999997,1.1999999999999997,182.95083333333332,198.34724702380956,200.25421875,52689.840000000004,133289.35,269141.67,25.529791666666664,46.713854166666664,117.98145833333334,490.93310745614036,9.440000000000001,1195435.9499999995
2324,2024-03-26,96,21.996354166666666,13.27,28.75,22.370208333333334,22.846979166666667,69.42291666666667,0.0,5.1596874999999995,220.44145833333334,21162.38,15.788333333333334,11.996354166666666,2024-03-26,19.285833333333333,17.938303571428573,18.861837797619046,20.6796875,20.68065476190476,22.096302083333335,73.5209375,73.66735119047618,72.62185267857141,0.0,1.1299999999999997,1.1999999999999997,191.17541666666668,191.54205357142857,198.92205357142856,55058.520000000004,128716.26,267351.24,27.857499999999998,55.568124999999995,124.06572916666666,502.929461622807,9.440000000000001,1216598.3299999994
2324,2024-03-27,96,20.63416666666667,18.34,22.75,20.8634375,21.73572916666667,87.51458333333333,0.4,5.3730208333333325,27.89305263157895,2649.84,18.47875,10.634166666666669,2024-03-27,20.581180555555555,19.076666666666664,19.078854166666666,21.54614583333333,20.968988095238096,22.113735119047618,76.16333333333334,77.45209821428571,73.2310044642857,0.4,1.5299999999999998,1.5999999999999999,156.03938559941523,158.50835275689224,188.73706328320802,44911.450000000004,106489.72,253634.72,31.74354166666667,63.53666666666666,127.10395833333334,513.5636282894737,9.840000000000002,1219248.1699999995
2324,2024-03-28,96,20.080520833333335,14.82,25.81,20.488333333333333,21.2940625,73.74864583333333,0.48000000000000004,5.529895833333334,232.84083333333334,22352.72,14.365208333333333,10.080520833333335,2024-03-28,20.903680555555557,19.633720238095236,19.16747767857143,21.958923611111107,21.04654761904762,22.04498511904762,76.89538194444444,78.87473214285714,73.76668154761906,0.8800000000000001,2.01,2.08,160.39178143274853,156.6729063283208,187.84627459273182,46164.94,105256.29999999999,252437.5,32.711041666666674,67.43604166666667,128.3446875,523.6441491228071,10.320000000000002,1241600.8899999994
2324,2024-03-29,96,17.302083333333332,12.31,23.85,17.67125,20.231979166666665,53.73197916666667,0.0,3.739479166666667,281.7736458333333,27050.27,6.875416666666666,7.302083333333332,2024-03-29,19.338923611111113,19.363273809523808,18.914471726190477,21.08725694444444,20.958541666666665,21.80527529761905,71.66506944444444,74.03918154761905,72.34599702380953,0.8800000000000001,1.0399999999999998,2.08,180.83584393274853,187.40021287593987,192.75329840225564,52052.83,125905.05,259032.54,28.016770833333336,65.54291666666667,124.80260416666667,530.9462324561405,10.320000000000002,1268651.1599999995
2324,2024-03-30,96,17.008541666666666,7.92,26.89,17.278020833333333,20.750833333333333,69.74958333333333,0.0,4.190625,238.08114583333335,22855.79,10.381770833333333,7.008541666666666,2024-03-30,18.130381944444444,18.983258928571427,18.50889880952381,20.75895833333333,20.86452380952381,21.49349702380952,65.74340277777777,72.1868005952381,71.61822172619047,0.48000000000000004,0.8799999999999999,2.08,250.8985416666667,193.44498966165415,195.65428798558895,72258.78000000001,129967.14000000001,262931.47000000003,24.391145833333333,62.8828125,119.12458333333335,537.9547741228072,10.320000000000002,1291506.9499999995
2324,2024-03-31,96,18.008333333333333,10.8,26.2,18.3075,21.49427083333333,78.43989583333332,0.0,4.571666666666666,223.41302083333335,21447.65,13.690624999999999,8.008333333333333,2024-03-31,17.439652777777777,19.16328869047619,18.108802083333334,20.82569444444444,21.201369047619046,21.148422619047615,67.30715277777777,72.02287202380953,71.81534226190476,0.0,0.8799999999999999,2.08,247.75593750000004,206.31811466165414,195.09081328320804,71353.71,138617.88,262174.16,22.31895833333333,64.14302083333334,113.52322916666667,545.9631074561405,10.320000000000002,1312954.5999999994
2324,2024-04-01,96,20.50166666666667,13.89,27.85,20.816041666666667,23.265104166666664,75.13354166666666,0.0,4.948854166666666,242.09864583333334,23241.47,15.498541666666666,10.501666666666669,2024-04-01,18.506180555555556,19.361666666666668,18.017537202380954,21.836736111111108,21.659851190476193,21.034784226190474,74.44100694444444,72.5344494047619,71.18180803571428,0.0,0.8799999999999999,2.01,234.53093750000002,209.50597180451126,203.9266094141604,67544.91,140760.12,274049.47000000003,25.518541666666668,65.53166666666667,112.24552083333333,556.4647741228072,10.320000000000002,1336196.0699999994
2324,2024-04-02,96,22.253958333333333,16.44,29.11,22.666979166666668,24.552083333333332,77.53229166666667,0.0,6.525208333333333,211.10864583333333,20266.43,17.730729166666666,12.253958333333333,2024-04-02,20.25465277777778,19.398467261904763,18.668385416666666,23.10381944444444,21.9034375,21.29204613095238,77.03524305555555,73.69293154761905,73.68014136904762,0.0,0.8799999999999999,2.01,225.54010416666665,208.17271287593985,199.8573832236842,64955.55,139864.17,268580.43,30.763958333333335,65.78927083333335,121.35739583333334,568.7187324561405,10.320000000000002,1356462.4999999993
2324,2024-04-03,96,20.665,16.05,25.48,20.93875,22.422812500000003,88.62083333333334,1.03,10.068229166666667,34.3675,3299.28,18.708854166666665,10.665,2024-04-03,21.140208333333334,19.402872023809525,19.239769345238095,23.41333333333333,22.00159226190476,21.48529017857143,80.42888888888889,73.85096726190476,75.65153273809524,1.03,1.5099999999999998,3.04,162.52493055555553,209.09763392857144,183.8029933427318,46807.18000000001,140513.61000000002,247003.33000000002,33.420625,65.82010416666667,129.35677083333334,579.3837324561405,11.350000000000001,1359761.7799999993
2324,2024-04-04,96,16.71708333333333,11.85,22.72,16.994062500000002,19.686875,61.47208333333333,0.0,7.843125000000001,288.21208333333334,27668.36,7.865312500000001,6.717083333333331,2024-04-04,19.878680555555558,18.92238095238095,19.278050595238096,22.220590277777777,21.771994047619046,21.40927083333333,75.87506944444443,72.09717261904761,75.48595238095238,1.03,1.03,3.04,177.89607638888887,217.0078125,186.84035941416036,51234.07000000001,145829.25,251085.55,29.636041666666664,62.45666666666666,129.89270833333333,586.1008157894738,11.350000000000001,1387430.1399999994
2324,2024-04-05,96,16.983854166666667,8.57,24.84,17.180208333333333,20.022291666666668,62.322187500000005,0.0,6.670416666666667,288.94389473684214,27449.670000000002,8.330416666666666,6.983854166666667,2024-04-05,18.121979166666666,18.876919642857143,19.120096726190475,20.71065972222222,21.74203869047619,21.350290178571424,70.80503472222223,73.32434523809523,73.68176339285715,1.03,1.03,2.0700000000000003,203.84115935672517,218.03213377192984,202.7161733239348,58417.310000000005,146228.65000000002,272133.7,24.365937499999998,62.138437499999995,127.68135416666667,593.0846699561405,11.350000000000001,1414879.8099999994
2324,2024-04-06,96,16.920625,12.42,22.82,17.344791666666666,21.53052083333333,62.261875,0.0,3.9761458333333333,291.2190625,27957.03,8.7534375,6.920625000000001,2024-04-06,16.873854166666664,18.86436011904762,18.923809523809524,20.413229166666664,21.853422619047617,21.358973214285715,62.01871527777778,72.25467261904761,72.22073660714285,0.0,1.03,1.9100000000000001,289.45834685672514,225.62326472431076,209.53412719298245,83075.06,151329.89,281297.03,20.6215625,62.05052083333334,124.93333333333332,600.0052949561405,11.350000000000001,1442836.8399999994
2324,2024-04-07,96,16.2840625,7.38,24.62,16.75875,21.9325,67.10385416666666,0.0,3.4955208333333334,284.004,26980.38,9.124166666666666,6.284062500000001,2024-04-07,16.72951388888889,18.618035714285718,18.890662202380952,21.161770833333332,21.916026785714283,21.558697916666667,63.89597222222222,70.6352380952381,71.32905505952381,0.0,1.03,1.9100000000000001,288.0556524122807,234.27911889097746,220.2986167763158,82387.08,156862.62,295480.5,20.18854166666667,60.32625,124.46927083333334,606.2893574561405,11.350000000000001,1469817.2199999993
2324,2024-04-08,96,18.132916666666667,9.9,25.49,18.467708333333334,22.35927083333333,72.34104166666667,0.0,3.8720833333333338,226.48104166666667,21742.18,12.511875000000002,8.132916666666667,2024-04-08,17.112534722222225,18.279642857142857,18.820654761904763,21.940763888888885,21.78662202380952,21.723236607142855,67.23559027777777,70.23630952380952,71.38537946428572,0.0,1.03,1.9100000000000001,267.2347013888889,232.04803258145367,220.77700219298245,76679.59000000001,155363.33000000002,296123.45,21.33760416666667,57.9575,123.48916666666668,614.4222741228072,11.350000000000001,1491559.3999999992
2324,2024-04-09,96,20.643229166666668,12.36,27.79,21.082083333333333,23.647916666666664,71.08979166666667,0.0,4.5646875,227.41760416666668,21832.09,14.714166666666666,10.643229166666668,2024-04-09,18.353402777777777,18.04953869047619,18.72400297619048,22.646562499999998,21.657455357142858,21.780446428571427,70.17822916666667,69.31595238095238,71.50444196428572,0.0,1.03,1.9100000000000001,245.96754861111114,234.37788377192985,221.27529832393483,70554.65000000001,156928.99000000002,296793.16,25.060208333333335,56.34677083333334,122.13604166666667,625.0655032894738,11.350000000000001,1513391.4899999993
2324,2024-04-10,96,22.920729166666664,16.02,29.05,23.393541666666668,24.996354166666666,69.46416666666667,0.0,6.483020833333334,229.25583333333336,22008.56,16.5728125,12.920729166666664,2024-04-10,20.565625,18.371785714285714,18.887328869047618,23.667847222222218,22.025104166666665,22.013348214285713,70.965,66.57928571428572,70.21512648809524,0.0,0.0,1.51,227.71815972222225,262.2190742481203,235.65835408834587,65582.83,175638.27000000002,316151.88,31.696875,58.6025,124.42260416666667,637.9862324561404,11.350000000000001,1535400.0499999993
2324,2024-04-11,96,23.183541666666667,18.87,26.12,23.560625,24.0346875,74.515625,0.55,14.910625000000001,142.24635416666666,13655.65,18.286354166666666,13.183541666666667,2024-04-11,22.249166666666667,19.29556547619048,19.108973214285715,24.226319444444442,22.646220238095236,22.209107142857142,71.68986111111111,68.44264880952382,70.26991071428571,0.55,0.55,1.58,199.63993055555557,241.36682722431078,229.18731986215542,57496.3,161625.56,307454.81,36.7475,65.06895833333334,127.52562499999999,651.1697741228071,11.900000000000002,1549055.6999999993
2324,2024-04-12,96,19.163229166666667,12.12,25.4,19.4759375,21.572812499999998,59.7709375,0.0,9.298958333333333,288.49625,27695.64,10.309479166666668,9.163229166666667,2024-04-12,21.75583333333333,19.60690476190476,19.241912202380952,23.534618055555555,22.867723214285714,22.30488095238095,67.91690972222223,68.07818452380953,70.70126488095238,0.55,0.55,1.58,219.99947916666665,241.30287797619047,229.66750587406017,63359.850000000006,161871.53000000003,308100.18000000005,35.2675,67.24833333333333,129.38677083333334,660.3330032894737,11.900000000000002,1576751.3399999992
2324,2024-04-13,96,18.345312500000002,10.35,25.71,18.6525,22.309270833333333,54.154270833333335,0.0,3.1869791666666667,303.6778125,29153.07,7.466875000000001,8.345312500000002,2024-04-13,20.230694444444445,19.81043154761905,19.337395833333336,22.638923611111107,22.978973214285713,22.416197916666665,62.81361111111111,66.91995535714287,69.58731398809523,0.55,0.55,1.58,244.80680555555554,243.08269940476188,234.35298206453635,70504.36,163067.56999999998,314397.45999999996,30.692083333333336,68.67302083333334,130.72354166666668,668.6783157894737,11.900000000000002,1605904.4099999992
2324,2024-04-14,96,19.4765625,10.43,28.82,19.8209375,23.7121875,62.60010416666666,0.0,2.456354166666667,292.5933684210526,27796.37,10.762395833333334,9.4765625,2024-04-14,18.995034722222226,20.266502976190477,19.442269345238095,22.53142361111111,23.233214285714286,22.574620535714285,58.84177083333333,66.2765625,68.45590029761905,0.0,0.55,1.58,294.92247697368424,244.30975203634085,239.29443546365914,84645.08,163883.56,320746.18,26.98510416666667,71.86552083333333,132.19177083333335,678.1548782894737,11.900000000000002,1633700.7799999993
2324,2024-04-15,94,20.963510638297873,12.39,29.4,21.411489361702127,25.45553191489362,64.55276595744681,0.06,2.500851063829787,277.0839361702128,26045.89,12.93276595744681,10.963510638297873,2024-04-15,19.595128546099293,20.670873543566362,19.47525820035461,23.825663416075646,23.675537297365754,22.731079660587643,60.435713652482264,65.16395168439716,67.70013060410335,0.06,0.6100000000000001,1.6400000000000001,291.1183723637551,251.53873696541885,241.79338477343626,82995.33,168187.27,323550.6,28.785385638297875,74.69611480496454,132.65361480496455,689.1183889277715,11.960000000000003,1659746.6699999992
2324,2024-04-16,96,21.3125,12.96,29.73,21.7403125,25.9478125,67.13875,0.0,3.8486458333333338,284.1309375,27276.57,14.169479166666667,11.3125,2024-04-16,20.584191046099292,20.766483662613982,19.408011176545084,25.03851063829787,24.0040938449848,22.830774601063833,64.76387337470449,64.59951716058764,66.95773477077002,0.06,0.6100000000000001,1.6400000000000001,284.6027473637551,259.6406417273236,247.00926274962674,81118.83,173631.75,330560.74,31.752573138297873,75.36538563829787,131.7121564716312,700.4308889277715,11.960000000000003,1687023.2399999993
2324,2024-04-17,96,22.188020833333336,13.46,30.28,22.521874999999998,26.451354166666665,70.51958333333333,0.0,3.546666666666667,283.36583333333334,27203.12,15.730729166666668,12.188020833333336,2024-04-17,21.48801049054374,20.661811043566363,19.51679837892604,25.951566193853427,24.21195098784194,23.118527577254305,67.4036997635934,64.75029097011145,65.66478834219858,0.06,0.6100000000000001,0.6100000000000001,281.5269023345154,267.37064172732363,264.79485798772197,80525.58,178826.31,354464.58,34.46403147163121,74.63267730496455,133.23517730496454,712.6189097611049,11.960000000000003,1714226.3599999994
2324,2024-04-18,96,24.099166666666665,17.08,31.14,24.718958333333333,28.10729166666667,69.5040625,0.0,3.3905208333333334,278.29614583333336,26716.43,17.569375,14.099166666666665,2024-04-18,22.53322916666667,20.792614614994935,20.044090045592704,26.83548611111111,24.79375158308004,23.71998591058764,69.05413194444445,64.03435347011145,66.23850113981763,0.0,0.06,0.6100000000000001,281.93097222222224,286.80632625113316,264.086576737722,81196.12,191887.09,353512.64999999997,37.5996875,75.54830230496454,140.61726063829786,726.7180764277715,11.960000000000003,1740942.7899999993
2324,2024-04-19,96,23.53625,16.41,31.47,24.092604166666664,28.614166666666666,70.7259375,0.04,4.4040625,275.53333333333336,26451.2,17.3309375,13.536249999999999,2024-04-19,23.274479166666666,21.4173318768997,20.512118319402227,27.724270833333332,25.79965932117528,24.333691267730497,70.24986111111112,65.59935347011144,66.8387689969605,0.04,0.1,0.65,279.0651041666667,284.95448101303793,263.12867949461423,80370.75,190642.65000000002,352514.18,39.8234375,79.92132313829788,147.1696564716312,740.2543264277715,12.000000000000002,1767393.9899999993
2324,2024-04-20,96,23.173437500000002,16.08,31.4,23.6834375,28.307604166666668,75.70083333333334,0.0,4.812395833333333,270.86864583333335,26003.39,17.978333333333335,13.173437500000002,2024-04-20,23.602951388888886,22.10706401975684,20.958747783687944,28.34302083333333,26.656564083080042,24.81776864868288,71.97694444444444,68.6774338272543,67.79869459219859,0.04,0.1,0.65,274.899375,280.2674572035141,261.675078304138,79171.02,187492.97,350560.54000000004,40.80885416666666,84.74944813829786,153.4224689716312,753.4277639277715,12.000000000000002,1793397.3799999992
2324,2024-04-21,96,22.134270833333332,17.14,28.24,22.643333333333334,26.814999999999998,82.10395833333332,0.69,7.085416666666667,178.54145833333334,17139.98,18.663333333333334,12.134270833333332,2024-04-21,22.94798611111111,22.486736638804455,21.37661980749747,27.91225694444444,27.09982301165147,25.166518648682878,76.17690972222222,71.46369870820669,68.87013060410335,0.73,0.7899999999999999,1.3399999999999999,241.64781250000001,263.97432719098276,254.14203961366184,69594.57,176836.58000000002,340720.14,38.84395833333333,87.40715647163121,159.27267730496453,765.5620347611048,12.690000000000001,1810537.3599999992
2324,2024-04-22,96,18.411041666666666,13.13,24.08,19.047291666666666,23.481979166666665,69.1240625,0.0,6.7625,298.74614583333334,28679.63,12.143854166666666,8.411041666666666,2024-04-22,21.239583333333332,22.122098214285717,21.396485878926036,26.201527777777773,26.817886904761902,25.246712101063828,75.64295138888889,72.11674107142856,68.64034637791286,0.69,0.73,1.3399999999999999,249.38541666666666,267.06892857142856,259.3038327684237,71823.0,179470.32,347657.58999999997,33.71875,84.85468750000001,159.55080230496455,773.9730764277714,12.690000000000001,1839216.989999999
2324,2024-04-23,96,18.026041666666668,10.64,25.13,18.381354166666664,22.820520833333333,65.21010416666667,0.0,4.082395833333333,288.1209375,27659.61,10.7103125,8.026041666666668,2024-04-23,19.52378472222222,21.65260416666667,21.209543914640324,24.3725,26.371130952380952,25.18761239868288,72.14604166666668,71.84122023809523,68.22036869934144,0.69,0.73,1.3399999999999999,255.13618055555557,267.6389285714286,263.6397851493761,73479.22,179853.36,353485.11,28.571354166666666,81.56822916666667,156.93361480496455,781.999118094438,12.690000000000001,1866876.5999999992
2324,2024-04-24,96,19.217604166666668,10.69,26.61,19.66,24.464895833333333,67.9409375,0.0,2.6096875,299.7778125,28778.67,12.3615625,9.217604166666668,2024-04-24,18.5515625,21.228258928571428,20.945034986068894,23.589131944444443,26.08735119047619,25.149651089159068,67.42503472222222,71.47284226190477,68.1115666160081,0.0,0.73,1.3399999999999999,295.5482986111111,269.9834970238095,268.6770693755666,85117.91,181428.91,360255.22000000003,25.6546875,78.5978125,153.23048980496455,791.2167222611047,12.690000000000001,1895655.269999999
2324,2024-04-25,96,20.815729166666667,12.31,28.81,21.406458333333333,26.188958333333332,69.02770833333334,0.0,2.1013541666666664,300.88747368421053,28584.31,14.027916666666668,10.815729166666667,2024-04-25,19.353125000000002,20.759196428571432,20.775905521783184,24.49145833333333,25.813303571428573,25.303527577254304,67.39291666666668,71.40479166666667,67.71957256838905,0.0,0.73,0.7899999999999999,296.2620745614035,273.21082957393486,280.008577912534,85022.59,183296.79,375183.88,28.059375000000003,75.31437500000001,150.86267730496454,802.0324514277713,12.690000000000001,1924239.5799999991
2324,2024-04-26,96,22.025625,14.72,29.11,22.532187500000003,27.065416666666668,69.2721875,0.0,4.125,255.46708333333333,24524.84,15.502083333333333,12.025625000000002,2024-04-26,20.686319444444447,20.54339285714286,20.98036236702128,25.90642361111111,25.592053571428572,25.695856446301924,68.74694444444445,71.1971130952381,68.39823328267477,0.0,0.69,0.7899999999999999,285.377456505848,270.34422243107775,277.6493517220578,81887.81999999999,181370.43,372013.07999999996,32.05895833333334,73.80375000000001,153.72507313829786,814.0580764277713,12.690000000000001,1948764.4199999992
2324,2024-04-27,96,21.6503125,16.41,27.05,21.9953125,25.55260416666667,77.93208333333332,0.05,4.980625,155.89395833333333,14965.82,17.383854166666666,11.650312499999998,2024-04-27,21.497222222222224,20.32580357142857,21.216433795592707,26.268993055555555,25.19848214285714,25.927523112968593,72.07732638888889,71.51586309523809,70.0966484612462,0.05,0.74,0.84,237.4161717836257,253.91926707393486,267.0933621387245,68074.97,170332.86000000002,357825.83,34.49166666666667,72.280625,157.03007313829787,825.7083889277714,12.740000000000002,1963730.2399999993
2324,2024-04-28,96,21.864687500000002,15.39,28.06,22.249375,25.877291666666665,66.77208333333333,0.0,4.9871875,261.2815625,25083.03,14.852812499999999,11.864687500000002,2024-04-28,21.846875,20.28729166666667,21.387014152735563,26.165104166666666,25.06452380952381,26.08217341058764,71.3254513888889,69.32559523809523,70.39464697315096,0.05,0.05,0.84,224.21420138888888,265.7392819548872,264.856804572935,64573.69,178275.91,355112.49000000005,35.540625000000006,72.01104166666667,159.41819813829787,837.5730764277714,12.740000000000002,1988813.2699999993
2324,2024-04-29,96,21.744791666666668,13.0,29.68,22.2259375,26.679374999999997,69.03083333333333,0.0,3.989895833333333,283.7163541666667,27236.77,14.974375,11.744791666666668,2024-04-29,21.753263888888892,20.76354166666667,21.44281994047619,26.036423611111108,25.521294642857146,26.169590773809524,71.24499999999999,69.31227678571427,70.71450892857142,0.05,0.05,0.78,233.630625,263.5921688596491,265.33054871553884,67285.62,176833.05,356303.37,35.25979166666667,75.34479166666668,160.19947916666666,849.317868094438,12.740000000000002,2016050.0399999993
2324,2024-04-30,96,23.606354166666666,17.41,29.59,24.170833333333334,27.569999999999997,72.70552083333332,0.0,3.641666666666667,205.126875,19692.18,18.023020833333334,13.606354166666666,2024-04-30,22.40527777777778,21.56072916666667,21.606666666666666,26.708888888888882,26.199791666666666,26.285461309523807,69.50281249999999,70.38305059523809,71.11213541666667,0.0,0.05,0.78,250.04159722222224,251.73587421679198,259.6874013941103,72011.98,168865.62,348718.98,37.215833333333336,80.92510416666667,162.49333333333334,862.9242222611047,12.740000000000002,2035742.2199999993
2425,2025-01-01,96,15.679375,11.13,20.08,15.916875,17.244375,67.7528125,0.0,5.1388541666666665,141.15760416666666,13551.13,9.260104166666666,5.679375,2025-01-01,15.679375,15.679375,15.679375,17.244375,17.244375,17.244375,67.7528125,67.7528125,67.7528125,0.0,0.0,0.0,141.15760416666666,141.15760416666666,141.15760416666666,13551.13,13551.13,13551.13,5.679375,5.679375,5.679375,5.679375,0.0,13551.13
2425,2025-01-02,96,9.636979166666666,3.7,17.17,9.777395833333333,13.072395833333333,68.876875,0.0,2.9105208333333334,136.85520833333334,13138.1,3.5537500000000004,0.0,2025-01-02,12.658177083333333,12.658177083333333,12.658177083333333,15.158385416666668,15.158385416666668,15.158385416666668,68.31484375,68.31484375,68.31484375,0.0,0.0,0.0,139.00640625,139.00640625,139.00640625,26689.23,26689.23,26689.23,5.679375,5.679375,5.679375,5.679375,0.0,26689.23
2425,2025-01-03,96,9.462395833333334,1.38,18.98,9.495729166666667,11.910520833333335,66.61197916666667,0.0,3.8314583333333334,144.4753125,13869.63,2.0582291666666666,0.0,2025-01-03,11.592916666666667,11.592916666666667,11.592916666666667,14.075763888888892,14.075763888888892,14.075763888888892,67.74722222222222,67.74722222222222,67.74722222222222,0.0,0.0,0.0,140.829375,140.829375,140.829375,40558.86,40558.86,40558.86,5.679375,5.679375,5.679375,5.679375,0.0,40558.86
2425,2025-01-04,96,9.645,2.23,16.4,9.8715625,11.994270833333333,52.90770833333334,0.0,4.431354166666667,144.05895833333332,13829.66,-0.5360416666666666,0.0,2025-01-04,9.581458333333332,11.1059375,11.1059375,12.325729166666667,13.555390625000001,13.555390625000001,62.79885416666667,64.03734375,64.03734375,0.0,0.0,0.0,141.79649305555554,141.63677083333334,141.63677083333334,40837.39,54388.52,54388.52,0.0,5.679375,5.679375,5.679375,0.0,54388.520000000004
2425,2025-01-05,96,10.561041666666666,1.34,21.29,10.625208333333333,12.352083333333333,64.045,0.0,2.5361458333333333,140.0340625,13443.27,2.6366666666666667,0.5610416666666662,2025-01-05,9.889479166666666,10.996958333333334,10.996958333333334,12.085625,13.314729166666666,13.314729166666666,61.188229166666666,64.038875,64.038875,0.0,0.0,0.0,142.85611111111112,141.31622916666666,141.31622916666666,41142.56,67831.79,67831.79,0.5610416666666662,6.2404166666666665,6.2404166666666665,6.2404166666666665,0.0,67831.79000000001
2425,2025-01-06,96,14.587916666666667,6.69,24.66,14.613854166666668,14.094999999999999,78.9459375,0.06,10.201354166666667,66.66760416666666,6400.09,10.881458333333333,4.587916666666667,2025-01-06,11.59798611111111,11.59545138888889,11.59545138888889,12.813784722222222,13.444774305555555,13.444774305555555,65.2995486111111,66.52338541666667,66.52338541666667,0.06,0.06,0.06,116.92020833333332,128.87479166666665,128.87479166666665,33673.020000000004,74231.88,74231.88,5.148958333333333,10.828333333333333,10.828333333333333,10.828333333333333,0.06,74231.88
2425,2025-01-07,96,4.62125,-0.12,9.74,4.856145833333334,9.759791666666667,72.216875,0.0,5.543958333333333,135.435,13001.76,-0.11479166666666667,0.0,2025-01-07,9.92340277777778,10.599136904761904,10.599136904761904,12.068958333333333,12.918348214285714,12.918348214285714,71.73593749999999,67.33674107142858,67.33674107142858,0.06,0.06,0.06,114.04555555555555,129.81196428571428,129.81196428571428,32845.119999999995,87233.64,87233.64,5.148958333333333,10.828333333333333,10.828333333333333,10.828333333333333,0.06,87233.64
2425,2025-01-08,96,6.630937500000001,-0.54,16.0,6.652708333333333,9.126145833333334,63.61697916666666,0.03,3.8085416666666667,146.15104166666666,14030.5,-0.5385416666666667,0.0,2025-01-08,8.613368055555556,9.306502976190476,10.103111979166666,10.993645833333334,11.75860119047619,12.444322916666668,71.59326388888888,66.74590773809524,66.87177083333333,0.09,0.09,0.09,116.08454861111109,130.52531249999998,131.85434895833333,33432.350000000006,87713.01,101264.14,4.587916666666667,5.148958333333333,10.828333333333333,10.828333333333333,0.09,101264.14
2425,2025-01-09,96,4.627083333333333,-1.36,11.12,4.9312499999999995,8.8621875,57.929375,0.0,5.912708333333334,149.44947916666666,14347.15,-3.6044791666666662,0.0,2025-01-09,5.293090277777778,8.590803571428571,9.494664351851851,9.249375,11.157142857142857,12.04630787037037,64.58774305555555,65.18197916666666,65.8781712962963,0.03,0.09,0.09,143.67850694444442,132.32449404761903,133.8093634259259,41379.409999999996,88922.06,115611.29,0.0,5.148958333333333,10.828333333333333,10.828333333333333,0.09,115611.29
2425,2025-01-10,96,10.864166666666668,-1.24,20.42,11.119270833333333,10.915833333333333,71.2646875,0.0,6.604166666666667,128.045625,12292.38,5.430312499999999,0.8641666666666676,2025-01-10,7.374062500000001,8.791056547619048,9.631614583333334,9.634722222222223,11.015044642857143,11.933260416666666,64.27034722222221,65.84665178571429,66.41682291666666,0.03,0.09,0.09,141.21538194444443,129.97739583333333,133.23298958333334,40670.03,87344.81,127903.67,0.8641666666666676,6.0131250000000005,11.6925,11.6925,0.09,127903.67
2425,2025-01-11,96,10.8365625,4.41,18.23,11.1665625,13.582500000000001,82.2646875,0.03,6.1615625,61.4753125,5901.63,7.885104166666667,0.8365624999999994,2025-01-11,8.7759375,8.961279761904763,9.741155303030304,11.120173611111113,11.241934523809523,12.083191287878789,70.48625,70.04050595238094,67.85753787878788,0.03,0.12,0.12,112.9901388888889,118.17973214285715,126.70956439393939,32541.16,79416.78,133805.3,1.700729166666667,6.8496875,12.5290625,12.5290625,0.12,133805.3
2425,2025-01-12,96,7.017499999999999,1.3,13.71,7.326354166666667,10.105625,69.94291666666666,0.0,2.9665625,145.231875,13942.26,1.3115625,0.0,2025-01-12,9.572743055555556,8.455059523809524,9.514184027777778,11.53465277777778,10.921011904761906,11.918394097222224,74.49076388888888,70.88306547619047,68.03131944444443,0.03,0.12,0.12,111.58427083333333,118.92227678571427,128.25309027777777,32136.27,79915.77,147747.56,1.700729166666667,6.288645833333334,12.5290625,12.5290625,0.12,147747.56
2425,2025-01-13,96,10.249270833333332,8.16,12.46,10.5596875,11.869895833333333,78.61041666666667,0.36,3.94875,20.72125,1989.24,6.557291666666667,0.24927083333333222,2025-01-13,9.367777777777777,7.835252976190477,9.570729166666666,11.852673611111113,10.603139880952382,11.914663461538462,76.93934027777777,70.83513392857142,68.84509615384614,0.39,0.42,0.48,75.80947916666666,112.35851190476191,119.98141025641024,21833.13,75504.92,149736.8,1.0858333333333317,1.9499999999999993,12.778333333333332,12.778333333333332,0.48,149736.8
2425,2025-01-14,96,10.098333333333334,4.52,16.47,10.395104166666666,11.721145833333333,69.836875,0.01,4.923020833333333,151.33770833333332,14528.42,3.925104166666667,0.0983333333333345,2025-01-14,9.121701388888889,8.617693452380951,9.608415178571429,11.232222222222221,10.883333333333331,11.900840773809524,72.79673611111112,70.49513392857143,68.9159375,0.37,0.43,0.49,105.76361111111112,114.63032738095237,122.22114583333334,30459.92,77031.58,164265.22,0.3476041666666667,2.048333333333334,12.876666666666667,12.876666666666667,0.49,164265.22
2425,2025-01-15,96,8.561458333333333,1.9,14.4,8.645208333333334,9.85375,66.91677083333333,0.0,2.7433333333333336,68.26197916666666,6553.15,2.3289583333333335,0.0,2025-01-15,9.636354166666667,8.893482142857142,9.09999255952381,11.14826388888889,10.987276785714286,11.372938988095239,71.78802083333333,70.96653273809524,68.85622023809523,0.37,0.4,0.49,80.10697916666666,103.50331845238095,117.01431547619048,23070.809999999998,69554.23,157267.24,0.3476041666666667,2.048333333333334,7.197291666666667,12.876666666666667,0.49,170818.37
2425,2025-01-16,96,9.57625,3.98,17.46,9.748229166666667,11.159791666666665,76.78093750000001,0.03,2.291145833333333,106.42395833333335,10216.7,5.330729166666667,0.0,2025-01-16,9.412013888888888,9.600505952380953,9.095654761904761,10.9115625,11.315505952380951,11.236324404761906,71.17819444444444,73.6596130952381,69.42079613095238,0.04,0.43,0.52,108.6745486111111,97.35681547619048,114.84065476190474,31298.269999999997,65423.78,154345.84,0.0983333333333345,2.048333333333334,7.197291666666667,12.876666666666667,0.52,181035.07
2425,2025-01-17,96,10.262708333333334,1.05,19.43,10.449791666666666,10.899166666666666,67.96843750000001,0.0,2.2553125,155.24385416666667,14903.41,3.35875,0.2627083333333342,2025-01-17,9.466805555555554,9.514583333333334,9.15281994047619,10.637569444444443,11.313125000000001,11.164084821428572,70.55538194444445,73.18872023809524,69.51768601190476,0.03,0.42999999999999994,0.52,109.97659722222222,101.24227678571431,115.6098363095238,31673.260000000002,68034.81,155379.62000000002,0.2627083333333342,1.4468750000000004,7.460000000000001,13.139375000000001,0.52,195938.48
2425,2025-01-18,96,17.406458333333333,12.48,24.56,17.818125,15.706770833333332,76.211875,0.26,5.313958333333333,106.44957894736841,10112.71,12.954374999999999,7.406458333333333,2025-01-18,12.41513888888889,10.453139880952381,9.707209821428572,12.588576388888887,11.61659226190476,11.429263392857141,73.65375,72.32403273809524,71.1822693452381,0.29000000000000004,0.6599999999999999,0.78,122.7057971491228,107.66717199248119,112.92345206766916,35232.82,72245.89,151662.67,7.669166666666667,8.016770833333334,14.866458333333334,20.545833333333334,0.78,206051.19
2425,2025-01-19,96,17.5090625,9.86,22.52,17.8790625,17.63625,85.82427083333333,0.8800000000000001,8.598333333333333,61.635937500000004,5917.05,15.076875000000001,7.509062499999999,2025-01-19,15.059409722222222,11.951934523809525,10.203497023809524,14.747395833333334,12.692395833333334,11.80670386904762,76.66819444444445,74.59279761904762,72.73793154761904,1.1400000000000001,1.54,1.6600000000000001,107.77645687134502,95.72489520676693,107.3235859962406,30933.170000000002,64220.68,144136.44999999998,15.178229166666666,15.525833333333333,21.814479166666665,28.054895833333333,1.6600000000000001,211968.24
2425,2025-01-20,96,5.736770833333334,2.04,9.62,6.161666666666666,10.7490625,64.94354166666666,0.0,6.507708333333333,146.41822916666666,14056.15,-0.48833333333333334,0.0,2025-01-20,13.550763888888888,11.307291666666666,9.57127232142857,14.697361111111112,12.532276785714284,11.567708333333334,75.65989583333334,72.64038690476191,71.73776041666666,1.1400000000000001,1.1800000000000002,1.6,104.83458187134501,113.68160651629071,113.02005921052633,30085.909999999996,76287.59,151792.50999999998,14.915520833333332,15.2765625,17.2265625,28.054895833333333,1.6600000000000001,226024.38999999998
2425,2025-01-21,96,5.297291666666667,1.59,7.79,5.59375,8.655416666666666,81.51427083333333,0.52,6.331666666666667,19.08375,1832.04,2.3098958333333335,0.0,2025-01-21,9.514375,10.62142857142857,9.619561011904763,12.346909722222223,12.094315476190475,11.488824404761903,77.4273611111111,74.3085863095238,72.40186011904761,1.4000000000000001,1.6900000000000002,2.12,75.71263888888888,94.78818389724312,104.70925563909775,21805.239999999998,63591.21,140622.79,7.509062499999999,15.178229166666666,17.2265625,28.054895833333333,2.18,227856.43
2425,2025-01-22,96,2.1825,0.66,4.57,2.4913541666666665,6.250729166666667,88.01770833333335,0.47,6.527395833333333,52.179895833333326,5009.2699999999995,0.3854166666666667,0.0,2025-01-22,4.405520833333334,9.71014880952381,9.301815476190475,8.551736111111111,11.579598214285713,11.2834375,78.15850694444445,77.32300595238095,74.14476934523809,0.99,2.16,2.5600000000000005,72.56062499999999,92.49074342105264,97.99703093671678,20897.46,62047.33,131601.56,0.0,15.178229166666666,17.2265625,28.054895833333333,2.6500000000000004,232865.69999999998
2425,2025-01-23,96,5.6184375,1.51,10.99,5.957916666666667,7.329583333333333,70.50208333333333,0.0,6.184270833333334,75.60294736842106,7182.28,0.25104166666666666,0.0,2025-01-23,4.366076388888889,9.144747023809524,9.372626488095237,7.411909722222222,11.032425595238095,11.173965773809524,80.01135416666666,76.42602678571428,75.04281994047619,0.99,2.13,2.5600000000000005,48.95553106725146,88.0877418546366,92.72227866541354,14023.589999999997,59012.909999999996,124436.69,0.0,15.178229166666666,17.2265625,28.054895833333333,2.6500000000000004,240047.97999999998
2425,2025-01-24,96,5.2790625,-1.52,12.93,5.436041666666667,7.218958333333333,53.24302083333333,0.0,5.271458333333333,152.44979166666667,14635.18,-4.171458333333333,0.0,2025-01-24,4.36,8.432797619047617,8.973690476190475,6.933090277777777,10.506681547619047,10.909903273809523,70.58760416666667,74.32239583333333,73.75555803571429,0.47,2.13,2.5600000000000005,93.41087828947367,87.6885900689223,94.4654334273183,26826.729999999996,58744.68,126779.48999999999,0.0,14.915520833333332,16.36239583333333,28.054895833333333,2.6500000000000004,254683.15999999997
2425,2025-01-25,96,5.7569791666666665,-4.49,16.02,5.811875000000001,7.3801041666666665,69.701875,0.0,2.7369791666666665,168.73895833333333,16198.94,-0.26906250000000004,0.0,2025-01-25,5.551493055555556,6.76858630952381,8.610863095238095,7.309548611111111,9.317157738095238,10.466875,64.4823263888889,73.39239583333334,72.85821428571428,0.0,1.87,2.5300000000000002,132.26389912280703,96.58707283834586,102.12712241541354,38016.4,64830.91,137076.8,0.0,7.509062499999999,15.525833333333333,28.054895833333333,2.6500000000000004,270882.1
2425,2025-01-26,96,10.370104166666666,1.96,20.82,10.481666666666667,10.767291666666667,75.49458333333332,0.0,2.2246875,159.49895833333332,15311.9,5.633854166666667,0.3701041666666658,2025-01-26,7.135381944444444,5.748735119047619,8.850334821428572,8.45545138888889,8.335877976190476,10.514136904761907,66.14649305555555,71.91672619047618,73.2547619047619,0.0,0.99,2.5300000000000002,160.2292361111111,110.56750438596491,103.1461997963659,46146.02,74225.76,138446.44,0.3701041666666658,0.3701041666666658,15.895937499999999,28.424999999999997,2.6500000000000004,286194.0
2425,2025-01-27,96,12.891874999999999,4.73,22.67,13.043645833333334,13.131666666666668,78.14770833333334,0.0,4.026770833333333,149.13979166666667,14317.42,8.636979166666666,2.891874999999999,2025-01-27,9.67298611111111,6.770892857142857,9.039092261904761,10.426354166666668,8.67625,10.604263392857144,74.44805555555556,73.80303571428571,73.22171130952381,0.0,0.99,2.17,159.12590277777775,110.95629902882206,112.31895277255639,45828.259999999995,74487.03,150774.62,3.2619791666666647,3.2619791666666647,18.538541666666667,31.316874999999996,2.6500000000000004,300511.42
2425,2025-01-28,96,15.562291666666667,8.64,22.59,15.761041666666666,15.604687499999999,73.09729166666666,0.0,4.1267708333333335,142.02947368421053,13492.8,10.060833333333333,5.562291666666667,2025-01-28,12.94142361111111,8.237321428571429,9.429374999999999,13.167881944444446,9.669002976190475,10.881659226190477,75.5798611111111,72.60061011904762,73.45459821428572,0.0,0.47,2.16,150.22274122807016,128.51997384085212,111.65407886904761,43122.119999999995,86147.79,149739.0,8.824270833333332,8.824270833333332,24.002499999999998,36.87916666666666,2.6500000000000004,314004.22
2425,2025-01-29,96,14.415208333333332,7.25,24.52,14.628749999999998,15.573125,74.2025,0.0,4.462916666666667,163.29208333333335,15676.04,9.072395833333333,4.415208333333332,2025-01-29,14.289791666666666,9.98485119047619,9.8475,14.769826388888887,11.000773809523809,11.290186011904762,75.14916666666667,70.62700892857143,73.9750074404762,0.0,0.0,2.16,151.48711622807016,144.39314348370928,118.44194345238095,43486.259999999995,96814.56000000001,158861.89,12.869374999999998,13.239479166666664,28.41770833333333,41.294374999999995,2.6500000000000004,329680.25999999995
2425,2025-01-30,96,15.084583333333333,7.24,24.93,15.380833333333333,16.4790625,76.81385416666667,0.0,2.567083333333333,163.96104166666666,15740.26,10.218854166666667,5.084583333333333,2025-01-30,15.020694444444445,11.337157738095238,10.24095238095238,15.885625,12.307842261904764,11.670133928571428,74.70454861111112,71.52869047619048,73.97735863095238,0.0,0.0,2.13,156.42753289473686,157.01572838345868,122.55173511904762,44909.1,105372.54000000001,164385.44999999998,15.062083333333332,18.324062499999997,33.502291666666665,46.37895833333333,2.6500000000000004,345420.51999999996
2425,2025-01-31,96,18.2978125,9.97,27.07,18.469375,17.920624999999998,80.328125,0.0,6.804270833333334,165.39708333333334,15878.12,14.461458333333333,8.2978125,2025-01-31,15.93253472222222,13.196979166666667,10.814888392857142,16.65760416666667,13.836651785714285,12.171666666666667,77.1148263888889,75.39799107142858,74.86019345238095,0.0,0.0,2.13,164.2167361111111,158.86534147869676,123.27696577380951,47294.42,106615.48,165360.15999999997,17.797604166666666,26.621874999999996,41.53739583333332,54.67677083333333,2.6500000000000004,361298.63999999996
2425,2025-02-01,96,18.437395833333333,9.01,24.29,18.870625,19.71875,65.42229166666667,0.0,4.69625,163.41333333333333,15687.68,11.074791666666668,8.437395833333333,2025-02-01,17.273263888888888,15.00846726190476,10.888526785714285,18.039479166666666,15.599315476190474,12.458236607142856,74.18809027777779,74.78662202380951,74.08950892857142,0.0,0.0,1.87,164.25715277777775,158.10453790726817,127.34580537280702,47306.06,106104.22,170935.13,21.819791666666667,35.05927083333333,42.56833333333333,63.11416666666666,2.6500000000000004,376986.31999999995
2425,2025-02-02,96,16.795104166666665,7.42,25.98,17.020729166666666,17.947187500000002,82.27843750000001,0.0,2.48625,110.71177083333333,10628.33,13.560416666666667,6.795104166666665,2025-02-02,17.843437499999997,15.926324404761905,10.837529761904761,18.528854166666665,16.62501488095238,12.480446428571428,76.00961805555556,75.75574404761905,73.83623511904763,0.0,0.0,0.99,146.50739583333333,151.13493969298247,130.8512220394737,42194.13,101420.65000000001,175646.41,23.530312499999994,41.484270833333326,41.85437499999999,69.90927083333332,2.6500000000000004,387614.64999999997
2425,2025-02-03,96,18.704375000000002,15.45,25.85,19.073645833333334,19.876145833333332,89.11010416666666,0.0,2.6147916666666666,101.234375,9718.5,16.802395833333332,8.704375000000002,2025-02-03,17.978958333333335,16.75668154761905,11.763787202380952,19.180694444444445,17.588511904761905,13.132380952380954,78.93694444444445,77.32180059523809,75.5624181547619,0.0,0.0,0.99,125.1198263888889,144.2913087406015,127.62380388471176,36034.509999999995,96821.73000000001,171308.76,23.936875,47.29677083333333,50.55874999999999,78.61364583333332,2.6500000000000004,397333.14999999997
2425,2025-02-04,96,19.251041666666666,13.3,27.4,19.644375,20.66541666666667,81.32479166666667,0.0,3.1595833333333334,157.6728125,15136.59,15.602395833333333,9.251041666666666,2025-02-04,18.25017361111111,17.28364583333333,12.76048363095238,19.496250000000003,18.311473214285712,13.990238095238096,84.23777777777777,78.49715773809524,75.54888392857143,0.0,0.0,0.47,123.20631944444443,146.5260714285714,137.5230226347118,35483.42,98465.52,184613.31,24.750520833333333,50.98552083333333,59.809791666666655,87.86468749999999,2.6500000000000004,412469.74
2425,2025-02-05,96,18.685208333333332,9.8,29.29,19.001770833333335,20.309583333333332,75.6040625,0.0,3.106875,167.2046875,16051.65,13.6259375,8.685208333333332,2025-02-05,18.880208333333332,17.893645833333334,13.939248511904761,20.283715277777777,18.988110119047622,14.994441964285715,82.0129861111111,78.69738095238095,74.6621949404762,0.0,0.0,0.0,142.03729166666665,147.0850148809524,145.73907918233084,40906.74,98841.12999999999,195655.69,26.640625,55.255520833333335,68.49499999999999,96.54989583333332,2.6500000000000004,428521.39
2425,2025-02-06,96,19.988125,13.71,28.07,20.3175,21.423645833333335,76.639375,0.0,3.9179166666666667,158.888125,15253.26,15.336354166666666,9.988125,2025-02-06,19.308125,18.594151785714285,14.96565476190476,20.79954861111111,19.694479166666667,16.001160714285714,77.8560763888889,78.67245535714285,75.10057291666666,0.0,0.0,0.0,161.25520833333334,146.3603125,151.68802044172932,46441.5,98354.13,203726.67,27.924374999999998,60.1590625,78.48312499999999,106.53802083333332,2.6500000000000004,443774.65
2425,2025-02-07,96,18.757395833333334,13.62,26.09,19.1165625,21.144479166666667,84.00020833333333,0.0,2.823541666666667,131.58177083333334,12631.85,15.7259375,8.757395833333334,2025-02-07,19.14357638888889,18.65980654761905,15.928392857142855,20.95923611111111,20.155029761904764,16.995840773809526,78.74788194444444,79.19703869047619,77.29751488095238,0.0,0.0,0.0,152.55819444444444,141.52955357142858,150.19744752506267,43936.759999999995,95107.86,201723.34,27.430729166666666,60.61864583333333,87.24052083333332,115.29541666666665,2.6500000000000004,456406.5
2425,2025-02-08,96,18.0334375,12.59,27.55,18.399479166666666,20.874375,81.19489583333333,0.0,3.7069791666666667,163.5440625,15700.23,14.228645833333333,8.033437500000002,2025-02-08,18.92631944444444,18.602098214285714,16.805282738095237,21.1475,20.32011904761905,17.95971726190476,80.61149305555556,81.45026785714286,78.11844494047618,0.0,0.0,0.0,151.33798611111112,141.54822916666666,149.8263835369674,43585.34,95120.41,201224.63,26.778958333333335,60.2146875,95.27395833333333,123.32885416666666,2.6500000000000004,472106.73
2425,2025-02-09,96,18.207291666666666,10.76,27.1,18.526458333333334,20.7771875,79.63708333333334,0.0,3.5111458333333334,179.5560416666667,17237.38,14.166666666666666,8.207291666666666,2025-02-09,18.332708333333333,18.803839285714282,17.365081845238095,20.93201388888889,20.72440476190476,18.67470982142857,81.61072916666667,81.07293154761905,78.41433779761905,0.0,0.0,0.0,158.22729166666667,151.383125,151.25903234649124,45569.45999999999,101729.45999999999,203150.11,24.998125,61.626875000000005,103.11114583333332,131.53614583333334,2.6500000000000004,489344.11
2425,2025-02-10,96,17.607083333333332,11.81,26.39,17.825104166666666,20.44125,84.29135416666666,0.0,2.285625,136.77583333333334,13130.48,14.631770833333334,7.607083333333332,2025-02-10,17.949270833333333,18.647083333333335,17.70188244047619,20.697604166666668,20.80513392857143,19.196822916666665,81.70777777777778,80.38453869047619,78.85316964285714,0.0,0.0,0.0,159.95864583333332,156.4604761904762,150.37589246553884,46068.09,105141.44,201963.17,23.8478125,60.529583333333335,107.82635416666666,139.14322916666666,2.6500000000000004,502474.58999999997
2425,2025-02-11,96,19.816770833333333,15.34,28.02,20.176145833333333,21.34104166666667,82.53322916666666,0.0,5.228958333333334,102.60479166666666,9850.06,16.458541666666665,9.816770833333333,2025-02-11,18.54371527777778,18.727901785714288,18.00577380952381,20.853159722222223,20.901651785714286,19.6065625,82.15388888888889,80.5571726190476,79.52716517857142,0.0,0.0,0.0,139.64555555555555,148.59361607142858,147.55984375,40217.91999999999,99854.91,198320.43,25.63114583333333,61.0953125,112.08083333333333,148.95999999999998,2.6500000000000004,512324.64999999997
2425,2025-02-12,96,21.88416666666667,15.34,29.99,22.115520833333335,21.982083333333335,78.26385416666666,0.0,6.814687500000001,152.95354166666667,14683.54,17.333020833333332,11.884166666666669,2025-02-12,19.769340277777776,19.184895833333336,18.53927083333333,21.254791666666666,21.140580357142856,20.064345238095235,81.69614583333332,80.93714285714286,79.8172619047619,0.0,0.0,0.0,130.77805555555554,146.5577380952381,146.82137648809524,37664.079999999994,98486.8,197327.93,29.308020833333334,64.29427083333334,119.54979166666666,160.84416666666664,2.6500000000000004,527008.19
2425,2025-02-13,96,23.193854166666668,18.4,31.63,23.687291666666667,23.251458333333332,81.70552083333332,0.26,8.341145833333334,148.83927083333333,14288.57,19.539791666666666,13.193854166666668,2025-02-13,21.631597222222222,19.642857142857142,19.118504464285714,22.19152777777778,21.40169642857143,20.548087797619047,80.83420138888887,81.66087797619048,80.16666666666667,0.26,0.26,0.26,134.79920138888886,145.12218750000002,145.74125,38822.17,97522.11,195876.24000000002,34.89479166666667,67.5,127.6590625,174.0380208333333,2.91,541296.7599999999
2425,2025-02-14,96,18.009583333333335,14.86,22.31,18.472083333333334,20.14375,80.18583333333333,0.0,7.2646875,121.1561052631579,11509.83,14.463229166666666,8.009583333333335,2025-02-14,21.02920138888889,19.536026785714284,19.097916666666666,21.792430555555555,21.258735119047618,20.706882440476193,80.0517361111111,81.11596726190476,80.15650297619048,0.26,0.26,0.26,140.98297258771927,143.63280670426064,142.58118013784463,40481.94,96400.09000000001,191507.95,33.08760416666667,66.7521875,127.37083333333334,182.04760416666662,2.91,552806.5899999999
2425,2025-02-15,96,21.0659375,15.1,29.32,21.369895833333334,21.063541666666666,77.96729166666667,0.01,5.047395833333334,139.68020833333333,13409.3,16.621145833333333,11.0659375,2025-02-15,20.75645833333333,19.96924107142857,19.285669642857147,21.48625,21.28575892857143,20.80293898809524,79.95288194444444,80.65488095238095,81.0525744047619,0.27,0.27,0.27,136.55852814327483,140.2236846804511,140.8859569235589,39207.7,94109.16,189229.57,32.269375000000004,69.7846875,129.999375,193.1135416666666,2.92,566215.8899999999
2425,2025-02-16,96,18.3678125,12.86,26.57,18.665416666666665,19.910625,84.59531249999999,0.25,8.0409375,69.786875,6699.54,15.652500000000002,8.3678125,2025-02-16,19.147777777777776,19.99217261904762,19.398005952380952,20.37263888888889,21.161964285714287,20.94318452380952,80.91614583333332,81.3631994047619,81.21806547619046,0.26,0.52,0.52,110.20772953216373,124.54237515664158,137.9627500783208,31618.67,83571.31999999999,185300.78,27.443333333333335,69.94520833333334,131.57208333333335,201.48135416666662,3.17,572915.4299999999
2425,2025-02-17,96,12.2171875,6.15,17.87,12.598020833333335,15.776666666666666,70.971875,0.0,5.258854166666667,207.18052631578948,19682.15,6.7004166666666665,2.2171874999999996,2025-02-17,17.216979166666665,19.2221875,18.93463541666667,18.916944444444443,20.495595238095238,20.650364583333335,77.84482638888888,79.46041666666666,79.92247767857143,0.26,0.52,0.52,138.88253654970757,134.60018843984963,145.5303323151629,39790.99,90122.98999999999,195264.43,21.650937499999998,64.5553125,125.08489583333333,203.6985416666666,3.17,592597.58
2425,2025-02-18,96,13.672291666666666,4.14,22.46,13.997291666666667,15.685,72.63135416666667,0.0,3.9014583333333337,197.635,18972.96,8.312604166666667,3.6722916666666663,2025-02-18,14.752430555555554,18.344404761904766,18.536153273809525,17.124097222222222,19.687589285714285,20.294620535714284,76.06618055555555,78.04586309523809,79.30151785714285,0.25,0.52,0.52,158.20080043859647,148.17593248746866,148.38477427944864,45354.649999999994,99245.89,199100.80000000002,14.257291666666665,58.410833333333336,119.50614583333333,207.37083333333328,3.17,611570.5399999999
2425,2025-02-19,96,15.593333333333334,12.82,19.27,15.958125,17.2259375,90.52083333333333,0.17,4.460625,37.102604166666666,3561.85,14.040729166666667,5.593333333333334,2025-02-19,13.827604166666665,17.445714285714285,18.31530505952381,16.22920138888889,19.00813988095238,20.07436011904762,78.04135416666666,79.79686011904762,80.36700148809523,0.17,0.6900000000000001,0.6900000000000001,147.30604349415202,131.62579855889723,139.09176832706765,42216.96,88124.20000000001,186611.00000000003,11.4828125,52.120000000000005,116.41427083333333,212.9641666666666,3.34,615132.3899999999
2425,2025-02-20,96,11.767604166666667,6.18,16.81,12.212916666666667,15.488645833333335,75.38729166666667,0.0,7.179583333333333,163.27791666666667,15674.68,7.268020833333334,1.7676041666666666,2025-02-20,13.677743055555553,15.813392857142858,17.728125000000002,16.133194444444445,17.899166666666666,19.650431547619046,79.51315972222223,78.89425595238095,80.27756696428571,0.17,0.43000000000000005,0.6900000000000001,132.67184027777776,133.68846224937343,139.40532487468673,38209.49,89510.31,187032.42,11.033229166666667,40.69375000000001,108.19375000000001,214.7317708333333,3.34,630807.07
2425,2025-02-21,96,7.066770833333333,1.5,13.7,7.476041666666667,11.6725,59.965,0.0,7.583749999999999,208.09895833333334,19977.5,-0.42010416666666667,0.0,2025-02-21,11.475902777777776,14.250133928571428,16.893080357142857,14.795694444444445,16.688988095238095,18.973861607142855,75.29104166666666,76.00556547619047,78.56076636904761,0.17,0.43000000000000005,0.6900000000000001,136.15982638888886,146.10886983082705,144.87083826754386,39214.03,97977.98,194378.07,7.3609375,32.68416666666667,99.43635416666667,214.7317708333333,3.34,650784.57
2425,2025-02-22,96,12.027395833333335,5.64,19.57,12.256770833333334,13.634583333333333,75.56479166666666,0.0,3.0812500000000003,118.02947916666666,11330.83,7.5815625,2.027395833333335,2025-02-22,10.287256944444444,12.95891369047619,16.464077380952382,13.598576388888889,15.627708333333333,18.45673363095238,70.30569444444444,75.66235119047619,78.15861607142857,0.0,0.42000000000000004,0.6900000000000001,163.13545138888887,143.01590852130326,141.61979660087718,46983.01,95899.51,190008.66999999998,3.7950000000000017,23.645625000000003,93.4303125,216.75916666666663,3.34,662115.3999999999
2425,2025-02-23,96,14.667187499999999,5.71,23.28,15.009583333333333,16.453125,72.80510416666667,0.0,2.25625,193.43395833333332,18569.66,9.143333333333333,4.667187499999999,2025-02-23,11.253784722222221,12.430252976190475,16.211212797619048,13.920069444444444,15.133779761904762,18.147872023809523,69.44496527777778,73.97803571428572,77.67061755952382,0.0,0.17,0.6900000000000001,173.18746527777776,160.67977756892228,142.61107636278194,49877.99,107769.63,191340.94999999998,6.694583333333334,19.945,89.89020833333333,221.42635416666664,3.34,680685.0599999999
2425,2025-02-24,96,13.523229166666667,12.27,15.1,13.83,15.688333333333333,92.44687499999999,0.71,4.266041666666667,18.942395833333332,1818.47,12.315833333333332,3.523229166666667,2025-02-24,13.405937499999999,12.616830357142858,15.91950892857143,15.258680555555555,15.121160714285713,17.808377976190478,80.27225694444444,77.04589285714285,78.25315476190475,0.71,0.88,1.4,110.13527777777773,133.78861607142855,134.1944022556391,31718.96,89905.95,180028.94,10.2178125,21.251041666666666,85.80635416666667,224.9495833333333,4.05,682503.5299999999
2425,2025-02-25,96,16.063958333333336,12.96,23.0,16.434895833333332,16.9678125,83.21041666666666,0.0,4.188645833333333,150.1683157894737,14265.99,12.969791666666666,6.063958333333336,2025-02-25,14.751458333333332,12.958497023809525,15.651450892857142,16.369756944444443,15.304419642857145,17.496004464285715,82.82079861111112,78.55718749999998,78.30152529761905,0.71,0.88,1.4,120.84822331871344,127.00766118421052,137.5917968358396,34654.119999999995,85198.98,184444.87,14.254375000000001,23.642708333333335,82.05354166666667,231.01354166666664,4.05,696769.5199999999
2425,2025-02-26,96,17.139062499999998,8.14,26.86,17.257916666666667,17.4190625,66.61020833333333,0.0,2.4118749999999998,212.98958333333334,20447.0,9.313437500000001,7.139062499999998,2025-02-26,15.575416666666664,13.179315476190478,15.31251488095238,16.691736111111112,15.332008928571428,17.170074404761902,80.75583333333333,75.14138392857141,77.46912202380952,0.71,0.71,1.4,127.3667649853801,152.13437249373433,141.88008552631578,36531.46,102084.12999999999,190208.33,16.72625,25.188437500000003,77.3084375,238.15260416666663,4.05,717216.5199999999
2425,2025-02-27,96,17.300520833333334,8.63,26.91,17.61520833333333,18.14979166666667,72.52052083333334,0.0,4.8890625000000005,176.76010416666668,16968.97,11.725520833333334,7.300520833333334,2025-02-27,16.83451388888889,13.969732142857142,14.891562500000001,17.512222222222224,15.71217261904762,16.805669642857143,74.11371527777777,74.73184523809525,76.8130505952381,0.0,0.71,1.1400000000000001,179.97266776315792,154.06039927944863,143.87443076441102,51681.96,103378.42,192888.72999999998,20.503541666666667,30.721354166666668,71.41510416666668,245.45312499999997,4.05,734185.4899999999
2425,2025-02-28,96,17.262083333333333,10.01,24.91,17.513854166666665,18.841874999999998,60.16833333333333,0.0,3.8932291666666665,221.28822916666664,21243.67,7.888333333333333,7.262083333333333,2025-02-28,17.233888888888888,15.426205357142857,14.838169642857142,18.136909722222224,16.736369047619046,16.712678571428572,66.43302083333333,74.76089285714285,75.38322916666667,0.0,0.71,1.1400000000000001,203.67930555555554,155.94458082706768,151.02672532894735,58659.64,104644.59,202622.57,21.701666666666664,37.9834375,70.66760416666668,252.7152083333333,4.05,755429.1599999999
2425,2025-03-01,96,15.179791666666667,5.91,25.51,15.4553125,18.150625,68.68124999999999,0.0,5.034895833333334,204.05177083333334,19588.97,8.248229166666667,5.179791666666667,2025-03-01,16.58079861111111,15.876547619047617,14.417730654761906,18.38076388888889,17.381517857142857,16.504613095238096,67.12336805555555,73.77752976190474,74.71994047619047,0.0,0.71,1.13,200.7000347222222,168.23347963659148,155.62469407894736,57801.61,112902.73,208802.24000000002,19.742395833333333,41.13583333333333,64.78145833333333,257.895,4.05,775018.1299999999
2425,2025-03-02,96,16.0046875,10.34,22.02,16.386979166666666,19.111250000000002,66.34864583333334,0.0,5.535208333333333,223.7223958333333,21477.35,8.405520833333332,6.004687499999999,2025-03-02,16.148854166666663,16.067619047619047,14.24893601190476,18.70125,17.76125,16.44751488095238,65.06607638888889,72.85517857142857,73.41660714285715,0.0,0.71,0.88,216.3541319444444,172.5603992794486,166.62008842418547,62309.99,115810.42000000001,223580.05,18.4465625,42.47333333333333,62.41833333333334,263.89968749999997,4.05,796495.4799999999
2425,2025-03-03,96,15.175104166666666,8.6,23.82,15.490208333333333,18.209479166666664,69.30229166666668,0.0,5.163125,205.11239583333335,19690.79,9.233437499999999,5.1751041666666655,2025-03-03,15.453194444444442,16.30360119047619,14.460215773809523,18.49045138888889,18.121413690476192,16.62128720238095,68.11072916666666,69.54880952380952,73.29735119047619,0.0,0.0,0.88,210.9621875,199.1561135651629,166.47236481829572,60757.11,133682.74,223588.68999999997,16.359583333333333,44.12520833333333,65.37625,269.0747916666666,4.05,816186.2699999999
2425,2025-03-04,96,19.003645833333334,10.34,26.15,19.199895833333333,20.07875,72.18635416666667,0.0,5.668125,185.6057291666667,17818.15,13.371354166666668,9.003645833333334,2025-03-04,16.7278125,16.723556547619047,14.841026785714286,19.13315972222222,18.56583333333333,16.93512648809524,69.27909722222223,67.97394345238095,73.26556547619047,0.0,0.0,0.88,204.8135069444444,204.2186011904762,165.61313118734338,58986.29,137234.9,222433.88,20.183437499999997,47.06489583333333,70.70760416666667,278.07843749999995,4.05,834004.4199999999
2425,2025-03-05,96,20.24052083333333,15.92,24.52,20.626562500000002,20.4265625,72.00552083333334,0.1,14.517604166666667,141.5659375,13590.33,14.812708333333333,10.240520833333331,2025-03-05,18.139756944444443,17.166622023809524,15.172968749999999,19.571597222222223,18.99547619047619,17.163742559523808,71.16472222222222,68.74470238095238,71.94304315476191,0.1,0.1,0.8099999999999999,177.42802083333333,194.01522321428573,173.07479785401003,51099.270000000004,130378.23,232462.36,24.41927083333333,50.166354166666665,75.35479166666666,288.3189583333333,4.1499999999999995,847594.7499999999
2425,2025-03-06,96,14.0396875,7.25,20.42,14.368229166666666,17.728020833333332,47.29791666666667,0.04,8.1165625,238.5334375,22899.21,2.2784375,4.039687499999999,2025-03-06,17.761284722222218,16.70078869047619,15.335260416666666,19.41111111111111,18.935223214285713,17.323697916666667,63.829930555555556,65.14147321428571,69.93665922619047,0.14,0.14,0.85,188.56836805555554,202.83998511904764,178.4501921992481,54307.69,136308.47,239686.88999999998,23.283854166666664,46.90552083333333,77.626875,292.3586458333333,4.1899999999999995,870493.9599999998
2425,2025-03-07,96,12.52375,2.84,23.98,12.664895833333333,17.484375,57.194583333333334,0.0,3.2885416666666667,238.85968749999998,22930.53,2.0272916666666667,2.5237499999999997,2025-03-07,15.601319444444442,16.02388392857143,15.725044642857142,18.546319444444446,18.741294642857145,17.738831845238096,58.83267361111111,64.71665178571429,69.73877232142857,0.14,0.14,0.85,206.31968749999996,205.35019345238098,180.6473871397243,59420.07,137995.33000000002,242639.91999999998,16.80395833333333,42.1671875,80.15062499999999,294.8823958333333,4.1899999999999995,893424.4899999999
2425,2025-03-08,96,14.0875,5.09,20.89,14.2821875,16.761875,85.44375000000001,0.12,2.9573958333333334,68.75,6600.0,11.679375,4.0875,2025-03-08,13.550312499999999,15.867842261904759,15.87219494047619,17.32475694444444,18.542901785714285,17.96220982142857,63.31208333333334,67.11129464285715,70.44441220238096,0.16,0.26,0.97,182.0477083333333,186.02136904761906,177.12742434210526,52429.74,125006.36,237909.09,10.6509375,41.07489583333333,82.21072916666665,298.9698958333333,4.31,900024.4899999999
2425,2025-03-09,93,18.74290322580645,14.36,24.25,19.1005376344086,19.078279569892473,87.21139784946236,0.01,2.96741935483871,87.3621505376344,8124.68,16.476989247311828,8.742903225806451,2025-03-09,15.118051075268816,16.25901593701997,16.16331749231951,17.77484318996416,18.53819172427035,18.149720862135176,76.6165770609319,70.09168778801843,71.47343317972351,0.13,0.27,0.98,131.6572793458781,166.54133400537634,169.55086664241247,37655.21,111653.69,227464.11,15.354153225806451,43.81311155913978,86.28644489247311,307.71279905913974,4.319999999999999,908149.1699999999
2425,2025-03-10,95,19.29336842105263,13.84,23.44,19.741894736842106,19.737894736842104,78.21147368421053,1.1,11.182842105263159,160.83642105263158,15279.46,15.225368421052632,9.29336842105263,2025-03-10,17.374590548953027,16.84733940193225,16.57547029620422,18.526016435578196,18.756536805723986,18.43897524810009,83.62220717789097,71.36442807623898,70.45661880002424,1.23,1.37,1.37,105.64952386342198,160.21619475099035,179.68615415807662,30004.14,107242.36,240925.1,22.123771646859083,47.93137581352575,92.05658414685908,317.00616748019235,5.42,923428.6299999999
2425,2025-03-11,96,16.138020833333332,7.68,25.64,16.335729166666667,17.250729166666666,57.3315625,0.0,5.247708333333334,247.20427083333334,23731.61,6.1710416666666665,6.138020833333332,2025-03-11,18.058097493397472,16.437964401932252,16.580760474775648,18.68896782446708,18.35253382953351,18.45918358143342,74.2514780112243,69.24231498100089,68.60812921669093,1.1099999999999999,1.37,1.37,165.13428080786642,169.01598641765705,186.6172938040666,47135.75,113155.81999999999,250390.72,24.174292480192413,45.065750813525746,92.13064664685908,323.14418831352566,5.42,947160.2399999999
2425,2025-03-12,96,15.736666666666666,6.18,26.13,15.961458333333333,18.373958333333334,63.90166666666667,0.0,4.3680208333333335,249.11229166666666,23914.78,7.433020833333334,5.736666666666666,2025-03-12,17.056018640350874,15.794556663837012,16.480589343823265,18.454194078947367,18.059304662866843,18.52739042667152,66.48156761695907,68.08462152861993,68.41466195478617,1.1,1.27,1.37,219.0509945175438,184.37975129860942,189.19748725644757,62925.85,123480.27,253858.5,21.168055921052627,40.561896646859076,90.72825081352575,328.88085498019234,5.42,971075.0199999999
2425,2025-03-13,96,16.471354166666668,7.13,26.23,16.651875,19.5384375,71.80947916666666,0.0,4.2446875,244.92208333333335,23512.52,10.242083333333333,6.471354166666668,2025-03-13,16.115347222222223,16.141937616217966,16.421363153347077,18.387708333333332,18.317935615247794,18.626579414766756,64.34756944444445,71.58627331433422,68.36387326430997,0.0,1.2300000000000002,1.37,247.0795486111111,185.29241498908564,194.06620005406663,71158.91,124093.58,260402.05000000002,18.346041666666665,42.99356331352575,89.89908414685908,335.352209146859,5.42,994587.5399999999
2425,2025-03-14,96,18.3665625,9.76,28.36,18.74354166666667,21.403020833333333,73.70937500000001,0.0,3.005625,229.74041666666668,22055.08,12.829270833333332,8.3665625,2025-03-14,16.858194444444447,16.976625116217964,16.500254522394695,19.771805555555556,18.87774216286684,18.809518402861993,69.80684027777778,73.94552926671518,69.33109052621474,0.0,1.2300000000000002,1.37,241.25826388888888,183.98966201289514,194.66992773263806,69482.38,123218.13,261213.46,20.574583333333337,48.83637581352575,91.00356331352575,343.718771646859,5.42,1016642.6199999999
2425,2025-03-15,96,22.115,13.0,29.59,22.29697916666667,22.974999999999998,71.7153125,0.0,5.959895833333333,214.61833333333334,20603.36,15.941770833333335,12.114999999999998,2025-03-15,18.984305555555554,18.12341083050368,16.995626546204218,21.305486111111108,19.76533144858113,19.154116617147707,72.4113888888889,71.98432390957232,69.54780927621474,0.0,1.11,1.37,229.76027777777776,204.82799534622845,195.42468219692373,66170.96,137221.49,262227.85,26.952916666666667,56.863875813525745,97.93877164685908,355.833771646859,5.42,1037245.9799999999
2425,2025-03-16,96,21.789583333333336,16.61,24.63,22.083333333333332,22.171041666666667,84.74177083333333,0.9400000000000001,8.590104166666666,29.642021276595745,2786.35,19.082916666666666,11.789583333333336,2025-03-16,20.757048611111113,18.558650845864662,17.408833391442318,22.18302083333333,20.20715460526316,19.372673164766756,76.72215277777777,71.63152005012532,70.86160391907188,0.9400000000000001,2.04,2.31,158.00025709219855,196.58226259465155,181.56179830001392,45444.79,131883.16,243536.85,32.271145833333335,59.910555921052634,103.72366748019242,367.62335498019235,6.36,1040032.3299999998
2425,2025-03-17,96,15.752916666666666,11.05,20.39,16.010416666666668,17.91541666666667,53.56375,0.01,8.282708333333334,260.5386458333333,25011.71,5.308020833333333,5.752916666666666,2025-03-17,19.885833333333334,18.052872023809524,17.450105712870887,21.02048611111111,19.9468005952381,19.351668700481042,70.00694444444444,68.11041666666667,69.73742237145282,0.9500000000000001,0.9500000000000001,2.3200000000000003,168.26633348108746,210.82543756332322,185.5208161571568,48401.42,141615.41,248857.77000000002,29.6575,56.370104166666664,104.30147998019241,373.37627164685904,6.37,1065044.0399999998
2425,2025-03-18,96,14.7025,4.97,24.91,14.689166666666667,17.449895833333333,51.326875,0.0,3.1135416666666664,262.47322916666667,25197.43,2.8934374999999997,4.702500000000001,2025-03-18,17.415000000000003,17.84779761904762,17.142881010489933,19.178784722222222,19.97525297619048,19.16389340286199,63.2107986111111,67.25260416666666,68.24745957383378,0.9500000000000001,0.9500000000000001,2.3200000000000003,184.21796542553184,213.00671732522798,191.01135187144249,52995.49,143081.23,256237.05,22.245000000000005,54.934583333333336,100.00033414685907,378.078771646859,6.37,1090241.4699999997
2425,2025-03-19,96,15.603333333333333,3.94,28.14,15.823020833333333,19.2840625,59.1471875,0.0,2.8578125,262.64635416666664,25214.05,5.411666666666666,5.6033333333333335,2025-03-19,15.352916666666667,17.828750000000003,16.811653331918507,18.216458333333335,20.105267857142856,19.08228626000485,54.67927083333333,66.57339285714286,67.32900719288139,0.01,0.9500000000000001,2.22,261.88607638888885,214.94015482522795,199.65995306191869,75423.19,144380.5,267860.77,16.05875,54.80125,95.3631466468591,383.6821049801924,6.37,1115455.5199999998
2425,2025-03-20,96,16.036458333333332,8.29,25.58,16.165208333333332,19.265520833333333,75.15135416666666,0.0,9.554270833333334,178.67135416666667,17152.45,11.307604166666666,6.036458333333332,2025-03-20,15.447430555555556,17.766622023809525,16.954279820013745,18.666493055555556,20.06627976190476,19.19210768857628,61.87513888888888,67.05080357142857,69.3185384428814,0.0,0.9500000000000001,2.18,234.5969791666666,205.47576494427557,195.38408996668062,67563.93,138020.43,262114.01,16.342291666666668,54.36635416666667,97.35991748019242,389.7185633135257,6.37,1132607.9699999997
2425,2025-03-21,96,11.946145833333333,4.11,19.21,12.301979166666667,18.070208333333333,52.278124999999996,0.0,5.101145833333333,272.36400000000003,25874.58,1.7747916666666665,1.9461458333333326,2025-03-21,14.528645833333334,16.849419642857143,16.913022379537555,18.87326388888889,19.590163690476192,19.233952926671517,62.19222222222222,63.989196428571425,68.9673628476433,0.0,0.9500000000000001,2.18,237.89390277777775,211.56484827760892,197.77725514525204,68241.08,141839.93,265058.06,13.585937499999998,47.9459375,96.78231331352575,391.664709146859,6.37,1158482.5499999998
2425,2025-03-22,96,12.45875,2.41,23.09,12.779270833333333,18.080625,67.656875,0.0,3.6821875,256.109375,24586.5,5.5140625000000005,2.45875,2025-03-22,13.48045138888889,15.469955357142856,16.79668309382327,18.472118055555555,18.890967261904763,19.328149355242946,65.02878472222221,63.40941964285714,67.69687177621473,0.0,0.9500000000000001,2.0600000000000005,235.7149097222222,217.49213994427558,211.16006764525204,67613.53,145823.07,283044.56,10.441354166666665,38.2896875,95.15356331352574,394.12345914685903,6.37,1183069.0499999998
2425,2025-03-23,96,15.72375,5.47,26.87,15.912395833333333,19.317083333333333,66.78625,0.0,3.0700000000000003,236.83302083333334,22735.97,8.101458333333333,5.723750000000001,2025-03-23,13.37621527777778,14.603407738095239,16.58102929197995,18.489305555555557,18.483258928571427,19.345206766917293,62.240416666666654,60.84434523809523,66.23793264411027,0.0,0.01,2.0500000000000003,255.1021319444444,247.09085416666667,221.8365583806591,73197.05,165772.69,297655.85000000003,10.128645833333334,32.22385416666666,92.1344100877193,399.84720914685903,6.37,1205805.0199999998
2425,2025-03-24,96,18.514791666666667,11.97,26.12,18.791458333333335,20.684583333333332,79.00979166666666,0.0,4.1970833333333335,134.51979166666666,12913.9,14.659791666666665,8.514791666666667,2025-03-24,15.56576388888889,14.997961309523811,16.525416666666665,19.360763888888886,18.878854166666667,19.412827380952383,71.15097222222221,64.47949404761904,66.29495535714287,0.0,0.0,0.9500000000000001,209.15406249999998,229.08816071428572,219.95679913880446,60236.37,153674.88,295290.29,16.69729166666667,34.985729166666665,91.35583333333334,408.3620008135257,6.37,1218718.9199999997
2425,2025-03-25,96,21.310208333333332,16.13,28.58,21.8403125,23.416562499999998,73.8859375,0.0,3.5615625000000004,221.6286458333333,21276.35,15.924583333333333,11.310208333333332,2025-03-25,18.51625,15.941919642857142,16.89485863095238,21.139409722222222,19.73123511904762,19.85324404761905,73.22732638888887,67.70221726190476,67.47741071428571,0.0,0.0,0.9500000000000001,197.66048611111106,223.25322023809525,218.1299687816616,56926.22,149753.8,292835.03,25.54875,41.5934375,96.52802083333333,419.672209146859,6.37,1239995.2699999998
2425,2025-03-26,96,20.495729166666667,10.41,30.06,20.722291666666667,23.663854166666667,63.961354166666666,0.0,3.5906249999999997,259.80833333333334,24941.6,12.026562499999999,10.495729166666667,2025-03-26,20.106909722222223,16.640833333333333,17.234791666666666,22.588333333333335,20.356919642857143,20.231093749999996,72.28569444444443,68.38995535714285,67.48167410714285,0.0,0.0,0.9500000000000001,205.31892361111105,222.84778869047616,218.89397175785209,59131.85,149481.35,293861.85,30.320729166666666,46.48583333333333,101.28708333333334,430.16793831352567,6.37,1264936.8699999999
2425,2025-03-27,96,18.1709375,8.88,27.66,18.445625,23.171458333333334,60.11000000000001,0.0,3.939375,262.9080208333333,25239.17,8.938125,8.1709375,2025-03-27,19.992291666666667,16.94575892857143,17.356190476190477,23.417291666666667,20.914910714285714,20.49059523809524,65.98576388888888,66.24119047619047,66.64599702380953,0.0,0.0,0.9500000000000001,248.11499999999992,234.88159821428573,220.17868157928064,71457.12,157568.06999999998,295588.5,29.976875,48.6203125,102.98666666666666,438.33887581352565,6.37,1290176.0399999998
2425,2025-03-28,96,19.697187500000002,11.29,27.59,20.0584375,23.0734375,70.4615625,0.0,4.799375,216.12322916666668,20747.83,13.470625,9.697187500000002,2025-03-28,19.454618055555557,18.053050595238094,17.45123511904762,23.302916666666665,21.629657738095236,20.609910714285714,64.84430555555555,68.8388244047619,66.41401041666667,0.0,0.0,0.9500000000000001,246.27986111111105,226.84720238095238,219.20602532928066,70928.6,152441.32,294281.25,28.36385416666667,56.37135416666667,104.31729166666666,448.03606331352563,6.37,1310923.8699999999
2425,2025-03-29,96,21.248124999999998,13.6,28.94,21.623437499999998,24.0284375,70.75875,0.0,4.384270833333333,222.95562500000003,21403.74,15.130729166666667,11.248124999999998,2025-03-29,19.705416666666668,19.308675595238096,17.38931547619048,23.424444444444443,22.479345238095238,20.685156250000002,67.11010416666666,69.2819494047619,66.34568452380952,0.0,0.0,0.9500000000000001,233.99562499999993,222.11095238095237,219.801546162614,67390.74,149258.56,295081.63,29.11625,65.16072916666667,103.45041666666667,459.28418831352565,6.37,1332327.6099999999
2425,2025-03-30,96,20.521145833333332,18.44,23.99,20.822708333333335,23.023124999999997,91.56458333333335,0.61,2.5729166666666665,52.16020833333334,5007.38,19.097604166666667,10.521145833333332,2025-03-30,20.488819444444445,19.994017857142858,17.298712797619046,23.375,23.00877976190476,20.746019345238096,77.59496527777777,72.8217113095238,66.83302827380952,0.61,0.61,0.62,163.74635416666663,195.72912202380948,221.4099880952381,47158.950000000004,131529.97,297302.66,31.46645833333333,69.958125,102.18197916666666,469.80533414685897,6.98,1337334.9899999998
2425,2025-03-31,96,22.6471875,18.52,28.58,23.171875,23.583229166666666,85.42145833333335,0.01,6.081041666666667,210.52697916666668,20210.59,19.910625,12.647187500000001,2025-03-31,21.47215277777778,20.58436011904762,17.791160714285713,23.544930555555553,23.42287202380952,21.150863095238098,82.58159722222223,73.7376636904762,69.10857886904763,0.62,0.62,0.62,161.8809375,206.58729166666666,217.83772619047616,46621.71000000001,138826.66,292501.54000000004,34.41645833333333,74.09052083333333,109.07625,482.45252164685894,6.99,1357545.5799999998
2425,2025-04-01,96,24.338125,20.72,30.3,24.863020833333334,25.562916666666666,82.34135416666666,0.0,5.731875,194.37104166666666,18659.62,20.919479166666665,14.338125000000002,2025-04-01,22.50215277777778,21.016919642857143,18.479419642857145,24.05642361111111,23.729494047619045,21.730364583333333,86.44246527777777,74.94558035714286,71.32389880952381,0.62,0.62,0.62,152.35274305555552,202.6933482142857,212.9732842261905,43877.59,136209.93,285963.73000000004,37.506458333333335,77.1184375,118.711875,496.79064664685893,6.99,1376205.2
2425,2025-04-02,96,25.065520833333334,17.92,32.54,25.401875,26.750937500000003,75.87614583333333,0.0,5.042708333333334,245.540625,23571.9,19.931145833333336,15.065520833333334,2025-04-02,24.016944444444448,21.669747023809524,19.155290178571427,25.29902777777778,24.170505952380953,22.263712797619046,81.2129861111111,76.64769345238096,72.5188244047619,0.01,0.62,0.62,216.8128819444444,200.65510416666666,211.75144642857143,62442.11,134840.22999999998,284321.58,42.05083333333334,81.68822916666667,128.1740625,511.85616748019225,6.99,1399777.0999999999
2425,2025-04-03,96,26.37625,21.36,32.03,26.830520833333335,28.103333333333335,71.94197916666667,0.0,6.0746875,229.33937500000002,22016.58,20.3865625,16.37625,2025-04-03,25.25996527777778,22.841934523809524,19.893846726190475,26.805729166666666,24.875059523809522,22.894985119047618,76.71982638888888,78.3379761904762,72.28958333333334,0.0,0.62,0.62,223.0836805555555,195.85958333333332,215.3705907738095,64248.100000000006,131617.64,289185.71,45.779895833333335,89.89354166666666,138.51385416666668,528.2324174801922,6.99,1421793.68
2425,2025-04-04,96,25.36010416666667,17.87,32.42,25.741979166666667,28.676354166666666,70.98458333333333,0.0,4.20125,263.1979166666667,25267.0,19.0984375,15.36010416666667,2025-04-04,25.600624999999997,23.650922619047623,20.85198660714286,27.843541666666667,25.67547619047619,23.65256696428571,72.93423611111109,78.41269345238095,73.62575892857144,0.0,0.62,0.62,246.0259722222222,202.5845386904762,214.71587053571426,70855.48000000001,136136.81,288578.13,46.801874999999995,95.55645833333334,151.92781250000002,543.5925216468589,6.99,1447060.68
2425,2025-04-05,96,24.853854166666665,16.54,32.35,25.2209375,28.577083333333334,71.09895833333333,0.0,5.1769791666666665,263.52010416666667,25297.93,18.6115625,14.853854166666665,2025-04-05,25.530069444444447,24.166026785714283,21.737351190476193,28.452256944444446,26.325282738095236,24.402313988095237,71.34184027777776,78.46129464285715,73.87162202380952,0.0,0.62,0.62,252.0191319444444,208.37946428571428,215.24520833333332,72581.51,140031.0,289289.56,46.59020833333334,99.1621875,164.32291666666666,558.4463758135256,6.99,1472358.6099999999
2425,2025-04-06,96,24.984895833333336,18.81,31.97,25.373854166666664,28.501041666666666,73.62333333333333,0.0,6.6240625,234.09729166666668,22473.34,19.4715625,14.984895833333336,2025-04-06,25.066284722222225,24.80370535714286,22.39886160714286,28.58482638888889,27.10784226190476,25.05831101190476,71.90229166666666,75.89825892857142,74.35998511904761,0.0,0.01,0.62,253.60510416666662,234.3704761904762,215.04979910714286,73038.26999999999,157496.96,289026.93,45.19885416666667,103.62593750000002,173.58406250000002,573.4312716468589,6.99,1494831.95
2425,2025-04-07,96,24.81322916666667,18.84,32.03,25.241979166666667,27.7765625,76.61739583333333,0.08,10.841458333333334,219.28885416666665,21051.73,20.062083333333334,14.81322916666667,2025-04-07,24.88399305555556,25.11313988095238,22.84875,28.284895833333334,27.706889880952385,25.56488095238095,73.77989583333333,74.64053571428572,74.18909970238096,0.08,0.08,0.7,238.96874999999997,235.62217261904763,221.10473214285713,68823.0,158338.1,297164.76,44.65197916666667,105.79197916666668,179.8825,588.2445008135256,7.07,1515883.68
2425,2025-04-08,96,18.562395833333333,14.21,23.87,19.17833333333333,25.292291666666667,72.65239583333333,0.06,4.819270833333333,258.6765625,24832.95,13.113020833333332,8.562395833333333,2025-04-08,22.78684027777778,24.288035714285716,22.652477678571433,27.189965277777777,27.66822916666667,25.698861607142856,74.29770833333332,73.25639880952382,74.10098958333333,0.14,0.14,0.76,237.35423611111105,244.8086755952381,223.75101190476192,68358.02,164511.43000000002,300721.36,38.36052083333334,100.01625000000001,177.1346875,596.806896646859,7.13,1540716.63
2425,2025-04-09,96,18.381666666666668,10.62,25.49,18.76,24.89197916666667,65.48822916666667,0.0,4.534791666666666,289.88416666666666,27828.88,10.90875,8.381666666666668,2025-04-09,20.58576388888889,23.333199404761903,22.501473214285713,25.986944444444447,27.402663690476192,25.786584821428573,71.58600694444443,71.77241071428571,74.21005208333334,0.14,0.14,0.76,255.94986111111106,251.1434672619048,225.89928571428572,73713.56,168768.41000000003,303608.64,31.75729166666667,93.33239583333334,175.020625,605.1885633135256,7.13,1568545.5099999998
2425,2025-04-10,96,20.842916666666667,14.53,27.89,21.328958333333333,25.937916666666666,69.71822916666666,0.0,3.645729166666667,260.42395833333336,25000.7,14.421041666666667,10.842916666666667,2025-04-10,19.26232638888889,22.54272321428571,22.69232886904762,25.374062500000004,27.093318452380952,25.984188988095237,69.28628472222222,71.45473214285714,74.89635416666667,0.06,0.14,0.76,269.66156249999995,255.58412202380956,225.72185267857145,77662.53,171752.53,303370.17,27.78697916666667,87.7990625,177.69260416666665,616.0314799801922,7.13,1593546.2099999997
2425,2025-04-11,96,19.2065625,12.83,27.58,19.650312500000002,25.272291666666664,70.59447916666666,0.6599999999999999,5.872083333333333,271.80677083333336,26093.45,13.066041666666665,9.2065625,2025-04-11,19.477048611111115,21.663645833333334,22.657284226190477,25.367395833333333,26.60702380952381,26.141249999999996,68.60031249999999,71.39900297619047,74.90584821428571,0.6599999999999999,0.7999999999999999,1.42,274.0382986111111,256.81395833333335,229.69924851190476,78923.03,172578.98,308715.79,28.431145833333336,81.64552083333334,177.2019791666667,625.2380424801922,7.79,1619639.6599999997
2425,2025-04-12,96,16.667708333333334,11.88,22.66,17.016145833333333,21.11854166666667,66.97291666666666,0.0,4.549375,285.99229166666663,27455.26,9.991770833333334,6.667708333333334,2025-04-12,18.905729166666667,20.49419642857143,22.330111607142857,24.109583333333333,25.541517857142853,25.93340029761905,69.09520833333333,70.80956845238094,74.63543154761905,0.6599999999999999,0.7999999999999999,1.42,272.74100694444445,260.02427083333333,234.2018675595238,78549.41,174736.31,314767.31,26.7171875,73.45937500000001,172.6215625,631.9057508135255,7.79,1647094.9199999997
2425,2025-04-13,96,17.413645833333334,8.72,25.55,17.685,21.891145833333336,57.993854166666665,0.0,2.7855208333333334,300.89270833333336,28885.7,7.476041666666667,7.413645833333334,2025-04-13,17.76263888888889,19.412589285714287,22.10814732142857,22.760659722222226,24.597247023809526,25.852544642857143,65.18708333333332,68.5767857142857,72.23752232142857,0.6599999999999999,0.7999999999999999,0.8099999999999999,286.23059027777776,269.56647321428574,251.96847470238095,82434.41,181148.67,338645.63,23.287916666666668,65.888125,169.51406250000002,639.3193966468589,7.79,1675980.6199999996
2425,2025-04-14,96,18.49802083333333,8.64,28.2,18.859270833333333,23.598229166666666,65.815,0.0,4.1721875,290.44114583333334,27882.35,11.037395833333333,8.498020833333332,2025-04-14,17.526458333333334,18.510416666666664,21.811778273809523,22.202638888888888,24.000342261904763,25.853616071428572,63.5939236111111,67.03358630952381,70.83706101190475,0.0,0.72,0.7999999999999999,292.44204861111103,279.73108630952385,257.6766294642857,84223.31,187979.29,346317.39,22.579375,59.572916666666664,165.36489583333335,647.8174174801923,7.79,1703862.9699999997
2425,2025-04-15,96,20.058020833333334,12.53,27.22,20.506770833333334,24.6840625,74.26,0.0,6.8828125,286.68375,27521.64,14.904166666666667,10.058020833333334,2025-04-15,18.6565625,18.724077380952384,21.506056547619046,23.391145833333336,23.91345238095238,25.790840773809524,66.02295138888888,67.26324404761905,70.25982142857143,0.0,0.6599999999999999,0.7999999999999999,292.67253472222217,283.7321130952381,264.2703943452381,84289.69,190667.97999999998,355179.41000000003,25.9696875,61.06854166666666,161.0847916666667,657.8754383135256,7.79,1731384.6099999996
2425,2025-04-16,96,19.758020833333333,13.03,26.03,20.117083333333333,25.502604166666668,55.150416666666665,0.0,3.4944791666666664,305.10822916666666,29290.39,8.774270833333334,9.758020833333333,2025-04-16,19.438020833333336,18.920699404761905,21.126949404761906,24.594965277777778,24.000684523809525,25.701674107142857,65.07513888888887,65.78641369047618,68.77941220238095,0.0,0.6599999999999999,0.7999999999999999,294.0777083333333,285.90697916666664,268.52522321428575,84694.38,192129.49,360897.9,28.3140625,62.444895833333334,155.77729166666666,667.633459146859,7.79,1760674.9999999995
2425,2025-04-17,96,18.8334375,8.05,28.68,19.3084375,25.016041666666666,60.15770833333334,0.0,2.665,294.3563541666667,28258.21,9.051979166666667,8.833437499999999,2025-04-17,19.54982638888889,18.63363095238095,20.58817708333333,25.067569444444445,23.868988095238098,25.481153273809525,63.18937499999999,64.420625,67.93767857142856,0.0,0.6599999999999999,0.7999999999999999,295.3827777777778,290.7544642857143,273.16929315476193,85070.23999999999,195387.0,367139.52999999997,28.649479166666666,60.43541666666667,148.23447916666666,676.4668966468589,7.79,1788933.2099999995
2425,2025-04-18,96,21.383958333333336,11.23,30.57,21.8709375,26.3984375,67.59104166666667,0.0,4.056666666666667,293.180625,28145.34,14.203854166666666,11.383958333333336,2025-04-18,19.99180555555556,18.944687500000004,20.304166666666667,25.63902777777778,24.029866071428575,25.31844494047619,60.96638888888888,63.9915625,67.69528273809524,0.0,0.0,0.7999999999999999,297.54840277777777,293.8078720238095,275.31091517857146,85693.94,197438.88999999998,370017.87,29.975416666666668,62.612812500000004,144.25833333333333,687.8508549801923,7.79,1817078.5499999996
2425,2025-04-19,96,22.66208333333333,13.48,30.81,23.1696875,27.4465625,66.3621875,0.0,4.2646875,293.72208333333333,28197.32,15.159791666666665,12.662083333333332,2025-04-19,20.95982638888889,19.80102678571429,20.147611607142856,26.28701388888889,24.93386904761905,25.237693452380956,64.70364583333333,63.90431547619048,67.35694196428571,0.0,0.0,0.7999999999999999,293.7530208333333,294.91212797619045,277.4681994047619,84600.87,198180.95,372917.26,32.87947916666667,68.6071875,142.0665625,700.5129383135256,7.79,1845275.8699999996
2425,2025-04-20,96,23.606458333333332,15.58,31.14,24.111041666666665,27.90614583333333,63.67520833333333,0.0,4.436041666666667,286.248125,27479.82,15.676354166666668,13.606458333333332,2025-04-20,22.550833333333333,20.685714285714287,20.049151785714287,27.25038194444444,25.79315476190476,25.195200892857144,65.87614583333333,64.71593750000001,66.64636160714285,0.0,0.0,0.7999999999999999,291.0502777777778,292.82004464285717,281.1932589285714,83822.48000000001,196775.07,377923.74,37.6525,74.8,140.688125,714.119396646859,7.79,1872755.6899999997
2425,2025-04-21,96,23.953437500000003,17.07,30.63,24.524375000000003,28.605,67.078125,0.0,3.647604166666667,254.81677083333332,24462.41,16.8509375,13.953437500000003,2025-04-21,23.40732638888889,21.465059523809526,19.987738095238093,27.985902777777778,26.508407738095237,25.254375000000003,65.7051736111111,64.89638392857144,65.96498511904761,0.0,0.0,0.72,278.2623263888889,287.7308482142857,283.73096726190477,80139.55,193355.13,381334.42,40.22197916666667,80.25541666666666,139.82833333333332,728.0728341468589,7.79,1897218.0999999996
2425,2025-04-22,96,23.369583333333335,15.84,30.04,23.952708333333334,28.339479166666667,71.32229166666666,0.0,2.9002083333333335,213.7201041666667,20517.13,17.459791666666668,13.369583333333335,2025-04-22,23.643159722222226,21.93813988095238,20.331108630952382,28.283541666666665,27.03061011904762,25.472031249999997,67.35854166666665,64.47671130952382,65.86997767857143,0.0,0.0,0.6599999999999999,251.59499999999994,277.3074702380953,280.51979166666666,72459.36,186350.62,377018.60000000003,40.92947916666667,83.56697916666667,144.63552083333332,741.4424174801923,7.79,1917735.2299999995
2425,2025-04-23,96,23.913854166666667,16.15,32.03,24.503333333333334,28.976354166666667,71.60114583333333,0.0,3.783333333333333,272.7532291666667,26184.31,17.975625,13.913854166666667,2025-04-23,23.745625,22.53183035714286,20.72626488095238,28.64027777777778,27.52686011904762,25.763772321428572,70.00052083333333,66.82681547619048,66.30661458333333,0.0,0.0,0.6599999999999999,247.09670138888887,272.6853273809524,279.2961532738095,71163.85,183244.53999999998,375374.03,41.236875000000005,87.7228125,150.16770833333334,755.3562716468589,7.79,1943919.5399999996
2425,2025-04-24,96,23.278125,16.5,30.3,23.778125,28.878229166666667,72.11239583333334,0.0,4.040104166666667,246.10468749999998,23626.05,17.4071875,13.278125,2025-04-24,23.520520833333336,23.166785714285712,20.900208333333335,28.731354166666666,28.07860119047619,25.973794642857143,71.6786111111111,68.53462797619048,66.47762648809524,0.0,0.0,0.6599999999999999,244.1926736111111,265.79223214285713,278.2733482142857,70327.48999999999,178612.38,373999.38,40.5615625,92.1675,152.60291666666666,768.6343966468589,7.79,1967545.5899999996
2425,2025-04-25,96,23.5971875,15.04,32.17,24.1290625,28.7075,70.32802083333333,0.0,3.9826041666666665,277.2007291666667,26611.27,17.24385416666667,13.5971875,2025-04-25,23.596388888888885,23.48296130952381,21.213824404761905,28.854027777777777,28.408467261904757,26.21916666666667,71.34718749999998,68.925625,66.45859375,0.0,0.0,0.0,265.3528819444444,263.50938988095237,278.658630952381,76421.63,177078.31,374517.2,40.78916666666667,94.38072916666667,156.9935416666667,782.231584146859,7.79,1994156.8599999996
2425,2025-04-26,96,24.06041666666667,16.09,31.76,24.5396875,29.230625,70.8703125,0.0,2.7583333333333333,271.42479166666664,26056.78,17.7834375,14.060416666666669,2025-04-26,23.645243055555557,23.682723214285716,21.741875,28.938784722222223,28.66333333333333,26.798601190476187,71.10357638888888,69.56964285714285,66.73697916666666,0.0,0.0,0.0,264.9100694444444,260.3240625,277.61809523809524,76294.1,174937.77,373118.72,40.93572916666667,95.77906250000001,164.38625000000002,796.2920008135256,7.79,2020213.6399999997
2425,2025-04-27,96,25.469791666666666,18.21,33.34,26.0603125,30.268229166666668,66.02916666666667,0.0,3.443229166666667,296.794375,28492.26,17.675520833333334,15.469791666666666,2025-04-27,24.37579861111111,23.94891369047619,22.31731398809524,29.402118055555558,29.000773809523814,27.396964285714287,69.07583333333332,69.90592261904762,67.31093005952381,0.0,0.0,0.0,281.8066319444444,261.8306696428571,277.3253571428572,81160.31,175950.21,372725.27999999997,43.12739583333334,97.64239583333334,172.44239583333334,811.7617924801923,7.79,2048705.8999999997
2425,2025-04-28,96,23.683645833333333,17.97,32.18,24.294583333333335,30.130208333333332,74.07604166666667,0.08,3.9057291666666667,260.3130208333333,24990.05,18.189375000000002,13.683645833333333,2025-04-28,24.404618055555556,23.910372023809526,22.687715773809526,29.87635416666667,29.21866071428571,27.863534226190474,70.32517361111111,70.905625,67.90100446428572,0.08,0.08,0.08,276.17739583333326,262.6158482142857,275.17334821428574,79539.09,176477.84999999998,369832.98,43.213854166666664,97.37260416666668,177.62802083333335,825.4454383135256,7.87,2073695.9499999997
2425,2025-04-29,96,23.35947916666667,18.13,29.58,23.89854166666667,28.247291666666666,73.51625,0.01,4.46,238.036875,22851.54,17.866145833333334,13.35947916666667,2025-04-29,24.170972222222222,23.90892857142857,22.923534226190473,29.548576388888886,29.205491071428575,28.118050595238095,71.20715277777776,71.21904761904761,67.84787946428573,0.09,0.09,0.09,265.0480902777777,266.08967261904763,271.6985714285714,76333.84999999999,178812.26,365162.88,42.51291666666667,97.36250000000001,180.92947916666668,838.8049174801923,7.88,2096547.4899999998
2425,2025-04-30,96,22.116874999999997,13.74,30.4,22.637083333333333,28.059166666666666,68.17739583333334,0.0,3.843958333333333,301.9321875,28985.49,15.1778125,12.116874999999997,2025-04-30,23.05333333333333,23.65221726190476,23.092023809523806,28.81222222222222,29.07446428571428,28.300662202380952,71.92322916666666,70.72994047619048,68.77837797619047,0.09,0.09,0.09,266.7606944444444,270.2580952380952,271.4717113095238,76827.08,181613.44,364857.98,39.16,95.56552083333334,183.28833333333333,850.9217924801924,7.88,2125532.98
2425,2025-05-01,96,22.480729166666666,13.23,30.41,22.9553125,27.977500000000003,68.454375,0.0,3.258645833333333,238.15770833333332,22863.14,15.693541666666667,12.480729166666666,2025-05-01,22.652361111111116,23.53830357142857,23.352544642857143,28.09465277777778,28.94578869047619,28.51219494047619,70.04934027777777,70.20736607142857,69.37099702380952,0.01,0.09,0.09,259.37559027777775,269.1228125,267.4575223214286,74700.17,180850.53,359462.91000000003,37.95708333333333,94.768125,186.935625,863.4025216468591,7.88,2148396.12
2425,2025-05-02,96,23.827916666666667,14.84,32.26,24.363229166666667,28.775833333333335,64.06,0.0,3.4978125,283.80020833333333,27244.82,15.523645833333333,13.827916666666667,2025-05-02,22.808506944444446,23.57126488095238,23.527113095238093,28.270833333333332,28.955550595238098,28.68200892857143,66.89725694444444,69.31193452380953,69.11877976190476,0.0,0.09,0.09,274.6300347222222,270.0655952380952,266.7874925595238,79093.45000000001,181484.08000000002,358562.38999999996,38.42552083333333,94.99885416666666,189.37958333333333,877.2304383135257,7.88,2175640.94
2425,2025-05-03,96,24.46104166666667,18.95,29.93,25.028958333333335,29.108541666666667,71.02510416666667,0.0,5.829791666666666,211.1065625,20266.23,18.557291666666668,14.46104166666667,2025-05-03,23.589895833333333,23.628497023809523,23.65561011904762,28.620625,28.93811011904762,28.800721726190478,67.84649305555554,69.33404761904762,69.45184523809523,0.0,0.09,0.09,244.35482638888882,261.44870535714284,260.88638392857143,70374.19,175693.53,350631.3,40.7696875,95.39947916666667,191.17854166666666,891.6914799801924,7.88,2195907.17
2425,2025-05-04,96,23.363125,18.18,29.48,23.872083333333332,27.660520833333333,77.8534375,0.28,6.937916666666666,253.14572916666668,24301.99,19.015625,13.363125,2025-05-04,23.884027777777778,23.32754464285714,23.63822916666667,28.514965277777776,28.565580357142856,28.78317708333333,70.97951388888889,71.02322916666667,70.46457589285714,0.28,0.37,0.37,249.3508333333333,255.21318452380953,258.5219270833333,71813.04000000001,171503.26,347453.47000000003,41.65208333333334,93.2928125,190.93520833333332,905.0546049801924,8.16,2220209.16
2425,2025-05-05,96,23.368229166666666,17.17,29.96,23.895104166666666,27.418541666666666,72.165,0.0,4.384895833333333,230.02572916666668,22082.47,17.655520833333334,13.368229166666666,2025-05-05,23.730798611111112,23.282485119047617,23.59642857142857,28.06253472222222,28.178199404761905,28.698430059523808,73.68118055555554,70.75022321428573,70.82792410714286,0.28,0.29,0.37,231.42600694444442,250.88642857142855,256.7511383928571,66650.69,168595.68000000002,345073.52999999997,41.192395833333336,92.97739583333333,190.35,918.422834146859,8.16,2242291.6300000004
2425,2025-05-06,96,24.477083333333336,16.85,30.86,25.028854166666665,28.58,69.53989583333333,0.0,2.7578125,241.8058947368421,22971.56,18.111250000000002,14.477083333333336,2025-05-06,23.736145833333335,23.44214285714286,23.67553571428571,27.886354166666663,28.225729166666667,28.71561011904762,73.1861111111111,70.18217261904762,70.70061011904762,0.28,0.27999999999999997,0.37,241.65911769005845,251.42485996240606,258.7572662907268,69356.02,168715.7,347527.95999999996,41.2084375,94.095,191.4575,932.8999174801924,8.16,2265263.1900000004
2425,2025-05-07,96,25.451666666666668,20.23,31.73,25.955520833333335,28.94125,79.35135416666667,0.01,3.8705208333333334,187.79260416666668,18028.09,21.424270833333335,15.451666666666668,2025-05-07,24.432326388888892,23.91854166666667,23.785379464285715,28.313263888888887,28.351741071428574,28.713102678571428,73.68541666666665,71.77845238095239,71.25419642857143,0.01,0.29,0.38,219.87474269005847,235.11920520050126,252.68865021929824,63082.12,157758.30000000002,339371.74,43.296979166666674,97.42979166666667,192.9953125,948.3515841468591,8.17,2283291.2800000003
2425,2025-05-08,96,25.5553125,21.29,31.25,26.10947916666667,28.922083333333333,77.1040625,0.0,5.68,175.86145833333333,16882.7,21.013854166666665,15.5553125,2025-05-08,25.16135416666667,24.357767857142857,23.948035714285716,28.814444444444444,28.486681547619046,28.716235119047617,75.33177083333332,73.01412202380952,71.61074404761904,0.01,0.29,0.38,201.819985745614,226.219740914787,247.6712767073935,57882.350000000006,151777.86,332628.39,45.48406250000001,100.50437500000001,195.2725,963.9068966468591,8.17,2300173.9800000004
2425,2025-05-09,96,25.395520833333332,19.36,33.67,26.021770833333335,29.4571875,74.5896875,0.0,4.046458333333333,250.0140625,24001.35,19.955208333333335,15.395520833333332,2025-05-09,25.4675,24.581711309523808,24.076488095238094,29.106840277777778,28.584017857142857,28.769784226190477,77.01503472222221,74.5183630952381,71.91514880952381,0.01,0.29,0.38,204.55604166666663,221.39314865288222,245.72937194548874,58912.14,148534.39,330018.47,46.4025,102.07197916666668,197.07083333333333,979.3024174801924,8.17,2324175.3300000005
2425,2025-05-10,96,22.541979166666668,19.08,30.07,22.919375000000002,27.026770833333334,83.82489583333333,0.73,4.386354166666666,116.02989583333334,11138.87,19.430208333333333,12.541979166666668,2025-05-10,24.497604166666665,24.307559523809523,23.968028273809523,28.468680555555554,28.28662202380952,28.61236607142857,78.50621527777776,76.34690476190475,72.8404761904762,0.73,1.02,1.1099999999999999,180.63513888888883,207.81076770050126,234.62973652882206,52022.92,139407.03,315100.56,43.4928125,100.15291666666667,195.55239583333332,991.8443966468591,8.9,2335314.2000000007
2425,2025-05-11,96,22.9525,19.77,27.63,23.319479166666667,24.583020833333332,89.66624999999999,0.31,3.140416666666667,74.98802083333334,7198.85,21.117916666666666,12.9525,2025-05-11,23.63,24.248898809523812,23.788221726190475,27.02232638888889,27.846979166666667,28.20627976190476,82.69361111111108,78.0344494047619,74.52883928571428,1.04,1.05,1.42,147.0106597222222,182.35966651002508,218.7864255169173,42339.07000000001,122303.89000000001,293807.15,40.89,99.74229166666667,193.03510416666668,1004.7968966468591,9.21,2342513.0500000007
2425,2025-05-12,96,23.390104166666664,19.5,28.33,23.74427083333333,24.704791666666665,85.80729166666667,0.7000000000000001,5.573368421052632,163.18270833333335,15665.54,20.776354166666668,13.390104166666664,2025-05-12,22.961527777777775,24.25202380952381,23.767254464285713,25.438194444444445,27.459300595238094,27.818749999999998,86.4328125,79.98334821428571,75.36678571428571,1.74,1.75,2.04,118.06687499999998,172.81066353383457,211.84854605263158,34003.26,115886.96,284482.64,38.88458333333333,99.76416666666667,192.7415625,1018.1870008135257,9.91,2358178.590000001
2425,2025-05-13,96,23.43625,17.89,29.55,23.917708333333334,25.5371875,75.36864583333333,0.01,5.663125,280.1558333333333,26894.96,18.37125,13.436250000000001,2025-05-13,23.259618055555553,24.10333333333333,23.7727380952381,24.941666666666666,27.024613095238095,27.625171130952378,83.61406249999999,80.81602678571429,75.49909970238095,1.02,1.76,2.04,172.7755208333333,178.2892261904762,214.85704307644113,49759.35,119810.35999999999,288526.06,39.77885416666666,98.72333333333333,192.81833333333333,1031.6232508135258,9.92,2385073.5500000007
2425,2025-05-14,96,23.925,16.78,31.11,24.448541666666667,27.263020833333332,74.06218750000001,0.0,4.7946875,278.791875,26764.02,18.553854166666667,13.925,2025-05-14,23.583784722222223,23.885238095238094,23.90188988095238,25.834999999999997,26.784866071428574,27.56830357142857,78.41270833333333,80.06043154761905,75.91944196428571,0.71,1.75,2.04,240.71013888888885,191.28912202380954,213.20416361215538,69324.52,128546.29,286304.58999999997,40.751354166666665,97.19666666666666,194.62645833333335,1045.5482508135258,9.92,2411837.5700000008
2425,2025-05-15,96,24.919270833333332,17.72,32.62,25.47458333333333,28.861041666666665,72.76197916666666,0.0,5.340104166666666,305.5971875,29337.33,19.076041666666665,14.919270833333332,2025-05-15,24.093506944444446,23.794375000000002,24.076071428571428,27.220416666666665,26.776145833333334,27.63141369047619,74.06427083333332,79.44013392857143,76.22712797619047,0.01,1.75,2.04,288.1816319444444,209.82279761904763,218.02126926691727,82996.31,141000.92,292778.77999999997,42.280520833333334,96.560625,197.06500000000003,1060.467521646859,9.92,2441174.900000001
2425,2025-05-16,96,25.3465625,17.25,33.56,25.750937500000003,29.364479166666666,72.61770833333334,0.0,5.739270833333333,306.291875,29404.02,19.408854166666668,15.346562500000001,2025-05-16,24.730277777777783,23.78738095238095,24.184546130952384,28.496180555555554,26.762901785714284,27.67345982142857,73.14729166666666,79.15842261904763,76.83839285714285,0.0,1.75,2.04,296.8936458333333,217.86248511904765,219.62781688596493,85505.37,146403.59,294937.98000000004,44.19083333333333,96.51166666666666,198.58364583333332,1075.814084146859,9.92,2470578.920000001
2425,2025-05-17,96,25.7946875,18.76,33.79,26.248437499999998,30.027604166666666,72.69375000000001,0.0,5.87375,297.91333333333336,28599.68,19.982083333333332,15.794687499999998,2025-05-17,25.353506944444444,24.252053571428572,24.279806547619046,29.417708333333334,27.19159226190476,27.73910714285714,72.69114583333332,77.56825892857144,76.9575818452381,0.0,1.02,2.04,303.2674652777778,243.84583333333333,225.8283005169173,87341.03,163864.4,303271.43,46.06052083333333,99.764375,199.91729166666667,1091.608771646859,9.92,2499178.600000001
2425,2025-05-18,96,26.29104166666667,19.83,33.69,26.840520833333333,30.7540625,73.99145833333334,0.0,4.804791666666667,300.218125,28820.94,20.681562500000002,16.29104166666667,2025-05-18,25.81076388888889,24.728988095238094,24.488943452380948,30.048715277777777,28.073169642857142,27.960074404761908,73.10097222222221,75.32900297619048,76.68172619047618,0.0,0.71,1.76,301.4744444444444,276.0215625,229.19061450501255,86824.64,185486.49,307790.38,47.43229166666667,103.10291666666666,202.84520833333335,1107.8998133135256,9.92,2527999.540000001
2425,2025-05-19,96,26.597916666666666,19.37,34.0,27.208229166666666,31.344270833333336,74.45625,0.0,3.6325000000000003,276.51875,26545.8,21.2225,16.597916666666666,2025-05-19,26.227881944444448,25.187247023809526,24.719635416666666,30.708645833333332,29.02166666666667,28.240483630952383,73.71381944444444,73.70742559523809,76.84538690476191,0.0,0.01,1.76,291.55006944444443,292.2124255952381,232.51154456453634,83966.42,196366.75,312253.71,48.68364583333333,106.31072916666668,206.07489583333333,1124.4977299801922,9.92,2554545.340000001
2425,2025-05-20,96,27.1375,20.76,33.97,27.7734375,31.969062500000003,72.91510416666667,0.03,5.324791666666667,296.7113541666667,28484.29,21.343125,17.1375,2025-05-20,26.675486111111113,25.715997023809525,24.90966517857143,31.355798611111112,29.940505952380956,28.482559523809524,73.78760416666665,73.35691964285715,77.08647321428573,0.03,0.03,1.79,291.1494097222222,294.5775,236.4333630952381,83851.03,197956.08,317766.44000000006,50.02645833333334,110.01197916666666,208.73531250000002,1141.6352299801922,9.95,2583029.630000001
2425,2025-05-21,96,27.71166666666667,22.25,33.64,28.32229166666667,31.753020833333334,74.92927083333333,0.0,8.704791666666667,284.6479166666667,27326.2,22.434791666666666,17.71166666666667,2025-05-21,27.14902777777778,26.256949404761905,25.07109375,31.688784722222223,30.581934523809526,28.68340029761905,74.10020833333333,73.48078869047619,76.77061011904762,0.03,0.03,1.78,285.95934027777776,295.4140773809524,243.35159970238098,82356.29,198518.26,327064.55,51.44708333333333,113.79864583333332,210.99531249999998,1159.3468966468588,9.95,2610355.830000001
2425,2025-05-22,96,25.7246875,19.42,30.57,26.150000000000002,30.878854166666667,62.435,0.0,3.3352083333333336,190.0979166666667,18249.4,17.1084375,15.724687500000002,2025-05-22,26.857951388888893,26.37200892857143,25.083191964285714,31.533645833333335,30.870193452380953,28.823169642857145,70.09312499999999,72.00550595238096,75.72281994047619,0.03,0.03,1.78,257.1523958333333,278.9141815476191,244.36848958333334,74059.89,187430.33,328431.25,50.57385416666667,114.6040625,211.1646875,1175.0715841468589,9.95,2628605.230000001
2425,2025-05-23,96,25.41541666666667,14.55,34.92,25.925,30.2415625,62.77729166666666,0.0,3.001875,314.555,30197.28,16.421041666666667,15.415416666666669,2025-05-23,26.283923611111117,26.381845238095234,25.084613095238097,30.9578125,30.995491071428575,28.879196428571426,66.71385416666666,70.59973214285715,74.87907738095238,0.0,0.03,1.78,263.10027777777776,280.0946279761905,248.97855654761906,75772.88,188223.59,334627.18,48.85177083333335,114.67291666666667,211.18458333333334,1190.4870008135256,9.95,2658802.5100000007
2425,2025-05-24,96,26.709999999999997,19.25,35.7,27.371041666666667,31.976041666666664,67.19979166666667,0.0,3.4327083333333337,299.20739583333335,28723.91,19.41125,16.709999999999997,2025-05-24,25.950034722222224,26.51260416666667,25.38232886904762,31.032152777777778,31.273839285714285,29.232715773809524,64.1373611111111,69.81488095238095,73.69156994047619,0.0,0.03,1.0500000000000003,267.9534375,280.27949404761904,262.0626636904762,77170.59,188347.82,352212.22000000003,47.85010416666667,115.58822916666666,215.35260416666668,1207.1970008135256,9.95,2687526.420000001
2425,2025-05-25,96,26.508645833333333,19.53,35.45,27.205833333333334,32.21145833333333,71.73260416666666,0.0,4.251041666666667,287.94305263157895,27354.59,20.242083333333333,16.508645833333333,2025-05-25,26.211354166666666,26.543690476190477,25.636339285714286,31.476354166666663,31.482038690476195,29.777604166666666,67.23656249999999,69.4921875,72.41059523809524,0.0,0.03,0.7400000000000002,300.5684828216374,278.5259122807018,277.2737373903509,86275.78,186881.47,372367.95999999996,48.6340625,115.80583333333334,218.90875,1223.705646646859,9.95,2714881.0100000007
2425,2025-05-26,96,27.388958333333335,20.24,34.91,28.08604166666667,32.28041666666667,71.33427083333333,0.0,4.3159374999999995,273.6123958333333,26266.79,20.98125,17.388958333333335,2025-05-26,26.869201388888893,26.65669642857143,25.921971726190474,32.155972222222225,31.61577380952381,30.31872023809524,70.08888888888889,69.04619047619047,71.37680803571429,0.0,0.03,0.04,286.92094809941517,278.1107188283208,285.16157221177946,82345.29,186602.46,382969.21,50.60760416666666,116.596875,222.9076041666667,1241.0946049801923,9.95,2741147.8000000007
2425,2025-05-27,96,26.91208333333333,20.08,35.61,27.48125,31.152604166666666,75.535,0.61,3.6645833333333333,248.94979166666667,23899.18,21.75708333333333,16.91208333333333,2025-05-27,26.936562500000004,26.62449404761905,26.170245535714283,31.881493055555556,31.499136904761905,30.71982142857143,72.86729166666666,69.42046130952382,71.38869047619048,0.61,0.61,0.64,270.16841337719296,271.28763847117796,282.93256923558897,77520.56,182017.35,379973.43,50.809687499999995,116.37145833333332,226.3834375,1258.0066883135257,10.559999999999999,2765046.980000001
2425,2025-05-28,96,27.5903125,21.85,34.28,28.123437499999998,29.18041666666667,74.23760416666667,0.0,4.495729166666666,246.04125,23619.96,22.09375,17.5903125,2025-05-28,27.297118055555558,26.607157738095243,26.432053571428575,30.871145833333333,31.131622023809523,30.856778273809528,73.70229166666665,69.32165178571428,71.40122023809523,0.61,0.61,0.64,256.2011458333333,265.77240037593987,280.59323887844613,73785.93000000001,178311.11,376829.37000000005,51.891354166666666,116.25010416666667,230.04875,1275.5970008135257,10.559999999999999,2788666.940000001
2425,2025-05-29,96,26.244791666666668,22.22,34.04,26.813437500000003,30.064166666666665,79.07666666666667,0.0,3.0446875,208.6003125,20025.63,22.0196875,16.244791666666668,2025-05-29,26.91572916666667,26.68145833333333,26.52673363095238,30.132395833333334,31.015238095238097,30.942715773809528,76.28309027777777,71.69903273809523,71.8522693452381,0.61,0.61,0.64,234.53045138888888,268.41559978070177,273.6648906641604,67544.76999999999,180087.34,367517.67000000004,50.747187499999995,116.77020833333333,231.37427083333333,1291.8417924801925,10.559999999999999,2808692.5700000008
2425,2025-05-30,96,27.17375,21.7,33.4,27.78322916666667,30.757604166666667,75.40072916666666,0.0,6.797083333333333,258.53729166666665,24819.579999999998,22.028229166666666,17.17375,2025-05-30,27.00295138888889,26.932648809523812,26.657247023809525,30.00072916666667,31.08895833333333,31.042224702380956,76.23833333333333,73.50238095238095,72.05105654761905,0.0,0.61,0.64,237.7262847222222,260.413070018797,270.2538489974938,68465.17,174709.64,362933.23,51.008854166666666,118.52854166666665,233.20145833333333,1309.0155424801924,10.559999999999999,2833512.150000001
2425,2025-05-31,96,24.920937499999997,21.36,30.43,25.415729166666665,28.771041666666665,73.06875000000001,0.24000000000000002,5.3,237.2513541666667,22776.13,19.375416666666666,14.920937499999997,2025-05-31,26.113159722222225,26.67706845238095,26.59483630952381,29.864270833333332,30.631101190476187,30.952470238095238,75.84871527777779,74.34080357142857,72.07784226190476,0.24000000000000002,0.85,0.88,234.79631944444444,251.5622069235589,265.920850485589,67621.34,168761.86,357109.68,48.33947916666666,116.73947916666667,232.32770833333333,1323.9364799801924,10.799999999999999,2856288.2800000007
2425,2025-06-01,96,24.336875000000003,16.85,31.94,24.8125,28.453333333333333,66.42041666666667,0.0,3.81,274.9953125,26399.55,17.031354166666667,14.336875000000003,2025-06-01,25.4771875,26.366815476190474,26.45525297619048,29.32732638888889,30.09422619047619,30.788132440476186,71.62996527777777,73.58191964285716,71.53705357142857,0.24000000000000002,0.85,0.88,256.9279861111111,249.7125297619048,264.11922102130325,73995.26,167806.82,354688.29,46.4315625,114.56770833333334,230.37354166666665,1338.2733549801924,10.799999999999999,2882687.8300000005
2425,2025-06-02,96,24.719791666666666,17.08,31.45,25.293541666666666,29.651666666666667,67.31552083333334,0.0,2.4925,246.9971875,23711.73,17.413854166666667,14.719791666666666,2025-06-02,24.65920138888889,25.98550595238095,26.321101190476192,28.958680555555556,29.718690476190478,30.66723214285714,68.93489583333333,73.0078125,71.02700148809524,0.24000000000000002,0.85,0.88,253.08128472222222,245.91035714285712,262.010537985589,72887.41,165251.76,351854.22000000003,43.977604166666666,111.89854166666666,228.49541666666667,1352.993146646859,10.799999999999999,2906399.5600000005
2425,2025-06-03,96,22.746666666666666,20.27,28.79,23.118020833333333,27.2059375,89.19802083333333,2.47,3.4101041666666667,111.93531250000001,10745.79,20.82677083333333,12.746666666666666,2025-06-03,23.93444444444445,25.39044642857143,26.007470238095237,28.43697916666667,29.154880952380953,30.327008928571427,74.31131944444444,74.95967261904762,72.19006696428572,2.47,2.71,3.3200000000000003,211.30927083333333,226.3368601190476,248.81224929511276,60857.07,152098.37,334115.72000000003,41.803333333333335,107.733125,224.10458333333332,1365.7398133135257,13.27,2917145.3500000006
2425,2025-06-04,96,25.111666666666665,21.9,29.94,25.5690625,26.46375,83.68458333333334,0.0,5.428541666666667,168.22864583333333,16149.95,22.011041666666667,15.111666666666665,2025-06-04,24.192708333333332,25.036354166666662,25.821755952380954,27.773784722222228,28.766785714285714,29.94920386904762,80.06604166666666,76.30924107142857,72.81544642857143,2.47,2.7100000000000004,3.3200000000000003,175.72038194444443,215.2207738095238,240.49658709273186,50607.47,144628.36,322939.47000000003,42.578125,105.25447916666666,221.50458333333333,1380.8514799801924,13.27,2933295.3000000007
2425,2025-06-05,96,26.625520833333336,22.49,33.12,27.14833333333333,28.351979166666666,78.36114583333334,0.0,5.3038541666666665,233.60505263157896,22192.48,22.250937500000003,16.625520833333336,2025-06-05,24.82795138888889,25.090744047619047,25.88610119047619,27.340555555555557,28.522187499999998,29.76871279761905,83.74791666666665,76.2070238095238,73.95302827380952,2.47,2.7100000000000004,3.3200000000000003,171.25633698830407,218.7928795426065,243.60423966165416,49088.22,146795.21,326882.55,44.48385416666667,105.63520833333332,222.40541666666667,1397.4770008135258,13.27,2955487.7800000007
2425,2025-06-06,96,27.555000000000003,22.21,33.22,28.090833333333332,30.221041666666665,76.73083333333334,0.0,5.809375,250.3728125,24035.79,22.72583333333333,17.555000000000003,2025-06-06,26.43072916666667,25.145208333333333,26.038928571428574,28.345590277777774,28.445535714285715,29.767247023809524,79.59218750000001,76.3970386904762,74.94970982142857,0.0,2.7100000000000004,3.3200000000000003,217.4021703216374,217.62652537593985,239.01979769736843,62378.22,146011.42,320721.06000000006,49.292187500000004,106.01645833333333,224.54500000000002,1415.0320008135259,13.27,2979523.5700000008
2425,2025-06-07,96,27.787604166666668,22.15,33.94,28.3628125,31.433020833333334,75.91239583333333,0.0,6.2749999999999995,283.0905208333333,27176.69,22.7434375,17.787604166666668,2025-06-07,27.32270833333334,25.554732142857144,26.11590029761905,30.002013888888886,28.825818452380954,29.728459821428572,77.00145833333333,76.80327380952382,75.5720386904762,0.0,2.47,3.3200000000000003,255.6894619883041,224.17497775689225,237.86859234022558,73404.96,150411.98,319173.83999999997,51.96812500000001,108.883125,225.62260416666666,1432.8196049801925,13.27,3006700.2600000007
2425,2025-06-08,96,28.310937499999998,23.31,33.93,28.91197916666667,32.132395833333334,75.35114583333333,0.0,7.385000000000001,277.21010416666667,26612.17,23.192916666666665,18.310937499999998,2025-06-08,27.88451388888889,26.122455357142854,26.24463541666667,31.262152777777775,29.351398809523808,29.7228125,75.998125,78.07909226190476,75.83050595238095,0.0,2.47,3.3200000000000003,270.2244791666667,224.49137656641605,237.1019531641604,77824.65,150624.6,318431.42000000004,53.65354166666667,112.85718750000001,227.42489583333332,1451.1305424801924,13.27,3033312.4300000006
2425,2025-06-09,96,28.045937499999997,23.28,33.59,28.6209375,32.434270833333336,74.63333333333334,0.0,6.2870833333333325,284.01666666666665,27265.6,22.634583333333335,18.045937499999997,2025-06-09,28.04815972222222,26.597619047619048,26.2915625,31.99989583333333,29.74891369047619,29.733802083333334,75.29895833333332,79.12449404761904,76.06615327380952,0.0,2.47,3.3200000000000003,281.43909722222224,229.77987359022558,237.84511536654136,81054.45999999999,154178.47,319430.23,54.14447916666666,116.18333333333332,228.081875,1469.1764799801924,13.27,3060578.0300000007
2425,2025-06-10,96,27.217604166666664,22.52,33.72,27.784166666666668,32.085625,77.80885416666666,0.01,4.23625,232.93520833333332,22361.78,22.685937499999998,17.217604166666664,2025-06-10,27.858159722222222,27.236324404761906,26.31338541666667,32.21743055555556,30.4460119047619,29.80044642857143,75.9311111111111,77.49747023809525,76.22857142857143,0.01,0.01,2.72,264.72065972222225,247.06557299498746,236.70121655701755,76239.54999999999,165794.46,317892.83,53.57447916666666,120.65427083333333,228.38739583333333,1486.394084146859,13.28,3082939.8100000005
2425,2025-06-11,96,25.58385416666667,20.42,34.24,26.203958333333333,30.96677083333333,81.7628125,0.11,3.1339583333333336,242.90958333333333,23319.32,21.924583333333334,15.583854166666669,2025-06-11,26.949131944444446,27.303779761904764,26.170066964285713,31.828888888888887,31.089300595238093,29.9280431547619,78.06833333333333,77.22293154761905,76.7660863095238,0.12,0.12,2.8300000000000005,253.28715277777778,257.73427835213033,236.47752608082706,72946.7,172963.83000000002,317592.18999999994,50.84739583333334,121.12645833333335,226.3809375,1501.9779383135258,13.389999999999999,3106259.1300000004
2425,2025-06-12,96,27.485833333333332,22.55,34.84,28.112708333333334,31.633958333333336,76.3928125,0.0,3.6640625,297.85864583333336,28594.43,22.435833333333335,17.485833333333332,2025-06-12,26.762430555555557,27.426681547619044,26.258712797619047,31.562118055555555,31.558154761904763,30.04017113095238,78.65482638888888,76.94174107142858,76.57438244047619,0.12,0.12,2.8300000000000005,257.9011458333334,266.91336309523814,242.85312131892232,74275.53,179365.78,326160.99,50.28729166666666,121.98677083333334,227.62197916666668,1519.4637716468592,13.389999999999999,3134853.5600000005
2425,2025-06-13,96,27.476041666666664,23.21,33.26,28.0290625,32.24239583333333,77.24187500000001,0.0,3.8969791666666667,211.9853125,20350.59,22.85375,17.476041666666664,2025-06-13,26.848576388888887,27.415401785714284,26.28030505952381,31.614375,31.84691964285714,30.14622767857143,78.46583333333332,77.01474702380952,76.70589285714286,0.11,0.12,2.8300000000000005,250.91784722222224,261.42943452380956,239.52797994987466,72264.34,175680.58,321692.0,50.54572916666667,121.90781249999999,227.92427083333334,1536.9398133135257,13.389999999999999,3155204.1500000004
2425,2025-06-14,96,26.915833333333335,22.9,32.17,27.447812499999998,30.933645833333333,81.48260416666666,0.08,3.068645833333333,203.5404166666667,19539.88,23.312812500000003,16.915833333333335,2025-06-14,27.292569444444442,27.290863095238098,26.42279761904762,31.603333333333335,31.77558035714286,30.300699404761904,78.37243055555555,77.81049107142857,77.3068824404762,0.08,0.2,2.6700000000000004,237.7947916666667,250.0651339285714,237.1200558427318,68484.9,168043.77,318455.75,51.87770833333333,121.03604166666665,229.91916666666668,1553.855646646859,13.469999999999999,3174744.0300000003
2425,2025-06-15,96,26.30260416666667,22.82,32.99,26.93947916666667,30.547291666666666,82.01541666666667,0.88,4.15625,242.80552083333336,23309.33,22.775104166666665,16.30260416666667,2025-06-15,26.89815972222222,27.003958333333337,26.563206845238092,31.24111111111111,31.549136904761905,30.450267857142858,80.24663194444445,78.76252976190476,78.42081101190476,0.96,1.08,3.5500000000000003,219.44375000000002,245.15019345238096,234.82078500939852,63199.8,164740.93,315365.53,50.69447916666667,119.02770833333332,231.8848958333333,1570.1582508135257,14.35,3198053.3600000003
2425,2025-06-16,96,26.894479166666667,22.12,32.31,27.50645833333333,29.716458333333335,80.6046875,0.0,3.9308333333333336,274.55177083333336,26356.97,23.028229166666666,16.894479166666667,2025-06-16,26.70430555555556,26.839464285714286,26.718541666666663,30.399131944444445,31.160877976190477,30.45489583333333,81.36756944444444,79.61558035714286,79.37003720238097,0.96,1.08,3.5500000000000003,240.29923611111113,243.79806547619046,236.78896953320802,69206.18000000001,163832.3,318010.76999999996,50.11291666666667,117.87625,234.05958333333334,1587.0527299801925,14.35,3224410.3300000005
2425,2025-06-17,96,28.24229166666667,23.46,35.25,28.822604166666665,31.846770833333334,74.466875,0.0,3.535,300.1934375,28818.57,22.692291666666666,18.24229166666667,2025-06-17,27.14645833333334,26.985848214285713,27.11108630952381,30.703506944444445,31.126755952380954,30.78638392857143,79.02899305555555,79.13815476190476,78.31781249999999,0.88,1.0699999999999998,1.08,272.51690972222224,253.40638392857142,250.23597846177947,78484.87,170289.09,336083.55,51.43937500000001,118.90093750000001,239.55520833333333,1605.2950216468591,14.35,3253228.9000000004
2425,2025-06-18,96,27.629270833333333,24.4,34.07,28.157291666666666,31.51625,76.86072916666667,0.03,3.9126041666666667,222.3884375,21349.29,22.939375,17.629270833333333,2025-06-18,27.588680555555555,27.278050595238096,27.290915178571428,31.02649305555556,31.205252976190476,31.147276785714286,77.31076388888889,78.43785714285714,77.8303943452381,0.03,0.99,1.1099999999999999,265.71121527777774,250.47479166666668,254.1045350093985,76524.83,168319.06,341282.89,52.76604166666667,120.94635416666667,242.07281250000003,1622.9242924801924,14.379999999999999,3274578.1900000004
2425,2025-06-19,96,26.87125,23.62,32.21,27.381041666666665,30.63479166666667,82.19520833333333,0.0,3.329166666666667,151.39291666666665,14533.72,23.501875,16.87125,2025-06-19,27.5809375,27.190252976190475,27.30846726190476,31.33260416666667,31.062514880952385,31.310334821428572,77.8409375,79.26677083333334,78.10425595238095,0.03,0.99,1.1099999999999999,224.65826388888888,229.55111607142857,248.23223958333332,64701.579999999994,154258.35,333624.13,52.7428125,120.33177083333334,242.31854166666665,1639.7955424801924,14.379999999999999,3289111.9100000006
2425,2025-06-20,96,27.328958333333333,22.97,35.08,28.009375000000002,32.1034375,78.82104166666666,0.16,3.6170833333333334,292.0364583333333,28035.5,22.88145833333333,17.328958333333333,2025-06-20,27.27649305555556,27.16924107142857,27.292321428571427,31.418159722222224,31.042663690476193,31.444791666666667,79.29232638888888,79.49236607142858,78.25355654761906,0.19,1.15,1.27,221.93927083333332,240.98699404761905,251.2082142857143,63918.509999999995,161943.26,337623.83999999997,51.82947916666666,120.1846875,242.09249999999997,1657.1245008135256,14.54,3317147.4100000006
2425,2025-06-21,96,26.563958333333332,21.67,34.01,27.171562499999997,30.392083333333332,80.63562499999999,0.03,2.4753125,258.69604166666664,24834.82,22.6375,16.563958333333332,2025-06-21,26.921388888888888,27.118973214285713,27.204918154761906,31.0434375,30.965297619047618,31.370438988095238,80.55062499999998,79.37136904761905,78.5909300595238,0.19,1.0999999999999999,1.3,234.04180555555556,248.86636904761903,249.46575148809524,67404.04000000001,167238.2,335281.97000000003,50.76416666666667,119.83281250000002,240.86885416666667,1673.688459146859,14.569999999999999,3341982.2300000004
2425,2025-06-22,96,27.758020833333333,21.88,34.54,28.260729166666668,31.096458333333334,75.26072916666666,0.0,3.5920833333333335,278.6147916666667,26747.02,22.574166666666667,17.758020833333333,2025-06-22,27.216979166666665,27.326889880952383,27.165424107142854,31.197326388888886,31.04375,31.296443452380952,78.23913194444442,78.40641369047619,78.58447172619047,0.19,0.22,1.3,276.44909722222224,253.98197916666666,249.56608630952383,79617.34,170675.89,335416.82,51.6509375,121.28822916666667,240.31593750000002,1691.4464799801924,14.569999999999999,3368729.2500000005
2425,2025-06-23,96,27.958541666666665,22.21,33.86,28.500312499999996,31.885104166666665,74.37229166666667,0.06,3.88625,244.7458947368421,23250.86,22.592708333333334,17.958541666666665,2025-06-23,27.426840277777774,27.47889880952381,27.15918154761905,31.12454861111111,31.353556547619046,31.257217261904763,76.75621527777777,77.51607142857142,78.56582589285713,0.09,0.28,1.3599999999999999,260.68557602339183,249.72399686716793,246.7610311716792,74832.7,167569.78,331402.08,52.28052083333333,122.35229166666667,240.22854166666667,1709.405021646859,14.629999999999999,3391980.1100000003
2425,2025-06-24,96,27.89708333333333,20.75,35.13,28.493229166666666,32.76072916666667,71.65729166666667,0.0,3.350520833333333,312.6585416666667,30015.22,21.706145833333334,17.89708333333333,2025-06-24,27.87121527777778,27.429583333333333,27.207715773809525,31.914097222222225,31.48412202380953,31.30543898809524,73.7634375,77.11470238095238,78.12642857142858,0.06,0.28,1.3499999999999999,278.67307602339184,251.5047260338346,252.45555498120302,80013.1,168766.43,339055.51999999996,53.61364583333332,122.00708333333333,240.90802083333332,1727.3021049801923,14.629999999999999,3421995.3300000005
2425,2025-06-25,96,28.041875,20.45,35.24,28.693749999999998,33.1825,68.9678125,0.0,2.838854166666667,288.1642708333333,27663.77,21.051041666666666,18.041875,2025-06-25,27.965833333333336,27.48852678571428,27.38328869047619,32.60944444444445,31.722157738095238,31.46370535714286,71.6657986111111,75.98714285714286,77.21249999999999,0.06,0.24999999999999997,1.2399999999999998,281.856235745614,260.9012736528822,255.68803265977445,80929.85,175080.91,343399.97000000003,53.897499999999994,122.4196875,243.36604166666666,1745.3439799801922,14.629999999999999,3449659.1000000006
2425,2025-06-26,96,26.35666666666667,21.88,34.34,26.958333333333332,32.954166666666666,75.56864583333333,0.0,3.1489583333333333,237.926875,22840.98,21.38489583333333,16.35666666666667,2025-06-26,27.431875,27.41501488095238,27.302633928571428,32.96579861111112,32.05349702380953,31.558005952380956,72.06458333333332,75.04049107142858,77.15363095238095,0.0,0.25,1.2399999999999998,279.58322916666674,273.2632677005013,251.40719188596492,80519.97,183388.16999999998,337646.51999999996,52.295625,121.90510416666667,242.236875,1761.7006466468588,14.629999999999999,3472500.0800000005
2425,2025-06-27,96,25.375,20.58,33.63,25.9471875,31.44666666666667,80.56135416666667,0.04,3.24375,210.708125,20227.98,21.433854166666666,15.375,2025-06-27,26.591180555555557,27.135877976190475,27.152559523809522,32.52777777777778,31.95967261904762,31.501168154761903,75.03260416666666,75.28910714285715,77.39073660714287,0.04,0.13,1.2799999999999998,245.59975694444447,261.6449343671679,251.3159642073935,70732.73,175580.65,337523.91000000003,49.773541666666674,119.95114583333333,240.13583333333335,1777.0756466468588,14.669999999999998,3492728.0600000005
2425,2025-06-28,96,25.35729166666667,21.5,31.4,25.846145833333335,29.147499999999997,83.04822916666667,0.05,3.7256249999999995,172.60583333333332,16570.16,22.134375000000002,15.357291666666669,2025-06-28,25.696319444444445,26.963497023809527,27.04123511904762,31.182777777777783,31.781875000000003,31.37358630952381,79.7260763888889,75.63376488095238,77.50256696428572,0.09,0.15,1.25,207.0802777777778,249.34633317669173,249.1063511121554,59639.119999999995,167315.99000000002,334554.19,47.08895833333334,118.74447916666668,238.5772916666667,1792.4329383135255,14.719999999999999,3509298.2200000007
2425,2025-06-29,96,24.367083333333337,22.22,30.37,24.8709375,27.90427083333333,87.58822916666666,0.51,3.8478125,140.54645833333333,13492.46,22.10364583333333,14.367083333333337,2025-06-29,25.033125000000002,26.479077380952383,26.90298363095238,29.499479166666664,31.325848214285713,31.184799107142855,83.73260416666666,77.39483630952381,77.90062499999999,0.6,0.66,0.88,174.62013888888887,229.62228555764412,241.8021323621554,50290.600000000006,154061.43,324737.32,45.09937500000001,115.35354166666667,236.64177083333334,1806.8000216468588,15.229999999999999,3522790.6800000006
2425,2025-06-30,96,24.14635416666667,21.67,28.53,24.57614583333333,26.101145833333334,88.71020833333334,1.69,6.19625,114.69833333333334,11011.04,22.131249999999998,14.146354166666669,2025-06-30,24.623576388888893,25.93447916666667,26.70668898809524,27.717638888888885,30.499568452380952,30.9265625,86.4488888888889,79.44311011904763,78.47959077380952,2.25,2.29,2.57,142.61687500000002,211.04406250000002,230.38402968358398,41073.66,141821.61,309391.39,43.87072916666668,111.54135416666668,233.89364583333332,1820.9463758135255,16.919999999999998,3533801.7200000007
