season,observation_date,plot_id,plot_prefix,plot_block,plot_replicate,canopy_area,canopy_depth,canopy_volume,flower_count,green_fruit_count,pink_fruit_count,red_or_ripe_fruit_count,white_fruit_count,yield_g,n_weather_records,tmean_2m_c,tmin_2m_c,tmax_2m_c,tmean_60cm_c,soil_temp_mean_c,rh_mean_pct,rainfall_in,wind_speed_mean_mph,solar_radiation_mean_wm2,solar_radiation_sum_wm2_records,dew_point_mean_c,gdd_base_10_c,tmean_2m_c_3d_mean,tmean_2m_c_7d_mean,tmean_2m_c_14d_mean,soil_temp_mean_c_3d_mean,soil_temp_mean_c_7d_mean,soil_temp_mean_c_14d_mean,rh_mean_pct_3d_mean,rh_mean_pct_7d_mean,rh_mean_pct_14d_mean,rainfall_in_3d_sum,rainfall_in_7d_sum,rainfall_in_14d_sum,solar_radiation_mean_wm2_3d_mean,solar_radiation_mean_wm2_7d_mean,solar_radiation_mean_wm2_14d_mean,solar_radiation_sum_wm2_records_3d_sum,solar_radiation_sum_wm2_records_7d_sum,solar_radiation_sum_wm2_records_14d_sum,gdd_base_10_c_3d_sum,gdd_base_10_c_7d_sum,gdd_base_10_c_14d_sum,cumulative_gdd_base_10_c,cumulative_rainfall_in,cumulative_solar_radiation_sum_wm2_records,origin_day_of_year,origin_month,days_since_season_first_observation,previous_flower_count,change_flower_count,rolling_mean_2_flower_count,rolling_mean_3_flower_count,rolling_std_3_flower_count,previous_green_fruit_count,change_green_fruit_count,rolling_mean_2_green_fruit_count,rolling_mean_3_green_fruit_count,rolling_std_3_green_fruit_count,previous_white_fruit_count,change_white_fruit_count,rolling_mean_2_white_fruit_count,rolling_mean_3_white_fruit_count,rolling_std_3_white_fruit_count,previous_pink_fruit_count,change_pink_fruit_count,rolling_mean_2_pink_fruit_count,rolling_mean_3_pink_fruit_count,rolling_std_3_pink_fruit_count,previous_red_or_ripe_fruit_count,change_red_or_ripe_fruit_count,rolling_mean_2_red_or_ripe_fruit_count,rolling_mean_3_red_or_ripe_fruit_count,rolling_std_3_red_or_ripe_fruit_count,previous_canopy_area,change_canopy_area,rolling_mean_2_canopy_area,rolling_mean_3_canopy_area,rolling_std_3_canopy_area,previous_canopy_depth,change_canopy_depth,rolling_mean_2_canopy_depth,rolling_mean_3_canopy_depth,rolling_std_3_canopy_depth,previous_canopy_volume,change_canopy_volume,rolling_mean_2_canopy_volume,rolling_mean_3_canopy_volume,rolling_std_3_canopy_volume,previous_yield_g,change_yield_g,rolling_mean_2_yield_g,rolling_mean_3_yield_g,rolling_std_3_yield_g,total_visible_fruit_count,ripe_share_of_visible_fruit,green_share_of_visible_fruit,flower_to_green_ratio,green_to_ripe_ratio,target_date,next_yield_g,delta_next_yield_g,forecast_horizon_days,forecast_task
2324,2024-01-08,B11,B,1,1,1485317.0,1814427.0,1814427.0,2.0,14.0,4.0,9.0,1.0,84.0,96,12.507083333333334,9.08,16.98,12.696458333333332,13.006875,82.47687499999999,0.02,4.230625,23.1853125,2225.79,9.583958333333332,2.507083333333334,15.0565625,12.9471875,12.8146484375,15.378958333333337,14.320357142857144,14.1809765625,81.66697916666666,79.795625,80.13928385416666,0.8600000000000001,1.02,1.02,80.01430555555557,107.7697619047619,109.93813802083334,23044.120000000003,72421.28,84432.49,15.1696875,20.630312499999995,22.5171875,22.5171875,1.02,84432.48999999999,8,1,0,,,2.0,2.0,,,,14.0,14.0,,,,1.0,1.0,,,,4.0,4.0,,,,9.0,9.0,,,,1485317.0,1485317.0,,,,1814427.0,1814427.0,,,,1814427.0,1814427.0,,,,84.0,84.0,,30.0,0.2999999900000003,0.4666666511111116,0.14285713265306196,1.5555553827160686,2024-01-16,103.0,19.0,8.0,plot_level_next_window
2324,2024-01-16,B11,B,1,1,1598939.0,2076444.0,2076444.0,2.0,31.0,7.0,4.0,13.0,103.0,96,17.04854166666667,8.58,21.94,17.396041666666665,17.473125,94.94791666666669,1.45,6.029062499999999,32.909479166666664,3159.31,16.2309375,7.048541666666669,13.644305555555556,13.661636904761906,13.879151785714289,14.52145833333333,14.597038690476191,14.684375,84.365,79.36620535714285,80.94207589285713,1.45,1.53,3.82,62.44854166666666,82.54610119047618,86.86925595238095,17985.18,55470.98,116752.28,11.472291666666669,26.170833333333334,54.8475,56.8509375,3.88,142552.69999999998,16,1,8,2.0,0.0,2.0,2.0,0.0,14.0,17.0,22.5,22.5,12.020815280171307,1.0,12.0,7.0,7.0,8.48528137423857,4.0,3.0,5.5,5.5,2.1213203435596424,9.0,-5.0,6.5,6.5,3.5355339059327378,1485317.0,113622.0,1542128.0,1542128.0,80342.8866919779,1814427.0,262017.0,1945435.5,1945435.5,185273.99748615563,1814427.0,262017.0,1945435.5,1945435.5,185273.99748615563,84.0,19.0,93.5,93.5,13.435028842544403,57.0,0.07017543736534321,0.5438596395814098,0.06451612695109267,7.7499980625004845,2024-01-23,22.0,-81.0,7.0,plot_level_next_window
2324,2024-01-23,B11,B,1,1,1461191.0,1870595.0,1870595.0,2.0,14.0,0.0,4.0,3.0,22.0,96,18.293645833333333,13.57,22.75,18.577604166666667,16.361250000000002,82.23156250000001,0.0,4.235833333333333,93.22572916666668,8949.67,15.061666666666667,8.293645833333333,11.875763888888889,10.462544642857145,12.062090773809524,12.589375,12.273392857142856,13.435215773809524,73.98114583333334,70.53050595238095,74.94835565476191,0.0,0.0,1.53,114.10902777777778,117.54267308897242,100.04438713972432,32863.4,78938.71,134409.69,10.359999999999998,14.51927083333333,40.69010416666667,71.37020833333332,3.88,221491.41,23,1,15,2.0,0.0,2.0,2.0,0.0,31.0,-17.0,22.5,19.666666666666668,9.814954576223638,13.0,-10.0,8.0,5.666666666666667,6.429100507328637,7.0,-7.0,3.5,3.6666666666666665,3.5118845842842465,4.0,0.0,4.0,5.666666666666667,2.886751345948129,1598939.0,-137748.0,1530065.0,1515149.0,73560.10497545528,2076444.0,-205849.0,1973519.5,1920488.6666666667,137950.2104106164,2076444.0,-205849.0,1973519.5,1920488.6666666667,137950.2104106164,103.0,-81.0,62.5,69.66666666666667,42.35957192103496,23.0,0.17391303591682453,0.6086956257088858,0.14285713265306196,3.4999991250002185,2024-01-30,192.0,170.0,7.0,plot_level_next_window
2324,2024-01-30,B11,B,1,1,1164576.0,1522782.0,1522782.0,0.0,11.0,1.0,6.0,4.0,192.0,96,10.5378125,3.12,18.94,10.706666666666663,14.528229166666668,73.83979166666667,0.0,3.861170212765957,173.69726315789475,16501.24,5.218229166666666,0.5378124999999994,12.958368055555557,18.03215773809524,14.247351190476191,16.604305555555552,19.05563988095238,15.664516369047618,73.60635416666666,79.72150297619046,75.12600446428573,0.03,0.22,0.22,167.08516410818714,138.16929652255638,127.8559848057644,47946.83,92676.07,171614.78,8.875104166666668,56.22510416666667,70.744375,127.59531249999998,4.1,314167.48000000004,30,1,22,2.0,-2.0,1.0,1.3333333333333333,1.1547005383792517,14.0,-3.0,12.5,18.666666666666668,10.785793124908958,3.0,1.0,3.5,6.666666666666667,5.507570547286102,0.0,1.0,0.5,2.6666666666666665,3.7859388972001824,4.0,2.0,5.0,4.666666666666667,1.1547005383792515,1461191.0,-296615.0,1312883.5,1408235.3333333333,221970.78843021963,1870595.0,-347813.0,1696688.5,1823273.6666666667,279847.9658713519,1870595.0,-347813.0,1696688.5,1823273.6666666667,279847.9658713519,22.0,170.0,107.0,105.66666666666667,85.03136676152708,22.0,0.27272726033057904,0.49999997727272827,0.0,1.8333330277778286,2024-02-06,264.0,72.0,7.0,plot_level_next_window
2324,2024-02-06,B11,B,1,1,1239286.0,1465912.0,1465912.0,8.0,10.0,3.0,14.0,2.0,264.0,96,13.478645833333331,9.5,18.78,13.831145833333332,15.071458333333332,62.14927083333333,0.0,8.390520833333333,182.835625,17552.22,5.745729166666667,3.478645833333333,14.113784722222222,13.057708333333334,15.544933035714283,15.41753472222222,15.240416666666668,17.148028273809523,79.00041666666665,74.52035714285715,77.12093005952381,0.09,0.09,0.31,108.05861111111112,143.0740625,140.6216795112782,31120.880000000005,96145.77,188821.84000000003,12.341354166666669,21.403958333333332,77.6290625,148.99927083333333,4.19,410313.25,37,2,29,0.0,8.0,4.0,3.3333333333333335,4.163331998932265,11.0,-1.0,10.5,11.666666666666666,2.0816659994661366,4.0,-2.0,3.0,3.0,1.000000000000002,1.0,2.0,2.0,1.3333333333333333,1.527525231651947,6.0,8.0,10.0,8.0,5.291502622129181,1164576.0,74710.0,1201931.0,1288351.0,154274.57737747973,1522782.0,-56870.0,1494347.0,1619763.0,219080.05019398735,1522782.0,-56870.0,1494347.0,1619763.0,219080.05019398735,192.0,72.0,228.0,159.33333333333334,124.2631616100819,37.0,0.37837836815193604,0.2702702629656686,0.7999999200000081,0.7142856632653098,2024-02-13,99.0,-165.0,7.0,plot_level_next_window
2324,2024-02-13,B11,B,1,1,1286893.0,1630823.0,1630823.0,6.0,24.0,2.0,6.0,4.0,99.0,96,14.7740625,7.31,18.6,15.086666666666666,17.811770833333334,71.40114583333333,0.0,6.378020833333333,155.10177083333335,14889.77,9.432604166666666,4.774062499999999,19.057222222222222,16.359627976190474,14.708668154761906,19.697187499999995,17.70922619047619,16.474821428571428,75.94555555555554,75.6334375,75.07689732142856,0.43,0.43,0.52,134.2196875,150.30565648496238,146.68985949248122,38655.27,100867.96,197013.73,27.171666666666667,44.51739583333334,65.92135416666667,193.51666666666665,4.619999999999999,511181.21,44,2,36,8.0,-2.0,7.0,4.666666666666667,4.163331998932265,10.0,14.0,17.0,15.0,7.810249675906655,2.0,2.0,3.0,3.3333333333333335,1.154700538379253,3.0,-1.0,2.5,2.0,1.0000000000000004,14.0,-8.0,10.0,8.666666666666666,4.618802153517006,1239286.0,47607.0,1263089.5,1230251.6666666667,61656.925858603325,1465912.0,164911.0,1548367.5,1539839.0,83768.22438729391,1465912.0,164911.0,1548367.5,1539839.0,83768.22438729391,264.0,-165.0,181.5,185.0,82.72242743053421,42.0,0.1428571394557824,0.5714285578231296,0.24999998958333375,3.9999993333334443,2024-02-20,143.0,44.0,7.0,plot_level_next_window
2324,2024-02-20,B11,B,1,1,1301226.0,1574215.0,1574215.0,7.0,23.0,2.0,10.0,5.0,143.0,96,10.565729166666666,1.1,21.25,10.805833333333332,13.518125,64.6725,0.0,2.3884375,210.61,20218.56,2.3240625,0.5657291666666655,11.053576388888889,12.920684523809523,14.64015625,13.979131944444442,15.29784226190476,16.503534226190474,77.66104166666666,77.97973214285715,76.80658482142857,1.25,1.96,2.39,145.33520833333333,126.33980654761906,138.32273151629073,41856.54000000001,84900.35,185768.31,3.1607291666666644,20.444791666666664,64.9621875,213.9614583333333,6.579999999999999,596081.56,51,2,43,6.0,1.0,6.5,7.0,0.9999999999999982,24.0,-1.0,23.5,19.0,7.810249675906655,4.0,1.0,4.5,3.6666666666666665,1.5275252316519474,2.0,0.0,2.0,2.3333333333333335,0.5773502691896266,6.0,4.0,8.0,10.0,4.0,1286893.0,14333.0,1294059.5,1275801.6666666667,32425.362855846375,1630823.0,-56608.0,1602519.0,1556983.3333333333,83795.03107185627,1630823.0,-56608.0,1602519.0,1556983.3333333333,83795.03107185627,99.0,44.0,121.0,168.66666666666666,85.4419881166943,47.0,0.21276595291987335,0.4893616917157087,0.3043478128544429,2.299999770000023,2024-02-27,128.0,-15.0,7.0,plot_level_next_window
2324,2024-01-08,B12,B,1,2,2246262.0,2796545.0,2796545.0,8.0,7.0,1.0,6.0,0.0,168.0,96,12.507083333333334,9.08,16.98,12.696458333333332,13.006875,82.47687499999999,0.02,4.230625,23.1853125,2225.79,9.583958333333332,2.507083333333334,15.0565625,12.9471875,12.8146484375,15.378958333333337,14.320357142857144,14.1809765625,81.66697916666666,79.795625,80.13928385416666,0.8600000000000001,1.02,1.02,80.01430555555557,107.7697619047619,109.93813802083334,23044.120000000003,72421.28,84432.49,15.1696875,20.630312499999995,22.5171875,22.5171875,1.02,84432.48999999999,8,1,0,,,8.0,8.0,,,,7.0,7.0,,,,0.0,0.0,,,,1.0,1.0,,,,6.0,6.0,,,,2246262.0,2246262.0,,,,2796545.0,2796545.0,,,,2796545.0,2796545.0,,,,168.0,168.0,,22.0,0.27272726033057904,0.3181818037190089,1.14285697959186,1.1666664722222546,2024-01-16,149.0,-19.0,8.0,plot_level_next_window
2324,2024-01-16,B12,B,1,2,1912826.0,2472454.0,2472454.0,8.0,19.0,1.0,2.0,2.0,149.0,96,17.04854166666667,8.58,21.94,17.396041666666665,17.473125,94.94791666666669,1.45,6.029062499999999,32.909479166666664,3159.31,16.2309375,7.048541666666669,13.644305555555556,13.661636904761906,13.879151785714289,14.52145833333333,14.597038690476191,14.684375,84.365,79.36620535714285,80.94207589285713,1.45,1.53,3.82,62.44854166666666,82.54610119047618,86.86925595238095,17985.18,55470.98,116752.28,11.472291666666669,26.170833333333334,54.8475,56.8509375,3.88,142552.69999999998,16,1,8,8.0,0.0,8.0,8.0,0.0,7.0,12.0,13.0,13.0,8.48528137423857,0.0,2.0,1.0,1.0,1.4142135623730951,1.0,0.0,1.0,1.0,0.0,6.0,-4.0,4.0,4.0,2.8284271247461903,2246262.0,-333436.0,2079544.0,2079544.0,235774.85669171766,2796545.0,-324091.0,2634499.5,2634499.5,229166.94382152936,2796545.0,-324091.0,2634499.5,2634499.5,229166.94382152936,168.0,-19.0,158.5,158.5,13.435028842544403,32.0,0.06249999804687507,0.5937499814453131,0.4210526094182837,9.499995250002375,2024-01-23,38.0,-111.0,7.0,plot_level_next_window
2324,2024-01-23,B12,B,1,2,2031794.0,2652563.0,2652563.0,10.0,23.0,2.0,5.0,3.0,38.0,96,18.293645833333333,13.57,22.75,18.577604166666667,16.361250000000002,82.23156250000001,0.0,4.235833333333333,93.22572916666668,8949.67,15.061666666666667,8.293645833333333,11.875763888888889,10.462544642857145,12.062090773809524,12.589375,12.273392857142856,13.435215773809524,73.98114583333334,70.53050595238095,74.94835565476191,0.0,0.0,1.53,114.10902777777778,117.54267308897242,100.04438713972432,32863.4,78938.71,134409.69,10.359999999999998,14.51927083333333,40.69010416666667,71.37020833333332,3.88,221491.41,23,1,15,8.0,2.0,9.0,8.666666666666666,1.1547005383792517,19.0,4.0,21.0,16.333333333333332,8.326663997864532,2.0,1.0,2.5,1.6666666666666667,1.5275252316519468,1.0,1.0,1.5,1.3333333333333333,0.5773502691896258,2.0,3.0,3.5,4.333333333333333,2.081665999466133,1912826.0,118968.0,1972310.0,2063627.3333333333,168981.9882630493,2472454.0,180109.0,2562508.5,2640520.6666666665,162380.74828726877,2472454.0,180109.0,2562508.5,2640520.6666666665,162380.74828726877,149.0,-111.0,93.5,118.33333333333333,70.21633238309542,43.0,0.11627906706327752,0.5348837084910766,0.4347825897920613,4.599999080000184,2024-01-30,278.0,240.0,7.0,plot_level_next_window
2324,2024-01-30,B12,B,1,2,1153588.0,1536945.0,1536945.0,2.0,12.0,3.0,5.0,2.0,278.0,96,10.5378125,3.12,18.94,10.706666666666663,14.528229166666668,73.83979166666667,0.0,3.861170212765957,173.69726315789475,16501.24,5.218229166666666,0.5378124999999994,12.958368055555557,18.03215773809524,14.247351190476191,16.604305555555552,19.05563988095238,15.664516369047618,73.60635416666666,79.72150297619046,75.12600446428573,0.03,0.22,0.22,167.08516410818714,138.16929652255638,127.8559848057644,47946.83,92676.07,171614.78,8.875104166666668,56.22510416666667,70.744375,127.59531249999998,4.1,314167.48000000004,30,1,22,10.0,-8.0,6.0,6.666666666666667,4.163331998932265,23.0,-11.0,17.5,18.0,5.567764362830023,3.0,-1.0,2.5,2.3333333333333335,0.5773502691896262,2.0,1.0,2.5,2.0,1.0,5.0,0.0,5.0,4.0,1.7320508075688774,2031794.0,-878206.0,1592691.0,1699402.6666666667,476417.4472217966,2652563.0,-1115618.0,2094754.0,2220654.0,598918.4506099307,2652563.0,-1115618.0,2094754.0,2220654.0,598918.4506099307,38.0,240.0,158.0,155.0,120.11244731500562,24.0,0.20833332465277812,0.4999999791666675,0.16666665277777895,2.399999520000096,2024-02-06,431.0,153.0,7.0,plot_level_next_window
2324,2024-02-06,B12,B,1,2,1807223.0,2260070.0,2260070.0,7.0,20.0,2.0,23.0,6.0,431.0,96,13.478645833333331,9.5,18.78,13.831145833333332,15.071458333333332,62.14927083333333,0.0,8.390520833333333,182.835625,17552.22,5.745729166666667,3.478645833333333,14.113784722222222,13.057708333333334,15.544933035714283,15.41753472222222,15.240416666666668,17.148028273809523,79.00041666666665,74.52035714285715,77.12093005952381,0.09,0.09,0.31,108.05861111111112,143.0740625,140.6216795112782,31120.880000000005,96145.77,188821.84000000003,12.341354166666669,21.403958333333332,77.6290625,148.99927083333333,4.19,410313.25,37,2,29,2.0,5.0,4.5,6.333333333333333,4.041451884327381,12.0,8.0,16.0,18.333333333333332,5.6862407030773285,2.0,4.0,4.0,3.6666666666666665,2.081665999466133,3.0,-1.0,2.5,2.3333333333333335,0.5773502691896258,5.0,18.0,14.0,11.0,10.392304845413264,1153588.0,653635.0,1480405.5,1664201.6666666667,456237.62553118455,1536945.0,723125.0,1898507.5,2149859.3333333335,565915.7832808106,1536945.0,723125.0,1898507.5,2149859.3333333335,565915.7832808106,278.0,153.0,354.5,249.0,198.0984603675657,58.0,0.3965517173008325,0.34482758026159344,0.34999998250000086,0.8695651795841226,2024-02-13,433.0,2.0,7.0,plot_level_next_window
2324,2024-02-13,B12,B,1,2,1820059.0,2337719.0,2337719.0,5.0,36.0,3.0,21.0,4.0,433.0,96,14.7740625,7.31,18.6,15.086666666666666,17.811770833333334,71.40114583333333,0.0,6.378020833333333,155.10177083333335,14889.77,9.432604166666666,4.774062499999999,19.057222222222222,16.359627976190474,14.708668154761906,19.697187499999995,17.70922619047619,16.474821428571428,75.94555555555554,75.6334375,75.07689732142856,0.43,0.43,0.52,134.2196875,150.30565648496238,146.68985949248122,38655.27,100867.96,197013.73,27.171666666666667,44.51739583333334,65.92135416666667,193.51666666666665,4.619999999999999,511181.21,44,2,36,7.0,-2.0,6.0,4.666666666666667,2.5166114784235827,20.0,16.0,28.0,22.666666666666668,12.220201853215574,6.0,-2.0,5.0,4.0,2.0,2.0,1.0,2.5,2.6666666666666665,0.5773502691896258,23.0,-2.0,22.0,16.333333333333332,9.865765724632496,1807223.0,12836.0,1813641.0,1593623.3333333333,381135.81786593265,2260070.0,77649.0,2298894.5,2044911.3333333333,441621.6578139407,2260070.0,77649.0,2298894.5,2044911.3333333333,441621.6578139407,431.0,2.0,432.0,380.6666666666667,88.9175648189565,69.0,0.3043478216761185,0.5217391228733461,0.1388888850308643,1.714285632653065,2024-02-20,169.0,-264.0,7.0,plot_level_next_window
2324,2024-02-20,B12,B,1,2,1383141.0,1820530.0,1820530.0,6.0,26.0,4.0,15.0,8.0,169.0,96,10.565729166666666,1.1,21.25,10.805833333333332,13.518125,64.6725,0.0,2.3884375,210.61,20218.56,2.3240625,0.5657291666666655,11.053576388888889,12.920684523809523,14.64015625,13.979131944444442,15.29784226190476,16.503534226190474,77.66104166666666,77.97973214285715,76.80658482142857,1.25,1.96,2.39,145.33520833333333,126.33980654761906,138.32273151629073,41856.54000000001,84900.35,185768.31,3.1607291666666644,20.444791666666664,64.9621875,213.9614583333333,6.579999999999999,596081.56,51,2,43,5.0,1.0,5.5,6.0,0.9999999999999987,36.0,-10.0,31.0,27.333333333333332,8.082903768654765,4.0,4.0,6.0,6.0,2.0,3.0,1.0,3.5,3.0,1.0,21.0,-6.0,18.0,19.666666666666668,4.163331998932267,1820059.0,-436918.0,1601600.0,1670141.0,248632.13936255322,2337719.0,-517189.0,2079124.5,2139439.6666666665,278899.3965937059,2337719.0,-517189.0,2079124.5,2139439.6666666665,278899.3965937059,433.0,-264.0,301.0,344.3333333333333,151.84641363342544,59.0,0.25423728382648675,0.44067795863257697,0.23076922189349144,1.7333332177777856,2024-02-27,402.0,233.0,7.0,plot_level_next_window
2324,2024-01-08,B13,B,1,3,1612586.0,1956835.0,1956835.0,4.0,10.0,2.0,3.0,1.0,92.0,96,12.507083333333334,9.08,16.98,12.696458333333332,13.006875,82.47687499999999,0.02,4.230625,23.1853125,2225.79,9.583958333333332,2.507083333333334,15.0565625,12.9471875,12.8146484375,15.378958333333337,14.320357142857144,14.1809765625,81.66697916666666,79.795625,80.13928385416666,0.8600000000000001,1.02,1.02,80.01430555555557,107.7697619047619,109.93813802083334,23044.120000000003,72421.28,84432.49,15.1696875,20.630312499999995,22.5171875,22.5171875,1.02,84432.48999999999,8,1,0,,,4.0,4.0,,,,10.0,10.0,,,,1.0,1.0,,,,2.0,2.0,,,,3.0,3.0,,,,1612586.0,1612586.0,,,,1956835.0,1956835.0,,,,1956835.0,1956835.0,,,,92.0,92.0,,20.0,0.14999999250000037,0.4999999750000012,0.39999996000000404,3.3333322222225923,2024-01-16,66.0,-26.0,8.0,plot_level_next_window
2324,2024-01-16,B13,B,1,3,1468714.0,1885551.0,1885551.0,1.0,23.0,1.0,12.0,6.0,66.0,96,17.04854166666667,8.58,21.94,17.396041666666665,17.473125,94.94791666666669,1.45,6.029062499999999,32.909479166666664,3159.31,16.2309375,7.048541666666669,13.644305555555556,13.661636904761906,13.879151785714289,14.52145833333333,14.597038690476191,14.684375,84.365,79.36620535714285,80.94207589285713,1.45,1.53,3.82,62.44854166666666,82.54610119047618,86.86925595238095,17985.18,55470.98,116752.28,11.472291666666669,26.170833333333334,54.8475,56.8509375,3.88,142552.69999999998,16,1,8,4.0,-3.0,2.5,2.5,2.1213203435596424,10.0,13.0,16.5,16.5,9.192388155425117,1.0,5.0,3.5,3.5,3.5355339059327378,2.0,-1.0,1.5,1.5,0.7071067811865476,3.0,9.0,7.5,7.5,6.363961030678928,1612586.0,-143872.0,1540650.0,1540650.0,101732.86682287097,1956835.0,-71284.0,1921193.0,1921193.0,50405.39979010185,1956835.0,-71284.0,1921193.0,1921193.0,50405.39979010185,92.0,-26.0,79.0,79.0,18.384776310850235,43.0,0.27906976095186603,0.5348837084910766,0.04347825897920613,1.916666506944458,2024-01-23,39.0,-27.0,7.0,plot_level_next_window
2324,2024-01-23,B13,B,1,3,1464854.0,1853038.0,1853038.0,3.0,17.0,1.0,7.0,7.0,39.0,96,18.293645833333333,13.57,22.75,18.577604166666667,16.361250000000002,82.23156250000001,0.0,4.235833333333333,93.22572916666668,8949.67,15.061666666666667,8.293645833333333,11.875763888888889,10.462544642857145,12.062090773809524,12.589375,12.273392857142856,13.435215773809524,73.98114583333334,70.53050595238095,74.94835565476191,0.0,0.0,1.53,114.10902777777778,117.54267308897242,100.04438713972432,32863.4,78938.71,134409.69,10.359999999999998,14.51927083333333,40.69010416666667,71.37020833333332,3.88,221491.41,23,1,15,1.0,2.0,2.0,2.6666666666666665,1.5275252316519468,23.0,-6.0,20.0,16.666666666666668,6.506407098647712,6.0,1.0,6.5,4.666666666666667,3.214550253664318,1.0,0.0,1.0,1.3333333333333333,0.5773502691896257,12.0,-5.0,9.5,7.333333333333333,4.509249752822894,1468714.0,-3860.0,1466784.0,1515384.6666666667,84200.94596459909,1885551.0,-32513.0,1869294.5,1898474.6666666667,53091.620547251485,1885551.0,-32513.0,1869294.5,1898474.6666666667,53091.620547251485,66.0,-27.0,52.5,65.66666666666667,26.50157228040128,35.0,0.19999999428571447,0.4857142718367351,0.17647057785467188,2.4285710816327026,2024-01-30,112.0,73.0,7.0,plot_level_next_window
2324,2024-01-30,B13,B,1,3,1817692.0,2338553.0,2338553.0,0.0,15.0,1.0,6.0,0.0,112.0,96,10.5378125,3.12,18.94,10.706666666666663,14.528229166666668,73.83979166666667,0.0,3.861170212765957,173.69726315789475,16501.24,5.218229166666666,0.5378124999999994,12.958368055555557,18.03215773809524,14.247351190476191,16.604305555555552,19.05563988095238,15.664516369047618,73.60635416666666,79.72150297619046,75.12600446428573,0.03,0.22,0.22,167.08516410818714,138.16929652255638,127.8559848057644,47946.83,92676.07,171614.78,8.875104166666668,56.22510416666667,70.744375,127.59531249999998,4.1,314167.48000000004,30,1,22,3.0,-3.0,1.5,1.3333333333333333,1.5275252316519465,17.0,-2.0,16.0,18.333333333333332,4.163331998932264,7.0,-7.0,3.5,4.333333333333333,3.7859388972001824,1.0,0.0,1.0,1.0,0.0,7.0,-1.0,6.5,8.333333333333334,3.2145502536643185,1464854.0,352838.0,1641273.0,1583753.3333333333,202606.02094047784,1853038.0,485515.0,2095795.5,2025714.0,271413.805347112,1853038.0,485515.0,2095795.5,2025714.0,271413.805347112,39.0,73.0,75.5,72.33333333333333,36.90979996333403,22.0,0.27272726033057904,0.6818181508264477,0.0,2.4999995833334028,2024-02-06,209.0,97.0,7.0,plot_level_next_window
2324,2024-02-06,B13,B,1,3,1194247.0,1398211.0,1398211.0,4.0,13.0,3.0,11.0,4.0,209.0,96,13.478645833333331,9.5,18.78,13.831145833333332,15.071458333333332,62.14927083333333,0.0,8.390520833333333,182.835625,17552.22,5.745729166666667,3.478645833333333,14.113784722222222,13.057708333333334,15.544933035714283,15.41753472222222,15.240416666666668,17.148028273809523,79.00041666666665,74.52035714285715,77.12093005952381,0.09,0.09,0.31,108.05861111111112,143.0740625,140.6216795112782,31120.880000000005,96145.77,188821.84000000003,12.341354166666669,21.403958333333332,77.6290625,148.99927083333333,4.19,410313.25,37,2,29,0.0,4.0,2.0,2.3333333333333335,2.081665999466133,15.0,-2.0,14.0,15.0,1.9999999999999936,0.0,4.0,2.0,3.6666666666666665,3.5118845842842465,1.0,2.0,2.0,1.6666666666666667,1.1547005383792517,6.0,5.0,8.5,8.0,2.6457513110645907,1817692.0,-623445.0,1505969.5,1492264.3333333333,312625.0338445937,2338553.0,-940342.0,1868382.0,1863267.3333333333,470254.45100108656,2338553.0,-940342.0,1868382.0,1863267.3333333333,470254.45100108656,112.0,97.0,160.5,120.0,85.28188553262643,35.0,0.3142857053061227,0.37142856081632686,0.3076922840236705,1.1818180743801752,2024-02-13,182.0,-27.0,7.0,plot_level_next_window
2324,2024-02-13,B13,B,1,3,1305443.0,1649943.0,1649943.0,0.0,27.0,2.0,11.0,7.0,182.0,96,14.7740625,7.31,18.6,15.086666666666666,17.811770833333334,71.40114583333333,0.0,6.378020833333333,155.10177083333335,14889.77,9.432604166666666,4.774062499999999,19.057222222222222,16.359627976190474,14.708668154761906,19.697187499999995,17.70922619047619,16.474821428571428,75.94555555555554,75.6334375,75.07689732142856,0.43,0.43,0.52,134.2196875,150.30565648496238,146.68985949248122,38655.27,100867.96,197013.73,27.171666666666667,44.51739583333334,65.92135416666667,193.51666666666665,4.619999999999999,511181.21,44,2,36,4.0,-4.0,2.0,1.3333333333333333,2.309401076758503,13.0,14.0,20.0,18.333333333333332,7.571877794400365,4.0,3.0,5.5,3.6666666666666665,3.5118845842842465,3.0,-1.0,2.5,2.0,1.0,11.0,0.0,11.0,9.333333333333334,2.886751345948129,1194247.0,111196.0,1249845.0,1439127.3333333333,332527.50674242474,1398211.0,251732.0,1524077.0,1795569.0,486791.503775487,1398211.0,251732.0,1524077.0,1795569.0,486791.503775487,209.0,-27.0,195.5,167.66666666666666,50.06329327294929,47.0,0.23404254821186068,0.5744680728836581,0.0,2.454545231404979,2024-02-20,199.0,17.0,7.0,plot_level_next_window
2324,2024-02-20,B13,B,1,3,1405416.0,1759875.0,1759875.0,1.0,29.0,6.0,11.0,11.0,199.0,96,10.565729166666666,1.1,21.25,10.805833333333332,13.518125,64.6725,0.0,2.3884375,210.61,20218.56,2.3240625,0.5657291666666655,11.053576388888889,12.920684523809523,14.64015625,13.979131944444442,15.29784226190476,16.503534226190474,77.66104166666666,77.97973214285715,76.80658482142857,1.25,1.96,2.39,145.33520833333333,126.33980654761906,138.32273151629073,41856.54000000001,84900.35,185768.31,3.1607291666666644,20.444791666666664,64.9621875,213.9614583333333,6.579999999999999,596081.56,51,2,43,0.0,1.0,0.5,1.6666666666666667,2.0816659994661326,27.0,2.0,28.0,23.0,8.717797887081348,7.0,4.0,9.0,7.333333333333333,3.5118845842842465,2.0,4.0,4.0,3.6666666666666665,2.0816659994661335,11.0,0.0,11.0,11.0,0.0,1305443.0,99973.0,1355429.5,1301702.0,105634.1940424595,1649943.0,109932.0,1704909.0,1602676.3333333333,185407.1615589142,1649943.0,109932.0,1704909.0,1602676.3333333333,185407.1615589142,182.0,17.0,190.5,196.66666666666666,13.650396819628645,58.0,0.1896551691438764,0.4999999913793105,0.034482757431629055,2.636363396694237,2024-02-27,253.0,54.0,7.0,plot_level_next_window
2324,2024-01-08,B14,B,1,4,1650347.0,2029757.0,2029757.0,1.0,10.0,0.0,2.0,0.0,48.0,96,12.507083333333334,9.08,16.98,12.696458333333332,13.006875,82.47687499999999,0.02,4.230625,23.1853125,2225.79,9.583958333333332,2.507083333333334,15.0565625,12.9471875,12.8146484375,15.378958333333337,14.320357142857144,14.1809765625,81.66697916666666,79.795625,80.13928385416666,0.8600000000000001,1.02,1.02,80.01430555555557,107.7697619047619,109.93813802083334,23044.120000000003,72421.28,84432.49,15.1696875,20.630312499999995,22.5171875,22.5171875,1.02,84432.48999999999,8,1,0,,,1.0,1.0,,,,10.0,10.0,,,,0.0,0.0,,,,0.0,0.0,,,,2.0,2.0,,,,1650347.0,1650347.0,,,,2029757.0,2029757.0,,,,2029757.0,2029757.0,,,,48.0,48.0,,13.0,0.15384614201183525,0.7692307100591762,0.09999999000000101,4.99999750000125,2024-01-16,27.0,-21.0,8.0,plot_level_next_window
2324,2024-01-16,B14,B,1,4,2037911.0,2681639.0,2681639.0,8.0,26.0,3.0,11.0,7.0,27.0,96,17.04854166666667,8.58,21.94,17.396041666666665,17.473125,94.94791666666669,1.45,6.029062499999999,32.909479166666664,3159.31,16.2309375,7.048541666666669,13.644305555555556,13.661636904761906,13.879151785714289,14.52145833333333,14.597038690476191,14.684375,84.365,79.36620535714285,80.94207589285713,1.45,1.53,3.82,62.44854166666666,82.54610119047618,86.86925595238095,17985.18,55470.98,116752.28,11.472291666666669,26.170833333333334,54.8475,56.8509375,3.88,142552.69999999998,16,1,8,1.0,7.0,4.5,4.5,4.949747468305833,10.0,16.0,18.0,18.0,11.313708498984761,0.0,7.0,3.5,3.5,4.949747468305833,0.0,3.0,1.5,1.5,2.1213203435596424,2.0,9.0,6.5,6.5,6.363961030678928,1650347.0,387564.0,1844129.0,1844129.0,274049.1325437831,2029757.0,651882.0,2355698.0,2355698.0,460950.182733449,2029757.0,651882.0,2355698.0,2355698.0,460950.182733449,48.0,-21.0,37.5,37.5,14.849242404917497,55.0,0.19999999636363644,0.4727272641322316,0.30769229585798863,2.3636361487603503,2024-01-23,33.0,6.0,7.0,plot_level_next_window
2324,2024-01-23,B14,B,1,4,1976058.0,2604767.0,2604767.0,6.0,12.0,4.0,2.0,3.0,33.0,96,18.293645833333333,13.57,22.75,18.577604166666667,16.361250000000002,82.23156250000001,0.0,4.235833333333333,93.22572916666668,8949.67,15.061666666666667,8.293645833333333,11.875763888888889,10.462544642857145,12.062090773809524,12.589375,12.273392857142856,13.435215773809524,73.98114583333334,70.53050595238095,74.94835565476191,0.0,0.0,1.53,114.10902777777778,117.54267308897242,100.04438713972432,32863.4,78938.71,134409.69,10.359999999999998,14.51927083333333,40.69010416666667,71.37020833333332,3.88,221491.41,23,1,15,8.0,-2.0,7.0,5.0,3.605551275463989,26.0,-14.0,19.0,16.0,8.717797887081348,7.0,-4.0,5.0,3.3333333333333335,3.5118845842842465,3.0,1.0,3.5,2.3333333333333335,2.0816659994661326,11.0,-9.0,6.5,5.0,5.196152422706632,2037911.0,-61853.0,2006984.5,1888105.3333333333,208214.35398246042,2681639.0,-76872.0,2643203.0,2438721.0,356252.70675182244,2681639.0,-76872.0,2643203.0,2438721.0,356252.70675182244,27.0,6.0,30.0,36.0,10.816653826391969,27.0,0.07407407133058995,0.44444442798353967,0.4999999583333368,5.9999970000015,2024-01-30,238.0,205.0,7.0,plot_level_next_window
2324,2024-01-30,B14,B,1,4,1800916.0,2315472.0,2315472.0,0.0,8.0,2.0,12.0,1.0,238.0,96,10.5378125,3.12,18.94,10.706666666666663,14.528229166666668,73.83979166666667,0.0,3.861170212765957,173.69726315789475,16501.24,5.218229166666666,0.5378124999999994,12.958368055555557,18.03215773809524,14.247351190476191,16.604305555555552,19.05563988095238,15.664516369047618,73.60635416666666,79.72150297619046,75.12600446428573,0.03,0.22,0.22,167.08516410818714,138.16929652255638,127.8559848057644,47946.83,92676.07,171614.78,8.875104166666668,56.22510416666667,70.744375,127.59531249999998,4.1,314167.48000000004,30,1,22,6.0,-6.0,3.0,4.666666666666667,4.163331998932265,12.0,-4.0,10.0,15.333333333333334,9.451631252505218,3.0,-2.0,2.0,3.6666666666666665,3.0550504633038935,4.0,-2.0,3.0,3.0,0.9999999999999996,2.0,10.0,7.0,8.333333333333334,5.507570547286102,1976058.0,-175142.0,1888487.0,1938295.0,122927.58288114192,2604767.0,-289295.0,2460119.5,2533959.3333333335,193079.9373739627,2604767.0,-289295.0,2460119.5,2533959.3333333335,193079.9373739627,33.0,205.0,135.5,99.33333333333333,120.12632239993587,23.0,0.5217391077504736,0.34782607183364905,0.0,0.6666666111111158,2024-02-06,188.0,-50.0,7.0,plot_level_next_window
2324,2024-02-06,B14,B,1,4,1572563.0,1900448.0,1900448.0,7.0,32.0,2.0,17.0,2.0,188.0,96,13.478645833333331,9.5,18.78,13.831145833333332,15.071458333333332,62.14927083333333,0.0,8.390520833333333,182.835625,17552.22,5.745729166666667,3.478645833333333,14.113784722222222,13.057708333333334,15.544933035714283,15.41753472222222,15.240416666666668,17.148028273809523,79.00041666666665,74.52035714285715,77.12093005952381,0.09,0.09,0.31,108.05861111111112,143.0740625,140.6216795112782,31120.880000000005,96145.77,188821.84000000003,12.341354166666669,21.403958333333332,77.6290625,148.99927083333333,4.19,410313.25,37,2,29,0.0,7.0,3.5,4.333333333333333,3.7859388972001824,8.0,24.0,20.0,17.333333333333332,12.858201014657276,1.0,1.0,1.5,2.0,1.0000000000000009,2.0,0.0,2.0,2.6666666666666665,1.154700538379251,12.0,5.0,14.5,10.333333333333334,7.637626158259733,1800916.0,-228353.0,1686739.5,1783179.0,202331.42275237432,2315472.0,-415024.0,2107960.0,2273562.3333333335,354024.89822092094,2315472.0,-415024.0,2107960.0,2273562.3333333335,354024.89822092094,238.0,-50.0,213.0,153.0,106.88779163215976,60.0,0.2833333286111112,0.5333333244444446,0.21874999316406274,1.8823528304498334,2024-02-13,293.0,105.0,7.0,plot_level_next_window
2324,2024-02-13,B14,B,1,4,2367712.0,3027854.0,3027854.0,8.0,61.0,0.0,34.0,12.0,293.0,96,14.7740625,7.31,18.6,15.086666666666666,17.811770833333334,71.40114583333333,0.0,6.378020833333333,155.10177083333335,14889.77,9.432604166666666,4.774062499999999,19.057222222222222,16.359627976190474,14.708668154761906,19.697187499999995,17.70922619047619,16.474821428571428,75.94555555555554,75.6334375,75.07689732142856,0.43,0.43,0.52,134.2196875,150.30565648496238,146.68985949248122,38655.27,100867.96,197013.73,27.171666666666667,44.51739583333334,65.92135416666667,193.51666666666665,4.619999999999999,511181.21,44,2,36,7.0,1.0,7.5,5.0,4.358898943540674,32.0,29.0,46.5,33.666666666666664,26.539279065817396,2.0,10.0,7.0,5.0,6.082762530298219,2.0,-2.0,1.0,1.3333333333333333,1.1547005383792517,17.0,17.0,25.5,21.0,11.532562594670797,1572563.0,795149.0,1970137.5,1913730.3333333333,409402.9657981649,1900448.0,1127406.0,2464151.0,2414591.3333333335,570201.3275057621,1900448.0,1127406.0,2464151.0,2414591.3333333335,570201.3275057621,188.0,105.0,240.5,239.66666666666666,52.51983752196248,115.0,0.29565217134215505,0.5304347779962193,0.1311475388336469,1.794117594290659,2024-02-20,100.0,-193.0,7.0,plot_level_next_window
2324,2024-02-20,B14,B,1,4,1571661.0,2028573.0,2028573.0,3.0,46.0,0.0,7.0,19.0,100.0,96,10.565729166666666,1.1,21.25,10.805833333333332,13.518125,64.6725,0.0,2.3884375,210.61,20218.56,2.3240625,0.5657291666666655,11.053576388888889,12.920684523809523,14.64015625,13.979131944444442,15.29784226190476,16.503534226190474,77.66104166666666,77.97973214285715,76.80658482142857,1.25,1.96,2.39,145.33520833333333,126.33980654761906,138.32273151629073,41856.54000000001,84900.35,185768.31,3.1607291666666644,20.444791666666664,64.9621875,213.9614583333333,6.579999999999999,596081.56,51,2,43,8.0,-5.0,5.5,6.0,2.6457513110645907,61.0,-15.0,53.5,46.333333333333336,14.502873278538068,12.0,7.0,15.5,11.0,8.54400374531753,0.0,0.0,0.0,0.6666666666666666,1.1547005383792517,34.0,-27.0,20.5,19.333333333333332,13.650396819628845,2367712.0,-796051.0,1969686.5,1837312.0,459340.0955729862,3027854.0,-999281.0,2528213.5,2318958.3333333335,617255.0555243216,3027854.0,-999281.0,2528213.5,2318958.3333333335,617255.0555243216,293.0,-193.0,196.5,193.66666666666666,96.62470353555211,75.0,0.09333333208888892,0.6133333251555557,0.06521738988657848,6.5714276326531955,2024-02-27,359.0,259.0,7.0,plot_level_next_window
2324,2024-01-08,B15,B,1,5,1815343.0,2271639.0,2271639.0,6.0,21.0,2.0,9.0,4.0,111.0,96,12.507083333333334,9.08,16.98,12.696458333333332,13.006875,82.47687499999999,0.02,4.230625,23.1853125,2225.79,9.583958333333332,2.507083333333334,15.0565625,12.9471875,12.8146484375,15.378958333333337,14.320357142857144,14.1809765625,81.66697916666666,79.795625,80.13928385416666,0.8600000000000001,1.02,1.02,80.01430555555557,107.7697619047619,109.93813802083334,23044.120000000003,72421.28,84432.49,15.1696875,20.630312499999995,22.5171875,22.5171875,1.02,84432.48999999999,8,1,0,,,6.0,6.0,,,,21.0,21.0,,,,4.0,4.0,,,,2.0,2.0,,,,9.0,9.0,,,,1815343.0,1815343.0,,,,2271639.0,2271639.0,,,,2271639.0,2271639.0,,,,111.0,111.0,,42.0,0.2142857091836736,0.49999998809523843,0.28571427210884415,2.333333074074103,2024-01-16,32.0,-79.0,8.0,plot_level_next_window
2324,2024-01-16,B15,B,1,5,,,,,,,,,32.0,96,17.04854166666667,8.58,21.94,17.396041666666665,17.473125,94.94791666666669,1.45,6.029062499999999,32.909479166666664,3159.31,16.2309375,7.048541666666669,13.644305555555556,13.661636904761906,13.879151785714289,14.52145833333333,14.597038690476191,14.684375,84.365,79.36620535714285,80.94207589285713,1.45,1.53,3.82,62.44854166666666,82.54610119047618,86.86925595238095,17985.18,55470.98,116752.28,11.472291666666669,26.170833333333334,54.8475,56.8509375,3.88,142552.69999999998,16,1,8,6.0,,6.0,6.0,,21.0,,21.0,21.0,,4.0,,4.0,4.0,,2.0,,2.0,2.0,,9.0,,9.0,9.0,,1815343.0,,1815343.0,1815343.0,,2271639.0,,2271639.0,2271639.0,,2271639.0,,2271639.0,2271639.0,,111.0,-79.0,71.5,71.5,55.86143571373726,0.0,,,,,2024-01-23,61.0,29.0,7.0,plot_level_next_window
2324,2024-01-23,B15,B,1,5,2080340.0,2689427.0,2689427.0,5.0,18.0,6.0,7.0,14.0,61.0,96,18.293645833333333,13.57,22.75,18.577604166666667,16.361250000000002,82.23156250000001,0.0,4.235833333333333,93.22572916666668,8949.67,15.061666666666667,8.293645833333333,11.875763888888889,10.462544642857145,12.062090773809524,12.589375,12.273392857142856,13.435215773809524,73.98114583333334,70.53050595238095,74.94835565476191,0.0,0.0,1.53,114.10902777777778,117.54267308897242,100.04438713972432,32863.4,78938.71,134409.69,10.359999999999998,14.51927083333333,40.69010416666667,71.37020833333332,3.88,221491.41,23,1,15,,,5.0,5.5,0.7071067811865476,,,18.0,19.5,2.1213203435596424,,,14.0,9.0,7.0710678118654755,,,6.0,4.0,2.8284271247461903,,,7.0,8.0,1.4142135623730951,,,2080340.0,1947841.5,187381.17569409154,,,2689427.0,2480533.0,295420.7278983653,,,2689427.0,2480533.0,295420.7278983653,32.0,29.0,46.5,68.0,39.96248240537617,50.0,0.13999999720000006,0.35999999280000017,0.27777776234567986,2.571428204081685,2024-01-30,199.0,138.0,7.0,plot_level_next_window
2324,2024-01-30,B15,B,1,5,1587893.0,2179108.0,2179108.0,0.0,15.0,2.0,8.0,5.0,199.0,96,10.5378125,3.12,18.94,10.706666666666663,14.528229166666668,73.83979166666667,0.0,3.861170212765957,173.69726315789475,16501.24,5.218229166666666,0.5378124999999994,12.958368055555557,18.03215773809524,14.247351190476191,16.604305555555552,19.05563988095238,15.664516369047618,73.60635416666666,79.72150297619046,75.12600446428573,0.03,0.22,0.22,167.08516410818714,138.16929652255638,127.8559848057644,47946.83,92676.07,171614.78,8.875104166666668,56.22510416666667,70.744375,127.59531249999998,4.1,314167.48000000004,30,1,22,5.0,-5.0,2.5,2.5,3.5355339059327378,18.0,-3.0,16.5,16.5,2.1213203435596424,14.0,-9.0,9.5,9.5,6.363961030678928,6.0,-4.0,4.0,4.0,2.8284271247461903,7.0,1.0,7.5,7.5,0.7071067811865476,2080340.0,-492447.0,1834116.5,1834116.5,348212.61307497177,2689427.0,-510319.0,2434267.5,2434267.5,360850.02546833776,2689427.0,-510319.0,2434267.5,2434267.5,360850.02546833776,61.0,138.0,130.0,97.33333333333333,89.23190759662899,30.0,0.26666665777777804,0.4999999833333339,0.0,1.8749997656250295,2024-02-06,294.0,95.0,7.0,plot_level_next_window
2324,2024-02-06,B15,B,1,5,1940381.0,2391068.0,2391068.0,8.0,27.0,3.0,15.0,7.0,294.0,96,13.478645833333331,9.5,18.78,13.831145833333332,15.071458333333332,62.14927083333333,0.0,8.390520833333333,182.835625,17552.22,5.745729166666667,3.478645833333333,14.113784722222222,13.057708333333334,15.544933035714283,15.41753472222222,15.240416666666668,17.148028273809523,79.00041666666665,74.52035714285715,77.12093005952381,0.09,0.09,0.31,108.05861111111112,143.0740625,140.6216795112782,31120.880000000005,96145.77,188821.84000000003,12.341354166666669,21.403958333333332,77.6290625,148.99927083333333,4.19,410313.25,37,2,29,0.0,8.0,4.0,4.333333333333333,4.041451884327381,15.0,12.0,21.0,20.0,6.244997998398398,5.0,2.0,6.0,8.666666666666666,4.725815626252608,2.0,1.0,2.5,3.6666666666666665,2.0816659994661326,8.0,7.0,11.5,10.0,4.358898943540674,1587893.0,352488.0,1764137.0,1869538.0,253751.965389433,2179108.0,211960.0,2285088.0,2419867.6666666665,256375.57613847175,2179108.0,211960.0,2285088.0,2419867.6666666665,256375.57613847175,199.0,95.0,246.5,184.66666666666666,117.15943552840007,60.0,0.2499999958333334,0.44999999250000017,0.2962962853223598,1.799999880000008,2024-02-13,299.0,5.0,7.0,plot_level_next_window
2324,2024-02-13,B15,B,1,5,2012491.0,2599540.0,2599540.0,4.0,66.0,2.0,19.0,11.0,299.0,96,14.7740625,7.31,18.6,15.086666666666666,17.811770833333334,71.40114583333333,0.0,6.378020833333333,155.10177083333335,14889.77,9.432604166666666,4.774062499999999,19.057222222222222,16.359627976190474,14.708668154761906,19.697187499999995,17.70922619047619,16.474821428571428,75.94555555555554,75.6334375,75.07689732142856,0.43,0.43,0.52,134.2196875,150.30565648496238,146.68985949248122,38655.27,100867.96,197013.73,27.171666666666667,44.51739583333334,65.92135416666667,193.51666666666665,4.619999999999999,511181.21,44,2,36,8.0,-4.0,6.0,4.0,4.0,27.0,39.0,46.5,36.0,26.664583251946766,7.0,4.0,9.0,7.666666666666667,3.055050463303893,3.0,-1.0,2.5,2.3333333333333335,0.5773502691896251,15.0,4.0,17.0,14.0,5.5677643628300215,1940381.0,72110.0,1976436.0,1846921.6666666667,227204.42478379098,2391068.0,208472.0,2495304.0,2389905.3333333335,210218.4114232939,2391068.0,208472.0,2495304.0,2389905.3333333335,210218.4114232939,294.0,5.0,296.5,264.0,56.34713834792323,102.0,0.1862745079777009,0.6470588171856979,0.06060605968778698,3.4736840277008403,2024-02-20,67.0,-232.0,7.0,plot_level_next_window
2324,2024-02-20,B15,B,1,5,1751014.0,2007253.0,2007253.0,13.0,34.0,2.0,12.0,8.0,67.0,96,10.565729166666666,1.1,21.25,10.805833333333332,13.518125,64.6725,0.0,2.3884375,210.61,20218.56,2.3240625,0.5657291666666655,11.053576388888889,12.920684523809523,14.64015625,13.979131944444442,15.29784226190476,16.503534226190474,77.66104166666666,77.97973214285715,76.80658482142857,1.25,1.96,2.39,145.33520833333333,126.33980654761906,138.32273151629073,41856.54000000001,84900.35,185768.31,3.1607291666666644,20.444791666666664,64.9621875,213.9614583333333,6.579999999999999,596081.56,51,2,43,4.0,9.0,8.5,8.333333333333334,4.509249752822896,66.0,-32.0,50.0,42.333333333333336,20.79262689833426,11.0,-3.0,9.5,8.666666666666666,2.0816659994661326,2.0,0.0,2.0,2.3333333333333335,0.5773502691896251,19.0,-7.0,15.5,15.333333333333334,3.5118845842842465,2012491.0,-261477.0,1881752.5,1901295.3333333333,135049.33315767723,2599540.0,-592287.0,2303396.5,2332620.3333333335,300438.1298975436,2599540.0,-592287.0,2303396.5,2332620.3333333335,300438.1298975436,299.0,-232.0,183.0,220.0,132.52546925025393,69.0,0.173913040957782,0.49275361604704904,0.3823529299307962,2.833333097222242,2024-02-27,165.0,98.0,7.0,plot_level_next_window
2324,2024-01-08,B21,B,2,1,1332583.0,1586828.0,1586828.0,13.0,17.0,0.0,3.0,3.0,6.0,96,12.507083333333334,9.08,16.98,12.696458333333332,13.006875,82.47687499999999,0.02,4.230625,23.1853125,2225.79,9.583958333333332,2.507083333333334,15.0565625,12.9471875,12.8146484375,15.378958333333337,14.320357142857144,14.1809765625,81.66697916666666,79.795625,80.13928385416666,0.8600000000000001,1.02,1.02,80.01430555555557,107.7697619047619,109.93813802083334,23044.120000000003,72421.28,84432.49,15.1696875,20.630312499999995,22.5171875,22.5171875,1.02,84432.48999999999,8,1,0,,,13.0,13.0,,,,17.0,17.0,,,,3.0,3.0,,,,0.0,0.0,,,,3.0,3.0,,,,1332583.0,1332583.0,,,,1586828.0,1586828.0,,,,1586828.0,1586828.0,,,,6.0,6.0,,36.0,0.08333333101851859,0.4722222091049387,0.7647058373702448,5.666664777778407,2024-01-16,65.0,59.0,8.0,plot_level_next_window
2324,2024-01-16,B21,B,2,1,962967.0,1207906.0,1207906.0,6.0,19.0,0.0,4.0,2.0,65.0,96,17.04854166666667,8.58,21.94,17.396041666666665,17.473125,94.94791666666669,1.45,6.029062499999999,32.909479166666664,3159.31,16.2309375,7.048541666666669,13.644305555555556,13.661636904761906,13.879151785714289,14.52145833333333,14.597038690476191,14.684375,84.365,79.36620535714285,80.94207589285713,1.45,1.53,3.82,62.44854166666666,82.54610119047618,86.86925595238095,17985.18,55470.98,116752.28,11.472291666666669,26.170833333333334,54.8475,56.8509375,3.88,142552.69999999998,16,1,8,13.0,-7.0,9.5,9.5,4.949747468305833,17.0,2.0,18.0,18.0,1.4142135623730951,3.0,-1.0,2.5,2.5,0.7071067811865476,0.0,0.0,0.0,0.0,0.0,3.0,1.0,3.5,3.5,0.7071067811865476,1332583.0,-369616.0,1147775.0,1147775.0,261357.98003504696,1586828.0,-378922.0,1397367.0,1397367.0,267938.315740769,1586828.0,-378922.0,1397367.0,1397367.0,267938.315740769,6.0,59.0,35.5,35.5,41.71930009000631,31.0,0.12903225390218534,0.6129032060353804,0.31578945706371275,4.749998812500297,2024-01-23,0.0,-65.0,7.0,plot_level_next_window
2324,2024-01-23,B21,B,2,1,1147547.0,1430744.0,1430744.0,1.0,23.0,1.0,1.0,8.0,0.0,96,18.293645833333333,13.57,22.75,18.577604166666667,16.361250000000002,82.23156250000001,0.0,4.235833333333333,93.22572916666668,8949.67,15.061666666666667,8.293645833333333,11.875763888888889,10.462544642857145,12.062090773809524,12.589375,12.273392857142856,13.435215773809524,73.98114583333334,70.53050595238095,74.94835565476191,0.0,0.0,1.53,114.10902777777778,117.54267308897242,100.04438713972432,32863.4,78938.71,134409.69,10.359999999999998,14.51927083333333,40.69010416666667,71.37020833333332,3.88,221491.41,23,1,15,6.0,-5.0,3.5,6.666666666666667,6.027713773341707,19.0,4.0,21.0,19.666666666666668,3.055050463303893,2.0,6.0,5.0,4.333333333333333,3.2145502536643185,0.0,1.0,0.5,0.3333333333333333,0.5773502691896258,4.0,-3.0,2.5,2.6666666666666665,1.5275252316519465,962967.0,184580.0,1055257.0,1147699.0,184808.04688108145,1207906.0,222838.0,1319325.0,1408492.6666666667,190438.47273419658,1207906.0,222838.0,1319325.0,1408492.6666666667,190438.47273419658,65.0,-65.0,32.5,23.666666666666668,35.92121007612819,34.0,0.02941176384083048,0.676470568339101,0.04347825897920613,22.999977000023,2024-01-30,105.0,105.0,7.0,plot_level_next_window
2324,2024-01-30,B21,B,2,1,1159351.0,1382994.0,1382994.0,4.0,14.0,2.0,8.0,8.0,105.0,96,10.5378125,3.12,18.94,10.706666666666663,14.528229166666668,73.83979166666667,0.0,3.861170212765957,173.69726315789475,16501.24,5.218229166666666,0.5378124999999994,12.958368055555557,18.03215773809524,14.247351190476191,16.604305555555552,19.05563988095238,15.664516369047618,73.60635416666666,79.72150297619046,75.12600446428573,0.03,0.22,0.22,167.08516410818714,138.16929652255638,127.8559848057644,47946.83,92676.07,171614.78,8.875104166666668,56.22510416666667,70.744375,127.59531249999998,4.1,314167.48000000004,30,1,22,1.0,3.0,2.5,3.6666666666666665,2.516611478423582,23.0,-9.0,18.5,18.666666666666668,4.509249752822893,8.0,0.0,8.0,6.0,3.4641016151377544,1.0,1.0,1.5,1.0,1.0,1.0,7.0,4.5,4.333333333333333,3.5118845842842465,1147547.0,11804.0,1153449.0,1089955.0,110133.09090368797,1430744.0,-47750.0,1406869.0,1340548.0,117326.21509279162,1430744.0,-47750.0,1406869.0,1340548.0,117326.21509279162,0.0,105.0,52.5,56.666666666666664,52.993710318615484,36.0,0.22222221604938291,0.3888888780864201,0.2857142653061239,1.7499997812500274,2024-02-06,237.0,132.0,7.0,plot_level_next_window
2324,2024-02-06,B21,B,2,1,1083034.0,1382474.0,1382474.0,0.0,21.0,2.0,25.0,2.0,237.0,96,13.478645833333331,9.5,18.78,13.831145833333332,15.071458333333332,62.14927083333333,0.0,8.390520833333333,182.835625,17552.22,5.745729166666667,3.478645833333333,14.113784722222222,13.057708333333334,15.544933035714283,15.41753472222222,15.240416666666668,17.148028273809523,79.00041666666665,74.52035714285715,77.12093005952381,0.09,0.09,0.31,108.05861111111112,143.0740625,140.6216795112782,31120.880000000005,96145.77,188821.84000000003,12.341354166666669,21.403958333333332,77.6290625,148.99927083333333,4.19,410313.25,37,2,29,4.0,-4.0,2.0,1.6666666666666667,2.0816659994661304,14.0,7.0,17.5,19.333333333333332,4.725815626252608,8.0,-6.0,5.0,6.0,3.4641016151377544,2.0,0.0,2.0,1.6666666666666667,0.5773502691896257,8.0,17.0,16.5,11.333333333333334,12.342339054382412,1159351.0,-76317.0,1121192.5,1129977.3333333333,41080.299564795416,1382994.0,-520.0,1382734.0,1398737.3333333333,27719.805795375556,1382994.0,-520.0,1382734.0,1398737.3333333333,27719.805795375556,105.0,132.0,171.0,114.0,118.75605247733692,50.0,0.4999999900000002,0.4199999916000002,0.0,0.8399999664000013,2024-02-13,135.0,-102.0,7.0,plot_level_next_window
2324,2024-02-13,B21,B,2,1,1675565.0,2147289.0,2147289.0,3.0,47.0,2.0,16.0,5.0,135.0,96,14.7740625,7.31,18.6,15.086666666666666,17.811770833333334,71.40114583333333,0.0,6.378020833333333,155.10177083333335,14889.77,9.432604166666666,4.774062499999999,19.057222222222222,16.359627976190474,14.708668154761906,19.697187499999995,17.70922619047619,16.474821428571428,75.94555555555554,75.6334375,75.07689732142856,0.43,0.43,0.52,134.2196875,150.30565648496238,146.68985949248122,38655.27,100867.96,197013.73,27.171666666666667,44.51739583333334,65.92135416666667,193.51666666666665,4.619999999999999,511181.21,44,2,36,0.0,3.0,1.5,2.3333333333333335,2.081665999466131,21.0,26.0,34.0,27.333333333333332,17.3877351409933,2.0,3.0,3.5,5.0,3.0,2.0,0.0,2.0,2.0,0.0,25.0,-9.0,20.5,16.333333333333332,8.504900548115383,1083034.0,592531.0,1379299.5,1305983.3333333333,322333.72050459345,1382474.0,764815.0,1764881.5,1637585.6666666667,441416.11163202155,1382474.0,764815.0,1764881.5,1637585.6666666667,441416.11163202155,237.0,-102.0,186.0,159.0,69.19537556802477,73.0,0.2191780791893414,0.6438356076186903,0.06382978587596201,2.937499816406261,2024-02-20,144.0,9.0,7.0,plot_level_next_window
2324,2024-02-20,B21,B,2,1,1561167.0,2038181.0,2038181.0,3.0,44.0,1.0,10.0,9.0,144.0,96,10.565729166666666,1.1,21.25,10.805833333333332,13.518125,64.6725,0.0,2.3884375,210.61,20218.56,2.3240625,0.5657291666666655,11.053576388888889,12.920684523809523,14.64015625,13.979131944444442,15.29784226190476,16.503534226190474,77.66104166666666,77.97973214285715,76.80658482142857,1.25,1.96,2.39,145.33520833333333,126.33980654761906,138.32273151629073,41856.54000000001,84900.35,185768.31,3.1607291666666644,20.444791666666664,64.9621875,213.9614583333333,6.579999999999999,596081.56,51,2,43,3.0,0.0,3.0,2.0,1.7320508075688748,47.0,-3.0,45.5,37.333333333333336,14.22439219556791,5.0,4.0,7.0,5.333333333333333,3.5118845842842465,2.0,-1.0,1.5,1.6666666666666667,0.5773502691896258,16.0,-6.0,13.0,17.0,7.549834435270751,1675565.0,-114398.0,1618366.0,1439922.0,314322.30116394866,2147289.0,-109108.0,2092735.0,1855981.3333333333,413682.2874578187,2147289.0,-109108.0,2092735.0,1855981.3333333333,413682.2874578187,135.0,9.0,139.5,172.0,56.471231613982,67.0,0.149253729115616,0.6567164081087103,0.06818181663223144,4.399999560000044,2024-02-27,300.0,156.0,7.0,plot_level_next_window
2324,2024-01-08,B22,B,2,2,2307485.0,2831933.0,2831933.0,2.0,12.0,1.0,7.0,8.0,97.0,96,12.507083333333334,9.08,16.98,12.696458333333332,13.006875,82.47687499999999,0.02,4.230625,23.1853125,2225.79,9.583958333333332,2.507083333333334,15.0565625,12.9471875,12.8146484375,15.378958333333337,14.320357142857144,14.1809765625,81.66697916666666,79.795625,80.13928385416666,0.8600000000000001,1.02,1.02,80.01430555555557,107.7697619047619,109.93813802083334,23044.120000000003,72421.28,84432.49,15.1696875,20.630312499999995,22.5171875,22.5171875,1.02,84432.48999999999,8,1,0,,,2.0,2.0,,,,12.0,12.0,,,,8.0,8.0,,,,1.0,1.0,,,,7.0,7.0,,,,2307485.0,2307485.0,,,,2831933.0,2831933.0,,,,2831933.0,2831933.0,,,,97.0,97.0,,30.0,0.2333333255555558,0.3999999866666671,0.16666665277777895,1.71428546938779,2024-01-16,223.0,126.0,8.0,plot_level_next_window
2324,2024-01-16,B22,B,2,2,2126202.0,2685135.0,2685135.0,5.0,15.0,0.0,19.0,4.0,223.0,96,17.04854166666667,8.58,21.94,17.396041666666665,17.473125,94.94791666666669,1.45,6.029062499999999,32.909479166666664,3159.31,16.2309375,7.048541666666669,13.644305555555556,13.661636904761906,13.879151785714289,14.52145833333333,14.597038690476191,14.684375,84.365,79.36620535714285,80.94207589285713,1.45,1.53,3.82,62.44854166666666,82.54610119047618,86.86925595238095,17985.18,55470.98,116752.28,11.472291666666669,26.170833333333334,54.8475,56.8509375,3.88,142552.69999999998,16,1,8,2.0,3.0,3.5,3.5,2.1213203435596424,12.0,3.0,13.5,13.5,2.1213203435596424,8.0,-4.0,6.0,6.0,2.8284271247461903,1.0,-1.0,0.5,0.5,0.7071067811865476,7.0,12.0,13.0,13.0,8.48528137423857,2307485.0,-181283.0,2216843.5,2216843.5,128186.43861384089,2831933.0,-146798.0,2758534.0,2758534.0,103801.8612646228,2831933.0,-146798.0,2758534.0,2758534.0,103801.8612646228,97.0,126.0,160.0,160.0,89.09545442950498,43.0,0.44186045484045455,0.3488372011898325,0.3333333111111126,0.7894736426592819,2024-01-23,57.0,-166.0,7.0,plot_level_next_window
2324,2024-01-23,B22,B,2,2,2144608.0,2776582.0,2776582.0,2.0,22.0,3.0,3.0,4.0,57.0,96,18.293645833333333,13.57,22.75,18.577604166666667,16.361250000000002,82.23156250000001,0.0,4.235833333333333,93.22572916666668,8949.67,15.061666666666667,8.293645833333333,11.875763888888889,10.462544642857145,12.062090773809524,12.589375,12.273392857142856,13.435215773809524,73.98114583333334,70.53050595238095,74.94835565476191,0.0,0.0,1.53,114.10902777777778,117.54267308897242,100.04438713972432,32863.4,78938.71,134409.69,10.359999999999998,14.51927083333333,40.69010416666667,71.37020833333332,3.88,221491.41,23,1,15,5.0,-3.0,3.5,3.0,1.7320508075688772,15.0,7.0,18.5,16.333333333333332,5.131601439446885,4.0,0.0,4.0,5.333333333333333,2.309401076758503,0.0,3.0,1.5,1.3333333333333333,1.5275252316519465,19.0,-16.0,11.0,9.666666666666666,8.32666399786453,2126202.0,18406.0,2135405.0,2192765.0,99775.76864650054,2685135.0,91447.0,2730858.5,2764550.0,74134.9443177777,2685135.0,91447.0,2730858.5,2764550.0,74134.9443177777,223.0,-166.0,140.0,125.66666666666667,86.63332692061026,34.0,0.08823529152249143,0.6470588044982705,0.09090908677685969,7.333330888889703,2024-01-30,224.0,167.0,7.0,plot_level_next_window
2324,2024-01-30,B22,B,2,2,1786667.0,2229476.0,2229476.0,0.0,12.0,2.0,4.0,8.0,224.0,96,10.5378125,3.12,18.94,10.706666666666663,14.528229166666668,73.83979166666667,0.0,3.861170212765957,173.69726315789475,16501.24,5.218229166666666,0.5378124999999994,12.958368055555557,18.03215773809524,14.247351190476191,16.604305555555552,19.05563988095238,15.664516369047618,73.60635416666666,79.72150297619046,75.12600446428573,0.03,0.22,0.22,167.08516410818714,138.16929652255638,127.8559848057644,47946.83,92676.07,171614.78,8.875104166666668,56.22510416666667,70.744375,127.59531249999998,4.1,314167.48000000004,30,1,22,2.0,-2.0,1.0,2.3333333333333335,2.516611478423583,22.0,-10.0,17.0,16.333333333333332,5.131601439446885,4.0,4.0,6.0,5.333333333333333,2.3094010767585034,3.0,-1.0,2.5,1.6666666666666667,1.5275252316519465,3.0,1.0,3.5,8.666666666666666,8.962886439832502,2144608.0,-357941.0,1965637.5,2019159.0,201554.1931020042,2776582.0,-547106.0,2503029.0,2563731.0,293062.181492256,2776582.0,-547106.0,2503029.0,2563731.0,293062.181492256,57.0,167.0,140.5,168.0,96.13012014972206,26.0,0.15384614792899431,0.4615384437869829,0.0,2.9999992500001875,2024-02-06,236.0,12.0,7.0,plot_level_next_window
2324,2024-02-06,B22,B,2,2,1499466.0,1867014.0,1867014.0,0.0,13.0,0.0,8.0,1.0,236.0,96,13.478645833333331,9.5,18.78,13.831145833333332,15.071458333333332,62.14927083333333,0.0,8.390520833333333,182.835625,17552.22,5.745729166666667,3.478645833333333,14.113784722222222,13.057708333333334,15.544933035714283,15.41753472222222,15.240416666666668,17.148028273809523,79.00041666666665,74.52035714285715,77.12093005952381,0.09,0.09,0.31,108.05861111111112,143.0740625,140.6216795112782,31120.880000000005,96145.77,188821.84000000003,12.341354166666669,21.403958333333332,77.6290625,148.99927083333333,4.19,410313.25,37,2,29,0.0,0.0,0.0,0.6666666666666666,1.154700538379251,12.0,1.0,12.5,15.666666666666666,5.507570547286103,8.0,-7.0,4.5,4.333333333333333,3.511884584284246,2.0,-2.0,1.0,1.6666666666666667,1.5275252316519465,4.0,4.0,6.0,5.0,2.6457513110645885,1786667.0,-287201.0,1643066.5,1810247.0,323216.7420493561,2229476.0,-362462.0,2048245.0,2291024.0,457896.9358753124,2229476.0,-362462.0,2048245.0,2291024.0,457896.9358753124,224.0,12.0,230.0,172.33333333333334,100.06164766449398,22.0,0.36363634710743875,0.590909064049588,0.0,1.6249997968750256,2024-02-13,134.0,-102.0,7.0,plot_level_next_window
2324,2024-02-13,B22,B,2,2,2612813.0,3486192.0,3486192.0,1.0,31.0,0.0,30.0,11.0,134.0,96,14.7740625,7.31,18.6,15.086666666666666,17.811770833333334,71.40114583333333,0.0,6.378020833333333,155.10177083333335,14889.77,9.432604166666666,4.774062499999999,19.057222222222222,16.359627976190474,14.708668154761906,19.697187499999995,17.70922619047619,16.474821428571428,75.94555555555554,75.6334375,75.07689732142856,0.43,0.43,0.52,134.2196875,150.30565648496238,146.68985949248122,38655.27,100867.96,197013.73,27.171666666666667,44.51739583333334,65.92135416666667,193.51666666666665,4.619999999999999,511181.21,44,2,36,0.0,1.0,0.5,0.3333333333333333,0.5773502691896258,13.0,18.0,22.0,18.666666666666668,10.692676621563626,1.0,10.0,6.0,6.666666666666667,5.131601439446884,0.0,0.0,0.0,0.6666666666666666,1.154700538379251,8.0,22.0,19.0,14.0,14.0,1499466.0,1113347.0,2056139.5,1966315.3333333333,578005.6473377517,1867014.0,1619178.0,2676603.0,2527560.6666666665,849750.0810810985,1867014.0,1619178.0,2676603.0,2527560.6666666665,849750.0810810985,236.0,-102.0,185.0,198.0,55.7494394590654,73.0,0.4109588984800151,0.42465752842934895,0.032258063475546335,1.03333329888889,2024-02-20,264.0,130.0,7.0,plot_level_next_window
2324,2024-02-20,B22,B,2,2,2177713.0,2963776.0,2963776.0,8.0,23.0,3.0,22.0,11.0,264.0,96,10.565729166666666,1.1,21.25,10.805833333333332,13.518125,64.6725,0.0,2.3884375,210.61,20218.56,2.3240625,0.5657291666666655,11.053576388888889,12.920684523809523,14.64015625,13.979131944444442,15.29784226190476,16.503534226190474,77.66104166666666,77.97973214285715,76.80658482142857,1.25,1.96,2.39,145.33520833333333,126.33980654761906,138.32273151629073,41856.54000000001,84900.35,185768.31,3.1607291666666644,20.444791666666664,64.9621875,213.9614583333333,6.579999999999999,596081.56,51,2,43,1.0,7.0,4.5,3.0,4.358898943540674,31.0,-8.0,27.0,22.333333333333332,9.018499505645787,11.0,0.0,11.0,7.666666666666667,5.773502691896258,0.0,3.0,1.5,1.0,1.7320508075688772,30.0,-8.0,26.0,20.0,11.135528725660047,2612813.0,-435100.0,2395263.0,2096664.0,561081.1803143999,3486192.0,-522416.0,3224984.0,2772327.3333333335,826392.033418361,3486192.0,-522416.0,3224984.0,2772327.3333333335,826392.033418361,134.0,130.0,199.0,211.33333333333334,68.42026990105586,67.0,0.3283582040543552,0.34328357696591677,0.34782607183364905,1.0454544979338865,2024-02-27,430.0,166.0,7.0,plot_level_next_window
2324,2024-01-08,B23,B,2,3,1951279.0,2354619.0,2354619.0,1.0,18.0,2.0,12.0,3.0,123.0,96,12.507083333333334,9.08,16.98,12.696458333333332,13.006875,82.47687499999999,0.02,4.230625,23.1853125,2225.79,9.583958333333332,2.507083333333334,15.0565625,12.9471875,12.8146484375,15.378958333333337,14.320357142857144,14.1809765625,81.66697916666666,79.795625,80.13928385416666,0.8600000000000001,1.02,1.02,80.01430555555557,107.7697619047619,109.93813802083334,23044.120000000003,72421.28,84432.49,15.1696875,20.630312499999995,22.5171875,22.5171875,1.02,84432.48999999999,8,1,0,,,1.0,1.0,,,,18.0,18.0,,,,3.0,3.0,,,,2.0,2.0,,,,12.0,12.0,,,,1951279.0,1951279.0,,,,2354619.0,2354619.0,,,,2354619.0,2354619.0,,,,123.0,123.0,,36.0,0.33333332407407434,0.4999999861111115,0.055555552469135974,1.4999998750000105,2024-01-16,84.0,-39.0,8.0,plot_level_next_window
2324,2024-01-16,B23,B,2,3,1389806.0,1738349.0,1738349.0,7.0,16.0,3.0,3.0,2.0,84.0,96,17.04854166666667,8.58,21.94,17.396041666666665,17.473125,94.94791666666669,1.45,6.029062499999999,32.909479166666664,3159.31,16.2309375,7.048541666666669,13.644305555555556,13.661636904761906,13.879151785714289,14.52145833333333,14.597038690476191,14.684375,84.365,79.36620535714285,80.94207589285713,1.45,1.53,3.82,62.44854166666666,82.54610119047618,86.86925595238095,17985.18,55470.98,116752.28,11.472291666666669,26.170833333333334,54.8475,56.8509375,3.88,142552.69999999998,16,1,8,1.0,6.0,4.0,4.0,4.242640687119285,18.0,-2.0,17.0,17.0,1.4142135623730951,3.0,-1.0,2.5,2.5,0.7071067811865476,2.0,1.0,2.5,2.5,0.7071067811865476,12.0,-9.0,7.5,7.5,6.363961030678928,1951279.0,-561473.0,1670542.5,1670542.5,397021.3657531544,2354619.0,-616270.0,2046484.0,2046484.0,435768.69604183367,2354619.0,-616270.0,2046484.0,2046484.0,435768.69604183367,123.0,-39.0,103.5,103.5,27.577164466275352,31.0,0.09677419042663901,0.5161290156087414,0.4374999726562517,5.333331555556148,2024-01-23,99.0,15.0,7.0,plot_level_next_window
2324,2024-01-23,B23,B,2,3,1882756.0,2375370.0,2375370.0,3.0,18.0,5.0,3.0,8.0,99.0,96,18.293645833333333,13.57,22.75,18.577604166666667,16.361250000000002,82.23156250000001,0.0,4.235833333333333,93.22572916666668,8949.67,15.061666666666667,8.293645833333333,11.875763888888889,10.462544642857145,12.062090773809524,12.589375,12.273392857142856,13.435215773809524,73.98114583333334,70.53050595238095,74.94835565476191,0.0,0.0,1.53,114.10902777777778,117.54267308897242,100.04438713972432,32863.4,78938.71,134409.69,10.359999999999998,14.51927083333333,40.69010416666667,71.37020833333332,3.88,221491.41,23,1,15,7.0,-4.0,5.0,3.6666666666666665,3.0550504633038935,16.0,2.0,17.0,17.333333333333332,1.1547005383792517,2.0,6.0,5.0,4.333333333333333,3.2145502536643185,3.0,2.0,4.0,3.3333333333333335,1.5275252316519465,3.0,0.0,3.0,6.0,5.196152422706632,1389806.0,492950.0,1636281.0,1741280.3333333333,306307.8608627819,1738349.0,637021.0,2056859.5,2156112.6666666665,361942.6914448382,1738349.0,637021.0,2056859.5,2156112.6666666665,361942.6914448382,84.0,15.0,91.5,102.0,19.672315572906,37.0,0.08108107888970058,0.48648647333820344,0.1666666574074079,5.999998000000667,2024-01-30,376.0,277.0,7.0,plot_level_next_window
2324,2024-01-30,B23,B,2,3,1859986.0,2308209.0,2308209.0,0.0,7.0,5.0,9.0,12.0,376.0,96,10.5378125,3.12,18.94,10.706666666666663,14.528229166666668,73.83979166666667,0.0,3.861170212765957,173.69726315789475,16501.24,5.218229166666666,0.5378124999999994,12.958368055555557,18.03215773809524,14.247351190476191,16.604305555555552,19.05563988095238,15.664516369047618,73.60635416666666,79.72150297619046,75.12600446428573,0.03,0.22,0.22,167.08516410818714,138.16929652255638,127.8559848057644,47946.83,92676.07,171614.78,8.875104166666668,56.22510416666667,70.744375,127.59531249999998,4.1,314167.48000000004,30,1,22,3.0,-3.0,1.5,3.3333333333333335,3.511884584284246,18.0,-11.0,12.5,13.666666666666666,5.859465277082315,8.0,4.0,10.0,7.333333333333333,5.033222956847166,5.0,0.0,5.0,4.333333333333333,1.1547005383792515,3.0,6.0,6.0,5.0,3.4641016151377544,1882756.0,-22770.0,1871371.0,1710849.3333333333,278264.68448822846,2375370.0,-67161.0,2341789.5,2140642.6666666665,350011.136480446,2375370.0,-67161.0,2341789.5,2140642.6666666665,350011.136480446,99.0,277.0,237.5,186.33333333333334,164.42728889491954,33.0,0.2727272644628102,0.21212120569329682,0.0,0.7777776913580343,2024-02-06,228.0,-148.0,7.0,plot_level_next_window
2324,2024-02-06,B23,B,2,3,1070029.0,1329449.0,1329449.0,4.0,6.0,0.0,11.0,1.0,228.0,96,13.478645833333331,9.5,18.78,13.831145833333332,15.071458333333332,62.14927083333333,0.0,8.390520833333333,182.835625,17552.22,5.745729166666667,3.478645833333333,14.113784722222222,13.057708333333334,15.544933035714283,15.41753472222222,15.240416666666668,17.148028273809523,79.00041666666665,74.52035714285715,77.12093005952381,0.09,0.09,0.31,108.05861111111112,143.0740625,140.6216795112782,31120.880000000005,96145.77,188821.84000000003,12.341354166666669,21.403958333333332,77.6290625,148.99927083333333,4.19,410313.25,37,2,29,0.0,4.0,2.0,2.3333333333333335,2.0816659994661326,7.0,-1.0,6.5,10.333333333333334,6.6583281184793925,12.0,-11.0,6.5,7.0,5.5677643628300215,5.0,-5.0,2.5,3.3333333333333335,2.8867513459481287,9.0,2.0,10.0,7.666666666666667,4.163331998932265,1859986.0,-789957.0,1465007.5,1604257.0,462795.0790717205,2308209.0,-978760.0,1818829.0,2004342.6666666667,585438.9344417857,2308209.0,-978760.0,1818829.0,2004342.6666666667,585438.9344417857,376.0,-148.0,302.0,234.33333333333334,138.60856154413167,22.0,0.49999997727272827,0.27272726033057904,0.6666665555555741,0.5454544958677732,2024-02-13,266.0,38.0,7.0,plot_level_next_window
2324,2024-02-13,B23,B,2,3,1700802.0,2244490.0,2244490.0,4.0,45.0,3.0,13.0,15.0,266.0,96,14.7740625,7.31,18.6,15.086666666666666,17.811770833333334,71.40114583333333,0.0,6.378020833333333,155.10177083333335,14889.77,9.432604166666666,4.774062499999999,19.057222222222222,16.359627976190474,14.708668154761906,19.697187499999995,17.70922619047619,16.474821428571428,75.94555555555554,75.6334375,75.07689732142856,0.43,0.43,0.52,134.2196875,150.30565648496238,146.68985949248122,38655.27,100867.96,197013.73,27.171666666666667,44.51739583333334,65.92135416666667,193.51666666666665,4.619999999999999,511181.21,44,2,36,4.0,0.0,4.0,2.6666666666666665,2.309401076758503,6.0,39.0,25.5,19.333333333333332,22.233608194203057,1.0,14.0,8.0,9.333333333333334,7.371114795831994,0.0,3.0,1.5,2.6666666666666665,2.5166114784235827,11.0,2.0,12.0,11.0,1.9999999999999991,1070029.0,630773.0,1385415.5,1543605.6666666667,417781.0800794279,1329449.0,915041.0,1786969.5,1960716.0,547620.8055826587,1329449.0,915041.0,1786969.5,1960716.0,547620.8055826587,228.0,38.0,247.0,290.0,76.86351540230258,80.0,0.16249999796875003,0.5624999929687501,0.0888888869135803,3.461538195266293,2024-02-20,279.0,13.0,7.0,plot_level_next_window
2324,2024-02-20,B23,B,2,3,1453428.0,1964901.0,1964901.0,4.0,40.0,0.0,25.0,11.0,279.0,96,10.565729166666666,1.1,21.25,10.805833333333332,13.518125,64.6725,0.0,2.3884375,210.61,20218.56,2.3240625,0.5657291666666655,11.053576388888889,12.920684523809523,14.64015625,13.979131944444442,15.29784226190476,16.503534226190474,77.66104166666666,77.97973214285715,76.80658482142857,1.25,1.96,2.39,145.33520833333333,126.33980654761906,138.32273151629073,41856.54000000001,84900.35,185768.31,3.1607291666666644,20.444791666666664,64.9621875,213.9614583333333,6.579999999999999,596081.56,51,2,43,4.0,0.0,4.0,4.0,0.0,45.0,-5.0,42.5,30.333333333333332,21.221058723196006,15.0,-4.0,13.0,9.0,7.211102550927978,3.0,-3.0,1.5,1.0,1.7320508075688765,13.0,12.0,19.0,16.333333333333332,7.571877794400366,1700802.0,-247374.0,1577115.0,1408086.3333333333,317821.5606819861,2244490.0,-279589.0,2104695.5,1846280.0,468911.7338593695,2244490.0,-279589.0,2104695.5,1846280.0,468911.7338593695,266.0,13.0,272.5,257.6666666666667,26.501572280401408,80.0,0.31249999609375007,0.4999999937500001,0.09999999750000006,1.5999999360000026,2024-02-27,468.0,189.0,7.0,plot_level_next_window
2324,2024-01-08,B24,B,2,4,2601016.0,3133722.0,3133722.0,3.0,13.0,3.0,12.0,6.0,69.0,96,12.507083333333334,9.08,16.98,12.696458333333332,13.006875,82.47687499999999,0.02,4.230625,23.1853125,2225.79,9.583958333333332,2.507083333333334,15.0565625,12.9471875,12.8146484375,15.378958333333337,14.320357142857144,14.1809765625,81.66697916666666,79.795625,80.13928385416666,0.8600000000000001,1.02,1.02,80.01430555555557,107.7697619047619,109.93813802083334,23044.120000000003,72421.28,84432.49,15.1696875,20.630312499999995,22.5171875,22.5171875,1.02,84432.48999999999,8,1,0,,,3.0,3.0,,,,13.0,13.0,,,,6.0,6.0,,,,3.0,3.0,,,,12.0,12.0,,,,2601016.0,2601016.0,,,,3133722.0,3133722.0,,,,3133722.0,3133722.0,,,,69.0,69.0,,37.0,0.3243243155588023,0.35135134185536915,0.23076921301775286,1.083333243055563,2024-01-16,138.0,69.0,8.0,plot_level_next_window
2324,2024-01-16,B24,B,2,4,1841009.0,2331360.0,2331360.0,19.0,24.0,1.0,14.0,5.0,138.0,96,17.04854166666667,8.58,21.94,17.396041666666665,17.473125,94.94791666666669,1.45,6.029062499999999,32.909479166666664,3159.31,16.2309375,7.048541666666669,13.644305555555556,13.661636904761906,13.879151785714289,14.52145833333333,14.597038690476191,14.684375,84.365,79.36620535714285,80.94207589285713,1.45,1.53,3.82,62.44854166666666,82.54610119047618,86.86925595238095,17985.18,55470.98,116752.28,11.472291666666669,26.170833333333334,54.8475,56.8509375,3.88,142552.69999999998,16,1,8,3.0,16.0,11.0,11.0,11.313708498984761,13.0,11.0,18.5,18.5,7.7781745930520225,6.0,-1.0,5.5,5.5,0.7071067811865476,3.0,-2.0,2.0,2.0,1.4142135623730951,12.0,2.0,13.0,13.0,1.4142135623730951,2601016.0,-760007.0,2221012.5,2221012.5,537406.1034492444,3133722.0,-802362.0,2732541.0,2732541.0,567355.6111664006,3133722.0,-802362.0,2732541.0,2732541.0,567355.6111664006,69.0,69.0,103.5,103.5,48.79036790187178,63.0,0.22222221869488543,0.38095237490551787,0.7916666336805569,1.7142855918367434,2024-01-23,127.0,-11.0,7.0,plot_level_next_window
2324,2024-01-23,B24,B,2,4,2155452.0,2727257.0,2727257.0,4.0,36.0,6.0,12.0,4.0,127.0,96,18.293645833333333,13.57,22.75,18.577604166666667,16.361250000000002,82.23156250000001,0.0,4.235833333333333,93.22572916666668,8949.67,15.061666666666667,8.293645833333333,11.875763888888889,10.462544642857145,12.062090773809524,12.589375,12.273392857142856,13.435215773809524,73.98114583333334,70.53050595238095,74.94835565476191,0.0,0.0,1.53,114.10902777777778,117.54267308897242,100.04438713972432,32863.4,78938.71,134409.69,10.359999999999998,14.51927083333333,40.69010416666667,71.37020833333332,3.88,221491.41,23,1,15,19.0,-15.0,11.5,8.666666666666666,8.962886439832502,24.0,12.0,30.0,24.333333333333332,11.503622617824933,5.0,-1.0,4.5,5.0,1.0,1.0,5.0,3.5,3.3333333333333335,2.5166114784235836,14.0,-2.0,13.0,12.666666666666666,1.1547005383792515,1841009.0,314443.0,1998230.5,2199159.0,381883.99599747563,2331360.0,395897.0,2529308.5,2730779.6666666665,401192.5991918761,2331360.0,395897.0,2529308.5,2730779.6666666665,401192.5991918761,138.0,-11.0,132.5,111.33333333333333,37.072002014098636,62.0,0.19354838397502608,0.5806451519250783,0.11111110802469146,2.999999750000021,2024-01-30,443.0,316.0,7.0,plot_level_next_window
2324,2024-01-30,B24,B,2,4,1720700.0,2068772.0,2068772.0,3.0,18.0,1.0,12.0,9.0,443.0,96,10.5378125,3.12,18.94,10.706666666666663,14.528229166666668,73.83979166666667,0.0,3.861170212765957,173.69726315789475,16501.24,5.218229166666666,0.5378124999999994,12.958368055555557,18.03215773809524,14.247351190476191,16.604305555555552,19.05563988095238,15.664516369047618,73.60635416666666,79.72150297619046,75.12600446428573,0.03,0.22,0.22,167.08516410818714,138.16929652255638,127.8559848057644,47946.83,92676.07,171614.78,8.875104166666668,56.22510416666667,70.744375,127.59531249999998,4.1,314167.48000000004,30,1,22,4.0,-1.0,3.5,8.666666666666666,8.962886439832502,36.0,-18.0,27.0,26.0,9.165151389911681,4.0,5.0,6.5,6.0,2.6457513110645907,6.0,-5.0,3.5,2.6666666666666665,2.886751345948129,12.0,0.0,12.0,12.666666666666666,1.1547005383792515,2155452.0,-434752.0,1938076.0,1905720.3333333333,224483.83655028112,2727257.0,-658485.0,2398014.5,2375796.3333333335,331483.88286059,2727257.0,-658485.0,2398014.5,2375796.3333333335,331483.88286059,127.0,316.0,285.0,236.0,179.35160997325895,43.0,0.27906976095186603,0.4186046414277991,0.1666666574074079,1.4999998750000105,2024-02-06,343.0,-100.0,7.0,plot_level_next_window
2324,2024-02-06,B24,B,2,4,1558647.0,1972081.0,1972081.0,1.0,23.0,0.0,17.0,6.0,343.0,96,13.478645833333331,9.5,18.78,13.831145833333332,15.071458333333332,62.14927083333333,0.0,8.390520833333333,182.835625,17552.22,5.745729166666667,3.478645833333333,14.113784722222222,13.057708333333334,15.544933035714283,15.41753472222222,15.240416666666668,17.148028273809523,79.00041666666665,74.52035714285715,77.12093005952381,0.09,0.09,0.31,108.05861111111112,143.0740625,140.6216795112782,31120.880000000005,96145.77,188821.84000000003,12.341354166666669,21.403958333333332,77.6290625,148.99927083333333,4.19,410313.25,37,2,29,3.0,-2.0,2.0,2.6666666666666665,1.5275252316519414,18.0,5.0,20.5,25.666666666666668,9.29157324317757,9.0,-3.0,7.5,6.333333333333333,2.516611478423583,1.0,-1.0,0.5,2.3333333333333335,3.2145502536643185,12.0,5.0,14.5,13.666666666666666,2.886751345948129,1720700.0,-162053.0,1639673.5,1811599.6666666667,308611.59092998004,2068772.0,-96691.0,2020426.5,2256036.6666666665,410942.501185182,2068772.0,-96691.0,2020426.5,2256036.6666666665,410942.501185182,443.0,-100.0,393.0,304.3333333333333,161.5095456415296,47.0,0.3617021199637847,0.4893616917157087,0.04347825897920613,1.3529410968858178,2024-02-13,490.0,147.0,7.0,plot_level_next_window
2324,2024-02-13,B24,B,2,4,1921776.0,2531211.0,2531211.0,7.0,34.0,0.0,31.0,6.0,490.0,96,14.7740625,7.31,18.6,15.086666666666666,17.811770833333334,71.40114583333333,0.0,6.378020833333333,155.10177083333335,14889.77,9.432604166666666,4.774062499999999,19.057222222222222,16.359627976190474,14.708668154761906,19.697187499999995,17.70922619047619,16.474821428571428,75.94555555555554,75.6334375,75.07689732142856,0.43,0.43,0.52,134.2196875,150.30565648496238,146.68985949248122,38655.27,100867.96,197013.73,27.171666666666667,44.51739583333334,65.92135416666667,193.51666666666665,4.619999999999999,511181.21,44,2,36,1.0,6.0,4.0,3.6666666666666665,3.055050463303891,23.0,11.0,28.5,25.0,8.18535277187245,6.0,0.0,6.0,7.0,1.7320508075688772,0.0,0.0,0.0,0.3333333333333333,0.5773502691896256,17.0,14.0,24.0,20.0,9.848857801796104,1558647.0,363129.0,1740211.5,1733707.6666666667,181913.62566980338,1972081.0,559130.0,2251646.0,2190688.0,298838.12092335196,1972081.0,559130.0,2251646.0,2190688.0,298838.12092335196,343.0,147.0,416.5,425.3333333333333,75.07551753623372,78.0,0.3974358923405655,0.4358974303090073,0.20588234688581333,1.0967741581685755,2024-02-20,398.0,-92.0,7.0,plot_level_next_window
2324,2024-02-20,B24,B,2,4,1867007.0,2582304.0,2582304.0,3.0,34.0,8.0,24.0,13.0,398.0,96,10.565729166666666,1.1,21.25,10.805833333333332,13.518125,64.6725,0.0,2.3884375,210.61,20218.56,2.3240625,0.5657291666666655,11.053576388888889,12.920684523809523,14.64015625,13.979131944444442,15.29784226190476,16.503534226190474,77.66104166666666,77.97973214285715,76.80658482142857,1.25,1.96,2.39,145.33520833333333,126.33980654761906,138.32273151629073,41856.54000000001,84900.35,185768.31,3.1607291666666644,20.444791666666664,64.9621875,213.9614583333333,6.579999999999999,596081.56,51,2,43,7.0,-4.0,5.0,3.6666666666666665,3.055050463303891,34.0,0.0,34.0,30.333333333333332,6.350852961085884,6.0,7.0,9.5,8.333333333333334,4.041451884327381,0.0,8.0,4.0,2.6666666666666665,4.618802153517007,31.0,-7.0,27.5,24.0,7.0,1921776.0,-54769.0,1894391.5,1782476.6666666667,195766.95482213882,2531211.0,51093.0,2556757.5,2361865.3333333335,338528.4235427407,2531211.0,51093.0,2556757.5,2361865.3333333335,338528.4235427407,490.0,-92.0,444.0,410.3333333333333,74.272022547749,82.0,0.29268292325996437,0.4146341412849495,0.08823529152249143,1.4166666076388912,2024-02-27,659.0,261.0,7.0,plot_level_next_window
2324,2024-01-08,B25,B,2,5,1047240.0,1252123.0,1252123.0,6.0,16.0,0.0,4.0,4.0,47.0,96,12.507083333333334,9.08,16.98,12.696458333333332,13.006875,82.47687499999999,0.02,4.230625,23.1853125,2225.79,9.583958333333332,2.507083333333334,15.0565625,12.9471875,12.8146484375,15.378958333333337,14.320357142857144,14.1809765625,81.66697916666666,79.795625,80.13928385416666,0.8600000000000001,1.02,1.02,80.01430555555557,107.7697619047619,109.93813802083334,23044.120000000003,72421.28,84432.49,15.1696875,20.630312499999995,22.5171875,22.5171875,1.02,84432.48999999999,8,1,0,,,6.0,6.0,,,,16.0,16.0,,,,4.0,4.0,,,,0.0,0.0,,,,4.0,4.0,,,,1047240.0,1047240.0,,,,1252123.0,1252123.0,,,,1252123.0,1252123.0,,,,47.0,47.0,,30.0,0.13333332888888902,0.5333333155555561,0.37499997656250145,3.99999900000025,2024-01-16,27.0,-20.0,8.0,plot_level_next_window
2324,2024-01-16,B25,B,2,5,1436915.0,1904293.0,1904293.0,6.0,15.0,0.0,0.0,10.0,27.0,96,17.04854166666667,8.58,21.94,17.396041666666665,17.473125,94.94791666666669,1.45,6.029062499999999,32.909479166666664,3159.31,16.2309375,7.048541666666669,13.644305555555556,13.661636904761906,13.879151785714289,14.52145833333333,14.597038690476191,14.684375,84.365,79.36620535714285,80.94207589285713,1.45,1.53,3.82,62.44854166666666,82.54610119047618,86.86925595238095,17985.18,55470.98,116752.28,11.472291666666669,26.170833333333334,54.8475,56.8509375,3.88,142552.69999999998,16,1,8,6.0,0.0,6.0,6.0,0.0,16.0,-1.0,15.5,15.5,0.7071067811865476,4.0,6.0,7.0,7.0,4.242640687119285,0.0,0.0,0.0,0.0,0.0,4.0,-4.0,2.0,2.0,2.8284271247461903,1047240.0,389675.0,1242077.5,1242077.5,275541.8349588679,1252123.0,652170.0,1578208.0,1578208.0,461153.8294864307,1252123.0,652170.0,1578208.0,1578208.0,461153.8294864307,47.0,-20.0,37.0,37.0,14.142135623730951,31.0,0.0,0.4838709521331951,0.39999997333333515,15000000.0,2024-01-23,57.0,30.0,7.0,plot_level_next_window
2324,2024-01-23,B25,B,2,5,3398859.0,4538543.0,4538543.0,13.0,32.0,8.0,4.0,22.0,57.0,96,18.293645833333333,13.57,22.75,18.577604166666667,16.361250000000002,82.23156250000001,0.0,4.235833333333333,93.22572916666668,8949.67,15.061666666666667,8.293645833333333,11.875763888888889,10.462544642857145,12.062090773809524,12.589375,12.273392857142856,13.435215773809524,73.98114583333334,70.53050595238095,74.94835565476191,0.0,0.0,1.53,114.10902777777778,117.54267308897242,100.04438713972432,32863.4,78938.71,134409.69,10.359999999999998,14.51927083333333,40.69010416666667,71.37020833333332,3.88,221491.41,23,1,15,6.0,7.0,9.5,8.333333333333334,4.041451884327381,15.0,17.0,23.5,21.0,9.539392014169456,10.0,12.0,16.0,12.0,9.16515138991168,0.0,8.0,4.0,2.6666666666666665,4.618802153517007,0.0,4.0,2.0,2.6666666666666665,2.3094010767585034,1436915.0,1961944.0,2417887.0,1961004.6666666667,1260369.177788926,1904293.0,2634250.0,3221418.0,2564986.3333333335,1739978.696603304,1904293.0,2634250.0,3221418.0,2564986.3333333335,1739978.696603304,27.0,30.0,42.0,43.666666666666664,15.275252316519468,79.0,0.050632910751482144,0.40506328601185715,0.4062499873046879,7.9999980000005,2024-01-30,814.0,757.0,7.0,plot_level_next_window
2324,2024-01-30,B25,B,2,5,2762852.0,3405581.0,3405581.0,5.0,18.0,2.0,47.0,12.0,814.0,96,10.5378125,3.12,18.94,10.706666666666663,14.528229166666668,73.83979166666667,0.0,3.861170212765957,173.69726315789475,16501.24,5.218229166666666,0.5378124999999994,12.958368055555557,18.03215773809524,14.247351190476191,16.604305555555552,19.05563988095238,15.664516369047618,73.60635416666666,79.72150297619046,75.12600446428573,0.03,0.22,0.22,167.08516410818714,138.16929652255638,127.8559848057644,47946.83,92676.07,171614.78,8.875104166666668,56.22510416666667,70.744375,127.59531249999998,4.1,314167.48000000004,30,1,22,13.0,-8.0,9.0,8.0,4.358898943540674,32.0,-14.0,25.0,21.666666666666668,9.073771725877467,22.0,-10.0,17.0,14.666666666666666,6.429100507328636,8.0,-6.0,5.0,3.3333333333333335,4.163331998932266,4.0,43.0,25.5,17.0,26.057628441590765,3398859.0,-636007.0,3080855.5,2532875.3333333335,1000986.0214769902,4538543.0,-1132962.0,3972062.0,3282805.6666666665,1321409.7027346715,4538543.0,-1132962.0,3972062.0,3282805.6666666665,1321409.7027346715,57.0,757.0,435.5,299.3333333333333,445.9667401649291,84.0,0.5595238028628119,0.2142857117346939,0.27777776234567986,0.38297871525577204,2024-02-06,507.0,-307.0,7.0,plot_level_next_window
2324,2024-02-06,B25,B,2,5,2530524.0,3376876.0,3376876.0,10.0,31.0,4.0,35.0,2.0,507.0,96,13.478645833333331,9.5,18.78,13.831145833333332,15.071458333333332,62.14927083333333,0.0,8.390520833333333,182.835625,17552.22,5.745729166666667,3.478645833333333,14.113784722222222,13.057708333333334,15.544933035714283,15.41753472222222,15.240416666666668,17.148028273809523,79.00041666666665,74.52035714285715,77.12093005952381,0.09,0.09,0.31,108.05861111111112,143.0740625,140.6216795112782,31120.880000000005,96145.77,188821.84000000003,12.341354166666669,21.403958333333332,77.6290625,148.99927083333333,4.19,410313.25,37,2,29,5.0,5.0,7.5,9.333333333333334,4.041451884327381,18.0,13.0,24.5,27.0,7.810249675906654,12.0,-10.0,7.0,12.0,10.0,2.0,2.0,3.0,4.666666666666667,3.0550504633038935,47.0,-12.0,41.0,28.666666666666668,22.18858565419016,2762852.0,-232328.0,2646688.0,2897411.6666666665,449534.3657345157,3405581.0,-28705.0,3391228.5,3773666.6666666665,662557.8074600984,3405581.0,-28705.0,3391228.5,3773666.6666666665,662557.8074600984,814.0,-307.0,660.5,459.3333333333333,380.7444462278254,82.0,0.426829263087448,0.37804877587745395,0.3225806347554634,0.885714260408164,2024-02-13,633.0,126.0,7.0,plot_level_next_window
2324,2024-02-13,B25,B,2,5,2615658.0,3489115.0,3489115.0,12.0,93.0,5.0,28.0,12.0,633.0,96,14.7740625,7.31,18.6,15.086666666666666,17.811770833333334,71.40114583333333,0.0,6.378020833333333,155.10177083333335,14889.77,9.432604166666666,4.774062499999999,19.057222222222222,16.359627976190474,14.708668154761906,19.697187499999995,17.70922619047619,16.474821428571428,75.94555555555554,75.6334375,75.07689732142856,0.43,0.43,0.52,134.2196875,150.30565648496238,146.68985949248122,38655.27,100867.96,197013.73,27.171666666666667,44.51739583333334,65.92135416666667,193.51666666666665,4.619999999999999,511181.21,44,2,36,10.0,2.0,11.0,9.0,3.605551275463989,31.0,62.0,62.0,47.333333333333336,40.07908847932215,2.0,10.0,7.0,8.666666666666666,5.773502691896258,4.0,1.0,4.5,3.6666666666666665,1.5275252316519476,35.0,-7.0,31.5,36.666666666666664,9.609023536933046,2530524.0,85134.0,2573091.0,2636344.6666666665,117537.34950786171,3376876.0,112239.0,3432995.5,3423857.3333333335,58308.80336906816,3376876.0,112239.0,3432995.5,3423857.3333333335,58308.80336906816,507.0,126.0,570.0,651.3333333333334,154.31893381349354,150.0,0.18666666542222224,0.6199999958666667,0.12903225667707252,3.3214284528061264,2024-02-20,266.0,-367.0,7.0,plot_level_next_window
2324,2024-02-20,B25,B,2,5,2408139.0,3462813.0,3462813.0,3.0,48.0,4.0,16.0,16.0,266.0,96,10.565729166666666,1.1,21.25,10.805833333333332,13.518125,64.6725,0.0,2.3884375,210.61,20218.56,2.3240625,0.5657291666666655,11.053576388888889,12.920684523809523,14.64015625,13.979131944444442,15.29784226190476,16.503534226190474,77.66104166666666,77.97973214285715,76.80658482142857,1.25,1.96,2.39,145.33520833333333,126.33980654761906,138.32273151629073,41856.54000000001,84900.35,185768.31,3.1607291666666644,20.444791666666664,64.9621875,213.9614583333333,6.579999999999999,596081.56,51,2,43,12.0,-9.0,7.5,8.333333333333334,4.725815626252609,93.0,-45.0,70.5,57.333333333333336,32.03643758805485,12.0,4.0,14.0,10.0,7.211102550927978,5.0,-1.0,4.5,4.333333333333333,0.5773502691896281,28.0,-12.0,22.0,26.333333333333332,9.609023536933043,2615658.0,-207519.0,2511898.5,2518107.0,104315.24460499478,3489115.0,-26302.0,3475964.0,3442934.6666666665,58700.59098793346,3489115.0,-26302.0,3475964.0,3442934.6666666665,58700.59098793346,633.0,-367.0,449.5,468.6666666666667,186.47877448474776,87.0,0.18390804386312593,0.5517241315893778,0.0624999986979167,2.9999998125000116,2024-02-27,616.0,350.0,7.0,plot_level_next_window
2324,2024-01-08,B41,B,4,1,1935791.0,2307320.0,2307320.0,10.0,22.0,1.0,10.0,4.0,43.0,96,12.507083333333334,9.08,16.98,12.696458333333332,13.006875,82.47687499999999,0.02,4.230625,23.1853125,2225.79,9.583958333333332,2.507083333333334,15.0565625,12.9471875,12.8146484375,15.378958333333337,14.320357142857144,14.1809765625,81.66697916666666,79.795625,80.13928385416666,0.8600000000000001,1.02,1.02,80.01430555555557,107.7697619047619,109.93813802083334,23044.120000000003,72421.28,84432.49,15.1696875,20.630312499999995,22.5171875,22.5171875,1.02,84432.48999999999,8,1,0,,,10.0,10.0,,,,22.0,22.0,,,,4.0,4.0,,,,1.0,1.0,,,,10.0,10.0,,,,1935791.0,1935791.0,,,,2307320.0,2307320.0,,,,2307320.0,2307320.0,,,,43.0,43.0,,47.0,0.21276595291987335,0.46808509642372137,0.4545454338842984,2.199999780000022,2024-01-16,89.0,46.0,8.0,plot_level_next_window
2324,2024-01-16,B41,B,4,1,1179211.0,1524401.0,1524401.0,7.0,26.0,1.0,5.0,3.0,89.0,96,17.04854166666667,8.58,21.94,17.396041666666665,17.473125,94.94791666666669,1.45,6.029062499999999,32.909479166666664,3159.31,16.2309375,7.048541666666669,13.644305555555556,13.661636904761906,13.879151785714289,14.52145833333333,14.597038690476191,14.684375,84.365,79.36620535714285,80.94207589285713,1.45,1.53,3.82,62.44854166666666,82.54610119047618,86.86925595238095,17985.18,55470.98,116752.28,11.472291666666669,26.170833333333334,54.8475,56.8509375,3.88,142552.69999999998,16,1,8,10.0,-3.0,8.5,8.5,2.1213203435596424,22.0,4.0,24.0,24.0,2.8284271247461903,4.0,-1.0,3.5,3.5,0.7071067811865476,1.0,0.0,1.0,1.0,0.0,10.0,-5.0,7.5,7.5,3.5355339059327378,1935791.0,-756580.0,1557501.0,1557501.0,534982.8485101181,2307320.0,-782919.0,1915860.5,1915860.5,553607.3340197906,2307320.0,-782919.0,1915860.5,1915860.5,553607.3340197906,43.0,46.0,66.0,66.0,32.526911934581186,42.0,0.119047616213152,0.6190476043083905,0.26923075887574005,5.199998960000208,2024-01-23,26.0,-63.0,7.0,plot_level_next_window
2324,2024-01-23,B41,B,4,1,1857036.0,2386267.0,2386267.0,3.0,34.0,5.0,4.0,4.0,26.0,96,18.293645833333333,13.57,22.75,18.577604166666667,16.361250000000002,82.23156250000001,0.0,4.235833333333333,93.22572916666668,8949.67,15.061666666666667,8.293645833333333,11.875763888888889,10.462544642857145,12.062090773809524,12.589375,12.273392857142856,13.435215773809524,73.98114583333334,70.53050595238095,74.94835565476191,0.0,0.0,1.53,114.10902777777778,117.54267308897242,100.04438713972432,32863.4,78938.71,134409.69,10.359999999999998,14.51927083333333,40.69010416666667,71.37020833333332,3.88,221491.41,23,1,15,7.0,-4.0,5.0,6.666666666666667,3.5118845842842465,26.0,8.0,30.0,27.333333333333332,6.110100926607787,3.0,1.0,3.5,3.6666666666666665,0.5773502691896258,1.0,4.0,3.0,2.3333333333333335,2.3094010767585034,5.0,-1.0,4.5,6.333333333333333,3.214550253664318,1179211.0,677825.0,1518123.5,1657346.0,415945.18409881846,1524401.0,861866.0,1955334.0,2072662.6666666667,476446.53273408685,1524401.0,861866.0,1955334.0,2072662.6666666667,476446.53273408685,89.0,-63.0,57.5,52.666666666666664,32.593455375785695,50.0,0.07999999840000004,0.6799999864000003,0.08823529152249143,8.499997875000531,2024-01-30,201.0,175.0,7.0,plot_level_next_window
2324,2024-01-30,B41,B,4,1,2284100.0,3088865.0,3088865.0,2.0,36.0,3.0,16.0,13.0,201.0,96,10.5378125,3.12,18.94,10.706666666666663,14.528229166666668,73.83979166666667,0.0,3.861170212765957,173.69726315789475,16501.24,5.218229166666666,0.5378124999999994,12.958368055555557,18.03215773809524,14.247351190476191,16.604305555555552,19.05563988095238,15.664516369047618,73.60635416666666,79.72150297619046,75.12600446428573,0.03,0.22,0.22,167.08516410818714,138.16929652255638,127.8559848057644,47946.83,92676.07,171614.78,8.875104166666668,56.22510416666667,70.744375,127.59531249999998,4.1,314167.48000000004,30,1,22,3.0,-1.0,2.5,4.0,2.6457513110645907,34.0,2.0,35.0,32.0,5.291502622129182,4.0,9.0,8.5,6.666666666666667,5.507570547286102,5.0,-2.0,4.0,3.0,2.0,4.0,12.0,10.0,8.333333333333334,6.6583281184793925,1857036.0,427064.0,2070568.0,1773449.0,557166.954787342,2386267.0,702598.0,2737566.0,2333177.6666666665,783582.0057973086,2386267.0,702598.0,2737566.0,2333177.6666666665,783582.0057973086,26.0,175.0,113.5,105.33333333333333,88.6359595950387,70.0,0.2285714253061225,0.5142857069387756,0.05555555401234573,2.249999859375009,2024-02-06,707.0,506.0,7.0,plot_level_next_window
2324,2024-02-06,B41,B,4,1,1623170.0,1855041.0,1855041.0,2.0,17.0,6.0,23.0,9.0,707.0,96,13.478645833333331,9.5,18.78,13.831145833333332,15.071458333333332,62.14927083333333,0.0,8.390520833333333,182.835625,17552.22,5.745729166666667,3.478645833333333,14.113784722222222,13.057708333333334,15.544933035714283,15.41753472222222,15.240416666666668,17.148028273809523,79.00041666666665,74.52035714285715,77.12093005952381,0.09,0.09,0.31,108.05861111111112,143.0740625,140.6216795112782,31120.880000000005,96145.77,188821.84000000003,12.341354166666669,21.403958333333332,77.6290625,148.99927083333333,4.19,410313.25,37,2,29,2.0,0.0,2.0,2.3333333333333335,0.5773502691896273,36.0,-19.0,26.5,29.0,10.44030650891055,13.0,-4.0,11.0,8.666666666666666,4.509249752822894,3.0,3.0,4.5,4.666666666666667,1.5275252316519476,16.0,7.0,19.5,14.333333333333334,9.60902353693305,2284100.0,-660930.0,1953635.0,1921435.3333333333,335138.1384225515,3088865.0,-1233824.0,2471953.0,2443391.0,618892.3810130483,3088865.0,-1233824.0,2471953.0,2443391.0,618892.3810130483,201.0,506.0,454.0,311.3333333333333,353.65284295949516,57.0,0.40350876485072346,0.2982456088027086,0.11764705190311459,0.7391304026465042,2024-02-13,351.0,-356.0,7.0,plot_level_next_window
2324,2024-02-13,B41,B,4,1,1854315.0,2456449.0,2456449.0,1.0,47.0,2.0,38.0,4.0,351.0,96,14.7740625,7.31,18.6,15.086666666666666,17.811770833333334,71.40114583333333,0.0,6.378020833333333,155.10177083333335,14889.77,9.432604166666666,4.774062499999999,19.057222222222222,16.359627976190474,14.708668154761906,19.697187499999995,17.70922619047619,16.474821428571428,75.94555555555554,75.6334375,75.07689732142856,0.43,0.43,0.52,134.2196875,150.30565648496238,146.68985949248122,38655.27,100867.96,197013.73,27.171666666666667,44.51739583333334,65.92135416666667,193.51666666666665,4.619999999999999,511181.21,44,2,36,2.0,-1.0,1.5,1.6666666666666667,0.5773502691896258,17.0,30.0,32.0,33.333333333333336,15.17673658377628,9.0,-5.0,6.5,8.666666666666666,4.509249752822894,6.0,-4.0,4.0,3.6666666666666665,2.081665999466133,23.0,15.0,30.5,25.666666666666668,11.239810200058244,1623170.0,231145.0,1738742.5,1920528.3333333333,335403.1460173463,1855041.0,601408.0,2155745.0,2466785.0,616976.9366969889,1855041.0,601408.0,2155745.0,2466785.0,616976.9366969889,707.0,-356.0,529.0,419.6666666666667,259.89485053254384,92.0,0.4130434737712666,0.5108695596644613,0.021276595291987336,1.2368420727146823,2024-02-20,256.0,-95.0,7.0,plot_level_next_window
2324,2024-02-20,B41,B,4,1,1326328.0,1451214.0,1451214.0,6.0,18.0,4.0,12.0,7.0,256.0,96,10.565729166666666,1.1,21.25,10.805833333333332,13.518125,64.6725,0.0,2.3884375,210.61,20218.56,2.3240625,0.5657291666666655,11.053576388888889,12.920684523809523,14.64015625,13.979131944444442,15.29784226190476,16.503534226190474,77.66104166666666,77.97973214285715,76.80658482142857,1.25,1.96,2.39,145.33520833333333,126.33980654761906,138.32273151629073,41856.54000000001,84900.35,185768.31,3.1607291666666644,20.444791666666664,64.9621875,213.9614583333333,6.579999999999999,596081.56,51,2,43,1.0,5.0,3.5,3.0,2.6457513110645907,47.0,-29.0,32.5,27.333333333333332,17.03917055884274,4.0,3.0,5.5,6.666666666666667,2.516611478423583,2.0,2.0,3.0,4.0,2.0000000000000004,38.0,-26.0,25.0,24.333333333333332,13.051181300301261,1854315.0,-527987.0,1590321.5,1601271.0,264673.8421019349,2456449.0,-1005235.0,1953831.5,1920901.3333333333,505843.3936865575,2456449.0,-1005235.0,1953831.5,1920901.3333333333,505843.3936865575,351.0,-95.0,303.5,438.0,237.75407462333843,47.0,0.25531914350384805,0.38297871525577204,0.3333333148148158,1.4999998750000105,2024-02-27,673.0,417.0,7.0,plot_level_next_window
2324,2024-01-08,B42,B,4,2,1891913.0,2265934.0,2265934.0,7.0,17.0,0.0,11.0,2.0,312.0,96,12.507083333333334,9.08,16.98,12.696458333333332,13.006875,82.47687499999999,0.02,4.230625,23.1853125,2225.79,9.583958333333332,2.507083333333334,15.0565625,12.9471875,12.8146484375,15.378958333333337,14.320357142857144,14.1809765625,81.66697916666666,79.795625,80.13928385416666,0.8600000000000001,1.02,1.02,80.01430555555557,107.7697619047619,109.93813802083334,23044.120000000003,72421.28,84432.49,15.1696875,20.630312499999995,22.5171875,22.5171875,1.02,84432.48999999999,8,1,0,,,7.0,7.0,,,,17.0,17.0,,,,2.0,2.0,,,,0.0,0.0,,,,11.0,11.0,,,,1891913.0,1891913.0,,,,2265934.0,2265934.0,,,,2265934.0,2265934.0,,,,312.0,312.0,,37.0,0.2972972892622354,0.4594594470416366,0.4117646816609011,1.5454544049586905,2024-01-16,177.0,-135.0,8.0,plot_level_next_window
2324,2024-01-16,B42,B,4,2,2717522.0,3588226.0,3588226.0,15.0,36.0,1.0,9.0,12.0,177.0,96,17.04854166666667,8.58,21.94,17.396041666666665,17.473125,94.94791666666669,1.45,6.029062499999999,32.909479166666664,3159.31,16.2309375,7.048541666666669,13.644305555555556,13.661636904761906,13.879151785714289,14.52145833333333,14.597038690476191,14.684375,84.365,79.36620535714285,80.94207589285713,1.45,1.53,3.82,62.44854166666666,82.54610119047618,86.86925595238095,17985.18,55470.98,116752.28,11.472291666666669,26.170833333333334,54.8475,56.8509375,3.88,142552.69999999998,16,1,8,7.0,8.0,11.0,11.0,5.656854249492381,17.0,19.0,26.5,26.5,13.435028842544403,2.0,10.0,7.0,7.0,7.0710678118654755,0.0,1.0,0.5,0.5,0.7071067811865476,11.0,-2.0,10.0,10.0,1.4142135623730951,1891913.0,825609.0,2304717.5,2304717.5,583793.7225086443,2265934.0,1322292.0,2927080.0,2927080.0,935001.6399087223,2265934.0,1322292.0,2927080.0,2927080.0,935001.6399087223,312.0,-135.0,244.5,244.5,95.45941546018392,73.0,0.12328766954400452,0.4931506781760181,0.41666665509259293,3.9999995555556054,2024-01-23,184.0,7.0,7.0,plot_level_next_window
2324,2024-01-23,B42,B,4,2,2449341.0,3198508.0,3198508.0,9.0,29.0,4.0,3.0,17.0,184.0,96,18.293645833333333,13.57,22.75,18.577604166666667,16.361250000000002,82.23156250000001,0.0,4.235833333333333,93.22572916666668,8949.67,15.061666666666667,8.293645833333333,11.875763888888889,10.462544642857145,12.062090773809524,12.589375,12.273392857142856,13.435215773809524,73.98114583333334,70.53050595238095,74.94835565476191,0.0,0.0,1.53,114.10902777777778,117.54267308897242,100.04438713972432,32863.4,78938.71,134409.69,10.359999999999998,14.51927083333333,40.69010416666667,71.37020833333332,3.88,221491.41,23,1,15,15.0,-6.0,12.0,10.333333333333334,4.163331998932266,36.0,-7.0,32.5,27.333333333333332,9.60902353693305,12.0,5.0,14.5,10.333333333333334,7.637626158259733,1.0,3.0,2.5,1.6666666666666667,2.0816659994661326,9.0,-6.0,6.0,7.666666666666667,4.163331998932265,2717522.0,-268181.0,2583431.5,2352925.3333333335,421164.5056321025,3588226.0,-389718.0,3393367.0,3017556.0,679464.3132968795,3588226.0,-389718.0,3393367.0,3017556.0,679464.3132968795,177.0,7.0,180.5,224.33333333333334,76.00219295081777,62.0,0.04838709599375652,0.46774192793964636,0.3103448168846615,9.666663444445518,2024-01-30,562.0,378.0,7.0,plot_level_next_window
2324,2024-01-30,B42,B,4,2,1498275.0,2052314.0,2052314.0,3.0,28.0,2.0,21.0,10.0,562.0,96,10.5378125,3.12,18.94,10.706666666666663,14.528229166666668,73.83979166666667,0.0,3.861170212765957,173.69726315789475,16501.24,5.218229166666666,0.5378124999999994,12.958368055555557,18.03215773809524,14.247351190476191,16.604305555555552,19.05563988095238,15.664516369047618,73.60635416666666,79.72150297619046,75.12600446428573,0.03,0.22,0.22,167.08516410818714,138.16929652255638,127.8559848057644,47946.83,92676.07,171614.78,8.875104166666668,56.22510416666667,70.744375,127.59531249999998,4.1,314167.48000000004,30,1,22,9.0,-6.0,6.0,9.0,6.0,29.0,-1.0,28.5,31.0,4.358898943540674,17.0,-7.0,13.5,13.0,3.6055512754639882,4.0,-2.0,3.0,2.3333333333333335,1.5275252316519465,3.0,18.0,12.0,11.0,9.16515138991168,2449341.0,-951066.0,1973808.0,2221712.6666666665,640704.1480701785,3198508.0,-1146194.0,2625411.0,2946349.3333333335,798401.1603306533,3198508.0,-1146194.0,2625411.0,2946349.3333333335,798401.1603306533,184.0,378.0,373.0,307.6666666666667,220.28693409581362,64.0,0.32812499487304697,0.43749999316406263,0.10714285331632667,1.3333332698412728,2024-02-06,651.0,89.0,7.0,plot_level_next_window
2324,2024-02-06,B42,B,4,2,2167097.0,2646976.0,2646976.0,0.0,28.0,4.0,34.0,17.0,651.0,96,13.478645833333331,9.5,18.78,13.831145833333332,15.071458333333332,62.14927083333333,0.0,8.390520833333333,182.835625,17552.22,5.745729166666667,3.478645833333333,14.113784722222222,13.057708333333334,15.544933035714283,15.41753472222222,15.240416666666668,17.148028273809523,79.00041666666665,74.52035714285715,77.12093005952381,0.09,0.09,0.31,108.05861111111112,143.0740625,140.6216795112782,31120.880000000005,96145.77,188821.84000000003,12.341354166666669,21.403958333333332,77.6290625,148.99927083333333,4.19,410313.25,37,2,29,3.0,-3.0,1.5,4.0,4.58257569495584,28.0,0.0,28.0,28.333333333333332,0.5773502691896255,10.0,7.0,13.5,14.666666666666666,4.04145188432738,2.0,2.0,3.0,3.3333333333333335,1.1547005383792512,21.0,13.0,27.5,19.333333333333332,15.56705923844749,1498275.0,668822.0,1832686.0,2038237.6666666667,488451.8194554435,2052314.0,594662.0,2349645.0,2632599.3333333335,573232.2285229029,2052314.0,594662.0,2349645.0,2632599.3333333335,573232.2285229029,562.0,89.0,606.5,465.6666666666667,247.9563133564728,83.0,0.40963854928146326,0.3373493935259109,0.0,0.8235293875432533,2024-02-13,455.0,-196.0,7.0,plot_level_next_window
2324,2024-02-13,B42,B,4,2,1867265.0,2541350.0,2541350.0,9.0,42.0,5.0,26.0,16.0,455.0,96,14.7740625,7.31,18.6,15.086666666666666,17.811770833333334,71.40114583333333,0.0,6.378020833333333,155.10177083333335,14889.77,9.432604166666666,4.774062499999999,19.057222222222222,16.359627976190474,14.708668154761906,19.697187499999995,17.70922619047619,16.474821428571428,75.94555555555554,75.6334375,75.07689732142856,0.43,0.43,0.52,134.2196875,150.30565648496238,146.68985949248122,38655.27,100867.96,197013.73,27.171666666666667,44.51739583333334,65.92135416666667,193.51666666666665,4.619999999999999,511181.21,44,2,36,0.0,9.0,4.5,4.0,4.58257569495584,28.0,14.0,35.0,32.666666666666664,8.082903768654761,17.0,-1.0,16.5,14.333333333333334,3.7859388972001815,4.0,1.0,4.5,3.6666666666666665,1.5275252316519465,34.0,-8.0,30.0,27.0,6.557438524302003,2167097.0,-299832.0,2017181.0,1844212.3333333333,335006.3969558388,2646976.0,-105626.0,2594163.0,2413546.6666666665,317263.2858830874,2646976.0,-105626.0,2594163.0,2413546.6666666665,317263.2858830874,651.0,-196.0,553.0,556.0,98.13765841918175,98.0,0.2653061197417743,0.4285714241982508,0.2142857091836736,1.6153845532544402,2024-02-20,356.0,-99.0,7.0,plot_level_next_window
2324,2024-02-20,B42,B,4,2,1654635.0,1978619.0,1978619.0,17.0,39.0,4.0,18.0,15.0,356.0,96,10.565729166666666,1.1,21.25,10.805833333333332,13.518125,64.6725,0.0,2.3884375,210.61,20218.56,2.3240625,0.5657291666666655,11.053576388888889,12.920684523809523,14.64015625,13.979131944444442,15.29784226190476,16.503534226190474,77.66104166666666,77.97973214285715,76.80658482142857,1.25,1.96,2.39,145.33520833333333,126.33980654761906,138.32273151629073,41856.54000000001,84900.35,185768.31,3.1607291666666644,20.444791666666664,64.9621875,213.9614583333333,6.579999999999999,596081.56,51,2,43,9.0,8.0,13.0,8.666666666666666,8.504900548115382,42.0,-3.0,40.5,36.333333333333336,7.3711147958319945,16.0,-1.0,15.5,16.0,0.9999999999999956,5.0,-1.0,4.5,4.333333333333333,0.5773502691896257,26.0,-8.0,22.0,26.0,8.000000000000002,1867265.0,-212630.0,1760950.0,1896332.3333333333,257464.57574068912,2541350.0,-562731.0,2259984.5,2388981.6666666665,359287.28284526523,2541350.0,-562731.0,2259984.5,2388981.6666666665,359287.28284526523,455.0,-99.0,405.5,487.3333333333333,150.13438424735796,93.0,0.19354838501560878,0.41935483420048564,0.4358974247205789,2.166666546296303,2024-02-27,471.0,115.0,7.0,plot_level_next_window
2324,2024-01-08,B43,B,4,3,1811113.0,2096432.0,2096432.0,8.0,18.0,1.0,6.0,3.0,144.0,96,12.507083333333334,9.08,16.98,12.696458333333332,13.006875,82.47687499999999,0.02,4.230625,23.1853125,2225.79,9.583958333333332,2.507083333333334,15.0565625,12.9471875,12.8146484375,15.378958333333337,14.320357142857144,14.1809765625,81.66697916666666,79.795625,80.13928385416666,0.8600000000000001,1.02,1.02,80.01430555555557,107.7697619047619,109.93813802083334,23044.120000000003,72421.28,84432.49,15.1696875,20.630312499999995,22.5171875,22.5171875,1.02,84432.48999999999,8,1,0,,,8.0,8.0,,,,18.0,18.0,,,,3.0,3.0,,,,1.0,1.0,,,,6.0,6.0,,,,1811113.0,1811113.0,,,,2096432.0,2096432.0,,,,2096432.0,2096432.0,,,,144.0,144.0,,36.0,0.16666666203703717,0.4999999861111115,0.4444444197530878,2.9999995000000834,2024-01-16,143.0,-1.0,8.0,plot_level_next_window
2324,2024-01-16,B43,B,4,3,2050732.0,2707623.0,2707623.0,10.0,21.0,2.0,6.0,6.0,143.0,96,17.04854166666667,8.58,21.94,17.396041666666665,17.473125,94.94791666666669,1.45,6.029062499999999,32.909479166666664,3159.31,16.2309375,7.048541666666669,13.644305555555556,13.661636904761906,13.879151785714289,14.52145833333333,14.597038690476191,14.684375,84.365,79.36620535714285,80.94207589285713,1.45,1.53,3.82,62.44854166666666,82.54610119047618,86.86925595238095,17985.18,55470.98,116752.28,11.472291666666669,26.170833333333334,54.8475,56.8509375,3.88,142552.69999999998,16,1,8,8.0,2.0,9.0,9.0,1.4142135623730951,18.0,3.0,19.5,19.5,2.1213203435596424,3.0,3.0,4.5,4.5,2.1213203435596424,1.0,1.0,1.5,1.5,0.7071067811865476,6.0,0.0,6.0,6.0,0.0,1811113.0,239619.0,1930922.5,1930922.5,169436.21980113932,2096432.0,611191.0,2402027.5,2402027.5,432177.30070018716,2096432.0,611191.0,2402027.5,2402027.5,432177.30070018716,144.0,-1.0,143.5,143.5,0.7071067811865476,45.0,0.13333333037037046,0.46666665629629656,0.47619045351474026,3.4999994166667636,2024-01-23,76.0,-67.0,7.0,plot_level_next_window
2324,2024-01-23,B43,B,4,3,2172776.0,2894598.0,2894598.0,6.0,27.0,1.0,6.0,13.0,76.0,96,18.293645833333333,13.57,22.75,18.577604166666667,16.361250000000002,82.23156250000001,0.0,4.235833333333333,93.22572916666668,8949.67,15.061666666666667,8.293645833333333,11.875763888888889,10.462544642857145,12.062090773809524,12.589375,12.273392857142856,13.435215773809524,73.98114583333334,70.53050595238095,74.94835565476191,0.0,0.0,1.53,114.10902777777778,117.54267308897242,100.04438713972432,32863.4,78938.71,134409.69,10.359999999999998,14.51927083333333,40.69010416666667,71.37020833333332,3.88,221491.41,23,1,15,10.0,-4.0,8.0,8.0,2.0,21.0,6.0,24.0,22.0,4.58257569495584,6.0,7.0,9.5,7.333333333333333,5.131601439446884,2.0,-1.0,1.5,1.3333333333333333,0.5773502691896257,6.0,0.0,6.0,6.0,0.0,2050732.0,122044.0,2111754.0,2011540.3333333333,183989.1883897892,2707623.0,186975.0,2801110.5,2566217.6666666665,417449.2090186941,2707623.0,186975.0,2801110.5,2566217.6666666665,417449.2090186941,143.0,-67.0,109.5,121.0,38.97435053981015,53.0,0.11320754503381991,0.5094339526521896,0.22222221399176983,4.4999992500001245,2024-01-30,211.0,135.0,7.0,plot_level_next_window
2324,2024-01-30,B43,B,4,3,2169074.0,2929767.0,2929767.0,3.0,18.0,1.0,16.0,5.0,211.0,96,10.5378125,3.12,18.94,10.706666666666663,14.528229166666668,73.83979166666667,0.0,3.861170212765957,173.69726315789475,16501.24,5.218229166666666,0.5378124999999994,12.958368055555557,18.03215773809524,14.247351190476191,16.604305555555552,19.05563988095238,15.664516369047618,73.60635416666666,79.72150297619046,75.12600446428573,0.03,0.22,0.22,167.08516410818714,138.16929652255638,127.8559848057644,47946.83,92676.07,171614.78,8.875104166666668,56.22510416666667,70.744375,127.59531249999998,4.1,314167.48000000004,30,1,22,6.0,-3.0,4.5,6.333333333333333,3.511884584284246,27.0,-9.0,22.5,22.0,4.58257569495584,13.0,-8.0,9.0,8.0,4.358898943540673,1.0,0.0,1.0,1.3333333333333333,0.5773502691896257,6.0,10.0,11.0,9.333333333333334,5.773502691896257,2172776.0,-3702.0,2170925.0,2130860.6666666665,69418.14328641584,2894598.0,35169.0,2912182.5,2843996.0,119404.40103698059,2894598.0,35169.0,2912182.5,2843996.0,119404.40103698059,76.0,135.0,143.5,143.33333333333334,67.50061728112813,43.0,0.37209301460248806,0.4186046414277991,0.1666666574074079,1.1249999296875044,2024-02-06,285.0,74.0,7.0,plot_level_next_window
2324,2024-02-06,B43,B,4,3,2203760.0,2655929.0,2655929.0,2.0,16.0,2.0,13.0,6.0,285.0,96,13.478645833333331,9.5,18.78,13.831145833333332,15.071458333333332,62.14927083333333,0.0,8.390520833333333,182.835625,17552.22,5.745729166666667,3.478645833333333,14.113784722222222,13.057708333333334,15.544933035714283,15.41753472222222,15.240416666666668,17.148028273809523,79.00041666666665,74.52035714285715,77.12093005952381,0.09,0.09,0.31,108.05861111111112,143.0740625,140.6216795112782,31120.880000000005,96145.77,188821.84000000003,12.341354166666669,21.403958333333332,77.6290625,148.99927083333333,4.19,410313.25,37,2,29,3.0,-1.0,2.5,3.6666666666666665,2.081665999466132,18.0,-2.0,17.0,20.333333333333332,5.859465277082315,5.0,1.0,5.5,8.0,4.358898943540673,1.0,1.0,1.5,1.3333333333333333,0.5773502691896258,16.0,-3.0,14.5,11.666666666666666,5.131601439446884,2169074.0,34686.0,2186417.0,2181870.0,19047.448018042633,2929767.0,-273838.0,2792848.0,2826764.6666666665,148989.37342754818,2929767.0,-273838.0,2792848.0,2826764.6666666665,148989.37342754818,211.0,74.0,248.0,190.66666666666666,105.97326706926296,39.0,0.33333332478632505,0.41025639973701544,0.12499999218750048,1.230769136094682,2024-02-13,464.0,179.0,7.0,plot_level_next_window
2324,2024-02-13,B43,B,4,3,2275160.0,3081467.0,3081467.0,8.0,40.0,3.0,29.0,7.0,464.0,96,14.7740625,7.31,18.6,15.086666666666666,17.811770833333334,71.40114583333333,0.0,6.378020833333333,155.10177083333335,14889.77,9.432604166666666,4.774062499999999,19.057222222222222,16.359627976190474,14.708668154761906,19.697187499999995,17.70922619047619,16.474821428571428,75.94555555555554,75.6334375,75.07689732142856,0.43,0.43,0.52,134.2196875,150.30565648496238,146.68985949248122,38655.27,100867.96,197013.73,27.171666666666667,44.51739583333334,65.92135416666667,193.51666666666665,4.619999999999999,511181.21,44,2,36,2.0,6.0,5.0,4.333333333333333,3.214550253664318,16.0,24.0,28.0,24.666666666666668,13.316656236958785,6.0,1.0,6.5,6.0,0.9999999999999982,2.0,1.0,2.5,2.0,1.0,13.0,16.0,21.0,19.333333333333332,8.504900548115383,2203760.0,71400.0,2239460.0,2215998.0,54091.46265354669,2655929.0,425538.0,2868698.0,2889054.3333333335,215670.55497061572,2655929.0,425538.0,2868698.0,2889054.3333333335,215670.55497061572,285.0,179.0,374.5,320.0,130.080744155313,87.0,0.33333332950191574,0.45977010965781484,0.19999999500000012,1.379310297265162,2024-02-20,318.0,-146.0,7.0,plot_level_next_window
2324,2024-02-20,B43,B,4,3,1670250.0,1999876.0,1999876.0,13.0,18.0,1.0,8.0,7.0,318.0,96,10.565729166666666,1.1,21.25,10.805833333333332,13.518125,64.6725,0.0,2.3884375,210.61,20218.56,2.3240625,0.5657291666666655,11.053576388888889,12.920684523809523,14.64015625,13.979131944444442,15.29784226190476,16.503534226190474,77.66104166666666,77.97973214285715,76.80658482142857,1.25,1.96,2.39,145.33520833333333,126.33980654761906,138.32273151629073,41856.54000000001,84900.35,185768.31,3.1607291666666644,20.444791666666664,64.9621875,213.9614583333333,6.579999999999999,596081.56,51,2,43,8.0,5.0,10.5,7.666666666666667,5.507570547286102,40.0,-22.0,29.0,24.666666666666668,13.316656236958785,7.0,0.0,7.0,6.666666666666667,0.5773502691896226,3.0,-2.0,2.0,2.0,1.0,29.0,-21.0,18.5,16.666666666666668,10.96965511460289,2275160.0,-604910.0,1972705.0,2049723.3333333333,330566.93427100865,3081467.0,-1081591.0,2540671.5,2579090.6666666665,544874.1780652973,3081467.0,-1081591.0,2540671.5,2579090.6666666665,544874.1780652973,464.0,-146.0,391.0,355.6666666666667,95.25929525948285,47.0,0.1702127623358987,0.38297871525577204,0.7222221820987677,2.2499997187500353,2024-02-27,352.0,34.0,7.0,plot_level_next_window
2324,2024-01-08,B44,B,4,4,1666247.0,1925358.0,1925358.0,2.0,8.0,5.0,9.0,2.0,218.0,96,12.507083333333334,9.08,16.98,12.696458333333332,13.006875,82.47687499999999,0.02,4.230625,23.1853125,2225.79,9.583958333333332,2.507083333333334,15.0565625,12.9471875,12.8146484375,15.378958333333337,14.320357142857144,14.1809765625,81.66697916666666,79.795625,80.13928385416666,0.8600000000000001,1.02,1.02,80.01430555555557,107.7697619047619,109.93813802083334,23044.120000000003,72421.28,84432.49,15.1696875,20.630312499999995,22.5171875,22.5171875,1.02,84432.48999999999,8,1,0,,,2.0,2.0,,,,8.0,8.0,,,,2.0,2.0,,,,5.0,5.0,,,,9.0,9.0,,,,1666247.0,1666247.0,,,,1925358.0,1925358.0,,,,1925358.0,1925358.0,,,,218.0,218.0,,26.0,0.3461538328402372,0.30769229585798863,0.24999996875000394,0.8888887901234679,2024-01-16,149.0,-69.0,8.0,plot_level_next_window
2324,2024-01-16,B44,B,4,4,1892827.0,2464683.0,2464683.0,9.0,18.0,3.0,5.0,3.0,149.0,96,17.04854166666667,8.58,21.94,17.396041666666665,17.473125,94.94791666666669,1.45,6.029062499999999,32.909479166666664,3159.31,16.2309375,7.048541666666669,13.644305555555556,13.661636904761906,13.879151785714289,14.52145833333333,14.597038690476191,14.684375,84.365,79.36620535714285,80.94207589285713,1.45,1.53,3.82,62.44854166666666,82.54610119047618,86.86925595238095,17985.18,55470.98,116752.28,11.472291666666669,26.170833333333334,54.8475,56.8509375,3.88,142552.69999999998,16,1,8,2.0,7.0,5.5,5.5,4.949747468305833,8.0,10.0,13.0,13.0,7.0710678118654755,2.0,1.0,2.5,2.5,0.7071067811865476,5.0,-2.0,4.0,4.0,1.4142135623730951,9.0,-4.0,7.0,7.0,2.8284271247461903,1666247.0,226580.0,1779537.0,1779537.0,160216.25448124795,1925358.0,539325.0,2195020.5,2195020.5,381360.36476343474,1925358.0,539325.0,2195020.5,2195020.5,381360.36476343474,218.0,-69.0,183.5,183.5,48.79036790187178,38.0,0.13157894390581729,0.4736841980609422,0.49999997222222375,3.599999280000144,2024-01-23,26.0,-123.0,7.0,plot_level_next_window
2324,2024-01-23,B44,B,4,4,1331857.0,1752271.0,1752271.0,1.0,9.0,0.0,2.0,1.0,26.0,96,18.293645833333333,13.57,22.75,18.577604166666667,16.361250000000002,82.23156250000001,0.0,4.235833333333333,93.22572916666668,8949.67,15.061666666666667,8.293645833333333,11.875763888888889,10.462544642857145,12.062090773809524,12.589375,12.273392857142856,13.435215773809524,73.98114583333334,70.53050595238095,74.94835565476191,0.0,0.0,1.53,114.10902777777778,117.54267308897242,100.04438713972432,32863.4,78938.71,134409.69,10.359999999999998,14.51927083333333,40.69010416666667,71.37020833333332,3.88,221491.41,23,1,15,9.0,-8.0,5.0,4.0,4.358898943540674,18.0,-9.0,13.5,11.666666666666666,5.507570547286102,3.0,-2.0,2.0,2.0,1.0,3.0,-3.0,1.5,2.6666666666666665,2.5166114784235836,5.0,-3.0,3.5,5.333333333333333,3.511884584284246,1892827.0,-560970.0,1612342.0,1630310.3333333333,282206.3398177534,2464683.0,-712412.0,2108477.0,2047437.3333333333,371564.5800615733,2464683.0,-712412.0,2108477.0,2047437.3333333333,371564.5800615733,149.0,-123.0,87.5,131.0,97.25739046468397,13.0,0.15384614201183525,0.6923076390532585,0.11111109876543349,4.499997750001125,2024-01-30,380.0,354.0,7.0,plot_level_next_window
2324,2024-01-30,B44,B,4,4,2522133.0,3430122.0,3430122.0,4.0,20.0,4.0,21.0,4.0,380.0,96,10.5378125,3.12,18.94,10.706666666666663,14.528229166666668,73.83979166666667,0.0,3.861170212765957,173.69726315789475,16501.24,5.218229166666666,0.5378124999999994,12.958368055555557,18.03215773809524,14.247351190476191,16.604305555555552,19.05563988095238,15.664516369047618,73.60635416666666,79.72150297619046,75.12600446428573,0.03,0.22,0.22,167.08516410818714,138.16929652255638,127.8559848057644,47946.83,92676.07,171614.78,8.875104166666668,56.22510416666667,70.744375,127.59531249999998,4.1,314167.48000000004,30,1,22,1.0,3.0,2.5,4.666666666666667,4.041451884327381,9.0,11.0,14.5,15.666666666666666,5.8594652770823155,1.0,3.0,2.5,2.6666666666666665,1.5275252316519468,0.0,4.0,2.0,2.3333333333333335,2.081665999466133,2.0,19.0,11.5,9.333333333333334,10.214368964029708,1331857.0,1190276.0,1926995.0,1915605.6666666667,595464.8518471374,1752271.0,1677851.0,2591196.5,2549025.3333333335,842099.2913215954,1752271.0,1677851.0,2591196.5,2549025.3333333335,842099.2913215954,26.0,354.0,203.0,185.0,179.7247896090019,53.0,0.3962264076183697,0.3773584834460664,0.1999999900000005,0.9523809070294805,2024-02-06,303.0,-77.0,7.0,plot_level_next_window
2324,2024-02-06,B44,B,4,4,2352861.0,2922467.0,2922467.0,6.0,20.0,6.0,18.0,10.0,303.0,96,13.478645833333331,9.5,18.78,13.831145833333332,15.071458333333332,62.14927083333333,0.0,8.390520833333333,182.835625,17552.22,5.745729166666667,3.478645833333333,14.113784722222222,13.057708333333334,15.544933035714283,15.41753472222222,15.240416666666668,17.148028273809523,79.00041666666665,74.52035714285715,77.12093005952381,0.09,0.09,0.31,108.05861111111112,143.0740625,140.6216795112782,31120.880000000005,96145.77,188821.84000000003,12.341354166666669,21.403958333333332,77.6290625,148.99927083333333,4.19,410313.25,37,2,29,4.0,2.0,5.0,3.6666666666666665,2.516611478423583,20.0,0.0,20.0,16.333333333333332,6.3508529610858835,4.0,6.0,7.0,5.0,4.58257569495584,4.0,2.0,5.0,3.3333333333333335,3.0550504633038935,21.0,-3.0,19.5,13.666666666666666,10.21436896402971,2522133.0,-169272.0,2437497.0,2068950.3333333333,643927.9377611546,3430122.0,-507655.0,3176294.5,2701620.0,860451.0692694848,3430122.0,-507655.0,3176294.5,2701620.0,860451.0692694848,380.0,-77.0,341.5,236.33333333333334,186.1782300198746,60.0,0.2999999950000001,0.3333333277777779,0.29999998500000075,1.1111110493827194,2024-02-13,275.0,-28.0,7.0,plot_level_next_window
2324,2024-02-13,B44,B,4,4,1997239.0,2696432.0,2696432.0,8.0,40.0,0.0,19.0,10.0,275.0,96,14.7740625,7.31,18.6,15.086666666666666,17.811770833333334,71.40114583333333,0.0,6.378020833333333,155.10177083333335,14889.77,9.432604166666666,4.774062499999999,19.057222222222222,16.359627976190474,14.708668154761906,19.697187499999995,17.70922619047619,16.474821428571428,75.94555555555554,75.6334375,75.07689732142856,0.43,0.43,0.52,134.2196875,150.30565648496238,146.68985949248122,38655.27,100867.96,197013.73,27.171666666666667,44.51739583333334,65.92135416666667,193.51666666666665,4.619999999999999,511181.21,44,2,36,6.0,2.0,7.0,6.0,1.9999999999999996,20.0,20.0,30.0,26.666666666666668,11.547005383792515,10.0,0.0,10.0,8.0,3.4641016151377544,6.0,-6.0,3.0,3.3333333333333335,3.0550504633038935,18.0,1.0,18.5,19.333333333333332,1.5275252316519559,2352861.0,-355622.0,2175050.0,2290744.3333333335,267903.5050486153,2922467.0,-226035.0,2809449.5,3016340.3333333335,375745.1344439915,2922467.0,-226035.0,2809449.5,3016340.3333333335,375745.1344439915,303.0,-28.0,289.0,319.3333333333333,54.3721742560782,77.0,0.24675324354865918,0.5194805127340193,0.19999999500000012,2.1052630470914186,2024-02-20,507.0,232.0,7.0,plot_level_next_window
2324,2024-02-20,B44,B,4,4,1794078.0,2125372.0,2125372.0,16.0,20.0,3.0,16.0,9.0,507.0,96,10.565729166666666,1.1,21.25,10.805833333333332,13.518125,64.6725,0.0,2.3884375,210.61,20218.56,2.3240625,0.5657291666666655,11.053576388888889,12.920684523809523,14.64015625,13.979131944444442,15.29784226190476,16.503534226190474,77.66104166666666,77.97973214285715,76.80658482142857,1.25,1.96,2.39,145.33520833333333,126.33980654761906,138.32273151629073,41856.54000000001,84900.35,185768.31,3.1607291666666644,20.444791666666664,64.9621875,213.9614583333333,6.579999999999999,596081.56,51,2,43,8.0,8.0,12.0,10.0,5.291502622129181,40.0,-20.0,30.0,26.666666666666668,11.547005383792515,10.0,-1.0,9.5,9.666666666666666,0.5773502691896255,0.0,3.0,1.5,3.0,3.0000000000000004,19.0,-3.0,17.5,17.666666666666668,1.5275252316519559,1997239.0,-203161.0,1895658.5,2048059.3333333333,282836.77268405794,2696432.0,-571060.0,2410902.0,2581423.6666666665,410804.45142224693,2696432.0,-571060.0,2410902.0,2581423.6666666665,410804.45142224693,275.0,232.0,391.0,361.6666666666667,126.63859338026987,64.0,0.24999999609375007,0.31249999511718757,0.799999960000002,1.2499999218750049,2024-02-27,636.0,129.0,7.0,plot_level_next_window
2324,2024-01-08,B45,B,4,5,2809389.0,3564360.0,3564360.0,8.0,25.0,3.0,7.0,4.0,108.0,96,12.507083333333334,9.08,16.98,12.696458333333332,13.006875,82.47687499999999,0.02,4.230625,23.1853125,2225.79,9.583958333333332,2.507083333333334,15.0565625,12.9471875,12.8146484375,15.378958333333337,14.320357142857144,14.1809765625,81.66697916666666,79.795625,80.13928385416666,0.8600000000000001,1.02,1.02,80.01430555555557,107.7697619047619,109.93813802083334,23044.120000000003,72421.28,84432.49,15.1696875,20.630312499999995,22.5171875,22.5171875,1.02,84432.48999999999,8,1,0,,,8.0,8.0,,,,25.0,25.0,,,,4.0,4.0,,,,3.0,3.0,,,,7.0,7.0,,,,2809389.0,2809389.0,,,,3564360.0,3564360.0,,,,3564360.0,3564360.0,,,,108.0,108.0,,47.0,0.14893616704391135,0.5319148822996834,0.3199999872000005,3.571428061224563,2024-01-16,200.0,92.0,8.0,plot_level_next_window
2324,2024-01-16,B45,B,4,5,2271147.0,3069001.0,3069001.0,7.0,31.0,6.0,7.0,8.0,200.0,96,17.04854166666667,8.58,21.94,17.396041666666665,17.473125,94.94791666666669,1.45,6.029062499999999,32.909479166666664,3159.31,16.2309375,7.048541666666669,13.644305555555556,13.661636904761906,13.879151785714289,14.52145833333333,14.597038690476191,14.684375,84.365,79.36620535714285,80.94207589285713,1.45,1.53,3.82,62.44854166666666,82.54610119047618,86.86925595238095,17985.18,55470.98,116752.28,11.472291666666669,26.170833333333334,54.8475,56.8509375,3.88,142552.69999999998,16,1,8,8.0,-1.0,7.5,7.5,0.7071067811865476,25.0,6.0,28.0,28.0,4.242640687119285,4.0,4.0,6.0,6.0,2.8284271247461903,3.0,3.0,4.5,4.5,2.1213203435596424,7.0,0.0,7.0,7.0,0.0,2809389.0,-538242.0,2540268.0,2540268.0,380594.5681194097,3564360.0,-495359.0,3316680.5,3316680.5,350271.708021787,3564360.0,-495359.0,3316680.5,3316680.5,350271.708021787,108.0,92.0,154.0,154.0,65.05382386916237,59.0,0.11864406578569381,0.5254237199080726,0.22580644432882438,4.428570795918458,2024-01-23,113.0,-87.0,7.0,plot_level_next_window
2324,2024-01-23,B45,B,4,5,2493014.0,3383726.0,3383726.0,5.0,14.0,4.0,9.0,4.0,113.0,96,18.293645833333333,13.57,22.75,18.577604166666667,16.361250000000002,82.23156250000001,0.0,4.235833333333333,93.22572916666668,8949.67,15.061666666666667,8.293645833333333,11.875763888888889,10.462544642857145,12.062090773809524,12.589375,12.273392857142856,13.435215773809524,73.98114583333334,70.53050595238095,74.94835565476191,0.0,0.0,1.53,114.10902777777778,117.54267308897242,100.04438713972432,32863.4,78938.71,134409.69,10.359999999999998,14.51927083333333,40.69010416666667,71.37020833333332,3.88,221491.41,23,1,15,7.0,-2.0,6.0,6.666666666666667,1.5275252316519468,31.0,-17.0,22.5,23.333333333333332,8.621678104251709,8.0,-4.0,6.0,5.333333333333333,2.309401076758503,6.0,-2.0,5.0,4.333333333333333,1.5275252316519465,7.0,2.0,8.0,7.666666666666667,1.1547005383792515,2271147.0,221867.0,2382080.5,2524516.6666666665,270500.3255937658,3069001.0,314725.0,3226363.5,3339029.0,250686.06079517066,3069001.0,314725.0,3226363.5,3339029.0,250686.06079517066,200.0,-87.0,156.5,140.33333333333334,51.73329037798904,36.0,0.24999999305555576,0.3888888780864201,0.3571428316326549,1.5555553827160686,2024-01-30,986.0,873.0,7.0,plot_level_next_window
2324,2024-01-30,B45,B,4,5,2159551.0,2953527.0,2953527.0,1.0,14.0,3.0,29.0,9.0,986.0,96,10.5378125,3.12,18.94,10.706666666666663,14.528229166666668,73.83979166666667,0.0,3.861170212765957,173.69726315789475,16501.24,5.218229166666666,0.5378124999999994,12.958368055555557,18.03215773809524,14.247351190476191,16.604305555555552,19.05563988095238,15.664516369047618,73.60635416666666,79.72150297619046,75.12600446428573,0.03,0.22,0.22,167.08516410818714,138.16929652255638,127.8559848057644,47946.83,92676.07,171614.78,8.875104166666668,56.22510416666667,70.744375,127.59531249999998,4.1,314167.48000000004,30,1,22,5.0,-4.0,3.0,4.333333333333333,3.055050463303893,14.0,0.0,14.0,19.666666666666668,9.814954576223638,4.0,5.0,6.5,7.0,2.6457513110645907,4.0,-1.0,3.5,4.333333333333333,1.5275252316519465,9.0,20.0,19.0,15.0,12.165525060596439,2493014.0,-333463.0,2326282.5,2307904.0,169743.0436836808,3383726.0,-430199.0,3168626.5,3135418.0,222657.15420125175,3383726.0,-430199.0,3168626.5,3135418.0,222657.15420125175,113.0,873.0,549.5,433.0,480.8835617901697,56.0,0.5178571336096941,0.24999999553571436,0.07142856632653098,0.48275860404280674,2024-02-06,589.0,-397.0,7.0,plot_level_next_window
2324,2024-02-06,B45,B,4,5,2719036.0,3404144.0,3404144.0,7.0,16.0,2.0,33.0,13.0,589.0,96,13.478645833333331,9.5,18.78,13.831145833333332,15.071458333333332,62.14927083333333,0.0,8.390520833333333,182.835625,17552.22,5.745729166666667,3.478645833333333,14.113784722222222,13.057708333333334,15.544933035714283,15.41753472222222,15.240416666666668,17.148028273809523,79.00041666666665,74.52035714285715,77.12093005952381,0.09,0.09,0.31,108.05861111111112,143.0740625,140.6216795112782,31120.880000000005,96145.77,188821.84000000003,12.341354166666669,21.403958333333332,77.6290625,148.99927083333333,4.19,410313.25,37,2,29,1.0,6.0,4.0,4.333333333333333,3.055050463303893,14.0,2.0,15.0,14.666666666666666,1.1547005383792517,9.0,4.0,11.0,8.666666666666666,4.509249752822894,3.0,-1.0,2.5,3.0,0.9999999999999992,29.0,4.0,31.0,23.666666666666668,12.858201014657272,2159551.0,559485.0,2439293.5,2457200.3333333335,281456.6224950716,2953527.0,450617.0,3178835.5,3247132.3333333335,254474.54195328325,2953527.0,450617.0,3178835.5,3247132.3333333335,254474.54195328325,986.0,-397.0,787.5,562.6666666666666,437.09533666390604,71.0,0.46478872584804615,0.22535210950208298,0.4374999726562517,0.484848470156107,2024-02-13,512.0,-77.0,7.0,plot_level_next_window
2324,2024-02-13,B45,B,4,5,2545340.0,3453625.0,3453625.0,11.0,45.0,0.0,34.0,13.0,512.0,96,14.7740625,7.31,18.6,15.086666666666666,17.811770833333334,71.40114583333333,0.0,6.378020833333333,155.10177083333335,14889.77,9.432604166666666,4.774062499999999,19.057222222222222,16.359627976190474,14.708668154761906,19.697187499999995,17.70922619047619,16.474821428571428,75.94555555555554,75.6334375,75.07689732142856,0.43,0.43,0.52,134.2196875,150.30565648496238,146.68985949248122,38655.27,100867.96,197013.73,27.171666666666667,44.51739583333334,65.92135416666667,193.51666666666665,4.619999999999999,511181.21,44,2,36,7.0,4.0,9.0,6.333333333333333,5.033222956847167,16.0,29.0,30.5,25.0,17.349351572897472,13.0,0.0,13.0,11.666666666666666,2.309401076758504,2.0,-2.0,1.0,1.6666666666666667,1.5275252316519454,33.0,1.0,33.5,32.0,2.6457513110645854,2719036.0,-173696.0,2632188.0,2474642.3333333335,286364.2546833198,3404144.0,49481.0,3428884.5,3270432.0,275560.65867427445,3404144.0,49481.0,3428884.5,3270432.0,275560.65867427445,589.0,-77.0,550.5,695.6666666666666,254.36653343813404,103.0,0.3300970841738147,0.4368931996418136,0.2444444390123458,1.3235293728373714,2024-02-20,258.0,-254.0,7.0,plot_level_next_window
2324,2024-02-20,B45,B,4,5,2853549.0,3368194.0,3368194.0,20.0,29.0,9.0,20.0,13.0,258.0,96,10.565729166666666,1.1,21.25,10.805833333333332,13.518125,64.6725,0.0,2.3884375,210.61,20218.56,2.3240625,0.5657291666666655,11.053576388888889,12.920684523809523,14.64015625,13.979131944444442,15.29784226190476,16.503534226190474,77.66104166666666,77.97973214285715,76.80658482142857,1.25,1.96,2.39,145.33520833333333,126.33980654761906,138.32273151629073,41856.54000000001,84900.35,185768.31,3.1607291666666644,20.444791666666664,64.9621875,213.9614583333333,6.579999999999999,596081.56,51,2,43,11.0,9.0,15.5,12.666666666666666,6.658328118479393,45.0,-16.0,37.0,30.0,14.52583904633395,13.0,0.0,13.0,13.0,0.0,0.0,9.0,4.5,3.6666666666666665,4.725815626252608,34.0,-14.0,27.0,29.0,7.810249675906652,2545340.0,308209.0,2699444.5,2705975.0,154519.05775987598,3453625.0,-85431.0,3410909.5,3408654.3333333335,42893.72063989481,3453625.0,-85431.0,3410909.5,3408654.3333333335,42893.72063989481,512.0,-254.0,385.0,453.0,173.20796748417786,91.0,0.21978021736505257,0.31868131517932624,0.689655148632581,1.4499999275000035,2024-02-27,275.0,17.0,7.0,plot_level_next_window
2324,2024-01-08,B51,B,5,1,2449690.0,2988987.0,2988987.0,8.0,22.0,1.0,5.0,4.0,78.0,96,12.507083333333334,9.08,16.98,12.696458333333332,13.006875,82.47687499999999,0.02,4.230625,23.1853125,2225.79,9.583958333333332,2.507083333333334,15.0565625,12.9471875,12.8146484375,15.378958333333337,14.320357142857144,14.1809765625,81.66697916666666,79.795625,80.13928385416666,0.8600000000000001,1.02,1.02,80.01430555555557,107.7697619047619,109.93813802083334,23044.120000000003,72421.28,84432.49,15.1696875,20.630312499999995,22.5171875,22.5171875,1.02,84432.48999999999,8,1,0,,,8.0,8.0,,,,22.0,22.0,,,,4.0,4.0,,,,1.0,1.0,,,,5.0,5.0,,,,2449690.0,2449690.0,,,,2988987.0,2988987.0,,,,2988987.0,2988987.0,,,,78.0,78.0,,40.0,0.12499999687500009,0.5499999862500004,0.36363634710743875,4.399999120000176,2024-01-16,78.0,0.0,8.0,plot_level_next_window
2324,2024-01-16,B51,B,5,1,2036892.0,2716446.0,2716446.0,12.0,38.0,2.0,4.0,5.0,78.0,96,17.04854166666667,8.58,21.94,17.396041666666665,17.473125,94.94791666666669,1.45,6.029062499999999,32.909479166666664,3159.31,16.2309375,7.048541666666669,13.644305555555556,13.661636904761906,13.879151785714289,14.52145833333333,14.597038690476191,14.684375,84.365,79.36620535714285,80.94207589285713,1.45,1.53,3.82,62.44854166666666,82.54610119047618,86.86925595238095,17985.18,55470.98,116752.28,11.472291666666669,26.170833333333334,54.8475,56.8509375,3.88,142552.69999999998,16,1,8,8.0,4.0,10.0,10.0,2.8284271247461903,22.0,16.0,30.0,30.0,11.313708498984761,4.0,1.0,4.5,4.5,0.7071067811865476,1.0,1.0,1.5,1.5,0.7071067811865476,5.0,-1.0,4.5,4.5,0.7071067811865476,2449690.0,-412798.0,2243291.0,2243291.0,291892.2650602444,2988987.0,-272541.0,2852716.5,2852716.5,192715.58925136284,2988987.0,-272541.0,2852716.5,2852716.5,192715.58925136284,78.0,0.0,78.0,78.0,0.0,61.0,0.06557376941682345,0.6229508094598228,0.31578946537396146,9.499997625000594,2024-01-23,71.0,-7.0,7.0,plot_level_next_window
2324,2024-01-23,B51,B,5,1,2267515.0,3101045.0,3101045.0,7.0,36.0,4.0,4.0,18.0,71.0,96,18.293645833333333,13.57,22.75,18.577604166666667,16.361250000000002,82.23156250000001,0.0,4.235833333333333,93.22572916666668,8949.67,15.061666666666667,8.293645833333333,11.875763888888889,10.462544642857145,12.062090773809524,12.589375,12.273392857142856,13.435215773809524,73.98114583333334,70.53050595238095,74.94835565476191,0.0,0.0,1.53,114.10902777777778,117.54267308897242,100.04438713972432,32863.4,78938.71,134409.69,10.359999999999998,14.51927083333333,40.69010416666667,71.37020833333332,3.88,221491.41,23,1,15,12.0,-5.0,9.5,9.0,2.6457513110645907,38.0,-2.0,37.0,32.0,8.717797887081348,5.0,13.0,11.5,9.0,7.810249675906654,2.0,2.0,3.0,2.3333333333333335,1.5275252316519465,4.0,0.0,4.0,4.333333333333333,0.5773502691896257,2036892.0,230623.0,2152203.5,2251365.6666666665,206872.2985958568,2716446.0,384599.0,2908745.5,2935492.6666666665,197801.2398200106,2716446.0,384599.0,2908745.5,2935492.6666666665,197801.2398200106,78.0,-7.0,74.5,75.66666666666667,4.041451884327382,69.0,0.05797101365259401,0.5217391228733461,0.19444443904321004,8.999997750000562,2024-01-30,284.0,213.0,7.0,plot_level_next_window
2324,2024-01-30,B51,B,5,1,2264273.0,2895392.0,2895392.0,3.0,22.0,2.0,18.0,7.0,284.0,96,10.5378125,3.12,18.94,10.706666666666663,14.528229166666668,73.83979166666667,0.0,3.861170212765957,173.69726315789475,16501.24,5.218229166666666,0.5378124999999994,12.958368055555557,18.03215773809524,14.247351190476191,16.604305555555552,19.05563988095238,15.664516369047618,73.60635416666666,79.72150297619046,75.12600446428573,0.03,0.22,0.22,167.08516410818714,138.16929652255638,127.8559848057644,47946.83,92676.07,171614.78,8.875104166666668,56.22510416666667,70.744375,127.59531249999998,4.1,314167.48000000004,30,1,22,7.0,-4.0,5.0,7.333333333333333,4.509249752822894,36.0,-14.0,29.0,32.0,8.717797887081348,18.0,-11.0,12.5,10.0,7.0,4.0,-2.0,3.0,2.6666666666666665,1.1547005383792512,4.0,14.0,11.0,8.666666666666666,8.082903768654761,2267515.0,-3242.0,2265894.0,2189560.0,132224.30301952807,3101045.0,-205653.0,2998218.5,2904294.3333333335,192453.9850310545,3101045.0,-205653.0,2998218.5,2904294.3333333335,192453.9850310545,71.0,213.0,177.5,144.33333333333334,121.00550951644036,52.0,0.34615383949704154,0.42307691494082855,0.13636363016528952,1.2222221543209915,2024-02-06,216.0,-68.0,7.0,plot_level_next_window
2324,2024-02-06,B51,B,5,1,2080235.0,2716254.0,2716254.0,3.0,28.0,4.0,23.0,12.0,216.0,96,13.478645833333331,9.5,18.78,13.831145833333332,15.071458333333332,62.14927083333333,0.0,8.390520833333333,182.835625,17552.22,5.745729166666667,3.478645833333333,14.113784722222222,13.057708333333334,15.544933035714283,15.41753472222222,15.240416666666668,17.148028273809523,79.00041666666665,74.52035714285715,77.12093005952381,0.09,0.09,0.31,108.05861111111112,143.0740625,140.6216795112782,31120.880000000005,96145.77,188821.84000000003,12.341354166666669,21.403958333333332,77.6290625,148.99927083333333,4.19,410313.25,37,2,29,3.0,0.0,3.0,4.333333333333333,2.3094010767585047,22.0,6.0,25.0,28.666666666666668,7.023769168568493,7.0,5.0,9.5,12.333333333333334,5.507570547286102,2.0,2.0,3.0,3.3333333333333335,1.1547005383792512,18.0,5.0,20.5,15.0,9.848857801796104,2264273.0,-184038.0,2172254.0,2204007.6666666665,107202.52982711415,2895392.0,-179138.0,2805823.0,2904230.3333333335,192547.69674637335,2895392.0,-179138.0,2805823.0,2904230.3333333335,192547.69674637335,284.0,-68.0,250.0,190.33333333333334,108.79491409681492,70.0,0.3285714238775511,0.39999999428571437,0.10714285331632667,1.2173912514177716,2024-02-13,420.0,204.0,7.0,plot_level_next_window
2324,2024-02-13,B51,B,5,1,2231779.0,3038378.0,3038378.0,3.0,38.0,4.0,36.0,5.0,420.0,96,14.7740625,7.31,18.6,15.086666666666666,17.811770833333334,71.40114583333333,0.0,6.378020833333333,155.10177083333335,14889.77,9.432604166666666,4.774062499999999,19.057222222222222,16.359627976190474,14.708668154761906,19.697187499999995,17.70922619047619,16.474821428571428,75.94555555555554,75.6334375,75.07689732142856,0.43,0.43,0.52,134.2196875,150.30565648496238,146.68985949248122,38655.27,100867.96,197013.73,27.171666666666667,44.51739583333334,65.92135416666667,193.51666666666665,4.619999999999999,511181.21,44,2,36,3.0,0.0,3.0,3.0,0.0,28.0,10.0,33.0,29.333333333333332,8.082903768654761,12.0,-7.0,8.5,8.0,3.605551275463989,4.0,0.0,4.0,3.3333333333333335,1.1547005383792512,23.0,13.0,29.5,25.666666666666668,9.291573243177565,2080235.0,151544.0,2156007.0,2192095.6666666665,98227.14273220664,2716254.0,322124.0,2877316.0,2883341.3333333335,161399.75764954963,2716254.0,322124.0,2877316.0,2883341.3333333335,161399.75764954963,216.0,204.0,318.0,306.6666666666667,103.87171575233243,86.0,0.4186046462952948,0.44186045997836676,0.07894736634349037,1.0555555262345688,2024-02-20,424.0,4.0,7.0,plot_level_next_window
2324,2024-02-20,B51,B,5,1,1492638.0,2039540.0,2039540.0,1.0,31.0,5.0,22.0,13.0,424.0,96,10.565729166666666,1.1,21.25,10.805833333333332,13.518125,64.6725,0.0,2.3884375,210.61,20218.56,2.3240625,0.5657291666666655,11.053576388888889,12.920684523809523,14.64015625,13.979131944444442,15.29784226190476,16.503534226190474,77.66104166666666,77.97973214285715,76.80658482142857,1.25,1.96,2.39,145.33520833333333,126.33980654761906,138.32273151629073,41856.54000000001,84900.35,185768.31,3.1607291666666644,20.444791666666664,64.9621875,213.9614583333333,6.579999999999999,596081.56,51,2,43,3.0,-2.0,2.0,2.3333333333333335,1.1547005383792517,38.0,-7.0,34.5,32.333333333333336,5.131601439446886,5.0,8.0,9.0,10.0,4.358898943540674,4.0,1.0,4.5,4.333333333333333,0.5773502691896258,36.0,-14.0,29.0,27.0,7.810249675906648,2231779.0,-739141.0,1862208.5,1934884.0,390419.6964434555,3038378.0,-998838.0,2538959.0,2598057.3333333335,509801.1147195869,3038378.0,-998838.0,2538959.0,2598057.3333333335,509801.1147195869,420.0,4.0,422.0,353.3333333333333,118.9509702916851,72.0,0.30555555131172846,0.43055554957561737,0.032258063475546335,1.409090845041325,2024-02-27,485.0,61.0,7.0,plot_level_next_window
2324,2024-01-08,B52,B,5,2,2039544.0,2437573.0,2437573.0,4.0,13.0,0.0,10.0,1.0,114.0,96,12.507083333333334,9.08,16.98,12.696458333333332,13.006875,82.47687499999999,0.02,4.230625,23.1853125,2225.79,9.583958333333332,2.507083333333334,15.0565625,12.9471875,12.8146484375,15.378958333333337,14.320357142857144,14.1809765625,81.66697916666666,79.795625,80.13928385416666,0.8600000000000001,1.02,1.02,80.01430555555557,107.7697619047619,109.93813802083334,23044.120000000003,72421.28,84432.49,15.1696875,20.630312499999995,22.5171875,22.5171875,1.02,84432.48999999999,8,1,0,,,4.0,4.0,,,,13.0,13.0,,,,1.0,1.0,,,,0.0,0.0,,,,10.0,10.0,,,,2039544.0,2039544.0,,,,2437573.0,2437573.0,,,,2437573.0,2437573.0,,,,114.0,114.0,,28.0,0.35714284438775556,0.46428569770408223,0.3076922840236705,1.299999870000013,2024-01-16,116.0,2.0,8.0,plot_level_next_window
2324,2024-01-16,B52,B,5,2,1964789.0,2572204.0,2572204.0,13.0,17.0,0.0,3.0,6.0,116.0,96,17.04854166666667,8.58,21.94,17.396041666666665,17.473125,94.94791666666669,1.45,6.029062499999999,32.909479166666664,3159.31,16.2309375,7.048541666666669,13.644305555555556,13.661636904761906,13.879151785714289,14.52145833333333,14.597038690476191,14.684375,84.365,79.36620535714285,80.94207589285713,1.45,1.53,3.82,62.44854166666666,82.54610119047618,86.86925595238095,17985.18,55470.98,116752.28,11.472291666666669,26.170833333333334,54.8475,56.8509375,3.88,142552.69999999998,16,1,8,4.0,9.0,8.5,8.5,6.363961030678928,13.0,4.0,15.0,15.0,2.8284271247461903,1.0,5.0,3.5,3.5,3.5355339059327378,0.0,0.0,0.0,0.0,0.0,10.0,-7.0,6.5,6.5,4.949747468305833,2039544.0,-74755.0,2002166.5,2002166.5,52859.76742760036,2437573.0,134631.0,2504888.5,2504888.5,95198.49305792608,2437573.0,134631.0,2504888.5,2504888.5,95198.49305792608,114.0,2.0,115.0,115.0,1.4142135623730951,39.0,0.0769230749506904,0.4358974247205789,0.7647058373702448,5.666664777778407,2024-01-23,90.0,-26.0,7.0,plot_level_next_window
2324,2024-01-23,B52,B,5,2,2332854.0,2983013.0,2983013.0,10.0,14.0,3.0,4.0,11.0,90.0,96,18.293645833333333,13.57,22.75,18.577604166666667,16.361250000000002,82.23156250000001,0.0,4.235833333333333,93.22572916666668,8949.67,15.061666666666667,8.293645833333333,11.875763888888889,10.462544642857145,12.062090773809524,12.589375,12.273392857142856,13.435215773809524,73.98114583333334,70.53050595238095,74.94835565476191,0.0,0.0,1.53,114.10902777777778,117.54267308897242,100.04438713972432,32863.4,78938.71,134409.69,10.359999999999998,14.51927083333333,40.69010416666667,71.37020833333332,3.88,221491.41,23,1,15,13.0,-3.0,11.5,9.0,4.58257569495584,17.0,-3.0,15.5,14.666666666666666,2.0816659994661326,6.0,5.0,8.5,6.0,5.0,0.0,3.0,1.5,1.0,1.7320508075688772,3.0,1.0,3.5,5.666666666666667,3.7859388972001824,1964789.0,368065.0,2148821.5,2112395.6666666665,194546.87110908097,2572204.0,410809.0,2777608.5,2664263.3333333335,284134.455918907,2572204.0,410809.0,2777608.5,2664263.3333333335,284134.455918907,116.0,-26.0,103.0,106.66666666666667,14.468356276140472,42.0,0.0952380929705216,0.3333333253968256,0.7142856632653098,3.4999991250002185,2024-01-30,333.0,243.0,7.0,plot_level_next_window
2324,2024-01-30,B52,B,5,2,1617231.0,2001646.0,2001646.0,0.0,7.0,2.0,5.0,4.0,333.0,96,10.5378125,3.12,18.94,10.706666666666663,14.528229166666668,73.83979166666667,0.0,3.861170212765957,173.69726315789475,16501.24,5.218229166666666,0.5378124999999994,12.958368055555557,18.03215773809524,14.247351190476191,16.604305555555552,19.05563988095238,15.664516369047618,73.60635416666666,79.72150297619046,75.12600446428573,0.03,0.22,0.22,167.08516410818714,138.16929652255638,127.8559848057644,47946.83,92676.07,171614.78,8.875104166666668,56.22510416666667,70.744375,127.59531249999998,4.1,314167.48000000004,30,1,22,10.0,-10.0,5.0,7.666666666666667,6.8068592855540455,14.0,-7.0,10.5,12.666666666666666,5.131601439446884,11.0,-7.0,7.5,7.0,3.605551275463989,3.0,-1.0,2.5,1.6666666666666667,1.5275252316519468,4.0,1.0,4.5,4.0,1.0000000000000007,2332854.0,-715623.0,1975042.5,1971624.6666666667,357860.4676215765,2983013.0,-981367.0,2492329.5,2518954.3333333335,492845.7592617931,2983013.0,-981367.0,2492329.5,2518954.3333333335,492845.7592617931,90.0,243.0,211.5,179.66666666666666,133.42538489108185,18.0,0.27777776234567986,0.3888888672839518,0.0,1.399999720000056,2024-02-06,472.0,139.0,7.0,plot_level_next_window
2324,2024-02-06,B52,B,5,2,1659358.0,2123483.0,2123483.0,7.0,14.0,0.0,15.0,7.0,472.0,96,13.478645833333331,9.5,18.78,13.831145833333332,15.071458333333332,62.14927083333333,0.0,8.390520833333333,182.835625,17552.22,5.745729166666667,3.478645833333333,14.113784722222222,13.057708333333334,15.544933035714283,15.41753472222222,15.240416666666668,17.148028273809523,79.00041666666665,74.52035714285715,77.12093005952381,0.09,0.09,0.31,108.05861111111112,143.0740625,140.6216795112782,31120.880000000005,96145.77,188821.84000000003,12.341354166666669,21.403958333333332,77.6290625,148.99927083333333,4.19,410313.25,37,2,29,0.0,7.0,3.5,5.666666666666667,5.131601439446884,7.0,7.0,10.5,11.666666666666666,4.04145188432738,4.0,3.0,5.5,7.333333333333333,3.5118845842842465,2.0,-2.0,1.0,1.6666666666666667,1.5275252316519465,5.0,10.0,10.0,8.0,6.082762530298219,1617231.0,42127.0,1638294.5,1869814.3333333333,401556.9333386405,2001646.0,121837.0,2062564.5,2369380.6666666665,534901.433935574,2001646.0,121837.0,2062564.5,2369380.6666666665,534901.433935574,333.0,139.0,402.5,298.3333333333333,193.34511458356874,43.0,0.3488372011898325,0.32558138777717704,0.49999996428571686,0.9333332711111153,2024-02-13,425.0,-47.0,7.0,plot_level_next_window
2324,2024-02-13,B52,B,5,2,2356477.0,3181870.0,3181870.0,6.0,34.0,2.0,23.0,8.0,425.0,96,14.7740625,7.31,18.6,15.086666666666666,17.811770833333334,71.40114583333333,0.0,6.378020833333333,155.10177083333335,14889.77,9.432604166666666,4.774062499999999,19.057222222222222,16.359627976190474,14.708668154761906,19.697187499999995,17.70922619047619,16.474821428571428,75.94555555555554,75.6334375,75.07689732142856,0.43,0.43,0.52,134.2196875,150.30565648496238,146.68985949248122,38655.27,100867.96,197013.73,27.171666666666667,44.51739583333334,65.92135416666667,193.51666666666665,4.619999999999999,511181.21,44,2,36,7.0,-1.0,6.5,4.333333333333333,3.7859388972001815,14.0,20.0,24.0,18.333333333333332,14.011899704655802,7.0,1.0,7.5,6.333333333333333,2.081665999466133,0.0,2.0,1.0,1.3333333333333333,1.1547005383792515,15.0,8.0,19.0,14.333333333333334,9.018499505645789,1659358.0,697119.0,2007917.5,1877688.6666666667,415177.51882096566,2123483.0,1058387.0,2652676.5,2435666.3333333335,649096.2931278636,2123483.0,1058387.0,2652676.5,2435666.3333333335,649096.2931278636,472.0,-47.0,448.5,410.0,70.703606697254,73.0,0.31506848883467825,0.46575341827735045,0.17647058304498286,1.4782608052930084,2024-02-20,407.0,-18.0,7.0,plot_level_next_window
2324,2024-02-20,B52,B,5,2,2141931.0,2885186.0,2885186.0,10.0,21.0,4.0,15.0,3.0,407.0,96,10.565729166666666,1.1,21.25,10.805833333333332,13.518125,64.6725,0.0,2.3884375,210.61,20218.56,2.3240625,0.5657291666666655,11.053576388888889,12.920684523809523,14.64015625,13.979131944444442,15.29784226190476,16.503534226190474,77.66104166666666,77.97973214285715,76.80658482142857,1.25,1.96,2.39,145.33520833333333,126.33980654761906,138.32273151629073,41856.54000000001,84900.35,185768.31,3.1607291666666644,20.444791666666664,64.9621875,213.9614583333333,6.579999999999999,596081.56,51,2,43,6.0,4.0,8.0,7.666666666666667,2.081665999466131,34.0,-13.0,27.5,23.0,10.148891565092221,8.0,-5.0,5.5,6.0,2.6457513110645907,2.0,2.0,3.0,2.0,1.9999999999999998,23.0,-8.0,19.0,17.666666666666668,4.618802153517008,2356477.0,-214546.0,2249204.0,2052588.6666666667,357043.7850381005,3181870.0,-296684.0,3033528.0,2730179.6666666665,545954.1949397712,3181870.0,-296684.0,3033528.0,2730179.6666666665,545954.1949397712,425.0,-18.0,416.0,434.6666666666667,33.5608899365513,53.0,0.2830188625845498,0.3962264076183697,0.47619045351474026,1.399999906666673,2024-02-27,283.0,-124.0,7.0,plot_level_next_window
2324,2024-01-08,B53,B,5,3,1656132.0,2060072.0,2060072.0,9.0,19.0,0.0,16.0,2.0,243.0,96,12.507083333333334,9.08,16.98,12.696458333333332,13.006875,82.47687499999999,0.02,4.230625,23.1853125,2225.79,9.583958333333332,2.507083333333334,15.0565625,12.9471875,12.8146484375,15.378958333333337,14.320357142857144,14.1809765625,81.66697916666666,79.795625,80.13928385416666,0.8600000000000001,1.02,1.02,80.01430555555557,107.7697619047619,109.93813802083334,23044.120000000003,72421.28,84432.49,15.1696875,20.630312499999995,22.5171875,22.5171875,1.02,84432.48999999999,8,1,0,,,9.0,9.0,,,,19.0,19.0,,,,2.0,2.0,,,,0.0,0.0,,,,16.0,16.0,,,,1656132.0,1656132.0,,,,2060072.0,2060072.0,,,,2060072.0,2060072.0,,,,243.0,243.0,,46.0,0.34782607939508525,0.41304346928166374,0.47368418559556913,1.1874999257812546,2024-01-16,111.0,-132.0,8.0,plot_level_next_window
2324,2024-01-16,B53,B,5,3,1686819.0,2229063.0,2229063.0,7.0,20.0,0.0,3.0,6.0,111.0,96,17.04854166666667,8.58,21.94,17.396041666666665,17.473125,94.94791666666669,1.45,6.029062499999999,32.909479166666664,3159.31,16.2309375,7.048541666666669,13.644305555555556,13.661636904761906,13.879151785714289,14.52145833333333,14.597038690476191,14.684375,84.365,79.36620535714285,80.94207589285713,1.45,1.53,3.82,62.44854166666666,82.54610119047618,86.86925595238095,17985.18,55470.98,116752.28,11.472291666666669,26.170833333333334,54.8475,56.8509375,3.88,142552.69999999998,16,1,8,9.0,-2.0,8.0,8.0,1.4142135623730951,19.0,1.0,19.5,19.5,0.7071067811865476,2.0,4.0,4.0,4.0,2.8284271247461903,0.0,0.0,0.0,0.0,0.0,16.0,-13.0,9.5,9.5,9.192388155425117,1656132.0,30687.0,1671475.5,1671475.5,21698.985794271583,2060072.0,168991.0,2144567.5,2144567.5,119494.68205949586,2060072.0,168991.0,2144567.5,2144567.5,119494.68205949586,243.0,-132.0,177.0,177.0,93.33809511662427,36.0,0.08333333101851859,0.5555555401234572,0.34999998250000086,6.666664444445185,2024-01-23,68.0,-43.0,7.0,plot_level_next_window
2324,2024-01-23,B53,B,5,3,1670204.0,2094648.0,2094648.0,1.0,26.0,0.0,6.0,12.0,68.0,96,18.293645833333333,13.57,22.75,18.577604166666667,16.361250000000002,82.23156250000001,0.0,4.235833333333333,93.22572916666668,8949.67,15.061666666666667,8.293645833333333,11.875763888888889,10.462544642857145,12.062090773809524,12.589375,12.273392857142856,13.435215773809524,73.98114583333334,70.53050595238095,74.94835565476191,0.0,0.0,1.53,114.10902777777778,117.54267308897242,100.04438713972432,32863.4,78938.71,134409.69,10.359999999999998,14.51927083333333,40.69010416666667,71.37020833333332,3.88,221491.41,23,1,15,7.0,-6.0,4.0,5.666666666666667,4.163331998932265,20.0,6.0,23.0,21.666666666666668,3.785938897200182,6.0,6.0,9.0,6.666666666666667,5.033222956847167,0.0,0.0,0.0,0.0,0.0,3.0,3.0,4.5,8.333333333333334,6.8068592855540455,1686819.0,-16615.0,1678511.5,1671051.6666666667,15361.051276958013,2229063.0,-134415.0,2161855.5,2127927.6666666665,89275.64998549901,2229063.0,-134415.0,2161855.5,2127927.6666666665,89275.64998549901,111.0,-43.0,89.5,140.66666666666666,91.19393254670692,45.0,0.13333333037037046,0.5777777649382719,0.03846153698224858,4.333332611111231,2024-01-30,222.0,154.0,7.0,plot_level_next_window
2324,2024-01-30,B53,B,5,3,1609125.0,1998477.0,1998477.0,1.0,8.0,3.0,13.0,10.0,222.0,96,10.5378125,3.12,18.94,10.706666666666663,14.528229166666668,73.83979166666667,0.0,3.861170212765957,173.69726315789475,16501.24,5.218229166666666,0.5378124999999994,12.958368055555557,18.03215773809524,14.247351190476191,16.604305555555552,19.05563988095238,15.664516369047618,73.60635416666666,79.72150297619046,75.12600446428573,0.03,0.22,0.22,167.08516410818714,138.16929652255638,127.8559848057644,47946.83,92676.07,171614.78,8.875104166666668,56.22510416666667,70.744375,127.59531249999998,4.1,314167.48000000004,30,1,22,1.0,0.0,1.0,3.0,3.464101615137754,26.0,-18.0,17.0,18.0,9.16515138991168,12.0,-2.0,11.0,9.333333333333334,3.0550504633038935,0.0,3.0,1.5,1.0,1.7320508075688772,6.0,7.0,9.5,7.333333333333333,5.131601439446885,1670204.0,-61079.0,1639664.5,1655382.6666666667,40912.630694363026,2094648.0,-96171.0,2046562.5,2107396.0,115820.37591460322,2094648.0,-96171.0,2046562.5,2107396.0,115820.37591460322,68.0,154.0,145.0,133.66666666666666,79.46277954698874,35.0,0.37142856081632686,0.22857142204081654,0.12499998437500197,0.615384568047341,2024-02-06,391.0,169.0,7.0,plot_level_next_window
2324,2024-02-06,B53,B,5,3,1513613.0,1964001.0,1964001.0,2.0,16.0,5.0,16.0,0.0,391.0,96,13.478645833333331,9.5,18.78,13.831145833333332,15.071458333333332,62.14927083333333,0.0,8.390520833333333,182.835625,17552.22,5.745729166666667,3.478645833333333,14.113784722222222,13.057708333333334,15.544933035714283,15.41753472222222,15.240416666666668,17.148028273809523,79.00041666666665,74.52035714285715,77.12093005952381,0.09,0.09,0.31,108.05861111111112,143.0740625,140.6216795112782,31120.880000000005,96145.77,188821.84000000003,12.341354166666669,21.403958333333332,77.6290625,148.99927083333333,4.19,410313.25,37,2,29,1.0,1.0,1.5,1.3333333333333333,0.5773502691896258,8.0,8.0,12.0,16.666666666666668,9.018499505645789,10.0,-10.0,5.0,7.333333333333333,6.429100507328637,3.0,2.0,4.0,2.6666666666666665,2.516611478423583,13.0,3.0,14.5,11.666666666666666,5.131601439446885,1609125.0,-95512.0,1561369.0,1597647.3333333333,78923.93771431663,1998477.0,-34476.0,1981239.0,2019042.0,67707.82134288478,1998477.0,-34476.0,1981239.0,2019042.0,67707.82134288478,222.0,169.0,306.5,227.0,161.5580391066938,39.0,0.41025639973701544,0.41025639973701544,0.12499999218750048,0.9999999375000038,2024-02-13,451.0,60.0,7.0,plot_level_next_window
2324,2024-02-13,B53,B,5,3,1699894.0,2228498.0,2228498.0,4.0,35.0,1.0,14.0,2.0,451.0,96,14.7740625,7.31,18.6,15.086666666666666,17.811770833333334,71.40114583333333,0.0,6.378020833333333,155.10177083333335,14889.77,9.432604166666666,4.774062499999999,19.057222222222222,16.359627976190474,14.708668154761906,19.697187499999995,17.70922619047619,16.474821428571428,75.94555555555554,75.6334375,75.07689732142856,0.43,0.43,0.52,134.2196875,150.30565648496238,146.68985949248122,38655.27,100867.96,197013.73,27.171666666666667,44.51739583333334,65.92135416666667,193.51666666666665,4.619999999999999,511181.21,44,2,36,2.0,2.0,3.0,2.3333333333333335,1.5275252316519465,16.0,19.0,25.5,19.666666666666668,13.868429375143146,0.0,2.0,1.0,4.0,5.291502622129182,5.0,-4.0,3.0,3.0,1.9999999999999998,16.0,-2.0,15.0,14.333333333333334,1.527525231651949,1513613.0,186281.0,1606753.5,1607544.0,93150.56312765906,1964001.0,264497.0,2096249.5,2063658.6666666667,143792.04777849617,1964001.0,264497.0,2096249.5,2063658.6666666667,143792.04777849617,391.0,60.0,421.0,354.6666666666667,118.74482444861894,56.0,0.24999999553571436,0.624999988839286,0.11428571102040827,2.499999821428584,2024-02-20,166.0,-285.0,7.0,plot_level_next_window
2324,2024-02-20,B53,B,5,3,1583519.0,2160728.0,2160728.0,1.0,23.0,1.0,7.0,6.0,166.0,96,10.565729166666666,1.1,21.25,10.805833333333332,13.518125,64.6725,0.0,2.3884375,210.61,20218.56,2.3240625,0.5657291666666655,11.053576388888889,12.920684523809523,14.64015625,13.979131944444442,15.29784226190476,16.503534226190474,77.66104166666666,77.97973214285715,76.80658482142857,1.25,1.96,2.39,145.33520833333333,126.33980654761906,138.32273151629073,41856.54000000001,84900.35,185768.31,3.1607291666666644,20.444791666666664,64.9621875,213.9614583333333,6.579999999999999,596081.56,51,2,43,4.0,-3.0,2.5,2.3333333333333335,1.5275252316519465,35.0,-12.0,29.0,24.666666666666668,9.609023536933048,2.0,4.0,4.0,2.6666666666666665,3.055050463303896,1.0,0.0,1.0,2.3333333333333335,2.309401076758503,14.0,-7.0,10.5,12.333333333333334,4.72581562625261,1699894.0,-116375.0,1641706.5,1599008.6666666667,94101.54127501488,2228498.0,-67770.0,2194613.0,2117742.3333333335,137388.10503945863,2228498.0,-67770.0,2194613.0,2117742.3333333335,137388.10503945863,451.0,-285.0,308.5,336.0,150.2497920131672,38.0,0.18421052146814418,0.6052631419667595,0.04347825897920613,3.2857138163265978,2024-02-27,299.0,133.0,7.0,plot_level_next_window
2324,2024-01-08,B54,B,5,4,1533992.0,1905513.0,1905513.0,0.0,15.0,1.0,3.0,2.0,48.0,96,12.507083333333334,9.08,16.98,12.696458333333332,13.006875,82.47687499999999,0.02,4.230625,23.1853125,2225.79,9.583958333333332,2.507083333333334,15.0565625,12.9471875,12.8146484375,15.378958333333337,14.320357142857144,14.1809765625,81.66697916666666,79.795625,80.13928385416666,0.8600000000000001,1.02,1.02,80.01430555555557,107.7697619047619,109.93813802083334,23044.120000000003,72421.28,84432.49,15.1696875,20.630312499999995,22.5171875,22.5171875,1.02,84432.48999999999,8,1,0,,,0.0,0.0,,,,15.0,15.0,,,,2.0,2.0,,,,1.0,1.0,,,,3.0,3.0,,,,1533992.0,1533992.0,,,,1905513.0,1905513.0,,,,1905513.0,1905513.0,,,,48.0,48.0,,21.0,0.14285713605442207,0.7142856802721105,0.0,4.999998333333888,2024-01-16,65.0,17.0,8.0,plot_level_next_window
2324,2024-01-16,B54,B,5,4,1307714.0,1714193.0,1714193.0,3.0,20.0,2.0,6.0,6.0,65.0,96,17.04854166666667,8.58,21.94,17.396041666666665,17.473125,94.94791666666669,1.45,6.029062499999999,32.909479166666664,3159.31,16.2309375,7.048541666666669,13.644305555555556,13.661636904761906,13.879151785714289,14.52145833333333,14.597038690476191,14.684375,84.365,79.36620535714285,80.94207589285713,1.45,1.53,3.82,62.44854166666666,82.54610119047618,86.86925595238095,17985.18,55470.98,116752.28,11.472291666666669,26.170833333333334,54.8475,56.8509375,3.88,142552.69999999998,16,1,8,0.0,3.0,1.5,1.5,2.1213203435596424,15.0,5.0,17.5,17.5,3.5355339059327378,2.0,4.0,4.0,4.0,2.8284271247461903,1.0,1.0,1.5,1.5,0.7071067811865476,3.0,3.0,4.5,4.5,2.1213203435596424,1533992.0,-226278.0,1420853.0,1420853.0,160002.7082333296,1905513.0,-191320.0,1809853.0,1809853.0,135283.66937661028,1905513.0,-191320.0,1809853.0,1809853.0,135283.66937661028,48.0,17.0,56.5,56.5,12.020815280171307,37.0,0.16216215777940116,0.5405405259313372,0.14999999250000037,3.33333277777787,2024-01-23,73.0,8.0,7.0,plot_level_next_window
2324,2024-01-23,B54,B,5,4,1694943.0,2121306.0,2121306.0,8.0,12.0,3.0,2.0,11.0,73.0,96,18.293645833333333,13.57,22.75,18.577604166666667,16.361250000000002,82.23156250000001,0.0,4.235833333333333,93.22572916666668,8949.67,15.061666666666667,8.293645833333333,11.875763888888889,10.462544642857145,12.062090773809524,12.589375,12.273392857142856,13.435215773809524,73.98114583333334,70.53050595238095,74.94835565476191,0.0,0.0,1.53,114.10902777777778,117.54267308897242,100.04438713972432,32863.4,78938.71,134409.69,10.359999999999998,14.51927083333333,40.69010416666667,71.37020833333332,3.88,221491.41,23,1,15,3.0,5.0,5.5,3.6666666666666665,4.041451884327381,20.0,-8.0,16.0,15.666666666666666,4.041451884327381,6.0,5.0,8.5,6.333333333333333,4.509249752822894,2.0,1.0,2.5,2.0,1.0,6.0,-4.0,4.0,3.6666666666666665,2.0816659994661326,1307714.0,387229.0,1501328.5,1512216.3333333333,194530.74141207951,1714193.0,407113.0,1917749.5,1913670.6666666667,203679.0596412241,1714193.0,407113.0,1917749.5,1913670.6666666667,203679.0596412241,65.0,8.0,69.0,62.0,12.767145334803704,36.0,0.05555555401234573,0.33333332407407434,0.6666666111111158,5.9999970000015,2024-01-30,655.0,582.0,7.0,plot_level_next_window
2324,2024-01-30,B54,B,5,4,2134097.0,2658467.0,2658467.0,1.0,33.0,2.0,18.0,7.0,655.0,96,10.5378125,3.12,18.94,10.706666666666663,14.528229166666668,73.83979166666667,0.0,3.861170212765957,173.69726315789475,16501.24,5.218229166666666,0.5378124999999994,12.958368055555557,18.03215773809524,14.247351190476191,16.604305555555552,19.05563988095238,15.664516369047618,73.60635416666666,79.72150297619046,75.12600446428573,0.03,0.22,0.22,167.08516410818714,138.16929652255638,127.8559848057644,47946.83,92676.07,171614.78,8.875104166666668,56.22510416666667,70.744375,127.59531249999998,4.1,314167.48000000004,30,1,22,8.0,-7.0,4.5,4.0,3.6055512754639896,12.0,21.0,22.5,21.666666666666668,10.598742063723098,11.0,-4.0,9.0,8.0,2.64575131106459,3.0,-1.0,2.5,2.3333333333333335,0.5773502691896258,2.0,16.0,10.0,8.666666666666666,8.32666399786453,1694943.0,439154.0,1914520.0,1712251.3333333333,413463.29882389004,2121306.0,537161.0,2389886.5,2164655.3333333335,473627.19547586504,2121306.0,537161.0,2389886.5,2164655.3333333335,473627.19547586504,73.0,582.0,364.0,264.3333333333333,338.3509026636893,61.0,0.29508196237570555,0.5409835976887934,0.030303029384756687,1.833333231481487,2024-02-06,454.0,-201.0,7.0,plot_level_next_window
2324,2024-02-06,B54,B,5,4,2044372.0,2777053.0,2777053.0,4.0,21.0,6.0,29.0,7.0,454.0,96,13.478645833333331,9.5,18.78,13.831145833333332,15.071458333333332,62.14927083333333,0.0,8.390520833333333,182.835625,17552.22,5.745729166666667,3.478645833333333,14.113784722222222,13.057708333333334,15.544933035714283,15.41753472222222,15.240416666666668,17.148028273809523,79.00041666666665,74.52035714285715,77.12093005952381,0.09,0.09,0.31,108.05861111111112,143.0740625,140.6216795112782,31120.880000000005,96145.77,188821.84000000003,12.341354166666669,21.403958333333332,77.6290625,148.99927083333333,4.19,410313.25,37,2,29,1.0,3.0,2.5,4.333333333333333,3.511884584284247,33.0,-12.0,27.0,22.0,10.535653752852738,7.0,0.0,7.0,8.333333333333334,2.3094010767585025,2.0,4.0,4.0,3.6666666666666665,2.0816659994661326,18.0,11.0,23.5,16.333333333333332,13.576941236277534,2134097.0,-89725.0,2089234.5,1957804.0,232022.78529704805,2658467.0,118586.0,2717760.0,2518942.0,349430.18075289356,2658467.0,118586.0,2717760.0,2518942.0,349430.18075289356,655.0,-201.0,554.5,394.0,295.60277400592844,67.0,0.43283581443528635,0.3134328311427936,0.19047618140589612,0.7241379060642101,2024-02-13,493.0,39.0,7.0,plot_level_next_window
2324,2024-02-13,B54,B,5,4,2150214.0,2878290.0,2878290.0,3.0,59.0,4.0,29.0,9.0,493.0,96,14.7740625,7.31,18.6,15.086666666666666,17.811770833333334,71.40114583333333,0.0,6.378020833333333,155.10177083333335,14889.77,9.432604166666666,4.774062499999999,19.057222222222222,16.359627976190474,14.708668154761906,19.697187499999995,17.70922619047619,16.474821428571428,75.94555555555554,75.6334375,75.07689732142856,0.43,0.43,0.52,134.2196875,150.30565648496238,146.68985949248122,38655.27,100867.96,197013.73,27.171666666666667,44.51739583333334,65.92135416666667,193.51666666666665,4.619999999999999,511181.21,44,2,36,4.0,-1.0,3.5,2.6666666666666665,1.5275252316519479,21.0,38.0,40.0,37.666666666666664,19.42506971244462,7.0,2.0,8.0,7.666666666666667,1.1547005383792515,6.0,-2.0,5.0,4.0,1.9999999999999998,29.0,0.0,29.0,25.333333333333332,6.350852961085878,2044372.0,105842.0,2097293.0,2109561.0,57027.5697623532,2777053.0,101237.0,2827671.5,2771270.0,110025.54316612065,2777053.0,101237.0,2827671.5,2771270.0,110025.54316612065,454.0,39.0,473.5,534.0,106.58799181896599,104.0,0.2788461511649409,0.5673076868528107,0.050847456765297346,2.034482688466114,2024-02-20,473.0,-20.0,7.0,plot_level_next_window
2324,2024-02-20,B54,B,5,4,1711563.0,2385060.0,2385060.0,5.0,39.0,3.0,22.0,18.0,473.0,96,10.565729166666666,1.1,21.25,10.805833333333332,13.518125,64.6725,0.0,2.3884375,210.61,20218.56,2.3240625,0.5657291666666655,11.053576388888889,12.920684523809523,14.64015625,13.979131944444442,15.29784226190476,16.503534226190474,77.66104166666666,77.97973214285715,76.80658482142857,1.25,1.96,2.39,145.33520833333333,126.33980654761906,138.32273151629073,41856.54000000001,84900.35,185768.31,3.1607291666666644,20.444791666666664,64.9621875,213.9614583333333,6.579999999999999,596081.56,51,2,43,3.0,2.0,4.0,4.0,1.000000000000002,59.0,-20.0,49.0,39.666666666666664,19.00876990584434,9.0,9.0,13.5,11.333333333333334,5.859465277082315,4.0,-1.0,3.5,4.333333333333333,1.5275252316519465,29.0,-7.0,25.5,26.666666666666668,4.041451884327381,2150214.0,-438651.0,1930888.5,1968716.3333333333,228902.83937586573,2878290.0,-493230.0,2631675.0,2680134.3333333335,260506.96571557014,2878290.0,-493230.0,2631675.0,2680134.3333333335,260506.96571557014,493.0,-20.0,483.0,473.3333333333333,19.502136635079633,87.0,0.25287356031179814,0.44827585691636945,0.12820512491781733,1.772727192148764,2024-02-27,490.0,17.0,7.0,plot_level_next_window
2324,2024-01-08,B55,B,5,5,1723326.0,2123484.0,2123484.0,6.0,9.0,1.0,4.0,3.0,113.0,96,12.507083333333334,9.08,16.98,12.696458333333332,13.006875,82.47687499999999,0.02,4.230625,23.1853125,2225.79,9.583958333333332,2.507083333333334,15.0565625,12.9471875,12.8146484375,15.378958333333337,14.320357142857144,14.1809765625,81.66697916666666,79.795625,80.13928385416666,0.8600000000000001,1.02,1.02,80.01430555555557,107.7697619047619,109.93813802083334,23044.120000000003,72421.28,84432.49,15.1696875,20.630312499999995,22.5171875,22.5171875,1.02,84432.48999999999,8,1,0,,,6.0,6.0,,,,9.0,9.0,,,,3.0,3.0,,,,1.0,1.0,,,,4.0,4.0,,,,1723326.0,1723326.0,,,,2123484.0,2123484.0,,,,2123484.0,2123484.0,,,,113.0,113.0,,23.0,0.17391303591682453,0.39130433081285515,0.6666665925926009,2.2499994375001404,2024-01-16,69.0,-44.0,8.0,plot_level_next_window
2324,2024-01-16,B55,B,5,5,1193338.0,1565388.0,1565388.0,9.0,11.0,0.0,1.0,9.0,69.0,96,17.04854166666667,8.58,21.94,17.396041666666665,17.473125,94.94791666666669,1.45,6.029062499999999,32.909479166666664,3159.31,16.2309375,7.048541666666669,13.644305555555556,13.661636904761906,13.879151785714289,14.52145833333333,14.597038690476191,14.684375,84.365,79.36620535714285,80.94207589285713,1.45,1.53,3.82,62.44854166666666,82.54610119047618,86.86925595238095,17985.18,55470.98,116752.28,11.472291666666669,26.170833333333334,54.8475,56.8509375,3.88,142552.69999999998,16,1,8,6.0,3.0,7.5,7.5,2.1213203435596424,9.0,2.0,10.0,10.0,1.4142135623730951,3.0,6.0,6.0,6.0,4.242640687119285,1.0,-1.0,0.5,0.5,0.7071067811865476,4.0,-3.0,2.5,2.5,2.1213203435596424,1723326.0,-529988.0,1458332.0,1458332.0,374758.1087474959,2123484.0,-558096.0,1844436.0,1844436.0,394633.46615308744,2123484.0,-558096.0,1844436.0,1844436.0,394633.46615308744,113.0,-44.0,91.0,91.0,31.11269837220809,30.0,0.033333332222222255,0.36666665444444485,0.8181817438016598,10.999989000011,2024-01-23,40.0,-29.0,7.0,plot_level_next_window
2324,2024-01-23,B55,B,5,5,2467571.0,3151725.0,3151725.0,18.0,14.0,2.0,0.0,18.0,40.0,96,18.293645833333333,13.57,22.75,18.577604166666667,16.361250000000002,82.23156250000001,0.0,4.235833333333333,93.22572916666668,8949.67,15.061666666666667,8.293645833333333,11.875763888888889,10.462544642857145,12.062090773809524,12.589375,12.273392857142856,13.435215773809524,73.98114583333334,70.53050595238095,74.94835565476191,0.0,0.0,1.53,114.10902777777778,117.54267308897242,100.04438713972432,32863.4,78938.71,134409.69,10.359999999999998,14.51927083333333,40.69010416666667,71.37020833333332,3.88,221491.41,23,1,15,9.0,9.0,13.5,11.0,6.244997998398398,11.0,3.0,12.5,11.333333333333334,2.516611478423583,9.0,9.0,13.5,10.0,7.54983443527075,0.0,2.0,1.0,1.0,1.0,1.0,-1.0,0.5,1.6666666666666667,2.0816659994661326,1193338.0,1274233.0,1830454.5,1794745.0,640111.6619332911,1565388.0,1586337.0,2358556.5,2280199.0,804696.1928647357,1565388.0,1586337.0,2358556.5,2280199.0,804696.1928647357,69.0,-29.0,54.5,74.0,36.75595189897821,52.0,0.0,0.2692307640532545,1.2857141938775576,14000000.0,2024-01-30,424.0,384.0,7.0,plot_level_next_window
2324,2024-01-30,B55,B,5,5,2530572.0,3169903.0,3169903.0,1.0,16.0,2.0,24.0,13.0,424.0,96,10.5378125,3.12,18.94,10.706666666666663,14.528229166666668,73.83979166666667,0.0,3.861170212765957,173.69726315789475,16501.24,5.218229166666666,0.5378124999999994,12.958368055555557,18.03215773809524,14.247351190476191,16.604305555555552,19.05563988095238,15.664516369047618,73.60635416666666,79.72150297619046,75.12600446428573,0.03,0.22,0.22,167.08516410818714,138.16929652255638,127.8559848057644,47946.83,92676.07,171614.78,8.875104166666668,56.22510416666667,70.744375,127.59531249999998,4.1,314167.48000000004,30,1,22,18.0,-17.0,9.5,9.333333333333334,8.504900548115382,14.0,2.0,15.0,13.666666666666666,2.516611478423583,18.0,-5.0,15.5,13.333333333333334,4.509249752822894,2.0,0.0,2.0,1.3333333333333333,1.1547005383792517,0.0,24.0,12.0,8.333333333333334,13.576941236277534,2467571.0,63001.0,2499071.5,2063827.0,754523.429617,3151725.0,18178.0,3160814.0,2629005.3333333335,921164.471604465,3151725.0,18178.0,3160814.0,2629005.3333333335,921164.471604465,40.0,384.0,232.0,177.66666666666666,213.82313563628546,56.0,0.42857142091836753,0.285714280612245,0.06249999609375024,0.66666663888889,2024-02-06,348.0,-76.0,7.0,plot_level_next_window
2324,2024-02-06,B55,B,5,5,1728360.0,2361554.0,2361554.0,3.0,28.0,2.0,18.0,5.0,348.0,96,13.478645833333331,9.5,18.78,13.831145833333332,15.071458333333332,62.14927083333333,0.0,8.390520833333333,182.835625,17552.22,5.745729166666667,3.478645833333333,14.113784722222222,13.057708333333334,15.544933035714283,15.41753472222222,15.240416666666668,17.148028273809523,79.00041666666665,74.52035714285715,77.12093005952381,0.09,0.09,0.31,108.05861111111112,143.0740625,140.6216795112782,31120.880000000005,96145.77,188821.84000000003,12.341354166666669,21.403958333333332,77.6290625,148.99927083333333,4.19,410313.25,37,2,29,1.0,2.0,2.0,7.333333333333333,9.291573243177568,16.0,12.0,22.0,19.333333333333332,7.571877794400366,13.0,-8.0,9.0,12.0,6.557438524302,2.0,0.0,2.0,2.0,0.0,24.0,-6.0,21.0,14.0,12.489995996796798,2530572.0,-802212.0,2129466.0,2242167.6666666665,446084.09548462194,3169903.0,-808349.0,2765728.5,2894394.0,461542.4781328364,3169903.0,-808349.0,2765728.5,2894394.0,461542.4781328364,424.0,-76.0,386.0,270.6666666666667,203.3453548358883,56.0,0.32142856568877565,0.49999999107142873,0.10714285331632667,1.5555554691358071,2024-02-13,566.0,218.0,7.0,plot_level_next_window
2324,2024-02-13,B55,B,5,5,1624343.0,2172978.0,2172978.0,5.0,29.0,0.0,20.0,5.0,566.0,96,14.7740625,7.31,18.6,15.086666666666666,17.811770833333334,71.40114583333333,0.0,6.378020833333333,155.10177083333335,14889.77,9.432604166666666,4.774062499999999,19.057222222222222,16.359627976190474,14.708668154761906,19.697187499999995,17.70922619047619,16.474821428571428,75.94555555555554,75.6334375,75.07689732142856,0.43,0.43,0.52,134.2196875,150.30565648496238,146.68985949248122,38655.27,100867.96,197013.73,27.171666666666667,44.51739583333334,65.92135416666667,193.51666666666665,4.619999999999999,511181.21,44,2,36,3.0,2.0,4.0,3.0,1.9999999999999971,28.0,1.0,28.5,24.333333333333332,7.234178138070236,5.0,0.0,5.0,7.666666666666667,4.618802153517007,2.0,-2.0,1.0,1.3333333333333333,1.1547005383792517,18.0,2.0,19.0,20.666666666666668,3.055050463303907,1728360.0,-104017.0,1676351.5,1961091.6666666667,495919.1180145542,2361554.0,-188576.0,2267266.0,2568145.0,529598.6639588508,2361554.0,-188576.0,2267266.0,2568145.0,529598.6639588508,348.0,218.0,457.0,446.0,110.65260954898436,59.0,0.3389830451019823,0.4915254153978743,0.17241378715814526,1.4499999275000035,2024-02-20,289.0,-277.0,7.0,plot_level_next_window
2324,2024-02-20,B55,B,5,5,1792085.0,2394735.0,2394735.0,1.0,47.0,3.0,23.0,8.0,289.0,96,10.565729166666666,1.1,21.25,10.805833333333332,13.518125,64.6725,0.0,2.3884375,210.61,20218.56,2.3240625,0.5657291666666655,11.053576388888889,12.920684523809523,14.64015625,13.979131944444442,15.29784226190476,16.503534226190474,77.66104166666666,77.97973214285715,76.80658482142857,1.25,1.96,2.39,145.33520833333333,126.33980654761906,138.32273151629073,41856.54000000001,84900.35,185768.31,3.1607291666666644,20.444791666666664,64.9621875,213.9614583333333,6.579999999999999,596081.56,51,2,43,5.0,-4.0,3.0,3.0,1.9999999999999971,29.0,18.0,38.0,34.666666666666664,10.692676621563628,5.0,3.0,6.5,6.0,1.7320508075688772,0.0,3.0,1.5,1.6666666666666667,1.5275252316519465,20.0,3.0,21.5,20.333333333333332,2.5166114784235987,1624343.0,167742.0,1708214.0,1714929.3333333333,84673.67800168679,2172978.0,221757.0,2283856.5,2309755.6666666665,119609.12283071513,2172978.0,221757.0,2283856.5,2309755.6666666665,119609.12283071513,566.0,-277.0,427.5,401.0,145.90750494748372,82.0,0.2804878014574658,0.5731707247174302,0.021276595291987336,2.043478172022688,2024-02-27,233.0,-56.0,7.0,plot_level_next_window
2324,2024-01-08,M11,M,1,1,933485.0,1127367.0,1127367.0,1.0,5.0,4.0,3.0,4.0,92.0,96,12.507083333333334,9.08,16.98,12.696458333333332,13.006875,82.47687499999999,0.02,4.230625,23.1853125,2225.79,9.583958333333332,2.507083333333334,15.0565625,12.9471875,12.8146484375,15.378958333333337,14.320357142857144,14.1809765625,81.66697916666666,79.795625,80.13928385416666,0.8600000000000001,1.02,1.02,80.01430555555557,107.7697619047619,109.93813802083334,23044.120000000003,72421.28,84432.49,15.1696875,20.630312499999995,22.5171875,22.5171875,1.02,84432.48999999999,8,1,0,,,1.0,1.0,,,,5.0,5.0,,,,4.0,4.0,,,,4.0,4.0,,,,3.0,3.0,,,,933485.0,933485.0,,,,1127367.0,1127367.0,,,,1127367.0,1127367.0,,,,92.0,92.0,,17.0,0.17647057785467188,0.2941176297577865,0.199999960000008,1.6666661111112961,2024-01-16,44.0,-48.0,8.0,plot_level_next_window
2324,2024-01-16,M11,M,1,1,1084519.0,1357397.0,1357397.0,2.0,8.0,0.0,3.0,1.0,44.0,96,17.04854166666667,8.58,21.94,17.396041666666665,17.473125,94.94791666666669,1.45,6.029062499999999,32.909479166666664,3159.31,16.2309375,7.048541666666669,13.644305555555556,13.661636904761906,13.879151785714289,14.52145833333333,14.597038690476191,14.684375,84.365,79.36620535714285,80.94207589285713,1.45,1.53,3.82,62.44854166666666,82.54610119047618,86.86925595238095,17985.18,55470.98,116752.28,11.472291666666669,26.170833333333334,54.8475,56.8509375,3.88,142552.69999999998,16,1,8,1.0,1.0,1.5,1.5,0.7071067811865476,5.0,3.0,6.5,6.5,2.1213203435596424,4.0,-3.0,2.5,2.5,2.1213203435596424,4.0,-4.0,2.0,2.0,2.8284271247461903,3.0,0.0,3.0,3.0,0.0,933485.0,151034.0,1009002.0,1009002.0,106797.16558972902,1127367.0,230030.0,1242382.0,1242382.0,162655.77287634154,1127367.0,230030.0,1242382.0,1242382.0,162655.77287634154,92.0,-48.0,68.0,68.0,33.94112549695428,14.0,0.21428569897959293,0.5714285306122479,0.24999996875000394,2.666665777778074,2024-01-23,48.0,4.0,7.0,plot_level_next_window
2324,2024-01-23,M11,M,1,1,1353902.0,1705535.0,1705535.0,1.0,5.0,1.0,3.0,4.0,48.0,96,18.293645833333333,13.57,22.75,18.577604166666667,16.361250000000002,82.23156250000001,0.0,4.235833333333333,93.22572916666668,8949.67,15.061666666666667,8.293645833333333,11.875763888888889,10.462544642857145,12.062090773809524,12.589375,12.273392857142856,13.435215773809524,73.98114583333334,70.53050595238095,74.94835565476191,0.0,0.0,1.53,114.10902777777778,117.54267308897242,100.04438713972432,32863.4,78938.71,134409.69,10.359999999999998,14.51927083333333,40.69010416666667,71.37020833333332,3.88,221491.41,23,1,15,2.0,-1.0,1.5,1.3333333333333333,0.5773502691896257,8.0,-3.0,6.5,6.0,1.7320508075688772,1.0,3.0,2.5,3.0,1.7320508075688772,0.0,1.0,0.5,1.6666666666666667,2.0816659994661326,3.0,0.0,3.0,3.0,0.0,1084519.0,269383.0,1219210.5,1123968.6666666667,212966.71247482157,1357397.0,348138.0,1531466.0,1396766.3333333333,291087.64549759467,1357397.0,348138.0,1531466.0,1396766.3333333333,291087.64549759467,44.0,4.0,46.0,61.333333333333336,26.633312473917574,14.0,0.21428569897959293,0.3571428316326549,0.199999960000008,1.6666661111112961,2024-01-30,39.0,-9.0,7.0,plot_level_next_window
2324,2024-01-30,M11,M,1,1,1471900.0,1864444.0,1864444.0,0.0,8.0,0.0,5.0,4.0,39.0,96,10.5378125,3.12,18.94,10.706666666666663,14.528229166666668,73.83979166666667,0.0,3.861170212765957,173.69726315789475,16501.24,5.218229166666666,0.5378124999999994,12.958368055555557,18.03215773809524,14.247351190476191,16.604305555555552,19.05563988095238,15.664516369047618,73.60635416666666,79.72150297619046,75.12600446428573,0.03,0.22,0.22,167.08516410818714,138.16929652255638,127.8559848057644,47946.83,92676.07,171614.78,8.875104166666668,56.22510416666667,70.744375,127.59531249999998,4.1,314167.48000000004,30,1,22,1.0,-1.0,0.5,1.0,1.0,5.0,3.0,6.5,7.0,1.7320508075688772,4.0,0.0,4.0,3.0,1.7320508075688772,1.0,-1.0,0.5,0.3333333333333333,0.5773502691896258,3.0,2.0,4.0,3.6666666666666665,1.1547005383792517,1353902.0,117998.0,1412901.0,1303440.3333333333,198559.29754693765,1705535.0,158909.0,1784989.5,1642458.6666666667,259341.7300056691,1705535.0,158909.0,1784989.5,1642458.6666666667,259341.7300056691,48.0,-9.0,43.5,43.666666666666664,4.509249752822906,17.0,0.2941176297577865,0.47058820761245834,0.0,1.599999680000064,2024-02-06,125.0,86.0,7.0,plot_level_next_window
2324,2024-02-06,M11,M,1,1,926988.0,1073421.0,1073421.0,2.0,5.0,2.0,4.0,1.0,125.0,96,13.478645833333331,9.5,18.78,13.831145833333332,15.071458333333332,62.14927083333333,0.0,8.390520833333333,182.835625,17552.22,5.745729166666667,3.478645833333333,14.113784722222222,13.057708333333334,15.544933035714283,15.41753472222222,15.240416666666668,17.148028273809523,79.00041666666665,74.52035714285715,77.12093005952381,0.09,0.09,0.31,108.05861111111112,143.0740625,140.6216795112782,31120.880000000005,96145.77,188821.84000000003,12.341354166666669,21.403958333333332,77.6290625,148.99927083333333,4.19,410313.25,37,2,29,0.0,2.0,1.0,1.0,1.0,8.0,-3.0,6.5,6.0,1.7320508075688772,4.0,-3.0,2.5,3.0,1.7320508075688772,0.0,2.0,1.0,1.0,0.9999999999999999,5.0,-1.0,4.5,4.0,1.0,1471900.0,-544912.0,1199444.0,1250930.0,286678.7339932978,1864444.0,-791023.0,1468932.5,1547800.0,418437.08523623954,1864444.0,-791023.0,1468932.5,1547800.0,418437.08523623954,39.0,86.0,82.0,70.66666666666667,47.26873526268005,14.0,0.2857142653061239,0.3571428316326549,0.399999920000016,1.249999687500078,2024-02-13,110.0,-15.0,7.0,plot_level_next_window
2324,2024-02-13,M11,M,1,1,1239504.0,1466331.0,1466331.0,3.0,18.0,1.0,5.0,0.0,110.0,96,14.7740625,7.31,18.6,15.086666666666666,17.811770833333334,71.40114583333333,0.0,6.378020833333333,155.10177083333335,14889.77,9.432604166666666,4.774062499999999,19.057222222222222,16.359627976190474,14.708668154761906,19.697187499999995,17.70922619047619,16.474821428571428,75.94555555555554,75.6334375,75.07689732142856,0.43,0.43,0.52,134.2196875,150.30565648496238,146.68985949248122,38655.27,100867.96,197013.73,27.171666666666667,44.51739583333334,65.92135416666667,193.51666666666665,4.619999999999999,511181.21,44,2,36,2.0,1.0,2.5,1.6666666666666667,1.5275252316519468,5.0,13.0,11.5,10.333333333333334,6.8068592855540455,1.0,-1.0,0.5,1.6666666666666667,2.0816659994661326,2.0,-1.0,1.5,1.0,0.9999999999999999,4.0,1.0,4.5,4.666666666666667,0.5773502691896258,926988.0,312516.0,1083246.0,1212797.3333333333,273435.92753940244,1073421.0,392910.0,1269876.0,1468065.3333333333,395514.3519094261,1073421.0,392910.0,1269876.0,1468065.3333333333,395514.3519094261,125.0,-15.0,117.5,91.33333333333333,45.93836450433704,27.0,0.18518517832647488,0.6666666419753096,0.1666666574074079,3.599999280000144,2024-02-20,84.0,-26.0,7.0,plot_level_next_window
2324,2024-02-20,M11,M,1,1,1151588.0,1260309.0,1260309.0,2.0,33.0,0.0,2.0,1.0,84.0,96,10.565729166666666,1.1,21.25,10.805833333333332,13.518125,64.6725,0.0,2.3884375,210.61,20218.56,2.3240625,0.5657291666666655,11.053576388888889,12.920684523809523,14.64015625,13.979131944444442,15.29784226190476,16.503534226190474,77.66104166666666,77.97973214285715,76.80658482142857,1.25,1.96,2.39,145.33520833333333,126.33980654761906,138.32273151629073,41856.54000000001,84900.35,185768.31,3.1607291666666644,20.444791666666664,64.9621875,213.9614583333333,6.579999999999999,596081.56,51,2,43,3.0,-1.0,2.5,2.3333333333333335,0.5773502691896262,18.0,15.0,25.5,18.666666666666668,14.0118997046558,0.0,1.0,0.5,0.6666666666666666,0.5773502691896251,1.0,-1.0,0.5,1.0,0.9999999999999999,5.0,-3.0,3.5,3.6666666666666665,1.5275252316519465,1239504.0,-87916.0,1195546.0,1106026.6666666667,161162.77140001443,1466331.0,-206022.0,1363320.0,1266687.0,196532.63390083588,1466331.0,-206022.0,1363320.0,1266687.0,196532.63390083588,110.0,-26.0,97.0,106.33333333333333,20.744477176668813,38.0,0.05263157756232691,0.868421029778394,0.060606058769513374,16.499991750004124,2024-02-27,176.0,92.0,7.0,plot_level_next_window
2324,2024-01-08,M12,M,1,2,1729863.0,2075031.0,2075031.0,0.0,8.0,1.0,6.0,5.0,148.0,96,12.507083333333334,9.08,16.98,12.696458333333332,13.006875,82.47687499999999,0.02,4.230625,23.1853125,2225.79,9.583958333333332,2.507083333333334,15.0565625,12.9471875,12.8146484375,15.378958333333337,14.320357142857144,14.1809765625,81.66697916666666,79.795625,80.13928385416666,0.8600000000000001,1.02,1.02,80.01430555555557,107.7697619047619,109.93813802083334,23044.120000000003,72421.28,84432.49,15.1696875,20.630312499999995,22.5171875,22.5171875,1.02,84432.48999999999,8,1,0,,,0.0,0.0,,,,8.0,8.0,,,,5.0,5.0,,,,1.0,1.0,,,,6.0,6.0,,,,1729863.0,1729863.0,,,,2075031.0,2075031.0,,,,2075031.0,2075031.0,,,,148.0,148.0,,20.0,0.29999998500000075,0.399999980000001,0.0,1.3333331111111482,2024-01-16,282.0,134.0,8.0,plot_level_next_window
2324,2024-01-16,M12,M,1,2,2469226.0,3233716.0,3233716.0,6.0,10.0,1.0,3.0,4.0,282.0,96,17.04854166666667,8.58,21.94,17.396041666666665,17.473125,94.94791666666669,1.45,6.029062499999999,32.909479166666664,3159.31,16.2309375,7.048541666666669,13.644305555555556,13.661636904761906,13.879151785714289,14.52145833333333,14.597038690476191,14.684375,84.365,79.36620535714285,80.94207589285713,1.45,1.53,3.82,62.44854166666666,82.54610119047618,86.86925595238095,17985.18,55470.98,116752.28,11.472291666666669,26.170833333333334,54.8475,56.8509375,3.88,142552.69999999998,16,1,8,0.0,6.0,3.0,3.0,4.242640687119285,8.0,2.0,9.0,9.0,1.4142135623730951,5.0,-1.0,4.5,4.5,0.7071067811865476,1.0,0.0,1.0,1.0,0.0,6.0,-3.0,4.5,4.5,2.1213203435596424,1729863.0,739363.0,2099544.5,2099544.5,522808.59105842933,2075031.0,1158685.0,2654373.5,2654373.5,819314.0207591348,2075031.0,1158685.0,2654373.5,2654373.5,819314.0207591348,148.0,134.0,215.0,215.0,94.75230867899737,24.0,0.12499999479166687,0.41666664930555625,0.599999940000006,3.3333322222225923,2024-01-23,98.0,-184.0,7.0,plot_level_next_window
2324,2024-01-23,M12,M,1,2,3257167.0,4165859.0,4165859.0,3.0,26.0,0.0,4.0,10.0,98.0,96,18.293645833333333,13.57,22.75,18.577604166666667,16.361250000000002,82.23156250000001,0.0,4.235833333333333,93.22572916666668,8949.67,15.061666666666667,8.293645833333333,11.875763888888889,10.462544642857145,12.062090773809524,12.589375,12.273392857142856,13.435215773809524,73.98114583333334,70.53050595238095,74.94835565476191,0.0,0.0,1.53,114.10902777777778,117.54267308897242,100.04438713972432,32863.4,78938.71,134409.69,10.359999999999998,14.51927083333333,40.69010416666667,71.37020833333332,3.88,221491.41,23,1,15,6.0,-3.0,4.5,3.0,3.0,10.0,16.0,18.0,14.666666666666666,9.865765724632494,4.0,6.0,7.0,6.333333333333333,3.2145502536643185,1.0,-1.0,0.5,0.6666666666666666,0.5773502691896258,3.0,1.0,3.5,4.333333333333333,1.5275252316519465,2469226.0,787941.0,2863196.5,2485418.6666666665,763780.746644175,3233716.0,932143.0,3699787.5,3158202.0,1047457.4953395483,3233716.0,932143.0,3699787.5,3158202.0,1047457.4953395483,282.0,-184.0,190.0,176.0,95.14199913813037,43.0,0.09302325365062201,0.6046511487290431,0.11538461094674572,6.4999983750004064,2024-01-30,341.0,243.0,7.0,plot_level_next_window
2324,2024-01-30,M12,M,1,2,1792300.0,2292182.0,2292182.0,0.0,14.0,5.0,4.0,4.0,341.0,96,10.5378125,3.12,18.94,10.706666666666663,14.528229166666668,73.83979166666667,0.0,3.861170212765957,173.69726315789475,16501.24,5.218229166666666,0.5378124999999994,12.958368055555557,18.03215773809524,14.247351190476191,16.604305555555552,19.05563988095238,15.664516369047618,73.60635416666666,79.72150297619046,75.12600446428573,0.03,0.22,0.22,167.08516410818714,138.16929652255638,127.8559848057644,47946.83,92676.07,171614.78,8.875104166666668,56.22510416666667,70.744375,127.59531249999998,4.1,314167.48000000004,30,1,22,3.0,-3.0,1.5,3.0,3.0,26.0,-12.0,20.0,16.666666666666668,8.32666399786453,10.0,-6.0,7.0,6.0,3.4641016151377544,0.0,5.0,2.5,2.0,2.6457513110645907,4.0,0.0,4.0,3.6666666666666665,0.5773502691896251,3257167.0,-1464867.0,2524733.5,2506231.0,733134.2710861362,4165859.0,-1873677.0,3229020.5,3230585.6666666665,936842.4223541189,4165859.0,-1873677.0,3229020.5,3230585.6666666665,936842.4223541189,98.0,243.0,219.5,240.33333333333334,126.74515112355712,27.0,0.1481481426611799,0.5185184993141296,0.0,3.4999991250002185,2024-02-06,484.0,143.0,7.0,plot_level_next_window
2324,2024-02-06,M12,M,1,2,1956851.0,2285724.0,2285724.0,1.0,15.0,3.0,6.0,4.0,484.0,96,13.478645833333331,9.5,18.78,13.831145833333332,15.071458333333332,62.14927083333333,0.0,8.390520833333333,182.835625,17552.22,5.745729166666667,3.478645833333333,14.113784722222222,13.057708333333334,15.544933035714283,15.41753472222222,15.240416666666668,17.148028273809523,79.00041666666665,74.52035714285715,77.12093005952381,0.09,0.09,0.31,108.05861111111112,143.0740625,140.6216795112782,31120.880000000005,96145.77,188821.84000000003,12.341354166666669,21.403958333333332,77.6290625,148.99927083333333,4.19,410313.25,37,2,29,0.0,1.0,0.5,1.3333333333333333,1.5275252316519468,14.0,1.0,14.5,18.333333333333332,6.658328118479391,4.0,0.0,4.0,6.0,3.4641016151377544,5.0,-2.0,4.0,2.6666666666666665,2.516611478423583,4.0,2.0,5.0,4.666666666666667,1.1547005383792515,1792300.0,164551.0,1874575.5,2335439.3333333335,802468.4894276744,2292182.0,-6458.0,2288953.0,2914588.3333333335,1083636.9952093428,2292182.0,-6458.0,2288953.0,2914588.3333333335,1083636.9952093428,341.0,143.0,412.5,307.6666666666667,195.14695317460973,29.0,0.20689654458977433,0.5172413614744358,0.06666666222222252,2.4999995833334028,2024-02-13,729.0,245.0,7.0,plot_level_next_window
2324,2024-02-13,M12,M,1,2,2340492.0,2934036.0,2934036.0,4.0,14.0,2.0,17.0,3.0,729.0,96,14.7740625,7.31,18.6,15.086666666666666,17.811770833333334,71.40114583333333,0.0,6.378020833333333,155.10177083333335,14889.77,9.432604166666666,4.774062499999999,19.057222222222222,16.359627976190474,14.708668154761906,19.697187499999995,17.70922619047619,16.474821428571428,75.94555555555554,75.6334375,75.07689732142856,0.43,0.43,0.52,134.2196875,150.30565648496238,146.68985949248122,38655.27,100867.96,197013.73,27.171666666666667,44.51739583333334,65.92135416666667,193.51666666666665,4.619999999999999,511181.21,44,2,36,1.0,3.0,2.5,1.6666666666666667,2.081665999466133,15.0,-1.0,14.5,14.333333333333334,0.5773502691895822,4.0,-1.0,3.5,3.6666666666666665,0.5773502691896257,3.0,-1.0,2.5,3.3333333333333335,1.5275252316519468,6.0,11.0,11.5,9.0,7.0,1956851.0,383641.0,2148671.5,2029881.0,281298.1565723466,2285724.0,648312.0,2609880.0,2503980.6666666665,372452.84095752763,2285724.0,648312.0,2609880.0,2503980.6666666665,372452.84095752763,484.0,245.0,606.5,518.0,196.2218132624403,40.0,0.4249999893750003,0.34999999125000025,0.2857142653061239,0.8235293633218022,2024-02-20,479.0,-250.0,7.0,plot_level_next_window
2324,2024-02-20,M12,M,1,2,2066717.0,2372836.0,2372836.0,6.0,18.0,5.0,13.0,0.0,479.0,96,10.565729166666666,1.1,21.25,10.805833333333332,13.518125,64.6725,0.0,2.3884375,210.61,20218.56,2.3240625,0.5657291666666655,11.053576388888889,12.920684523809523,14.64015625,13.979131944444442,15.29784226190476,16.503534226190474,77.66104166666666,77.97973214285715,76.80658482142857,1.25,1.96,2.39,145.33520833333333,126.33980654761906,138.32273151629073,41856.54000000001,84900.35,185768.31,3.1607291666666644,20.444791666666664,64.9621875,213.9614583333333,6.579999999999999,596081.56,51,2,43,4.0,2.0,5.0,3.6666666666666665,2.5166114784235836,14.0,4.0,16.0,15.666666666666666,2.0816659994661215,3.0,-3.0,1.5,2.3333333333333335,2.0816659994661326,2.0,3.0,3.5,3.3333333333333335,1.5275252316519468,17.0,-4.0,15.0,12.0,5.5677643628300215,2340492.0,-273775.0,2203604.5,2121353.3333333335,197570.11644055296,2934036.0,-561200.0,2653436.0,2530865.3333333335,351862.28127114364,2934036.0,-561200.0,2653436.0,2530865.3333333335,351862.28127114364,729.0,-250.0,604.0,564.0,142.9160592795645,42.0,0.3095238021541952,0.4285714183673472,0.3333333148148158,1.384615278106517,2024-02-27,617.0,138.0,7.0,plot_level_next_window
2324,2024-01-08,M13,M,1,3,1971739.0,2330008.0,2330008.0,4.0,3.0,1.0,4.0,1.0,223.0,96,12.507083333333334,9.08,16.98,12.696458333333332,13.006875,82.47687499999999,0.02,4.230625,23.1853125,2225.79,9.583958333333332,2.507083333333334,15.0565625,12.9471875,12.8146484375,15.378958333333337,14.320357142857144,14.1809765625,81.66697916666666,79.795625,80.13928385416666,0.8600000000000001,1.02,1.02,80.01430555555557,107.7697619047619,109.93813802083334,23044.120000000003,72421.28,84432.49,15.1696875,20.630312499999995,22.5171875,22.5171875,1.02,84432.48999999999,8,1,0,,,4.0,4.0,,,,3.0,3.0,,,,1.0,1.0,,,,1.0,1.0,,,,4.0,4.0,,,,1971739.0,1971739.0,,,,2330008.0,2330008.0,,,,2330008.0,2330008.0,,,,223.0,223.0,,13.0,0.3076922840236705,0.23076921301775286,1.333332888889037,0.7499998125000469,2024-01-16,27.0,-196.0,8.0,plot_level_next_window
2324,2024-01-16,M13,M,1,3,2066473.0,2656230.0,2656230.0,3.0,14.0,0.0,0.0,1.0,27.0,96,17.04854166666667,8.58,21.94,17.396041666666665,17.473125,94.94791666666669,1.45,6.029062499999999,32.909479166666664,3159.31,16.2309375,7.048541666666669,13.644305555555556,13.661636904761906,13.879151785714289,14.52145833333333,14.597038690476191,14.684375,84.365,79.36620535714285,80.94207589285713,1.45,1.53,3.82,62.44854166666666,82.54610119047618,86.86925595238095,17985.18,55470.98,116752.28,11.472291666666669,26.170833333333334,54.8475,56.8509375,3.88,142552.69999999998,16,1,8,4.0,-1.0,3.5,3.5,0.7071067811865476,3.0,11.0,8.5,8.5,7.7781745930520225,1.0,0.0,1.0,1.0,0.0,1.0,-1.0,0.5,0.5,0.7071067811865476,4.0,-4.0,2.0,2.0,2.8284271247461903,1971739.0,94734.0,2019106.0,2019106.0,66987.05380892639,2330008.0,326222.0,2493119.0,2493119.0,230673.7883722379,2330008.0,326222.0,2493119.0,2493119.0,230673.7883722379,223.0,-196.0,125.0,125.0,138.59292911256333,18.0,0.0,0.7777777345679036,0.21428569897959293,14000000.0,2024-01-23,30.0,3.0,7.0,plot_level_next_window
2324,2024-01-23,M13,M,1,3,3282222.0,4179304.0,4179304.0,1.0,22.0,0.0,2.0,8.0,30.0,96,18.293645833333333,13.57,22.75,18.577604166666667,16.361250000000002,82.23156250000001,0.0,4.235833333333333,93.22572916666668,8949.67,15.061666666666667,8.293645833333333,11.875763888888889,10.462544642857145,12.062090773809524,12.589375,12.273392857142856,13.435215773809524,73.98114583333334,70.53050595238095,74.94835565476191,0.0,0.0,1.53,114.10902777777778,117.54267308897242,100.04438713972432,32863.4,78938.71,134409.69,10.359999999999998,14.51927083333333,40.69010416666667,71.37020833333332,3.88,221491.41,23,1,15,3.0,-2.0,2.0,2.6666666666666665,1.5275252316519465,14.0,8.0,18.0,13.0,9.539392014169456,1.0,7.0,4.5,3.3333333333333335,4.041451884327381,0.0,0.0,0.0,0.3333333333333333,0.5773502691896258,0.0,2.0,1.0,2.0,2.0,2066473.0,1215749.0,2674347.5,2440144.6666666665,730797.0369222452,2656230.0,1523074.0,3417767.0,3055180.6666666665,987089.2308850976,2656230.0,1523074.0,3417767.0,3055180.6666666665,987089.2308850976,27.0,3.0,28.5,93.33333333333333,112.30464519926738,33.0,0.060606058769513374,0.6666666464646471,0.045454543388429844,10.99999450000275,2024-01-30,190.0,160.0,7.0,plot_level_next_window
2324,2024-01-30,M13,M,1,3,2103086.0,2703482.0,2703482.0,0.0,2.0,0.0,4.0,15.0,190.0,96,10.5378125,3.12,18.94,10.706666666666663,14.528229166666668,73.83979166666667,0.0,3.861170212765957,173.69726315789475,16501.24,5.218229166666666,0.5378124999999994,12.958368055555557,18.03215773809524,14.247351190476191,16.604305555555552,19.05563988095238,15.664516369047618,73.60635416666666,79.72150297619046,75.12600446428573,0.03,0.22,0.22,167.08516410818714,138.16929652255638,127.8559848057644,47946.83,92676.07,171614.78,8.875104166666668,56.22510416666667,70.744375,127.59531249999998,4.1,314167.48000000004,30,1,22,1.0,-1.0,0.5,1.3333333333333333,1.5275252316519463,22.0,-20.0,12.0,12.666666666666666,10.066445913694334,8.0,7.0,11.5,8.0,7.0,0.0,0.0,0.0,0.0,0.0,2.0,2.0,3.0,2.0,2.0,3282222.0,-1179136.0,2692654.0,2483927.0,691586.0815625197,4179304.0,-1475822.0,3441393.0,3179672.0,866029.0349890125,4179304.0,-1475822.0,3441393.0,3179672.0,866029.0349890125,30.0,160.0,110.0,82.33333333333333,93.2541330630087,21.0,0.19047618140589612,0.09523809070294806,0.0,0.49999987500003124,2024-02-06,400.0,210.0,7.0,plot_level_next_window
2324,2024-02-06,M13,M,1,3,2024804.0,2410573.0,2410573.0,2.0,6.0,3.0,9.0,2.0,400.0,96,13.478645833333331,9.5,18.78,13.831145833333332,15.071458333333332,62.14927083333333,0.0,8.390520833333333,182.835625,17552.22,5.745729166666667,3.478645833333333,14.113784722222222,13.057708333333334,15.544933035714283,15.41753472222222,15.240416666666668,17.148028273809523,79.00041666666665,74.52035714285715,77.12093005952381,0.09,0.09,0.31,108.05861111111112,143.0740625,140.6216795112782,31120.880000000005,96145.77,188821.84000000003,12.341354166666669,21.403958333333332,77.6290625,148.99927083333333,4.19,410313.25,37,2,29,0.0,2.0,1.0,1.0,0.9999999999999993,2.0,4.0,4.0,10.0,10.583005244258363,15.0,-13.0,8.5,8.333333333333334,6.506407098647712,0.0,3.0,1.5,1.0,1.7320508075688772,4.0,5.0,6.5,5.0,3.605551275463989,2103086.0,-78282.0,2063945.0,2470037.3333333335,704460.7636038599,2703482.0,-292909.0,2557027.5,3097786.3333333335,948002.778505598,2703482.0,-292909.0,2557027.5,3097786.3333333335,948002.778505598,190.0,210.0,295.0,206.66666666666666,185.56220879622376,22.0,0.4090908904958686,0.27272726033057904,0.33333327777778704,0.6666665925926009,2024-02-13,736.0,336.0,7.0,plot_level_next_window
2324,2024-02-13,M13,M,1,3,2490590.0,3065630.0,3065630.0,3.0,23.0,1.0,23.0,1.0,736.0,96,14.7740625,7.31,18.6,15.086666666666666,17.811770833333334,71.40114583333333,0.0,6.378020833333333,155.10177083333335,14889.77,9.432604166666666,4.774062499999999,19.057222222222222,16.359627976190474,14.708668154761906,19.697187499999995,17.70922619047619,16.474821428571428,75.94555555555554,75.6334375,75.07689732142856,0.43,0.43,0.52,134.2196875,150.30565648496238,146.68985949248122,38655.27,100867.96,197013.73,27.171666666666667,44.51739583333334,65.92135416666667,193.51666666666665,4.619999999999999,511181.21,44,2,36,2.0,1.0,2.5,1.6666666666666667,1.5275252316519465,6.0,17.0,14.5,10.333333333333334,11.150485789118488,2.0,-1.0,1.5,6.0,7.810249675906654,3.0,-2.0,2.0,1.3333333333333333,1.5275252316519468,9.0,14.0,16.0,12.0,9.848857801796104,2024804.0,465786.0,2257697.0,2206160.0,249413.98628785904,2410573.0,655057.0,2738101.5,2726561.6666666665,328137.80881259916,2410573.0,655057.0,2738101.5,2726561.6666666665,328137.80881259916,400.0,336.0,568.0,442.0,275.4124180206841,51.0,0.45098038331411017,0.45098038331411017,0.1304347769376184,0.999999956521741,2024-02-20,341.0,-395.0,7.0,plot_level_next_window
2324,2024-02-20,M13,M,1,3,1282571.0,1483418.0,1483418.0,5.0,21.0,3.0,11.0,2.0,341.0,96,10.565729166666666,1.1,21.25,10.805833333333332,13.518125,64.6725,0.0,2.3884375,210.61,20218.56,2.3240625,0.5657291666666655,11.053576388888889,12.920684523809523,14.64015625,13.979131944444442,15.29784226190476,16.503534226190474,77.66104166666666,77.97973214285715,76.80658482142857,1.25,1.96,2.39,145.33520833333333,126.33980654761906,138.32273151629073,41856.54000000001,84900.35,185768.31,3.1607291666666644,20.444791666666664,64.9621875,213.9614583333333,6.579999999999999,596081.56,51,2,43,3.0,2.0,4.0,3.3333333333333335,1.5275252316519465,23.0,-2.0,22.0,16.666666666666668,9.291573243177568,1.0,1.0,1.5,1.6666666666666667,0.5773502691896257,1.0,2.0,2.0,2.3333333333333335,1.1547005383792517,23.0,-12.0,17.0,14.333333333333334,7.571877794400365,2490590.0,-1208019.0,1886580.5,1932655.0,609258.6107237225,3065630.0,-1582212.0,2274524.0,2319873.6666666665,794995.899383345,3065630.0,-1582212.0,2274524.0,2319873.6666666665,794995.899383345,736.0,-395.0,538.5,492.3333333333333,213.07353973061356,42.0,0.2619047556689344,0.49999998809523843,0.23809522675737013,1.909090735537206,2024-02-27,305.0,-36.0,7.0,plot_level_next_window
2324,2024-01-08,M14,M,1,4,1886957.0,2425922.0,2425922.0,1.0,20.0,4.0,10.0,1.0,156.0,96,12.507083333333334,9.08,16.98,12.696458333333332,13.006875,82.47687499999999,0.02,4.230625,23.1853125,2225.79,9.583958333333332,2.507083333333334,15.0565625,12.9471875,12.8146484375,15.378958333333337,14.320357142857144,14.1809765625,81.66697916666666,79.795625,80.13928385416666,0.8600000000000001,1.02,1.02,80.01430555555557,107.7697619047619,109.93813802083334,23044.120000000003,72421.28,84432.49,15.1696875,20.630312499999995,22.5171875,22.5171875,1.02,84432.48999999999,8,1,0,,,1.0,1.0,,,,20.0,20.0,,,,1.0,1.0,,,,4.0,4.0,,,,10.0,10.0,,,,1886957.0,1886957.0,,,,2425922.0,2425922.0,,,,2425922.0,2425922.0,,,,156.0,156.0,,36.0,0.2777777700617286,0.5555555401234572,0.04999999750000012,1.99999980000002,2024-01-16,162.0,6.0,8.0,plot_level_next_window
2324,2024-01-16,M14,M,1,4,2421671.0,3276347.0,3276347.0,2.0,10.0,0.0,3.0,5.0,162.0,96,17.04854166666667,8.58,21.94,17.396041666666665,17.473125,94.94791666666669,1.45,6.029062499999999,32.909479166666664,3159.31,16.2309375,7.048541666666669,13.644305555555556,13.661636904761906,13.879151785714289,14.52145833333333,14.597038690476191,14.684375,84.365,79.36620535714285,80.94207589285713,1.45,1.53,3.82,62.44854166666666,82.54610119047618,86.86925595238095,17985.18,55470.98,116752.28,11.472291666666669,26.170833333333334,54.8475,56.8509375,3.88,142552.69999999998,16,1,8,1.0,1.0,1.5,1.5,0.7071067811865476,20.0,-10.0,15.0,15.0,7.0710678118654755,1.0,4.0,3.0,3.0,2.8284271247461903,4.0,-4.0,2.0,2.0,2.8284271247461903,10.0,-7.0,6.5,6.5,4.949747468305833,1886957.0,534714.0,2154314.0,2154314.0,378099.8953953836,2425922.0,850425.0,2851134.5,2851134.5,601341.2843905697,2425922.0,850425.0,2851134.5,2851134.5,601341.2843905697,156.0,6.0,159.0,159.0,4.242640687119285,20.0,0.14999999250000037,0.4999999750000012,0.19999998000000202,3.3333322222225923,2024-01-23,201.0,39.0,7.0,plot_level_next_window
2324,2024-01-23,M14,M,1,4,2411181.0,3128538.0,3128538.0,1.0,14.0,1.0,9.0,9.0,201.0,96,18.293645833333333,13.57,22.75,18.577604166666667,16.361250000000002,82.23156250000001,0.0,4.235833333333333,93.22572916666668,8949.67,15.061666666666667,8.293645833333333,11.875763888888889,10.462544642857145,12.062090773809524,12.589375,12.273392857142856,13.435215773809524,73.98114583333334,70.53050595238095,74.94835565476191,0.0,0.0,1.53,114.10902777777778,117.54267308897242,100.04438713972432,32863.4,78938.71,134409.69,10.359999999999998,14.51927083333333,40.69010416666667,71.37020833333332,3.88,221491.41,23,1,15,2.0,-1.0,1.5,1.3333333333333333,0.5773502691896257,10.0,4.0,12.0,14.666666666666666,5.033222956847166,5.0,4.0,7.0,5.0,4.0,0.0,1.0,0.5,1.6666666666666667,2.0816659994661326,3.0,6.0,6.0,7.333333333333333,3.7859388972001824,2421671.0,-10490.0,2416426.0,2239936.3333333335,305734.0631093194,3276347.0,-147809.0,3202442.5,2943602.3333333335,454374.92312003014,3276347.0,-147809.0,3202442.5,2943602.3333333335,454374.92312003014,162.0,39.0,181.5,173.0,24.43358344574123,34.0,0.2647058745674743,0.41176469377162667,0.07142856632653098,1.5555553827160686,2024-01-30,844.0,643.0,7.0,plot_level_next_window
2324,2024-01-30,M14,M,1,4,2506991.0,3349503.0,3349503.0,0.0,2.0,2.0,12.0,4.0,844.0,96,10.5378125,3.12,18.94,10.706666666666663,14.528229166666668,73.83979166666667,0.0,3.861170212765957,173.69726315789475,16501.24,5.218229166666666,0.5378124999999994,12.958368055555557,18.03215773809524,14.247351190476191,16.604305555555552,19.05563988095238,15.664516369047618,73.60635416666666,79.72150297619046,75.12600446428573,0.03,0.22,0.22,167.08516410818714,138.16929652255638,127.8559848057644,47946.83,92676.07,171614.78,8.875104166666668,56.22510416666667,70.744375,127.59531249999998,4.1,314167.48000000004,30,1,22,1.0,-1.0,0.5,1.0,1.0,14.0,-12.0,8.0,8.666666666666666,6.110100926607786,9.0,-5.0,6.5,6.0,2.6457513110645907,1.0,1.0,1.5,1.0,0.9999999999999999,9.0,3.0,10.5,8.0,4.58257569495584,2411181.0,95810.0,2459086.0,2446614.3333333335,52550.13257198563,3128538.0,220965.0,3239020.5,3251462.6666666665,112564.6718128439,3128538.0,220965.0,3239020.5,3251462.6666666665,112564.6718128439,201.0,643.0,522.5,402.3333333333333,382.9912966809211,20.0,0.5999999700000015,0.09999999500000024,0.0,0.16666665277777895,2024-02-06,562.0,-282.0,7.0,plot_level_next_window
2324,2024-02-06,M14,M,1,4,2278131.0,2790279.0,2790279.0,1.0,11.0,8.0,19.0,8.0,562.0,96,13.478645833333331,9.5,18.78,13.831145833333332,15.071458333333332,62.14927083333333,0.0,8.390520833333333,182.835625,17552.22,5.745729166666667,3.478645833333333,14.113784722222222,13.057708333333334,15.544933035714283,15.41753472222222,15.240416666666668,17.148028273809523,79.00041666666665,74.52035714285715,77.12093005952381,0.09,0.09,0.31,108.05861111111112,143.0740625,140.6216795112782,31120.880000000005,96145.77,188821.84000000003,12.341354166666669,21.403958333333332,77.6290625,148.99927083333333,4.19,410313.25,37,2,29,0.0,1.0,0.5,0.6666666666666666,0.5773502691896258,2.0,9.0,6.5,9.0,6.244997998398397,4.0,4.0,6.0,7.0,2.6457513110645907,2.0,6.0,5.0,3.6666666666666665,3.7859388972001824,12.0,7.0,15.5,13.333333333333334,5.131601439446884,2506991.0,-228860.0,2392561.0,2398767.6666666665,114933.86373620809,3349503.0,-559224.0,3069891.0,3089440.0,281654.6835168908,3349503.0,-559224.0,3069891.0,3089440.0,281654.6835168908,844.0,-282.0,703.0,535.6666666666666,322.30782387856067,47.0,0.40425531054775937,0.23404254821186068,0.09090908264462885,0.5789473379501401,2024-02-13,581.0,19.0,7.0,plot_level_next_window
2324,2024-02-13,M14,M,1,4,2455794.0,3206249.0,3206249.0,2.0,25.0,4.0,17.0,4.0,581.0,96,14.7740625,7.31,18.6,15.086666666666666,17.811770833333334,71.40114583333333,0.0,6.378020833333333,155.10177083333335,14889.77,9.432604166666666,4.774062499999999,19.057222222222222,16.359627976190474,14.708668154761906,19.697187499999995,17.70922619047619,16.474821428571428,75.94555555555554,75.6334375,75.07689732142856,0.43,0.43,0.52,134.2196875,150.30565648496238,146.68985949248122,38655.27,100867.96,197013.73,27.171666666666667,44.51739583333334,65.92135416666667,193.51666666666665,4.619999999999999,511181.21,44,2,36,1.0,1.0,1.5,1.0,1.0,11.0,14.0,18.0,12.666666666666666,11.590225767142472,8.0,-4.0,6.0,5.333333333333333,2.309401076758503,8.0,-4.0,6.0,4.666666666666667,3.055050463303893,19.0,-2.0,18.0,16.0,3.6055512754639887,2278131.0,177663.0,2366962.5,2413638.6666666665,120112.5680198923,2790279.0,415970.0,2998264.0,3115343.6666666665,290483.5714207143,2790279.0,415970.0,2998264.0,3115343.6666666665,290483.5714207143,562.0,19.0,571.5,662.3333333333334,157.61450863842867,52.0,0.3269230706360948,0.48076922152366885,0.07999999680000013,1.4705881487889323,2024-02-20,421.0,-160.0,7.0,plot_level_next_window
2324,2024-02-20,M14,M,1,4,1619588.0,1898060.0,1898060.0,6.0,17.0,1.0,3.0,7.0,421.0,96,10.565729166666666,1.1,21.25,10.805833333333332,13.518125,64.6725,0.0,2.3884375,210.61,20218.56,2.3240625,0.5657291666666655,11.053576388888889,12.920684523809523,14.64015625,13.979131944444442,15.29784226190476,16.503534226190474,77.66104166666666,77.97973214285715,76.80658482142857,1.25,1.96,2.39,145.33520833333333,126.33980654761906,138.32273151629073,41856.54000000001,84900.35,185768.31,3.1607291666666644,20.444791666666664,64.9621875,213.9614583333333,6.579999999999999,596081.56,51,2,43,2.0,4.0,4.0,3.0,2.6457513110645907,25.0,-8.0,21.0,17.666666666666668,7.02376916856849,4.0,3.0,5.5,6.333333333333333,2.081665999466133,4.0,-3.0,2.5,4.333333333333333,3.5118845842842457,17.0,-14.0,10.0,13.0,8.717797887081348,2455794.0,-836206.0,2037691.0,2117837.6666666665,440545.7787135557,3206249.0,-1308189.0,2552154.5,2631529.3333333335,668386.6451615661,3206249.0,-1308189.0,2552154.5,2631529.3333333335,668386.6451615661,581.0,-160.0,501.0,521.3333333333334,87.40900029935884,34.0,0.08823529152249143,0.4999999852941181,0.35294115570934376,5.666664777778407,2024-02-27,566.0,145.0,7.0,plot_level_next_window
2324,2024-01-08,M15,M,1,5,2151987.0,2654949.0,2654949.0,2.0,15.0,7.0,9.0,7.0,124.0,96,12.507083333333334,9.08,16.98,12.696458333333332,13.006875,82.47687499999999,0.02,4.230625,23.1853125,2225.79,9.583958333333332,2.507083333333334,15.0565625,12.9471875,12.8146484375,15.378958333333337,14.320357142857144,14.1809765625,81.66697916666666,79.795625,80.13928385416666,0.8600000000000001,1.02,1.02,80.01430555555557,107.7697619047619,109.93813802083334,23044.120000000003,72421.28,84432.49,15.1696875,20.630312499999995,22.5171875,22.5171875,1.02,84432.48999999999,8,1,0,,,2.0,2.0,,,,15.0,15.0,,,,7.0,7.0,,,,7.0,7.0,,,,9.0,9.0,,,,2151987.0,2151987.0,,,,2654949.0,2654949.0,,,,2654949.0,2654949.0,,,,124.0,124.0,,40.0,0.22499999437500015,0.3749999906250003,0.13333332444444504,1.6666664814815022,2024-01-16,187.0,63.0,8.0,plot_level_next_window
2324,2024-01-16,M15,M,1,5,2148935.0,2842705.0,2842705.0,1.0,12.0,4.0,8.0,10.0,187.0,96,17.04854166666667,8.58,21.94,17.396041666666665,17.473125,94.94791666666669,1.45,6.029062499999999,32.909479166666664,3159.31,16.2309375,7.048541666666669,13.644305555555556,13.661636904761906,13.879151785714289,14.52145833333333,14.597038690476191,14.684375,84.365,79.36620535714285,80.94207589285713,1.45,1.53,3.82,62.44854166666666,82.54610119047618,86.86925595238095,17985.18,55470.98,116752.28,11.472291666666669,26.170833333333334,54.8475,56.8509375,3.88,142552.69999999998,16,1,8,2.0,-1.0,1.5,1.5,0.7071067811865476,15.0,-3.0,13.5,13.5,2.1213203435596424,7.0,3.0,8.5,8.5,2.1213203435596424,7.0,-3.0,5.5,5.5,2.1213203435596424,9.0,-1.0,8.5,8.5,0.7071067811865476,2151987.0,-3052.0,2150461.0,2150461.0,2158.089896181343,2654949.0,187756.0,2748827.0,2748827.0,132763.5408084614,2654949.0,187756.0,2748827.0,2748827.0,132763.5408084614,124.0,63.0,155.5,155.5,44.54772721475249,35.0,0.22857142204081654,0.3428571330612248,0.08333332638888948,1.4999998125000236,2024-01-23,110.0,-77.0,7.0,plot_level_next_window
2324,2024-01-23,M15,M,1,5,2929539.0,3838075.0,3838075.0,1.0,18.0,2.0,12.0,23.0,110.0,96,18.293645833333333,13.57,22.75,18.577604166666667,16.361250000000002,82.23156250000001,0.0,4.235833333333333,93.22572916666668,8949.67,15.061666666666667,8.293645833333333,11.875763888888889,10.462544642857145,12.062090773809524,12.589375,12.273392857142856,13.435215773809524,73.98114583333334,70.53050595238095,74.94835565476191,0.0,0.0,1.53,114.10902777777778,117.54267308897242,100.04438713972432,32863.4,78938.71,134409.69,10.359999999999998,14.51927083333333,40.69010416666667,71.37020833333332,3.88,221491.41,23,1,15,1.0,0.0,1.0,1.3333333333333333,0.5773502691896257,12.0,6.0,15.0,15.0,3.0,10.0,13.0,16.5,13.333333333333334,8.504900548115383,4.0,-2.0,3.0,4.333333333333333,2.516611478423583,8.0,4.0,10.0,9.666666666666666,2.081665999466133,2148935.0,780604.0,2539237.0,2410153.6666666665,449803.4815753802,2842705.0,995370.0,3340390.0,3111909.6666666665,635846.0091762261,2842705.0,995370.0,3340390.0,3111909.6666666665,635846.0091762261,187.0,-77.0,148.5,140.33333333333334,41.01625693957621,56.0,0.21428571045918376,0.32142856568877565,0.055555552469135974,1.4999998750000105,2024-01-30,555.0,445.0,7.0,plot_level_next_window
2324,2024-01-30,M15,M,1,5,3286818.0,4434088.0,4434088.0,4.0,9.0,7.0,24.0,10.0,555.0,96,10.5378125,3.12,18.94,10.706666666666663,14.528229166666668,73.83979166666667,0.0,3.861170212765957,173.69726315789475,16501.24,5.218229166666666,0.5378124999999994,12.958368055555557,18.03215773809524,14.247351190476191,16.604305555555552,19.05563988095238,15.664516369047618,73.60635416666666,79.72150297619046,75.12600446428573,0.03,0.22,0.22,167.08516410818714,138.16929652255638,127.8559848057644,47946.83,92676.07,171614.78,8.875104166666668,56.22510416666667,70.744375,127.59531249999998,4.1,314167.48000000004,30,1,22,1.0,3.0,2.5,2.0,1.7320508075688772,18.0,-9.0,13.5,13.0,4.58257569495584,23.0,-13.0,16.5,14.333333333333334,7.505553499465136,2.0,5.0,4.5,4.333333333333333,2.516611478423583,12.0,12.0,18.0,14.666666666666666,8.32666399786453,2929539.0,357279.0,3108178.5,2788430.6666666665,581917.607333146,3838075.0,596013.0,4136081.5,3704956.0,803999.6668488117,3838075.0,596013.0,4136081.5,3704956.0,803999.6668488117,110.0,445.0,332.5,284.0,237.82977105484503,54.0,0.44444443621399193,0.16666666358024698,0.44444439506173394,0.37499998437500065,2024-02-06,477.0,-78.0,7.0,plot_level_next_window
2324,2024-02-06,M15,M,1,5,2597414.0,3267544.0,3267544.0,4.0,10.0,1.0,10.0,3.0,477.0,96,13.478645833333331,9.5,18.78,13.831145833333332,15.071458333333332,62.14927083333333,0.0,8.390520833333333,182.835625,17552.22,5.745729166666667,3.478645833333333,14.113784722222222,13.057708333333334,15.544933035714283,15.41753472222222,15.240416666666668,17.148028273809523,79.00041666666665,74.52035714285715,77.12093005952381,0.09,0.09,0.31,108.05861111111112,143.0740625,140.6216795112782,31120.880000000005,96145.77,188821.84000000003,12.341354166666669,21.403958333333332,77.6290625,148.99927083333333,4.19,410313.25,37,2,29,4.0,0.0,4.0,3.0,1.7320508075688772,9.0,1.0,9.5,12.333333333333334,4.932882862316248,10.0,-7.0,6.5,12.0,10.148891565092221,7.0,-6.0,4.0,3.3333333333333335,3.214550253664318,24.0,-14.0,17.0,15.333333333333334,7.571877794400364,3286818.0,-689404.0,2942116.0,2937923.6666666665,344778.473487446,4434088.0,-1166544.0,3850816.0,3846569.0,583318.383913108,4434088.0,-1166544.0,3850816.0,3846569.0,583318.383913108,555.0,-78.0,516.0,380.6666666666667,237.62645756172296,28.0,0.35714284438775556,0.35714284438775556,0.39999996000000404,0.99999990000001,2024-02-13,634.0,157.0,7.0,plot_level_next_window
2324,2024-02-13,M15,M,1,5,2351349.0,3061718.0,3061718.0,11.0,35.0,1.0,12.0,3.0,634.0,96,14.7740625,7.31,18.6,15.086666666666666,17.811770833333334,71.40114583333333,0.0,6.378020833333333,155.10177083333335,14889.77,9.432604166666666,4.774062499999999,19.057222222222222,16.359627976190474,14.708668154761906,19.697187499999995,17.70922619047619,16.474821428571428,75.94555555555554,75.6334375,75.07689732142856,0.43,0.43,0.52,134.2196875,150.30565648496238,146.68985949248122,38655.27,100867.96,197013.73,27.171666666666667,44.51739583333334,65.92135416666667,193.51666666666665,4.619999999999999,511181.21,44,2,36,4.0,7.0,7.5,6.333333333333333,4.041451884327381,10.0,25.0,22.5,18.0,14.730919862656235,3.0,0.0,3.0,5.333333333333333,4.041451884327382,1.0,0.0,1.0,3.0,3.4641016151377544,10.0,2.0,11.0,15.333333333333334,7.571877794400364,2597414.0,-246065.0,2474381.5,2745193.6666666665,484927.5047884307,3267544.0,-205826.0,3164631.0,3587783.3333333335,740111.3275618294,3267544.0,-205826.0,3164631.0,3587783.3333333335,740111.3275618294,477.0,157.0,555.5,555.3333333333334,78.5005307837681,62.0,0.19354838397502608,0.5645161199271593,0.3142857053061227,2.9166664236111317,2024-02-20,445.0,-189.0,7.0,plot_level_next_window
2324,2024-02-20,M15,M,1,5,2682084.0,3169485.0,3169485.0,4.0,26.0,2.0,9.0,5.0,445.0,96,10.565729166666666,1.1,21.25,10.805833333333332,13.518125,64.6725,0.0,2.3884375,210.61,20218.56,2.3240625,0.5657291666666655,11.053576388888889,12.920684523809523,14.64015625,13.979131944444442,15.29784226190476,16.503534226190474,77.66104166666666,77.97973214285715,76.80658482142857,1.25,1.96,2.39,145.33520833333333,126.33980654761906,138.32273151629073,41856.54000000001,84900.35,185768.31,3.1607291666666644,20.444791666666664,64.9621875,213.9614583333333,6.579999999999999,596081.56,51,2,43,11.0,-7.0,7.5,6.333333333333333,4.041451884327381,35.0,-9.0,30.5,23.666666666666668,12.662279942148386,3.0,2.0,4.0,3.6666666666666665,1.1547005383792517,1.0,1.0,1.5,1.3333333333333333,0.5773502691896258,12.0,-3.0,10.5,10.333333333333334,1.5275252316519445,2351349.0,330735.0,2516716.5,2543615.6666666665,171805.42936221033,3061718.0,107767.0,3115601.5,3166249.0,102951.15026555189,3061718.0,107767.0,3115601.5,3166249.0,102951.15026555189,634.0,-189.0,539.5,518.6666666666666,101.15499658115422,46.0,0.19565216965973545,0.5652173790170135,0.15384614792899431,2.8888885679012706,2024-02-27,502.0,57.0,7.0,plot_level_next_window
2324,2024-01-08,M21,M,2,1,1393556.0,1627549.0,1627549.0,1.0,8.0,1.0,5.0,1.0,120.0,96,12.507083333333334,9.08,16.98,12.696458333333332,13.006875,82.47687499999999,0.02,4.230625,23.1853125,2225.79,9.583958333333332,2.507083333333334,15.0565625,12.9471875,12.8146484375,15.378958333333337,14.320357142857144,14.1809765625,81.66697916666666,79.795625,80.13928385416666,0.8600000000000001,1.02,1.02,80.01430555555557,107.7697619047619,109.93813802083334,23044.120000000003,72421.28,84432.49,15.1696875,20.630312499999995,22.5171875,22.5171875,1.02,84432.48999999999,8,1,0,,,1.0,1.0,,,,8.0,8.0,,,,1.0,1.0,,,,1.0,1.0,,,,5.0,5.0,,,,1393556.0,1393556.0,,,,1627549.0,1627549.0,,,,1627549.0,1627549.0,,,,120.0,120.0,,16.0,0.3124999804687512,0.4999999687500019,0.12499998437500197,1.599999680000064,2024-01-16,97.0,-23.0,8.0,plot_level_next_window
2324,2024-01-16,M21,M,2,1,1646653.0,1969743.0,1969743.0,4.0,19.0,1.0,2.0,11.0,97.0,96,17.04854166666667,8.58,21.94,17.396041666666665,17.473125,94.94791666666669,1.45,6.029062499999999,32.909479166666664,3159.31,16.2309375,7.048541666666669,13.644305555555556,13.661636904761906,13.879151785714289,14.52145833333333,14.597038690476191,14.684375,84.365,79.36620535714285,80.94207589285713,1.45,1.53,3.82,62.44854166666666,82.54610119047618,86.86925595238095,17985.18,55470.98,116752.28,11.472291666666669,26.170833333333334,54.8475,56.8509375,3.88,142552.69999999998,16,1,8,1.0,3.0,2.5,2.5,2.1213203435596424,8.0,11.0,13.5,13.5,7.7781745930520225,1.0,10.0,6.0,6.0,7.0710678118654755,1.0,0.0,1.0,1.0,0.0,5.0,-3.0,3.5,3.5,2.1213203435596424,1393556.0,253097.0,1520104.5,1520104.5,178966.60499797162,1627549.0,342194.0,1798646.0,1798646.0,241967.69788134945,1627549.0,342194.0,1798646.0,1798646.0,241967.69788134945,120.0,-23.0,108.5,108.5,16.263455967290593,37.0,0.054054052593133714,0.5135134996347703,0.21052630470914185,9.499995250002375,2024-01-23,40.0,-57.0,7.0,plot_level_next_window
2324,2024-01-23,M21,M,2,1,1588240.0,1997874.0,1997874.0,3.0,28.0,1.0,0.0,9.0,40.0,96,18.293645833333333,13.57,22.75,18.577604166666667,16.361250000000002,82.23156250000001,0.0,4.235833333333333,93.22572916666668,8949.67,15.061666666666667,8.293645833333333,11.875763888888889,10.462544642857145,12.062090773809524,12.589375,12.273392857142856,13.435215773809524,73.98114583333334,70.53050595238095,74.94835565476191,0.0,0.0,1.53,114.10902777777778,117.54267308897242,100.04438713972432,32863.4,78938.71,134409.69,10.359999999999998,14.51927083333333,40.69010416666667,71.37020833333332,3.88,221491.41,23,1,15,4.0,-1.0,3.5,2.6666666666666665,1.5275252316519468,19.0,9.0,23.5,18.333333333333332,10.016652800877813,11.0,-2.0,10.0,7.0,5.291502622129181,1.0,0.0,1.0,1.0,0.0,2.0,-2.0,1.0,2.3333333333333335,2.516611478423583,1646653.0,-58413.0,1617446.5,1542816.3333333333,132521.7150973128,1969743.0,28131.0,1983808.5,1865055.3333333333,206166.87917881802,1969743.0,28131.0,1983808.5,1865055.3333333333,206166.87917881802,97.0,-57.0,68.5,85.66666666666667,41.186567389542596,41.0,0.0,0.6829268126115412,0.10714285331632667,28000000.0,2024-01-30,204.0,164.0,7.0,plot_level_next_window
2324,2024-01-30,M21,M,2,1,1644294.0,1978344.0,1978344.0,0.0,7.0,2.0,11.0,10.0,204.0,96,10.5378125,3.12,18.94,10.706666666666663,14.528229166666668,73.83979166666667,0.0,3.861170212765957,173.69726315789475,16501.24,5.218229166666666,0.5378124999999994,12.958368055555557,18.03215773809524,14.247351190476191,16.604305555555552,19.05563988095238,15.664516369047618,73.60635416666666,79.72150297619046,75.12600446428573,0.03,0.22,0.22,167.08516410818714,138.16929652255638,127.8559848057644,47946.83,92676.07,171614.78,8.875104166666668,56.22510416666667,70.744375,127.59531249999998,4.1,314167.48000000004,30,1,22,3.0,-3.0,1.5,2.3333333333333335,2.081665999466133,28.0,-21.0,17.5,18.0,10.53565375285274,9.0,1.0,9.5,10.0,1.0,1.0,1.0,1.5,1.3333333333333333,0.5773502691896258,0.0,11.0,5.5,4.333333333333333,5.8594652770823155,1588240.0,56054.0,1616267.0,1626395.6666666667,33064.821099370005,1997874.0,-19530.0,1988109.0,1981987.0,14414.987929236115,1997874.0,-19530.0,1988109.0,1981987.0,14414.987929236115,40.0,164.0,122.0,113.66666666666667,83.26063495634257,30.0,0.36666665444444485,0.2333333255555558,0.0,0.636363578512402,2024-02-06,375.0,171.0,7.0,plot_level_next_window
2324,2024-02-06,M21,M,2,1,1377206.0,1668066.0,1668066.0,2.0,12.0,1.0,18.0,9.0,375.0,96,13.478645833333331,9.5,18.78,13.831145833333332,15.071458333333332,62.14927083333333,0.0,8.390520833333333,182.835625,17552.22,5.745729166666667,3.478645833333333,14.113784722222222,13.057708333333334,15.544933035714283,15.41753472222222,15.240416666666668,17.148028273809523,79.00041666666665,74.52035714285715,77.12093005952381,0.09,0.09,0.31,108.05861111111112,143.0740625,140.6216795112782,31120.880000000005,96145.77,188821.84000000003,12.341354166666669,21.403958333333332,77.6290625,148.99927083333333,4.19,410313.25,37,2,29,0.0,2.0,1.0,1.6666666666666667,1.5275252316519468,7.0,5.0,9.5,15.666666666666666,10.96965511460289,10.0,-1.0,9.5,9.333333333333334,0.5773502691896258,2.0,-1.0,1.5,1.3333333333333333,0.5773502691896258,11.0,7.0,14.5,9.666666666666666,9.073771725877465,1644294.0,-267088.0,1510750.0,1536580.0,140838.79662933794,1978344.0,-310278.0,1823205.0,1881428.0,185034.76026952348,1978344.0,-310278.0,1823205.0,1881428.0,185034.76026952348,204.0,171.0,289.5,206.33333333333334,167.512188611257,42.0,0.4285714183673472,0.2857142789115648,0.16666665277777895,0.6666666296296316,2024-02-13,431.0,56.0,7.0,plot_level_next_window
2324,2024-02-13,M21,M,2,1,1380215.0,1681600.0,1681600.0,3.0,48.0,1.0,20.0,5.0,431.0,96,14.7740625,7.31,18.6,15.086666666666666,17.811770833333334,71.40114583333333,0.0,6.378020833333333,155.10177083333335,14889.77,9.432604166666666,4.774062499999999,19.057222222222222,16.359627976190474,14.708668154761906,19.697187499999995,17.70922619047619,16.474821428571428,75.94555555555554,75.6334375,75.07689732142856,0.43,0.43,0.52,134.2196875,150.30565648496238,146.68985949248122,38655.27,100867.96,197013.73,27.171666666666667,44.51739583333334,65.92135416666667,193.51666666666665,4.619999999999999,511181.21,44,2,36,2.0,1.0,2.5,1.6666666666666667,1.5275252316519468,12.0,36.0,30.0,22.333333333333332,22.368132093076824,9.0,-4.0,7.0,8.0,2.6457513110645907,1.0,0.0,1.0,1.3333333333333333,0.5773502691896258,18.0,2.0,19.0,16.333333333333332,4.725815626252604,1377206.0,3009.0,1378710.5,1467238.3333333333,153342.0860179401,1668066.0,13534.0,1674833.0,1776003.3333333333,175362.77064797236,1668066.0,13534.0,1674833.0,1776003.3333333333,175362.77064797236,375.0,56.0,403.0,336.6666666666667,118.25537338038106,77.0,0.25974025636700965,0.6233766152808232,0.0624999986979167,2.399999880000006,2024-02-20,77.0,-354.0,7.0,plot_level_next_window
2324,2024-02-20,M21,M,2,1,1490193.0,1852604.0,1852604.0,0.0,39.0,1.0,8.0,6.0,77.0,96,10.565729166666666,1.1,21.25,10.805833333333332,13.518125,64.6725,0.0,2.3884375,210.61,20218.56,2.3240625,0.5657291666666655,11.053576388888889,12.920684523809523,14.64015625,13.979131944444442,15.29784226190476,16.503534226190474,77.66104166666666,77.97973214285715,76.80658482142857,1.25,1.96,2.39,145.33520833333333,126.33980654761906,138.32273151629073,41856.54000000001,84900.35,185768.31,3.1607291666666644,20.444791666666664,64.9621875,213.9614583333333,6.579999999999999,596081.56,51,2,43,3.0,-3.0,1.5,1.6666666666666667,1.5275252316519468,48.0,-9.0,43.5,33.0,18.734993995195193,5.0,1.0,5.5,6.666666666666667,2.081665999466133,1.0,0.0,1.0,1.0,0.0,20.0,-12.0,14.0,15.333333333333334,6.429100507328634,1380215.0,109978.0,1435204.0,1415871.3333333333,64382.03260486061,1681600.0,171004.0,1767102.0,1734090.0,102858.97353172454,1681600.0,171004.0,1767102.0,1734090.0,102858.97353172454,431.0,-354.0,254.0,294.3333333333333,190.28750177910615,54.0,0.14814814540466398,0.7222222088477369,0.0,4.874999390625077,2024-02-27,242.0,165.0,7.0,plot_level_next_window
2324,2024-01-08,M22,M,2,2,2063732.0,2561521.0,2561521.0,5.0,19.0,3.0,5.0,3.0,11.0,96,12.507083333333334,9.08,16.98,12.696458333333332,13.006875,82.47687499999999,0.02,4.230625,23.1853125,2225.79,9.583958333333332,2.507083333333334,15.0565625,12.9471875,12.8146484375,15.378958333333337,14.320357142857144,14.1809765625,81.66697916666666,79.795625,80.13928385416666,0.8600000000000001,1.02,1.02,80.01430555555557,107.7697619047619,109.93813802083334,23044.120000000003,72421.28,84432.49,15.1696875,20.630312499999995,22.5171875,22.5171875,1.02,84432.48999999999,8,1,0,,,5.0,5.0,,,,19.0,19.0,,,,3.0,3.0,,,,3.0,3.0,,,,5.0,5.0,,,,2063732.0,2063732.0,,,,2561521.0,2561521.0,,,,2561521.0,2561521.0,,,,11.0,11.0,,35.0,0.14285713877551032,0.5428571273469392,0.26315788088642733,3.799999240000152,2024-01-16,194.0,183.0,8.0,plot_level_next_window
2324,2024-01-16,M22,M,2,2,1610671.0,1980548.0,1980548.0,8.0,18.0,1.0,8.0,9.0,194.0,96,17.04854166666667,8.58,21.94,17.396041666666665,17.473125,94.94791666666669,1.45,6.029062499999999,32.909479166666664,3159.31,16.2309375,7.048541666666669,13.644305555555556,13.661636904761906,13.879151785714289,14.52145833333333,14.597038690476191,14.684375,84.365,79.36620535714285,80.94207589285713,1.45,1.53,3.82,62.44854166666666,82.54610119047618,86.86925595238095,17985.18,55470.98,116752.28,11.472291666666669,26.170833333333334,54.8475,56.8509375,3.88,142552.69999999998,16,1,8,5.0,3.0,6.5,6.5,2.1213203435596424,19.0,-1.0,18.5,18.5,0.7071067811865476,3.0,6.0,6.0,6.0,4.242640687119285,3.0,-2.0,2.0,2.0,1.4142135623730951,5.0,3.0,6.5,6.5,2.1213203435596424,2063732.0,-453061.0,1837201.5,1837201.5,320362.5053911584,2561521.0,-580973.0,2271034.5,2271034.5,410809.94798629207,2561521.0,-580973.0,2271034.5,2271034.5,410809.94798629207,11.0,183.0,102.5,102.5,129.4005409571382,44.0,0.18181817768595052,0.40909089979338864,0.4444444197530878,2.2499997187500353,2024-01-23,47.0,-147.0,7.0,plot_level_next_window
2324,2024-01-23,M22,M,2,2,2727361.0,3455003.0,3455003.0,6.0,46.0,0.0,5.0,15.0,47.0,96,18.293645833333333,13.57,22.75,18.577604166666667,16.361250000000002,82.23156250000001,0.0,4.235833333333333,93.22572916666668,8949.67,15.061666666666667,8.293645833333333,11.875763888888889,10.462544642857145,12.062090773809524,12.589375,12.273392857142856,13.435215773809524,73.98114583333334,70.53050595238095,74.94835565476191,0.0,0.0,1.53,114.10902777777778,117.54267308897242,100.04438713972432,32863.4,78938.71,134409.69,10.359999999999998,14.51927083333333,40.69010416666667,71.37020833333332,3.88,221491.41,23,1,15,8.0,-2.0,7.0,6.333333333333333,1.5275252316519465,18.0,28.0,32.0,27.666666666666668,15.885003409925142,9.0,6.0,12.0,9.0,6.0,1.0,-1.0,0.5,1.3333333333333333,1.5275252316519468,8.0,-3.0,6.5,6.0,1.7320508075688772,1610671.0,1116690.0,2169016.0,2133921.3333333335,561644.0562405457,1980548.0,1474455.0,2717775.5,2665690.6666666665,742726.6498156192,1980548.0,1474455.0,2717775.5,2665690.6666666665,742726.6498156192,194.0,-147.0,120.5,84.0,96.94843990493091,72.0,0.06944444347993829,0.6388888800154322,0.13043477977315696,9.199998160000368,2024-01-30,487.0,440.0,7.0,plot_level_next_window
2324,2024-01-30,M22,M,2,2,2130344.0,2557511.0,2557511.0,0.0,25.0,1.0,12.0,10.0,487.0,96,10.5378125,3.12,18.94,10.706666666666663,14.528229166666668,73.83979166666667,0.0,3.861170212765957,173.69726315789475,16501.24,5.218229166666666,0.5378124999999994,12.958368055555557,18.03215773809524,14.247351190476191,16.604305555555552,19.05563988095238,15.664516369047618,73.60635416666666,79.72150297619046,75.12600446428573,0.03,0.22,0.22,167.08516410818714,138.16929652255638,127.8559848057644,47946.83,92676.07,171614.78,8.875104166666668,56.22510416666667,70.744375,127.59531249999998,4.1,314167.48000000004,30,1,22,6.0,-6.0,3.0,4.666666666666667,4.163331998932265,46.0,-21.0,35.5,29.666666666666668,14.57166199626293,15.0,-5.0,12.5,11.333333333333334,3.2145502536643185,0.0,1.0,0.5,0.6666666666666666,0.5773502691896261,5.0,7.0,8.5,8.333333333333334,3.511884584284246,2727361.0,-597017.0,2428852.5,2156125.3333333335,558791.2373027455,3455003.0,-897492.0,3006257.0,2664354.0,743011.4109103576,3455003.0,-897492.0,3006257.0,2664354.0,743011.4109103576,47.0,440.0,267.0,242.66666666666666,224.00074404638332,48.0,0.2499999947916668,0.5208333224826391,0.0,2.083333159722237,2024-02-06,558.0,71.0,7.0,plot_level_next_window
2324,2024-02-06,M22,M,2,2,2263521.0,2733312.0,2733312.0,2.0,22.0,1.0,18.0,11.0,558.0,96,13.478645833333331,9.5,18.78,13.831145833333332,15.071458333333332,62.14927083333333,0.0,8.390520833333333,182.835625,17552.22,5.745729166666667,3.478645833333333,14.113784722222222,13.057708333333334,15.544933035714283,15.41753472222222,15.240416666666668,17.148028273809523,79.00041666666665,74.52035714285715,77.12093005952381,0.09,0.09,0.31,108.05861111111112,143.0740625,140.6216795112782,31120.880000000005,96145.77,188821.84000000003,12.341354166666669,21.403958333333332,77.6290625,148.99927083333333,4.19,410313.25,37,2,29,0.0,2.0,1.0,2.6666666666666665,3.0550504633038926,25.0,-3.0,23.5,31.0,13.076696830622023,10.0,1.0,10.5,12.0,2.6457513110645907,1.0,0.0,1.0,0.6666666666666666,0.5773502691896261,12.0,6.0,15.0,11.666666666666666,6.506407098647712,2130344.0,133177.0,2196932.5,2373742.0,313398.82929423946,2557511.0,175801.0,2645411.5,2915275.3333333335,475611.1473928398,2557511.0,175801.0,2645411.5,2915275.3333333335,475611.1473928398,487.0,71.0,522.5,364.0,276.8158232471547,54.0,0.33333332716049396,0.4074073998628259,0.09090908677685969,1.2222221543209915,2024-02-13,626.0,68.0,7.0,plot_level_next_window
2324,2024-02-13,M22,M,2,2,2168796.0,2728560.0,2728560.0,1.0,55.0,8.0,47.0,4.0,626.0,96,14.7740625,7.31,18.6,15.086666666666666,17.811770833333334,71.40114583333333,0.0,6.378020833333333,155.10177083333335,14889.77,9.432604166666666,4.774062499999999,19.057222222222222,16.359627976190474,14.708668154761906,19.697187499999995,17.70922619047619,16.474821428571428,75.94555555555554,75.6334375,75.07689732142856,0.43,0.43,0.52,134.2196875,150.30565648496238,146.68985949248122,38655.27,100867.96,197013.73,27.171666666666667,44.51739583333334,65.92135416666667,193.51666666666665,4.619999999999999,511181.21,44,2,36,2.0,-1.0,1.5,1.0,0.9999999999999964,22.0,33.0,38.5,34.0,18.24828759089466,11.0,-7.0,7.5,8.333333333333334,3.785938897200183,1.0,7.0,4.5,3.3333333333333335,4.041451884327381,18.0,29.0,32.5,25.666666666666668,18.717193521821944,2263521.0,-94725.0,2216158.5,2187553.6666666665,68541.34428454973,2733312.0,-4752.0,2730936.0,2673127.6666666665,100155.15755233799,2733312.0,-4752.0,2730936.0,2673127.6666666665,100155.15755233799,558.0,68.0,592.0,557.0,69.50539547402057,115.0,0.4086956486200378,0.47826086540642726,0.018181817851239675,1.1702127410593035,2024-02-20,517.0,-109.0,7.0,plot_level_next_window
2324,2024-02-20,M22,M,2,2,1605358.0,2062198.0,2062198.0,0.0,27.0,2.0,13.0,7.0,517.0,96,10.565729166666666,1.1,21.25,10.805833333333332,13.518125,64.6725,0.0,2.3884375,210.61,20218.56,2.3240625,0.5657291666666655,11.053576388888889,12.920684523809523,14.64015625,13.979131944444442,15.29784226190476,16.503534226190474,77.66104166666666,77.97973214285715,76.80658482142857,1.25,1.96,2.39,145.33520833333333,126.33980654761906,138.32273151629073,41856.54000000001,84900.35,185768.31,3.1607291666666644,20.444791666666664,64.9621875,213.9614583333333,6.579999999999999,596081.56,51,2,43,1.0,-1.0,0.5,1.0,0.9999999999999964,55.0,-28.0,41.0,34.666666666666664,17.7857620959388,4.0,3.0,5.5,7.333333333333333,3.511884584284247,8.0,-6.0,5.0,3.6666666666666665,3.7859388972001824,47.0,-34.0,30.0,26.0,18.35755975068582,2168796.0,-563438.0,1887077.0,2012558.3333333333,355812.1555067128,2728560.0,-666362.0,2395379.0,2508023.3333333335,386103.3750918706,2728560.0,-666362.0,2395379.0,2508023.3333333335,386103.3750918706,626.0,-109.0,571.5,567.0,55.054518434003214,49.0,0.2653061170345691,0.5510203969179511,0.0,2.076922917159776,2024-02-27,272.0,-245.0,7.0,plot_level_next_window
2324,2024-01-08,M23,M,2,3,1111792.0,1316699.0,1316699.0,0.0,15.0,0.0,2.0,2.0,87.0,96,12.507083333333334,9.08,16.98,12.696458333333332,13.006875,82.47687499999999,0.02,4.230625,23.1853125,2225.79,9.583958333333332,2.507083333333334,15.0565625,12.9471875,12.8146484375,15.378958333333337,14.320357142857144,14.1809765625,81.66697916666666,79.795625,80.13928385416666,0.8600000000000001,1.02,1.02,80.01430555555557,107.7697619047619,109.93813802083334,23044.120000000003,72421.28,84432.49,15.1696875,20.630312499999995,22.5171875,22.5171875,1.02,84432.48999999999,8,1,0,,,0.0,0.0,,,,15.0,15.0,,,,2.0,2.0,,,,0.0,0.0,,,,2.0,2.0,,,,1111792.0,1111792.0,,,,1316699.0,1316699.0,,,,1316699.0,1316699.0,,,,87.0,87.0,,19.0,0.10526315235457093,0.7894736426592819,0.0,7.499996250001875,2024-01-16,63.0,-24.0,8.0,plot_level_next_window
2324,2024-01-16,M23,M,2,3,1288030.0,1597450.0,1597450.0,2.0,8.0,2.0,2.0,4.0,63.0,96,17.04854166666667,8.58,21.94,17.396041666666665,17.473125,94.94791666666669,1.45,6.029062499999999,32.909479166666664,3159.31,16.2309375,7.048541666666669,13.644305555555556,13.661636904761906,13.879151785714289,14.52145833333333,14.597038690476191,14.684375,84.365,79.36620535714285,80.94207589285713,1.45,1.53,3.82,62.44854166666666,82.54610119047618,86.86925595238095,17985.18,55470.98,116752.28,11.472291666666669,26.170833333333334,54.8475,56.8509375,3.88,142552.69999999998,16,1,8,0.0,2.0,1.0,1.0,1.4142135623730951,15.0,-7.0,11.5,11.5,4.949747468305833,2.0,2.0,3.0,3.0,1.4142135623730951,0.0,2.0,1.0,1.0,1.4142135623730951,2.0,0.0,2.0,2.0,0.0,1111792.0,176238.0,1199911.0,1199911.0,124619.08490275477,1316699.0,280751.0,1457074.5,1457074.5,198520.9359249044,1316699.0,280751.0,1457074.5,1457074.5,198520.9359249044,87.0,-24.0,75.0,75.0,16.97056274847714,18.0,0.11111110493827195,0.4444444197530878,0.24999996875000394,3.999998000001,2024-01-23,56.0,-7.0,7.0,plot_level_next_window
2324,2024-01-23,M23,M,2,3,1459433.0,1801531.0,1801531.0,2.0,9.0,2.0,3.0,6.0,56.0,96,18.293645833333333,13.57,22.75,18.577604166666667,16.361250000000002,82.23156250000001,0.0,4.235833333333333,93.22572916666668,8949.67,15.061666666666667,8.293645833333333,11.875763888888889,10.462544642857145,12.062090773809524,12.589375,12.273392857142856,13.435215773809524,73.98114583333334,70.53050595238095,74.94835565476191,0.0,0.0,1.53,114.10902777777778,117.54267308897242,100.04438713972432,32863.4,78938.71,134409.69,10.359999999999998,14.51927083333333,40.69010416666667,71.37020833333332,3.88,221491.41,23,1,15,2.0,0.0,2.0,1.3333333333333333,1.1547005383792517,8.0,1.0,8.5,10.666666666666666,3.7859388972001824,4.0,2.0,5.0,4.0,2.0,2.0,0.0,2.0,1.3333333333333333,1.1547005383792517,2.0,1.0,2.5,2.3333333333333335,0.5773502691896257,1288030.0,171403.0,1373731.5,1286418.3333333333,173826.10368507184,1597450.0,204081.0,1699490.5,1571893.3333333333,243424.26843750264,1597450.0,204081.0,1699490.5,1571893.3333333333,243424.26843750264,63.0,-7.0,59.5,68.66666666666667,16.258331197676267,22.0,0.13636363016528952,0.4090908904958686,0.22222219753086697,2.9999990000003334,2024-01-30,113.0,57.0,7.0,plot_level_next_window
2324,2024-01-30,M23,M,2,3,962332.0,1125022.0,1125022.0,0.0,4.0,1.0,2.0,3.0,113.0,96,10.5378125,3.12,18.94,10.706666666666663,14.528229166666668,73.83979166666667,0.0,3.861170212765957,173.69726315789475,16501.24,5.218229166666666,0.5378124999999994,12.958368055555557,18.03215773809524,14.247351190476191,16.604305555555552,19.05563988095238,15.664516369047618,73.60635416666666,79.72150297619046,75.12600446428573,0.03,0.22,0.22,167.08516410818714,138.16929652255638,127.8559848057644,47946.83,92676.07,171614.78,8.875104166666668,56.22510416666667,70.744375,127.59531249999998,4.1,314167.48000000004,30,1,22,2.0,-2.0,1.0,1.3333333333333333,1.1547005383792517,9.0,-5.0,6.5,7.0,2.64575131106459,6.0,-3.0,4.5,4.333333333333333,1.5275252316519465,2.0,-1.0,1.5,1.6666666666666667,0.5773502691896258,3.0,-1.0,2.5,2.3333333333333335,0.5773502691896257,1459433.0,-497101.0,1210882.5,1236598.3333333333,252509.92713620854,1801531.0,-676509.0,1463276.5,1508001.0,347011.45438011124,1801531.0,-676509.0,1463276.5,1508001.0,347011.45438011124,56.0,57.0,84.5,77.33333333333333,31.085902485424693,10.0,0.19999998000000202,0.39999996000000404,0.0,1.9999990000005,2024-02-06,139.0,26.0,7.0,plot_level_next_window
2324,2024-02-06,M23,M,2,3,1179530.0,1416861.0,1416861.0,8.0,21.0,2.0,3.0,3.0,139.0,96,13.478645833333331,9.5,18.78,13.831145833333332,15.071458333333332,62.14927083333333,0.0,8.390520833333333,182.835625,17552.22,5.745729166666667,3.478645833333333,14.113784722222222,13.057708333333334,15.544933035714283,15.41753472222222,15.240416666666668,17.148028273809523,79.00041666666665,74.52035714285715,77.12093005952381,0.09,0.09,0.31,108.05861111111112,143.0740625,140.6216795112782,31120.880000000005,96145.77,188821.84000000003,12.341354166666669,21.403958333333332,77.6290625,148.99927083333333,4.19,410313.25,37,2,29,0.0,8.0,4.0,3.3333333333333335,4.163331998932265,4.0,17.0,12.5,11.333333333333334,8.736894948054106,3.0,0.0,3.0,4.0,1.7320508075688772,1.0,1.0,1.5,1.6666666666666667,0.5773502691896258,2.0,1.0,2.5,2.6666666666666665,0.5773502691896257,962332.0,217198.0,1070931.0,1200431.6666666667,249208.76951330053,1125022.0,291839.0,1270941.5,1447804.6666666667,339314.36699664424,1125022.0,291839.0,1270941.5,1447804.6666666667,339314.36699664424,113.0,26.0,126.0,102.66666666666667,42.45389656242796,37.0,0.08108107888970058,0.567567552227904,0.38095236281179223,6.999997666667444,2024-02-13,140.0,1.0,7.0,plot_level_next_window
2324,2024-02-13,M23,M,2,3,950433.0,1157625.0,1157625.0,0.0,19.0,0.0,12.0,3.0,140.0,96,14.7740625,7.31,18.6,15.086666666666666,17.811770833333334,71.40114583333333,0.0,6.378020833333333,155.10177083333335,14889.77,9.432604166666666,4.774062499999999,19.057222222222222,16.359627976190474,14.708668154761906,19.697187499999995,17.70922619047619,16.474821428571428,75.94555555555554,75.6334375,75.07689732142856,0.43,0.43,0.52,134.2196875,150.30565648496238,146.68985949248122,38655.27,100867.96,197013.73,27.171666666666667,44.51739583333334,65.92135416666667,193.51666666666665,4.619999999999999,511181.21,44,2,36,8.0,-8.0,4.0,2.6666666666666665,4.618802153517006,21.0,-2.0,20.0,14.666666666666666,9.29157324317757,3.0,0.0,3.0,3.0,0.0,2.0,-2.0,1.0,1.0,1.0,3.0,9.0,7.5,5.666666666666667,5.507570547286102,1179530.0,-229097.0,1064981.5,1030765.0,128971.56845212057,1416861.0,-259236.0,1287243.0,1233169.3333333333,159914.696648974,1416861.0,-259236.0,1287243.0,1233169.3333333333,159914.696648974,139.0,1.0,139.5,130.66666666666666,15.307950004273351,34.0,0.35294116608996573,0.558823512975779,0.0,1.5833332013888999,2024-02-20,106.0,-34.0,7.0,plot_level_next_window
2324,2024-02-20,M23,M,2,3,1434420.0,1809608.0,1809608.0,1.0,49.0,1.0,6.0,10.0,106.0,96,10.565729166666666,1.1,21.25,10.805833333333332,13.518125,64.6725,0.0,2.3884375,210.61,20218.56,2.3240625,0.5657291666666655,11.053576388888889,12.920684523809523,14.64015625,13.979131944444442,15.29784226190476,16.503534226190474,77.66104166666666,77.97973214285715,76.80658482142857,1.25,1.96,2.39,145.33520833333333,126.33980654761906,138.32273151629073,41856.54000000001,84900.35,185768.31,3.1607291666666644,20.444791666666664,64.9621875,213.9614583333333,6.579999999999999,596081.56,51,2,43,0.0,1.0,0.5,3.0,4.358898943540674,19.0,30.0,34.0,29.666666666666668,16.77299416721217,3.0,7.0,6.5,5.333333333333333,4.041451884327381,0.0,1.0,0.5,1.0,1.0,12.0,-6.0,9.0,7.0,4.582575694955841,950433.0,483987.0,1192426.5,1188127.6666666667,242108.02123501265,1157625.0,651983.0,1483616.5,1461364.6666666667,328261.9233665905,1157625.0,651983.0,1483616.5,1461364.6666666667,328261.9233665905,140.0,-34.0,123.0,128.33333333333334,19.347695814575253,67.0,0.08955223746936959,0.7313432726665183,0.020408162848813003,8.166665305555782,2024-02-27,151.0,45.0,7.0,plot_level_next_window
2324,2024-01-08,M24,M,2,4,1070731.0,1267893.0,1267893.0,0.0,6.0,8.0,9.0,1.0,106.0,96,12.507083333333334,9.08,16.98,12.696458333333332,13.006875,82.47687499999999,0.02,4.230625,23.1853125,2225.79,9.583958333333332,2.507083333333334,15.0565625,12.9471875,12.8146484375,15.378958333333337,14.320357142857144,14.1809765625,81.66697916666666,79.795625,80.13928385416666,0.8600000000000001,1.02,1.02,80.01430555555557,107.7697619047619,109.93813802083334,23044.120000000003,72421.28,84432.49,15.1696875,20.630312499999995,22.5171875,22.5171875,1.02,84432.48999999999,8,1,0,,,0.0,0.0,,,,6.0,6.0,,,,1.0,1.0,,,,8.0,8.0,,,,9.0,9.0,,,,1070731.0,1070731.0,,,,1267893.0,1267893.0,,,,1267893.0,1267893.0,,,,106.0,106.0,,24.0,0.37499998437500065,0.24999998958333375,0.0,0.6666665925926009,2024-01-16,38.0,-68.0,8.0,plot_level_next_window
2324,2024-01-16,M24,M,2,4,1038430.0,1307607.0,1307607.0,1.0,6.0,0.0,4.0,3.0,38.0,96,17.04854166666667,8.58,21.94,17.396041666666665,17.473125,94.94791666666669,1.45,6.029062499999999,32.909479166666664,3159.31,16.2309375,7.048541666666669,13.644305555555556,13.661636904761906,13.879151785714289,14.52145833333333,14.597038690476191,14.684375,84.365,79.36620535714285,80.94207589285713,1.45,1.53,3.82,62.44854166666666,82.54610119047618,86.86925595238095,17985.18,55470.98,116752.28,11.472291666666669,26.170833333333334,54.8475,56.8509375,3.88,142552.69999999998,16,1,8,0.0,1.0,0.5,0.5,0.7071067811865476,6.0,0.0,6.0,6.0,0.0,1.0,2.0,2.0,2.0,1.4142135623730951,8.0,-8.0,4.0,4.0,5.656854249492381,9.0,-5.0,6.5,6.5,3.5355339059327378,1070731.0,-32301.0,1054580.5,1054580.5,22840.25613910667,1267893.0,39714.0,1287750.0,1287750.0,28082.03870804255,1267893.0,39714.0,1287750.0,1287750.0,28082.03870804255,106.0,-68.0,72.0,72.0,48.08326112068523,14.0,0.2857142653061239,0.42857139795918586,0.16666663888889352,1.4999996250000938,2024-01-23,33.0,-5.0,7.0,plot_level_next_window
2324,2024-01-23,M24,M,2,4,1575469.0,1937455.0,1937455.0,3.0,6.0,2.0,2.0,4.0,33.0,96,18.293645833333333,13.57,22.75,18.577604166666667,16.361250000000002,82.23156250000001,0.0,4.235833333333333,93.22572916666668,8949.67,15.061666666666667,8.293645833333333,11.875763888888889,10.462544642857145,12.062090773809524,12.589375,12.273392857142856,13.435215773809524,73.98114583333334,70.53050595238095,74.94835565476191,0.0,0.0,1.53,114.10902777777778,117.54267308897242,100.04438713972432,32863.4,78938.71,134409.69,10.359999999999998,14.51927083333333,40.69010416666667,71.37020833333332,3.88,221491.41,23,1,15,1.0,2.0,2.0,1.3333333333333333,1.5275252316519465,6.0,0.0,6.0,6.0,0.0,3.0,1.0,3.5,2.6666666666666665,1.5275252316519468,0.0,2.0,1.0,3.3333333333333335,4.163331998932265,4.0,-2.0,3.0,5.0,3.605551275463989,1038430.0,537039.0,1306949.5,1228210.0,301168.4718907343,1307607.0,629848.0,1622531.0,1504318.3333333333,375632.57241263485,1307607.0,629848.0,1622531.0,1504318.3333333333,375632.57241263485,38.0,-5.0,35.5,59.0,40.779897008207364,17.0,0.11764705190311459,0.35294115570934376,0.49999991666668053,2.99999850000075,2024-01-30,51.0,18.0,7.0,plot_level_next_window
2324,2024-01-30,M24,M,2,4,937658.0,1107633.0,1107633.0,0.0,1.0,0.0,1.0,0.0,51.0,96,10.5378125,3.12,18.94,10.706666666666663,14.528229166666668,73.83979166666667,0.0,3.861170212765957,173.69726315789475,16501.24,5.218229166666666,0.5378124999999994,12.958368055555557,18.03215773809524,14.247351190476191,16.604305555555552,19.05563988095238,15.664516369047618,73.60635416666666,79.72150297619046,75.12600446428573,0.03,0.22,0.22,167.08516410818714,138.16929652255638,127.8559848057644,47946.83,92676.07,171614.78,8.875104166666668,56.22510416666667,70.744375,127.59531249999998,4.1,314167.48000000004,30,1,22,3.0,-3.0,1.5,1.3333333333333333,1.5275252316519465,6.0,-5.0,3.5,4.333333333333333,2.8867513459481287,4.0,-4.0,2.0,2.3333333333333335,2.081665999466133,2.0,-2.0,1.0,0.6666666666666666,1.1547005383792517,2.0,-1.0,1.5,2.3333333333333335,1.5275252316519468,1575469.0,-637811.0,1256563.5,1183852.3333333333,342872.3657636079,1937455.0,-829822.0,1522544.0,1450898.3333333333,433070.94404650765,1937455.0,-829822.0,1522544.0,1450898.3333333333,433070.94404650765,33.0,18.0,42.0,40.666666666666664,9.29157324317757,2.0,0.499999750000125,0.499999750000125,0.0,0.9999990000010001,2024-02-06,238.0,187.0,7.0,plot_level_next_window
2324,2024-02-06,M24,M,2,4,1252469.0,1551997.0,1551997.0,0.0,5.0,0.0,11.0,0.0,238.0,96,13.478645833333331,9.5,18.78,13.831145833333332,15.071458333333332,62.14927083333333,0.0,8.390520833333333,182.835625,17552.22,5.745729166666667,3.478645833333333,14.113784722222222,13.057708333333334,15.544933035714283,15.41753472222222,15.240416666666668,17.148028273809523,79.00041666666665,74.52035714285715,77.12093005952381,0.09,0.09,0.31,108.05861111111112,143.0740625,140.6216795112782,31120.880000000005,96145.77,188821.84000000003,12.341354166666669,21.403958333333332,77.6290625,148.99927083333333,4.19,410313.25,37,2,29,0.0,0.0,0.0,1.0,1.7320508075688772,1.0,4.0,3.0,4.0,2.6457513110645903,0.0,0.0,0.0,1.3333333333333333,2.309401076758503,0.0,0.0,0.0,0.6666666666666666,1.1547005383792517,1.0,10.0,6.0,4.666666666666667,5.507570547286102,937658.0,314811.0,1095063.5,1255198.6666666667,318914.2615819075,1107633.0,444364.0,1329815.0,1532361.6666666667,415259.3137514599,1107633.0,444364.0,1329815.0,1532361.6666666667,415259.3137514599,51.0,187.0,144.5,107.33333333333333,113.51798682734528,16.0,0.6874999570312527,0.3124999804687512,0.0,0.4545454132231443,2024-02-13,116.0,-122.0,7.0,plot_level_next_window
2324,2024-02-13,M24,M,2,4,1968140.0,2495278.0,2495278.0,5.0,5.0,1.0,13.0,7.0,116.0,96,14.7740625,7.31,18.6,15.086666666666666,17.811770833333334,71.40114583333333,0.0,6.378020833333333,155.10177083333335,14889.77,9.432604166666666,4.774062499999999,19.057222222222222,16.359627976190474,14.708668154761906,19.697187499999995,17.70922619047619,16.474821428571428,75.94555555555554,75.6334375,75.07689732142856,0.43,0.43,0.52,134.2196875,150.30565648496238,146.68985949248122,38655.27,100867.96,197013.73,27.171666666666667,44.51739583333334,65.92135416666667,193.51666666666665,4.619999999999999,511181.21,44,2,36,0.0,5.0,2.5,1.6666666666666667,2.8867513459481287,5.0,0.0,5.0,3.6666666666666665,2.309401076758503,0.0,7.0,3.5,2.3333333333333335,4.041451884327381,0.0,1.0,0.5,0.3333333333333333,0.5773502691896258,11.0,2.0,12.0,8.333333333333334,6.429100507328636,1252469.0,715671.0,1610304.5,1386089.0,528075.7676517642,1551997.0,943281.0,2023637.5,1718302.6666666667,708613.3237389298,1551997.0,943281.0,2023637.5,1718302.6666666667,708613.3237389298,238.0,-122.0,177.0,135.0,94.93682109698008,31.0,0.4193548251821024,0.1612903173777317,0.99999980000004,0.3846153550295881,2024-02-20,192.0,76.0,7.0,plot_level_next_window
2324,2024-02-20,M24,M,2,4,1216883.0,1518132.0,1518132.0,0.0,23.0,0.0,5.0,2.0,192.0,96,10.565729166666666,1.1,21.25,10.805833333333332,13.518125,64.6725,0.0,2.3884375,210.61,20218.56,2.3240625,0.5657291666666655,11.053576388888889,12.920684523809523,14.64015625,13.979131944444442,15.29784226190476,16.503534226190474,77.66104166666666,77.97973214285715,76.80658482142857,1.25,1.96,2.39,145.33520833333333,126.33980654761906,138.32273151629073,41856.54000000001,84900.35,185768.31,3.1607291666666644,20.444791666666664,64.9621875,213.9614583333333,6.579999999999999,596081.56,51,2,43,5.0,-5.0,2.5,1.6666666666666667,2.8867513459481287,5.0,18.0,14.0,11.0,10.392304845413264,7.0,-5.0,4.5,3.0,3.605551275463989,1.0,-1.0,0.5,0.3333333333333333,0.5773502691896258,13.0,-8.0,9.0,9.666666666666666,4.163331998932264,1968140.0,-751257.0,1592511.5,1479164.0,423839.2823712781,2495278.0,-977146.0,2006705.0,1855135.6666666667,554638.0484156612,2495278.0,-977146.0,2006705.0,1855135.6666666667,554638.0484156612,116.0,76.0,154.0,182.0,61.61168720299748,30.0,0.16666666111111128,0.7666666411111119,0.0,4.599999080000184,2024-02-27,157.0,-35.0,7.0,plot_level_next_window
2324,2024-01-08,M25,M,2,5,1758896.0,2140634.0,2140634.0,2.0,16.0,3.0,6.0,1.0,5.0,96,12.507083333333334,9.08,16.98,12.696458333333332,13.006875,82.47687499999999,0.02,4.230625,23.1853125,2225.79,9.583958333333332,2.507083333333334,15.0565625,12.9471875,12.8146484375,15.378958333333337,14.320357142857144,14.1809765625,81.66697916666666,79.795625,80.13928385416666,0.8600000000000001,1.02,1.02,80.01430555555557,107.7697619047619,109.93813802083334,23044.120000000003,72421.28,84432.49,15.1696875,20.630312499999995,22.5171875,22.5171875,1.02,84432.48999999999,8,1,0,,,2.0,2.0,,,,16.0,16.0,,,,1.0,1.0,,,,3.0,3.0,,,,6.0,6.0,,,,1758896.0,1758896.0,,,,2140634.0,2140634.0,,,,2140634.0,2140634.0,,,,5.0,5.0,,28.0,0.21428570663265334,0.5714285510204089,0.12499999218750048,2.6666662222222963,2024-01-16,49.0,44.0,8.0,plot_level_next_window
2324,2024-01-16,M25,M,2,5,1320506.0,1661987.0,1661987.0,0.0,11.0,3.0,3.0,6.0,49.0,96,17.04854166666667,8.58,21.94,17.396041666666665,17.473125,94.94791666666669,1.45,6.029062499999999,32.909479166666664,3159.31,16.2309375,7.048541666666669,13.644305555555556,13.661636904761906,13.879151785714289,14.52145833333333,14.597038690476191,14.684375,84.365,79.36620535714285,80.94207589285713,1.45,1.53,3.82,62.44854166666666,82.54610119047618,86.86925595238095,17985.18,55470.98,116752.28,11.472291666666669,26.170833333333334,54.8475,56.8509375,3.88,142552.69999999998,16,1,8,2.0,-2.0,1.0,1.0,1.4142135623730951,16.0,-5.0,13.5,13.5,3.5355339059327378,1.0,5.0,3.5,3.5,3.5355339059327378,3.0,0.0,3.0,3.0,0.0,6.0,-3.0,4.5,4.5,2.1213203435596424,1758896.0,-438390.0,1539701.0,1539701.0,309988.5418043706,2140634.0,-478647.0,1901310.5,1901310.5,338454.5394945974,2140634.0,-478647.0,1901310.5,1901310.5,338454.5394945974,5.0,44.0,27.0,27.0,31.11269837220809,23.0,0.1304347769376184,0.4782608487712674,0.0,3.6666654444448517,2024-01-23,53.0,4.0,7.0,plot_level_next_window
2324,2024-01-23,M25,M,2,5,1874982.0,2368299.0,2368299.0,3.0,14.0,0.0,5.0,10.0,53.0,96,18.293645833333333,13.57,22.75,18.577604166666667,16.361250000000002,82.23156250000001,0.0,4.235833333333333,93.22572916666668,8949.67,15.061666666666667,8.293645833333333,11.875763888888889,10.462544642857145,12.062090773809524,12.589375,12.273392857142856,13.435215773809524,73.98114583333334,70.53050595238095,74.94835565476191,0.0,0.0,1.53,114.10902777777778,117.54267308897242,100.04438713972432,32863.4,78938.71,134409.69,10.359999999999998,14.51927083333333,40.69010416666667,71.37020833333332,3.88,221491.41,23,1,15,0.0,3.0,1.5,1.6666666666666667,1.5275252316519468,11.0,3.0,12.5,13.666666666666666,2.5166114784235836,6.0,4.0,8.0,5.666666666666667,4.509249752822894,3.0,-3.0,1.5,2.0,1.7320508075688772,3.0,2.0,4.0,4.666666666666667,1.5275252316519465,1320506.0,554476.0,1597744.0,1651461.3333333333,292433.8631987297,1661987.0,706312.0,2015143.0,2056973.3333333333,360511.4293560377,1661987.0,706312.0,2015143.0,2056973.3333333333,360511.4293560377,49.0,4.0,51.0,35.666666666666664,26.633312473917574,32.0,0.15624999511718765,0.4374999863281255,0.21428569897959293,2.799999440000112,2024-01-30,88.0,35.0,7.0,plot_level_next_window
2324,2024-01-30,M25,M,2,5,1522467.0,1824445.0,1824445.0,0.0,13.0,4.0,6.0,7.0,88.0,96,10.5378125,3.12,18.94,10.706666666666663,14.528229166666668,73.83979166666667,0.0,3.861170212765957,173.69726315789475,16501.24,5.218229166666666,0.5378124999999994,12.958368055555557,18.03215773809524,14.247351190476191,16.604305555555552,19.05563988095238,15.664516369047618,73.60635416666666,79.72150297619046,75.12600446428573,0.03,0.22,0.22,167.08516410818714,138.16929652255638,127.8559848057644,47946.83,92676.07,171614.78,8.875104166666668,56.22510416666667,70.744375,127.59531249999998,4.1,314167.48000000004,30,1,22,3.0,-3.0,1.5,1.0,1.7320508075688772,14.0,-1.0,13.5,12.666666666666666,1.5275252316519468,10.0,-3.0,8.5,7.666666666666667,2.0816659994661344,0.0,4.0,2.0,2.3333333333333335,2.0816659994661326,5.0,1.0,5.5,4.666666666666667,1.5275252316519465,1874982.0,-352515.0,1698724.5,1572651.6666666667,280623.91954417096,2368299.0,-543854.0,2096372.0,1951577.0,369920.35548750224,2368299.0,-543854.0,2096372.0,1951577.0,369920.35548750224,53.0,35.0,70.5,63.333333333333336,21.45538005567213,30.0,0.19999999333333354,0.4333333188888894,0.0,2.1666663055556157,2024-02-06,365.0,277.0,7.0,plot_level_next_window
2324,2024-02-06,M25,M,2,5,1204885.0,1604842.0,1604842.0,0.0,8.0,0.0,12.0,1.0,365.0,96,13.478645833333331,9.5,18.78,13.831145833333332,15.071458333333332,62.14927083333333,0.0,8.390520833333333,182.835625,17552.22,5.745729166666667,3.478645833333333,14.113784722222222,13.057708333333334,15.544933035714283,15.41753472222222,15.240416666666668,17.148028273809523,79.00041666666665,74.52035714285715,77.12093005952381,0.09,0.09,0.31,108.05861111111112,143.0740625,140.6216795112782,31120.880000000005,96145.77,188821.84000000003,12.341354166666669,21.403958333333332,77.6290625,148.99927083333333,4.19,410313.25,37,2,29,0.0,0.0,0.0,1.0,1.7320508075688772,13.0,-5.0,10.5,11.666666666666666,3.214550253664318,7.0,-6.0,4.0,6.0,4.582575694955841,4.0,-4.0,2.0,1.3333333333333333,2.3094010767585034,6.0,6.0,9.0,7.666666666666667,3.785938897200183,1522467.0,-317582.0,1363676.0,1534111.3333333333,335200.22408455116,1824445.0,-219603.0,1714643.5,1932528.6666666667,393037.15722859255,1824445.0,-219603.0,1714643.5,1932528.6666666667,393037.15722859255,88.0,277.0,226.5,168.66666666666666,170.92786002677659,21.0,0.5714285442176883,0.38095236281179223,0.0,0.6666666111111158,2024-02-13,361.0,-4.0,7.0,plot_level_next_window
2324,2024-02-13,M25,M,2,5,1639913.0,2076793.0,2076793.0,3.0,21.0,2.0,16.0,4.0,361.0,96,14.7740625,7.31,18.6,15.086666666666666,17.811770833333334,71.40114583333333,0.0,6.378020833333333,155.10177083333335,14889.77,9.432604166666666,4.774062499999999,19.057222222222222,16.359627976190474,14.708668154761906,19.697187499999995,17.70922619047619,16.474821428571428,75.94555555555554,75.6334375,75.07689732142856,0.43,0.43,0.52,134.2196875,150.30565648496238,146.68985949248122,38655.27,100867.96,197013.73,27.171666666666667,44.51739583333334,65.92135416666667,193.51666666666665,4.619999999999999,511181.21,44,2,36,0.0,3.0,1.5,1.0,1.7320508075688772,8.0,13.0,14.5,14.0,6.557438524302,1.0,3.0,2.5,4.0,3.0000000000000013,0.0,2.0,1.0,2.0,2.0,12.0,4.0,14.0,11.333333333333334,5.033222956847167,1204885.0,435028.0,1422399.0,1455755.0,225056.01170375332,1604842.0,471951.0,1840817.5,1835360.0,236164.75079698084,1604842.0,471951.0,1840817.5,1835360.0,236164.75079698084,365.0,-4.0,363.0,271.3333333333333,158.78392026062755,46.0,0.34782607939508525,0.4565217292060494,0.14285713605442207,1.312499917968755,2024-02-20,194.0,-167.0,7.0,plot_level_next_window
2324,2024-02-20,M25,M,2,5,1440549.0,1792956.0,1792956.0,0.0,27.0,0.0,8.0,3.0,194.0,96,10.565729166666666,1.1,21.25,10.805833333333332,13.518125,64.6725,0.0,2.3884375,210.61,20218.56,2.3240625,0.5657291666666655,11.053576388888889,12.920684523809523,14.64015625,13.979131944444442,15.29784226190476,16.503534226190474,77.66104166666666,77.97973214285715,76.80658482142857,1.25,1.96,2.39,145.33520833333333,126.33980654761906,138.32273151629073,41856.54000000001,84900.35,185768.31,3.1607291666666644,20.444791666666664,64.9621875,213.9614583333333,6.579999999999999,596081.56,51,2,43,3.0,-3.0,1.5,1.0,1.7320508075688772,21.0,6.0,24.0,18.666666666666668,9.71253485622231,4.0,-1.0,3.5,2.6666666666666665,1.527525231651949,2.0,-2.0,1.0,0.6666666666666666,1.1547005383792517,16.0,-8.0,12.0,12.0,4.0,1639913.0,-199364.0,1540231.0,1428449.0,217766.26849904913,2076793.0,-283837.0,1934874.5,1824863.6666666667,237587.9016160827,2076793.0,-283837.0,1934874.5,1824863.6666666667,237587.9016160827,361.0,-167.0,277.5,306.6666666666667,97.59269098315364,38.0,0.21052631024930765,0.7105262970914132,0.0,3.374999578125053,2024-02-27,114.0,-80.0,7.0,plot_level_next_window
2324,2024-01-08,M41,M,4,1,1762482.0,2130835.0,2130835.0,4.0,13.0,0.0,2.0,4.0,47.0,96,12.507083333333334,9.08,16.98,12.696458333333332,13.006875,82.47687499999999,0.02,4.230625,23.1853125,2225.79,9.583958333333332,2.507083333333334,15.0565625,12.9471875,12.8146484375,15.378958333333337,14.320357142857144,14.1809765625,81.66697916666666,79.795625,80.13928385416666,0.8600000000000001,1.02,1.02,80.01430555555557,107.7697619047619,109.93813802083334,23044.120000000003,72421.28,84432.49,15.1696875,20.630312499999995,22.5171875,22.5171875,1.02,84432.48999999999,8,1,0,,,4.0,4.0,,,,13.0,13.0,,,,4.0,4.0,,,,0.0,0.0,,,,2.0,2.0,,,,1762482.0,1762482.0,,,,2130835.0,2130835.0,,,,2130835.0,2130835.0,,,,47.0,47.0,,23.0,0.08695651795841226,0.5652173667296797,0.3076922840236705,6.499996750001625,2024-01-16,113.0,66.0,8.0,plot_level_next_window
2324,2024-01-16,M41,M,4,1,1879005.0,2478055.0,2478055.0,3.0,25.0,0.0,10.0,5.0,113.0,96,17.04854166666667,8.58,21.94,17.396041666666665,17.473125,94.94791666666669,1.45,6.029062499999999,32.909479166666664,3159.31,16.2309375,7.048541666666669,13.644305555555556,13.661636904761906,13.879151785714289,14.52145833333333,14.597038690476191,14.684375,84.365,79.36620535714285,80.94207589285713,1.45,1.53,3.82,62.44854166666666,82.54610119047618,86.86925595238095,17985.18,55470.98,116752.28,11.472291666666669,26.170833333333334,54.8475,56.8509375,3.88,142552.69999999998,16,1,8,4.0,-1.0,3.5,3.5,0.7071067811865476,13.0,12.0,19.0,19.0,8.48528137423857,4.0,1.0,4.5,4.5,0.7071067811865476,0.0,0.0,0.0,0.0,0.0,2.0,8.0,6.0,6.0,5.656854249492381,1762482.0,116523.0,1820743.5,1820743.5,82394.20346420008,2130835.0,347220.0,2304445.0,2304445.0,245521.61656359304,2130835.0,347220.0,2304445.0,2304445.0,245521.61656359304,47.0,66.0,80.0,80.0,46.66904755831214,43.0,0.23255813412655504,0.5813953353163875,0.11999999520000018,2.499999750000025,2024-01-23,45.0,-68.0,7.0,plot_level_next_window
2324,2024-01-23,M41,M,4,1,2502748.0,3161310.0,3161310.0,7.0,23.0,0.0,2.0,6.0,45.0,96,18.293645833333333,13.57,22.75,18.577604166666667,16.361250000000002,82.23156250000001,0.0,4.235833333333333,93.22572916666668,8949.67,15.061666666666667,8.293645833333333,11.875763888888889,10.462544642857145,12.062090773809524,12.589375,12.273392857142856,13.435215773809524,73.98114583333334,70.53050595238095,74.94835565476191,0.0,0.0,1.53,114.10902777777778,117.54267308897242,100.04438713972432,32863.4,78938.71,134409.69,10.359999999999998,14.51927083333333,40.69010416666667,71.37020833333332,3.88,221491.41,23,1,15,3.0,4.0,5.0,4.666666666666667,2.0816659994661326,25.0,-2.0,24.0,20.333333333333332,6.429100507328637,5.0,1.0,5.5,5.0,1.0,0.0,0.0,0.0,0.0,0.0,10.0,-8.0,6.0,4.666666666666667,4.618802153517007,1879005.0,623743.0,2190876.5,2048078.3333333333,398042.43708721985,2478055.0,683255.0,2819682.5,2590066.6666666665,524289.6542068452,2478055.0,683255.0,2819682.5,2590066.6666666665,524289.6542068452,113.0,-68.0,79.0,68.33333333333333,38.695391629150535,38.0,0.05263157756232691,0.6052631419667595,0.3043478128544429,11.499994250002874,2024-01-30,316.0,271.0,7.0,plot_level_next_window
2324,2024-01-30,M41,M,4,1,2766959.0,3401481.0,3401481.0,3.0,9.0,3.0,13.0,16.0,316.0,96,10.5378125,3.12,18.94,10.706666666666663,14.528229166666668,73.83979166666667,0.0,3.861170212765957,173.69726315789475,16501.24,5.218229166666666,0.5378124999999994,12.958368055555557,18.03215773809524,14.247351190476191,16.604305555555552,19.05563988095238,15.664516369047618,73.60635416666666,79.72150297619046,75.12600446428573,0.03,0.22,0.22,167.08516410818714,138.16929652255638,127.8559848057644,47946.83,92676.07,171614.78,8.875104166666668,56.22510416666667,70.744375,127.59531249999998,4.1,314167.48000000004,30,1,22,7.0,-4.0,5.0,4.333333333333333,2.309401076758503,23.0,-14.0,16.0,19.0,8.717797887081348,6.0,10.0,11.0,9.0,6.082762530298219,0.0,3.0,1.5,1.0,1.7320508075688772,2.0,11.0,7.5,8.333333333333334,5.686240703077327,2502748.0,264211.0,2634853.5,2382904.0,455946.833283224,3161310.0,240171.0,3281395.5,3013615.3333333335,479102.4736842144,3161310.0,240171.0,3281395.5,3013615.3333333335,479102.4736842144,45.0,271.0,180.5,158.0,140.99290762304324,44.0,0.2954545387396696,0.20454544989669432,0.33333329629630043,0.6923076390532585,2024-02-06,298.0,-18.0,7.0,plot_level_next_window
2324,2024-02-06,M41,M,4,1,2430133.0,2904089.0,2904089.0,6.0,15.0,7.0,8.0,12.0,298.0,96,13.478645833333331,9.5,18.78,13.831145833333332,15.071458333333332,62.14927083333333,0.0,8.390520833333333,182.835625,17552.22,5.745729166666667,3.478645833333333,14.113784722222222,13.057708333333334,15.544933035714283,15.41753472222222,15.240416666666668,17.148028273809523,79.00041666666665,74.52035714285715,77.12093005952381,0.09,0.09,0.31,108.05861111111112,143.0740625,140.6216795112782,31120.880000000005,96145.77,188821.84000000003,12.341354166666669,21.403958333333332,77.6290625,148.99927083333333,4.19,410313.25,37,2,29,3.0,3.0,4.5,5.333333333333333,2.0816659994661326,9.0,6.0,12.0,15.666666666666666,7.023769168568493,16.0,-4.0,14.0,11.333333333333334,5.033222956847166,3.0,4.0,5.0,3.3333333333333335,3.5118845842842465,13.0,-5.0,10.5,7.666666666666667,5.507570547286101,2766959.0,-336826.0,2598546.0,2566613.3333333335,177262.58536513962,3401481.0,-497392.0,3152785.0,3155626.6666666665,248744.69969093468,3401481.0,-497392.0,3152785.0,3155626.6666666665,248744.69969093468,316.0,-18.0,307.0,219.66666666666666,151.53327467369448,48.0,0.16666666319444454,0.31249999348958346,0.39999997333333515,1.8749997656250295,2024-02-13,269.0,-29.0,7.0,plot_level_next_window
2324,2024-02-13,M41,M,4,1,2523805.0,3213352.0,3213352.0,10.0,50.0,7.0,10.0,2.0,269.0,96,14.7740625,7.31,18.6,15.086666666666666,17.811770833333334,71.40114583333333,0.0,6.378020833333333,155.10177083333335,14889.77,9.432604166666666,4.774062499999999,19.057222222222222,16.359627976190474,14.708668154761906,19.697187499999995,17.70922619047619,16.474821428571428,75.94555555555554,75.6334375,75.07689732142856,0.43,0.43,0.52,134.2196875,150.30565648496238,146.68985949248122,38655.27,100867.96,197013.73,27.171666666666667,44.51739583333334,65.92135416666667,193.51666666666665,4.619999999999999,511181.21,44,2,36,6.0,4.0,8.0,6.333333333333333,3.511884584284246,15.0,35.0,32.5,24.666666666666668,22.143471573656498,12.0,-10.0,7.0,10.0,7.211102550927978,7.0,0.0,7.0,5.666666666666667,2.3094010767585034,8.0,2.0,9.0,10.333333333333334,2.516611478423582,2430133.0,93672.0,2476969.0,2573632.3333333335,173853.41793975007,2904089.0,309263.0,3058720.5,3172974.0,251142.36516167465,2904089.0,309263.0,3058720.5,3172974.0,251142.36516167465,298.0,-29.0,283.5,294.3333333333333,23.71356854910995,79.0,0.12658227687870535,0.6329113843935268,0.1999999960000001,4.99999950000005,2024-02-20,232.0,-37.0,7.0,plot_level_next_window
2324,2024-02-20,M41,M,4,1,2209413.0,2575909.0,2575909.0,12.0,49.0,2.0,8.0,10.0,232.0,96,10.565729166666666,1.1,21.25,10.805833333333332,13.518125,64.6725,0.0,2.3884375,210.61,20218.56,2.3240625,0.5657291666666655,11.053576388888889,12.920684523809523,14.64015625,13.979131944444442,15.29784226190476,16.503534226190474,77.66104166666666,77.97973214285715,76.80658482142857,1.25,1.96,2.39,145.33520833333333,126.33980654761906,138.32273151629073,41856.54000000001,84900.35,185768.31,3.1607291666666644,20.444791666666664,64.9621875,213.9614583333333,6.579999999999999,596081.56,51,2,43,10.0,2.0,11.0,9.333333333333334,3.055050463303893,50.0,-1.0,49.5,38.0,19.924858845171276,2.0,8.0,6.0,8.0,5.291502622129181,7.0,-5.0,4.5,5.333333333333333,2.8867513459481287,10.0,-2.0,9.0,8.666666666666666,1.154700538379249,2523805.0,-314392.0,2366609.0,2387783.6666666665,161417.7249911961,3213352.0,-637443.0,2894630.5,2897783.3333333335,318768.2789054352,3213352.0,-637443.0,2894630.5,2897783.3333333335,318768.2789054352,269.0,-37.0,250.5,266.3333333333333,33.080709383768294,81.0,0.09876543087943913,0.6049382641365647,0.24489795418575605,6.124999234375096,2024-02-27,283.0,51.0,7.0,plot_level_next_window
2324,2024-01-08,M42,M,4,2,2089560.0,2436805.0,2436805.0,2.0,18.0,6.0,11.0,1.0,86.0,96,12.507083333333334,9.08,16.98,12.696458333333332,13.006875,82.47687499999999,0.02,4.230625,23.1853125,2225.79,9.583958333333332,2.507083333333334,15.0565625,12.9471875,12.8146484375,15.378958333333337,14.320357142857144,14.1809765625,81.66697916666666,79.795625,80.13928385416666,0.8600000000000001,1.02,1.02,80.01430555555557,107.7697619047619,109.93813802083334,23044.120000000003,72421.28,84432.49,15.1696875,20.630312499999995,22.5171875,22.5171875,1.02,84432.48999999999,8,1,0,,,2.0,2.0,,,,18.0,18.0,,,,1.0,1.0,,,,6.0,6.0,,,,11.0,11.0,,,,2089560.0,2089560.0,,,,2436805.0,2436805.0,,,,2436805.0,2436805.0,,,,86.0,86.0,,38.0,0.289473676592798,0.4736841980609422,0.11111110493827195,1.6363634876033195,2024-01-16,36.0,-50.0,8.0,plot_level_next_window
2324,2024-01-16,M42,M,4,2,1662087.0,2135373.0,2135373.0,5.0,18.0,1.0,4.0,7.0,36.0,96,17.04854166666667,8.58,21.94,17.396041666666665,17.473125,94.94791666666669,1.45,6.029062499999999,32.909479166666664,3159.31,16.2309375,7.048541666666669,13.644305555555556,13.661636904761906,13.879151785714289,14.52145833333333,14.597038690476191,14.684375,84.365,79.36620535714285,80.94207589285713,1.45,1.53,3.82,62.44854166666666,82.54610119047618,86.86925595238095,17985.18,55470.98,116752.28,11.472291666666669,26.170833333333334,54.8475,56.8509375,3.88,142552.69999999998,16,1,8,2.0,3.0,3.5,3.5,2.1213203435596424,18.0,0.0,18.0,18.0,0.0,1.0,6.0,4.0,4.0,4.242640687119285,6.0,-5.0,3.5,3.5,3.5355339059327378,11.0,-7.0,7.5,7.5,4.949747468305833,2089560.0,-427473.0,1875823.5,1875823.5,302269.05707415706,2436805.0,-301432.0,2286089.0,2286089.0,213144.6112666234,2436805.0,-301432.0,2286089.0,2286089.0,213144.6112666234,86.0,-50.0,61.0,61.0,35.35533905932738,35.0,0.11428571102040827,0.5142856995918372,0.27777776234567986,4.499998875000281,2024-01-23,31.0,-5.0,7.0,plot_level_next_window
2324,2024-01-23,M42,M,4,2,1932465.0,2428217.0,2428217.0,5.0,20.0,0.0,1.0,8.0,31.0,96,18.293645833333333,13.57,22.75,18.577604166666667,16.361250000000002,82.23156250000001,0.0,4.235833333333333,93.22572916666668,8949.67,15.061666666666667,8.293645833333333,11.875763888888889,10.462544642857145,12.062090773809524,12.589375,12.273392857142856,13.435215773809524,73.98114583333334,70.53050595238095,74.94835565476191,0.0,0.0,1.53,114.10902777777778,117.54267308897242,100.04438713972432,32863.4,78938.71,134409.69,10.359999999999998,14.51927083333333,40.69010416666667,71.37020833333332,3.88,221491.41,23,1,15,5.0,0.0,5.0,4.0,1.7320508075688772,18.0,2.0,19.0,18.666666666666668,1.154700538379251,7.0,1.0,7.5,5.333333333333333,3.7859388972001824,1.0,-1.0,0.5,2.3333333333333335,3.214550253664318,4.0,-3.0,2.5,5.333333333333333,5.131601439446884,1662087.0,270378.0,1797276.0,1894704.0,216223.75279557053,2135373.0,292844.0,2281795.0,2333465.0,171606.43573013222,2135373.0,292844.0,2281795.0,2333465.0,171606.43573013222,36.0,-5.0,33.5,51.0,30.4138126514911,34.0,0.02941176384083048,0.5882352768166096,0.2499999875000006,19.999980000020003,2024-01-30,595.0,564.0,7.0,plot_level_next_window
2324,2024-01-30,M42,M,4,2,1745978.0,2223422.0,2223422.0,1.0,16.0,3.0,12.0,13.0,595.0,96,10.5378125,3.12,18.94,10.706666666666663,14.528229166666668,73.83979166666667,0.0,3.861170212765957,173.69726315789475,16501.24,5.218229166666666,0.5378124999999994,12.958368055555557,18.03215773809524,14.247351190476191,16.604305555555552,19.05563988095238,15.664516369047618,73.60635416666666,79.72150297619046,75.12600446428573,0.03,0.22,0.22,167.08516410818714,138.16929652255638,127.8559848057644,47946.83,92676.07,171614.78,8.875104166666668,56.22510416666667,70.744375,127.59531249999998,4.1,314167.48000000004,30,1,22,5.0,-4.0,3.0,3.6666666666666665,2.3094010767585034,20.0,-4.0,18.0,18.0,1.9999999999999996,8.0,5.0,10.5,9.333333333333334,3.2145502536643185,0.0,3.0,1.5,1.3333333333333333,1.5275252316519463,1.0,11.0,6.5,5.666666666666667,5.686240703077327,1932465.0,-186487.0,1839221.5,1780176.6666666667,138395.18532930737,2428217.0,-204795.0,2325819.5,2262337.3333333335,150250.47241301218,2428217.0,-204795.0,2325819.5,2262337.3333333335,150250.47241301218,31.0,564.0,313.0,220.66666666666666,324.1918156482877,45.0,0.2666666607407409,0.3555555476543212,0.06249999609375024,1.3333332222222316,2024-02-06,506.0,-89.0,7.0,plot_level_next_window
2324,2024-02-06,M42,M,4,2,2033147.0,2326030.0,2326030.0,9.0,12.0,4.0,14.0,9.0,506.0,96,13.478645833333331,9.5,18.78,13.831145833333332,15.071458333333332,62.14927083333333,0.0,8.390520833333333,182.835625,17552.22,5.745729166666667,3.478645833333333,14.113784722222222,13.057708333333334,15.544933035714283,15.41753472222222,15.240416666666668,17.148028273809523,79.00041666666665,74.52035714285715,77.12093005952381,0.09,0.09,0.31,108.05861111111112,143.0740625,140.6216795112782,31120.880000000005,96145.77,188821.84000000003,12.341354166666669,21.403958333333332,77.6290625,148.99927083333333,4.19,410313.25,37,2,29,1.0,8.0,5.0,5.0,4.0,16.0,-4.0,14.0,16.0,3.9999999999999996,13.0,-4.0,11.0,10.0,2.6457513110645907,3.0,1.0,3.5,2.3333333333333335,2.0816659994661326,12.0,2.0,13.0,9.0,6.999999999999999,1745978.0,287169.0,1889562.5,1903863.3333333333,145705.35385610693,2223422.0,102608.0,2274726.0,2325889.6666666665,102397.57212128285,2223422.0,102608.0,2274726.0,2325889.6666666665,102397.57212128285,595.0,-89.0,550.5,377.3333333333333,303.2166442221359,48.0,0.2916666605902779,0.2499999947916668,0.7499999375000053,0.8571427959183717,2024-02-13,470.0,-36.0,7.0,plot_level_next_window
2324,2024-02-13,M42,M,4,2,2148058.0,2703643.0,2703643.0,1.0,66.0,4.0,19.0,15.0,470.0,96,14.7740625,7.31,18.6,15.086666666666666,17.811770833333334,71.40114583333333,0.0,6.378020833333333,155.10177083333335,14889.77,9.432604166666666,4.774062499999999,19.057222222222222,16.359627976190474,14.708668154761906,19.697187499999995,17.70922619047619,16.474821428571428,75.94555555555554,75.6334375,75.07689732142856,0.43,0.43,0.52,134.2196875,150.30565648496238,146.68985949248122,38655.27,100867.96,197013.73,27.171666666666667,44.51739583333334,65.92135416666667,193.51666666666665,4.619999999999999,511181.21,44,2,36,9.0,-8.0,5.0,3.6666666666666665,4.618802153517007,12.0,54.0,39.0,31.333333333333332,30.088757590391356,9.0,6.0,12.0,12.333333333333334,3.055050463303893,4.0,0.0,4.0,3.6666666666666665,0.5773502691896266,14.0,5.0,16.5,15.0,3.6055512754639816,2033147.0,114911.0,2090602.5,1975727.6666666667,207098.56706489626,2326030.0,377613.0,2514836.5,2417698.3333333335,252893.9791935215,2326030.0,377613.0,2514836.5,2417698.3333333335,252893.9791935215,506.0,-36.0,488.0,523.6666666666666,64.34542200757834,105.0,0.18095237922902496,0.6285714225850341,0.015151514921946744,3.4736840277008403,2024-02-20,451.0,-19.0,7.0,plot_level_next_window
2324,2024-02-20,M42,M,4,2,1848193.0,2089726.0,2089726.0,4.0,41.0,1.0,7.0,7.0,451.0,96,10.565729166666666,1.1,21.25,10.805833333333332,13.518125,64.6725,0.0,2.3884375,210.61,20218.56,2.3240625,0.5657291666666655,11.053576388888889,12.920684523809523,14.64015625,13.979131944444442,15.29784226190476,16.503534226190474,77.66104166666666,77.97973214285715,76.80658482142857,1.25,1.96,2.39,145.33520833333333,126.33980654761906,138.32273151629073,41856.54000000001,84900.35,185768.31,3.1607291666666644,20.444791666666664,64.9621875,213.9614583333333,6.579999999999999,596081.56,51,2,43,1.0,3.0,2.5,4.666666666666667,4.041451884327381,66.0,-25.0,53.5,39.666666666666664,27.02468007827907,15.0,-8.0,11.0,10.333333333333334,4.163331998932266,4.0,-3.0,2.5,3.0,1.7320508075688772,19.0,-12.0,13.0,13.333333333333334,6.027713773341705,2148058.0,-299865.0,1998125.5,2009799.3333333333,151289.75414856523,2703643.0,-613917.0,2396684.5,2373133.0,309657.1332603206,2703643.0,-613917.0,2396684.5,2373133.0,309657.1332603206,470.0,-19.0,460.5,475.6666666666667,27.934447074057882,60.0,0.11666666472222226,0.6833333219444446,0.09756097323022017,5.857142020408283,2024-02-27,461.0,10.0,7.0,plot_level_next_window
2324,2024-01-08,M43,M,4,3,1781377.0,2125256.0,2125256.0,4.0,8.0,0.0,0.0,5.0,112.0,96,12.507083333333334,9.08,16.98,12.696458333333332,13.006875,82.47687499999999,0.02,4.230625,23.1853125,2225.79,9.583958333333332,2.507083333333334,15.0565625,12.9471875,12.8146484375,15.378958333333337,14.320357142857144,14.1809765625,81.66697916666666,79.795625,80.13928385416666,0.8600000000000001,1.02,1.02,80.01430555555557,107.7697619047619,109.93813802083334,23044.120000000003,72421.28,84432.49,15.1696875,20.630312499999995,22.5171875,22.5171875,1.02,84432.48999999999,8,1,0,,,4.0,4.0,,,,8.0,8.0,,,,5.0,5.0,,,,0.0,0.0,,,,0.0,0.0,,,,1781377.0,1781377.0,,,,2125256.0,2125256.0,,,,2125256.0,2125256.0,,,,112.0,112.0,,17.0,0.0,0.47058820761245834,0.4999999375000079,8000000.0,2024-01-16,250.0,138.0,8.0,plot_level_next_window
2324,2024-01-16,M43,M,4,3,2465573.0,3124464.0,3124464.0,9.0,31.0,1.0,7.0,2.0,250.0,96,17.04854166666667,8.58,21.94,17.396041666666665,17.473125,94.94791666666669,1.45,6.029062499999999,32.909479166666664,3159.31,16.2309375,7.048541666666669,13.644305555555556,13.661636904761906,13.879151785714289,14.52145833333333,14.597038690476191,14.684375,84.365,79.36620535714285,80.94207589285713,1.45,1.53,3.82,62.44854166666666,82.54610119047618,86.86925595238095,17985.18,55470.98,116752.28,11.472291666666669,26.170833333333334,54.8475,56.8509375,3.88,142552.69999999998,16,1,8,4.0,5.0,6.5,6.5,3.5355339059327378,8.0,23.0,19.5,19.5,16.263455967290593,5.0,-3.0,3.5,3.5,2.1213203435596424,0.0,1.0,0.5,0.5,0.7071067811865476,0.0,7.0,3.5,3.5,4.949747468305833,1781377.0,684196.0,2123475.0,2123475.0,483799.63126071106,2125256.0,999208.0,2624860.0,2624860.0,706546.7526158477,2125256.0,999208.0,2624860.0,2624860.0,706546.7526158477,112.0,138.0,181.0,181.0,97.58073580374356,50.0,0.13999999720000006,0.6199999876000003,0.29032257127991706,4.428570795918458,2024-01-23,28.0,-222.0,7.0,plot_level_next_window
2324,2024-01-23,M43,M,4,3,2056244.0,2576101.0,2576101.0,1.0,24.0,0.0,2.0,10.0,28.0,96,18.293645833333333,13.57,22.75,18.577604166666667,16.361250000000002,82.23156250000001,0.0,4.235833333333333,93.22572916666668,8949.67,15.061666666666667,8.293645833333333,11.875763888888889,10.462544642857145,12.062090773809524,12.589375,12.273392857142856,13.435215773809524,73.98114583333334,70.53050595238095,74.94835565476191,0.0,0.0,1.53,114.10902777777778,117.54267308897242,100.04438713972432,32863.4,78938.71,134409.69,10.359999999999998,14.51927083333333,40.69010416666667,71.37020833333332,3.88,221491.41,23,1,15,9.0,-8.0,5.0,4.666666666666667,4.041451884327381,31.0,-7.0,27.5,21.0,11.789826122551595,2.0,8.0,6.0,5.666666666666667,4.041451884327381,1.0,-1.0,0.5,0.3333333333333333,0.5773502691896258,7.0,-5.0,4.5,3.0,3.605551275463989,2465573.0,-409329.0,2260908.5,2101064.6666666665,344293.05936125596,3124464.0,-548363.0,2850282.5,2608607.0,500396.4796468896,3124464.0,-548363.0,2850282.5,2608607.0,500396.4796468896,250.0,-222.0,139.0,130.0,112.08925015361643,37.0,0.054054052593133714,0.6486486311176046,0.041666664930555625,11.999994000003,2024-01-30,269.0,241.0,7.0,plot_level_next_window
2324,2024-01-30,M43,M,4,3,2194715.0,2751879.0,2751879.0,0.0,15.0,0.0,7.0,9.0,269.0,96,10.5378125,3.12,18.94,10.706666666666663,14.528229166666668,73.83979166666667,0.0,3.861170212765957,173.69726315789475,16501.24,5.218229166666666,0.5378124999999994,12.958368055555557,18.03215773809524,14.247351190476191,16.604305555555552,19.05563988095238,15.664516369047618,73.60635416666666,79.72150297619046,75.12600446428573,0.03,0.22,0.22,167.08516410818714,138.16929652255638,127.8559848057644,47946.83,92676.07,171614.78,8.875104166666668,56.22510416666667,70.744375,127.59531249999998,4.1,314167.48000000004,30,1,22,1.0,-1.0,0.5,3.3333333333333335,4.932882862316248,24.0,-9.0,19.5,23.333333333333332,8.020806277010642,10.0,-1.0,9.5,7.0,4.358898943540674,0.0,0.0,0.0,0.3333333333333333,0.5773502691896258,2.0,5.0,4.5,5.333333333333333,2.886751345948129,2056244.0,138471.0,2125479.5,2238844.0,208202.02698581017,2576101.0,175778.0,2663990.0,2817481.3333333335,280005.7937727956,2576101.0,175778.0,2663990.0,2817481.3333333335,280005.7937727956,28.0,241.0,148.5,182.33333333333334,133.99378095021177,31.0,0.22580644432882438,0.4838709521331951,0.0,2.1428568367347376,2024-02-06,225.0,-44.0,7.0,plot_level_next_window
2324,2024-02-06,M43,M,4,3,2021185.0,2345384.0,2345384.0,5.0,11.0,2.0,10.0,13.0,225.0,96,13.478645833333331,9.5,18.78,13.831145833333332,15.071458333333332,62.14927083333333,0.0,8.390520833333333,182.835625,17552.22,5.745729166666667,3.478645833333333,14.113784722222222,13.057708333333334,15.544933035714283,15.41753472222222,15.240416666666668,17.148028273809523,79.00041666666665,74.52035714285715,77.12093005952381,0.09,0.09,0.31,108.05861111111112,143.0740625,140.6216795112782,31120.880000000005,96145.77,188821.84000000003,12.341354166666669,21.403958333333332,77.6290625,148.99927083333333,4.19,410313.25,37,2,29,0.0,5.0,2.5,2.0,2.6457513110645907,15.0,-4.0,13.0,16.666666666666668,6.6583281184793925,9.0,4.0,11.0,10.666666666666666,2.081665999466137,0.0,2.0,1.0,0.6666666666666666,1.1547005383792517,7.0,3.0,8.5,6.333333333333333,4.041451884327381,2194715.0,-173530.0,2107950.0,2090714.6666666667,91756.93636087338,2751879.0,-406495.0,2548631.5,2557788.0,203865.3249893175,2751879.0,-406495.0,2548631.5,2557788.0,203865.3249893175,269.0,-44.0,247.0,174.0,128.3393937962931,41.0,0.24390243307555043,0.26829267638310544,0.4545454132231443,1.099999890000011,2024-02-13,635.0,410.0,7.0,plot_level_next_window
2324,2024-02-13,M43,M,4,3,2262959.0,2934604.0,2934604.0,8.0,41.0,3.0,30.0,5.0,635.0,96,14.7740625,7.31,18.6,15.086666666666666,17.811770833333334,71.40114583333333,0.0,6.378020833333333,155.10177083333335,14889.77,9.432604166666666,4.774062499999999,19.057222222222222,16.359627976190474,14.708668154761906,19.697187499999995,17.70922619047619,16.474821428571428,75.94555555555554,75.6334375,75.07689732142856,0.43,0.43,0.52,134.2196875,150.30565648496238,146.68985949248122,38655.27,100867.96,197013.73,27.171666666666667,44.51739583333334,65.92135416666667,193.51666666666665,4.619999999999999,511181.21,44,2,36,5.0,3.0,6.5,4.333333333333333,4.041451884327381,11.0,30.0,26.0,22.333333333333332,16.289055630494154,13.0,-8.0,9.0,9.0,4.000000000000002,2.0,1.0,2.5,1.6666666666666667,1.5275252316519468,10.0,20.0,20.0,15.666666666666666,12.503332889007368,2021185.0,241774.0,2142072.0,2159619.6666666665,124649.22216096408,2345384.0,589220.0,2639994.0,2677289.0,301608.6921409926,2345384.0,589220.0,2639994.0,2677289.0,301608.6921409926,225.0,410.0,430.0,376.3333333333333,225.08961178458088,87.0,0.34482758224336113,0.47126436239926023,0.19512194646044034,1.3666666211111125,2024-02-20,394.0,-241.0,7.0,plot_level_next_window
2324,2024-02-20,M43,M,4,3,1694807.0,1921773.0,1921773.0,2.0,49.0,2.0,18.0,12.0,394.0,96,10.565729166666666,1.1,21.25,10.805833333333332,13.518125,64.6725,0.0,2.3884375,210.61,20218.56,2.3240625,0.5657291666666655,11.053576388888889,12.920684523809523,14.64015625,13.979131944444442,15.29784226190476,16.503534226190474,77.66104166666666,77.97973214285715,76.80658482142857,1.25,1.96,2.39,145.33520833333333,126.33980654761906,138.32273151629073,41856.54000000001,84900.35,185768.31,3.1607291666666644,20.444791666666664,64.9621875,213.9614583333333,6.579999999999999,596081.56,51,2,43,8.0,-6.0,5.0,5.0,3.0000000000000004,41.0,8.0,45.0,33.666666666666664,20.03330560175562,5.0,7.0,8.5,10.0,4.358898943540676,3.0,-1.0,2.5,2.3333333333333335,0.5773502691896266,30.0,-12.0,24.0,19.333333333333332,10.06644591369433,2262959.0,-568152.0,1978883.0,1992983.6666666667,285123.9382748025,2934604.0,-1012831.0,2428188.5,2400587.0,508667.06896259764,2934604.0,-1012831.0,2428188.5,2400587.0,508667.06896259764,635.0,-241.0,514.5,418.0,206.05096456944818,83.0,0.21686746726665704,0.5903614386703442,0.040816325697626006,2.722222070987663,2024-02-27,390.0,-4.0,7.0,plot_level_next_window
2324,2024-01-08,M44,M,4,4,2475307.0,2974668.0,2974668.0,6.0,2.0,0.0,5.0,1.0,164.0,96,12.507083333333334,9.08,16.98,12.696458333333332,13.006875,82.47687499999999,0.02,4.230625,23.1853125,2225.79,9.583958333333332,2.507083333333334,15.0565625,12.9471875,12.8146484375,15.378958333333337,14.320357142857144,14.1809765625,81.66697916666666,79.795625,80.13928385416666,0.8600000000000001,1.02,1.02,80.01430555555557,107.7697619047619,109.93813802083334,23044.120000000003,72421.28,84432.49,15.1696875,20.630312499999995,22.5171875,22.5171875,1.02,84432.48999999999,8,1,0,,,6.0,6.0,,,,2.0,2.0,,,,1.0,1.0,,,,0.0,0.0,,,,5.0,5.0,,,,2475307.0,2475307.0,,,,2974668.0,2974668.0,,,,2974668.0,2974668.0,,,,164.0,164.0,,14.0,0.3571428316326549,0.14285713265306196,2.99999850000075,0.399999920000016,2024-01-16,100.0,-64.0,8.0,plot_level_next_window
2324,2024-01-16,M44,M,4,4,2666965.0,3521699.0,3521699.0,4.0,22.0,0.0,6.0,1.0,100.0,96,17.04854166666667,8.58,21.94,17.396041666666665,17.473125,94.94791666666669,1.45,6.029062499999999,32.909479166666664,3159.31,16.2309375,7.048541666666669,13.644305555555556,13.661636904761906,13.879151785714289,14.52145833333333,14.597038690476191,14.684375,84.365,79.36620535714285,80.94207589285713,1.45,1.53,3.82,62.44854166666666,82.54610119047618,86.86925595238095,17985.18,55470.98,116752.28,11.472291666666669,26.170833333333334,54.8475,56.8509375,3.88,142552.69999999998,16,1,8,6.0,-2.0,5.0,5.0,1.4142135623730951,2.0,20.0,12.0,12.0,14.142135623730951,1.0,0.0,1.0,1.0,0.0,0.0,0.0,0.0,0.0,0.0,5.0,1.0,5.5,5.5,0.7071067811865476,2475307.0,191658.0,2571136.0,2571136.0,135522.67146865133,2974668.0,547031.0,3248183.5,3248183.5,386809.3296192583,2974668.0,547031.0,3248183.5,3248183.5,386809.3296192583,164.0,-64.0,132.0,132.0,45.254833995939045,33.0,0.18181817630854014,0.6666666464646471,0.18181817355371938,3.666666055555657,2024-01-23,93.0,-7.0,7.0,plot_level_next_window
2324,2024-01-23,M44,M,4,4,3081605.0,3913718.0,3913718.0,7.0,23.0,0.0,2.0,10.0,93.0,96,18.293645833333333,13.57,22.75,18.577604166666667,16.361250000000002,82.23156250000001,0.0,4.235833333333333,93.22572916666668,8949.67,15.061666666666667,8.293645833333333,11.875763888888889,10.462544642857145,12.062090773809524,12.589375,12.273392857142856,13.435215773809524,73.98114583333334,70.53050595238095,74.94835565476191,0.0,0.0,1.53,114.10902777777778,117.54267308897242,100.04438713972432,32863.4,78938.71,134409.69,10.359999999999998,14.51927083333333,40.69010416666667,71.37020833333332,3.88,221491.41,23,1,15,4.0,3.0,5.5,5.666666666666667,1.5275252316519465,22.0,1.0,22.5,15.666666666666666,11.846237095944574,1.0,9.0,5.5,4.0,5.196152422706632,0.0,0.0,0.0,0.0,0.0,6.0,-4.0,4.0,4.333333333333333,2.0816659994661326,2666965.0,414640.0,2874285.0,2741292.3333333335,309907.6161718735,3521699.0,392019.0,3717708.5,3470028.3333333335,471652.5405108439,3521699.0,392019.0,3717708.5,3470028.3333333335,471652.5405108439,100.0,-7.0,96.5,119.0,39.1279950930277,42.0,0.0476190464852608,0.5476190345804992,0.3043478128544429,11.499994250002874,2024-01-30,405.0,312.0,7.0,plot_level_next_window
2324,2024-01-30,M44,M,4,4,2219755.0,2624150.0,2624150.0,3.0,6.0,2.0,5.0,8.0,405.0,96,10.5378125,3.12,18.94,10.706666666666663,14.528229166666668,73.83979166666667,0.0,3.861170212765957,173.69726315789475,16501.24,5.218229166666666,0.5378124999999994,12.958368055555557,18.03215773809524,14.247351190476191,16.604305555555552,19.05563988095238,15.664516369047618,73.60635416666666,79.72150297619046,75.12600446428573,0.03,0.22,0.22,167.08516410818714,138.16929652255638,127.8559848057644,47946.83,92676.07,171614.78,8.875104166666668,56.22510416666667,70.744375,127.59531249999998,4.1,314167.48000000004,30,1,22,7.0,-4.0,5.0,4.666666666666667,2.081665999466133,23.0,-17.0,14.5,17.0,9.539392014169458,10.0,-2.0,9.0,6.333333333333333,4.725815626252609,0.0,2.0,1.0,0.6666666666666666,1.1547005383792517,2.0,3.0,3.5,4.333333333333333,2.0816659994661326,3081605.0,-861850.0,2650680.0,2656108.3333333335,431027.55832235754,3913718.0,-1289568.0,3268934.0,3353189.0,661092.370044459,3913718.0,-1289568.0,3268934.0,3353189.0,661092.370044459,93.0,312.0,249.0,199.33333333333334,178.1469430928674,24.0,0.20833332465277812,0.24999998958333375,0.49999991666668053,1.199999760000048,2024-02-06,357.0,-48.0,7.0,plot_level_next_window
2324,2024-02-06,M44,M,4,4,2200407.0,2708827.0,2708827.0,3.0,12.0,2.0,1.0,8.0,357.0,96,13.478645833333331,9.5,18.78,13.831145833333332,15.071458333333332,62.14927083333333,0.0,8.390520833333333,182.835625,17552.22,5.745729166666667,3.478645833333333,14.113784722222222,13.057708333333334,15.544933035714283,15.41753472222222,15.240416666666668,17.148028273809523,79.00041666666665,74.52035714285715,77.12093005952381,0.09,0.09,0.31,108.05861111111112,143.0740625,140.6216795112782,31120.880000000005,96145.77,188821.84000000003,12.341354166666669,21.403958333333332,77.6290625,148.99927083333333,4.19,410313.25,37,2,29,3.0,0.0,3.0,4.333333333333333,2.309401076758503,6.0,6.0,9.0,13.666666666666666,8.62167810425171,8.0,0.0,8.0,8.666666666666666,1.154700538379253,2.0,0.0,2.0,1.3333333333333333,1.1547005383792517,5.0,-4.0,3.0,2.6666666666666665,2.0816659994661326,2219755.0,-19348.0,2210081.0,2500589.0,503267.603237085,2624150.0,84677.0,2666488.5,3082231.6666666665,721331.8864935427,2624150.0,84677.0,2666488.5,3082231.6666666665,721331.8864935427,405.0,-48.0,381.0,285.0,168.00000000000003,26.0,0.03846153698224858,0.4615384437869829,0.2499999791666684,11.999988000012001,2024-02-13,520.0,163.0,7.0,plot_level_next_window
2324,2024-02-13,M44,M,4,4,2153312.0,2865786.0,2865786.0,0.0,21.0,0.0,26.0,1.0,520.0,96,14.7740625,7.31,18.6,15.086666666666666,17.811770833333334,71.40114583333333,0.0,6.378020833333333,155.10177083333335,14889.77,9.432604166666666,4.774062499999999,19.057222222222222,16.359627976190474,14.708668154761906,19.697187499999995,17.70922619047619,16.474821428571428,75.94555555555554,75.6334375,75.07689732142856,0.43,0.43,0.52,134.2196875,150.30565648496238,146.68985949248122,38655.27,100867.96,197013.73,27.171666666666667,44.51739583333334,65.92135416666667,193.51666666666665,4.619999999999999,511181.21,44,2,36,3.0,-3.0,1.5,2.0,1.7320508075688772,12.0,9.0,16.5,13.0,7.549834435270751,8.0,-7.0,4.5,5.666666666666667,4.041451884327381,2.0,-2.0,1.0,1.3333333333333333,1.1547005383792517,1.0,25.0,13.5,10.666666666666666,13.428824718989123,2200407.0,-47095.0,2176859.5,2191158.0,34173.47016327095,2708827.0,156959.0,2787306.5,2732921.0,122606.60565809533,2708827.0,156959.0,2787306.5,2732921.0,122606.60565809533,357.0,163.0,438.5,427.3333333333333,83.7635561168062,48.0,0.5416666553819447,0.43749999088541686,0.0,0.8076922766272201,2024-02-20,297.0,-223.0,7.0,plot_level_next_window
2324,2024-02-20,M44,M,4,4,2042917.0,2402457.0,2402457.0,3.0,29.0,0.0,7.0,5.0,297.0,96,10.565729166666666,1.1,21.25,10.805833333333332,13.518125,64.6725,0.0,2.3884375,210.61,20218.56,2.3240625,0.5657291666666655,11.053576388888889,12.920684523809523,14.64015625,13.979131944444442,15.29784226190476,16.503534226190474,77.66104166666666,77.97973214285715,76.80658482142857,1.25,1.96,2.39,145.33520833333333,126.33980654761906,138.32273151629073,41856.54000000001,84900.35,185768.31,3.1607291666666644,20.444791666666664,64.9621875,213.9614583333333,6.579999999999999,596081.56,51,2,43,0.0,3.0,1.5,2.0,1.7320508075688772,21.0,8.0,25.0,20.666666666666668,8.504900548115383,1.0,4.0,3.0,4.666666666666667,3.5118845842842457,0.0,0.0,0.0,0.6666666666666666,1.1547005383792517,26.0,-19.0,16.5,11.333333333333334,13.051181300301261,2153312.0,-110395.0,2098114.5,2132212.0,80837.3832146982,2865786.0,-463329.0,2634121.5,2659023.3333333335,235645.37863139404,2865786.0,-463329.0,2634121.5,2659023.3333333335,235645.37863139404,520.0,-223.0,408.5,391.3333333333333,115.39641819975758,44.0,0.1590909054752067,0.6590908941115706,0.10344827229488716,4.142856551020492,2024-02-27,236.0,-61.0,7.0,plot_level_next_window
2324,2024-01-08,M45,M,4,5,1873639.0,2242891.0,2242891.0,0.0,4.0,2.0,0.0,0.0,113.0,96,12.507083333333334,9.08,16.98,12.696458333333332,13.006875,82.47687499999999,0.02,4.230625,23.1853125,2225.79,9.583958333333332,2.507083333333334,15.0565625,12.9471875,12.8146484375,15.378958333333337,14.320357142857144,14.1809765625,81.66697916666666,79.795625,80.13928385416666,0.8600000000000001,1.02,1.02,80.01430555555557,107.7697619047619,109.93813802083334,23044.120000000003,72421.28,84432.49,15.1696875,20.630312499999995,22.5171875,22.5171875,1.02,84432.48999999999,8,1,0,,,0.0,0.0,,,,4.0,4.0,,,,0.0,0.0,,,,2.0,2.0,,,,0.0,0.0,,,,1873639.0,1873639.0,,,,2242891.0,2242891.0,,,,2242891.0,2242891.0,,,,113.0,113.0,,6.0,0.0,0.6666665555555741,0.0,4000000.0,2024-01-16,21.0,-92.0,8.0,plot_level_next_window
2324,2024-01-16,M45,M,4,5,1876868.0,2413242.0,2413242.0,2.0,14.0,1.0,1.0,3.0,21.0,96,17.04854166666667,8.58,21.94,17.396041666666665,17.473125,94.94791666666669,1.45,6.029062499999999,32.909479166666664,3159.31,16.2309375,7.048541666666669,13.644305555555556,13.661636904761906,13.879151785714289,14.52145833333333,14.597038690476191,14.684375,84.365,79.36620535714285,80.94207589285713,1.45,1.53,3.82,62.44854166666666,82.54610119047618,86.86925595238095,17985.18,55470.98,116752.28,11.472291666666669,26.170833333333334,54.8475,56.8509375,3.88,142552.69999999998,16,1,8,0.0,2.0,1.0,1.0,1.4142135623730951,4.0,10.0,9.0,9.0,7.0710678118654755,0.0,3.0,1.5,1.5,2.1213203435596424,2.0,-1.0,1.5,1.5,0.7071067811865476,0.0,1.0,0.5,0.5,0.7071067811865476,1873639.0,3229.0,1875253.5,1875253.5,2283.247796451362,2242891.0,170351.0,2328066.5,2328066.5,120456.34728190956,2242891.0,170351.0,2328066.5,2328066.5,120456.34728190956,113.0,-92.0,67.0,67.0,65.05382386916237,21.0,0.04761904535147403,0.6666666349206364,0.14285713265306196,13.999986000014001,2024-01-23,35.0,14.0,7.0,plot_level_next_window
2324,2024-01-23,M45,M,4,5,2847955.0,3593140.0,3593140.0,4.0,12.0,0.0,2.0,3.0,35.0,96,18.293645833333333,13.57,22.75,18.577604166666667,16.361250000000002,82.23156250000001,0.0,4.235833333333333,93.22572916666668,8949.67,15.061666666666667,8.293645833333333,11.875763888888889,10.462544642857145,12.062090773809524,12.589375,12.273392857142856,13.435215773809524,73.98114583333334,70.53050595238095,74.94835565476191,0.0,0.0,1.53,114.10902777777778,117.54267308897242,100.04438713972432,32863.4,78938.71,134409.69,10.359999999999998,14.51927083333333,40.69010416666667,71.37020833333332,3.88,221491.41,23,1,15,2.0,2.0,3.0,2.0,2.0,14.0,-2.0,13.0,10.0,5.291502622129181,3.0,0.0,3.0,2.0,1.7320508075688772,1.0,-1.0,0.5,1.0,1.0,1.0,1.0,1.5,1.0,1.0,1876868.0,971087.0,2362411.5,2199487.3333333335,561591.7936048686,2413242.0,1179898.0,3003191.0,2749757.6666666665,735340.1838158537,2413242.0,1179898.0,3003191.0,2749757.6666666665,735340.1838158537,21.0,14.0,28.0,56.333333333333336,49.57149718672348,21.0,0.09523809070294806,0.5714285442176883,0.3333333055555579,5.9999970000015,2024-01-30,449.0,414.0,7.0,plot_level_next_window
2324,2024-01-30,M45,M,4,5,1562180.0,1824354.0,1824354.0,0.0,5.0,0.0,7.0,7.0,449.0,96,10.5378125,3.12,18.94,10.706666666666663,14.528229166666668,73.83979166666667,0.0,3.861170212765957,173.69726315789475,16501.24,5.218229166666666,0.5378124999999994,12.958368055555557,18.03215773809524,14.247351190476191,16.604305555555552,19.05563988095238,15.664516369047618,73.60635416666666,79.72150297619046,75.12600446428573,0.03,0.22,0.22,167.08516410818714,138.16929652255638,127.8559848057644,47946.83,92676.07,171614.78,8.875104166666668,56.22510416666667,70.744375,127.59531249999998,4.1,314167.48000000004,30,1,22,4.0,-4.0,2.0,2.0,2.0,12.0,-7.0,8.5,10.333333333333334,4.725815626252609,3.0,4.0,5.0,4.333333333333333,2.3094010767585034,0.0,0.0,0.0,0.3333333333333333,0.5773502691896258,2.0,5.0,4.5,3.3333333333333335,3.2145502536643185,2847955.0,-1285775.0,2205067.5,2095667.6666666667,670230.7873086205,3593140.0,-1768786.0,2708747.0,2610245.3333333335,900699.0137983573,3593140.0,-1768786.0,2708747.0,2610245.3333333335,900699.0137983573,35.0,414.0,242.0,168.33333333333334,243.16523874380837,19.0,0.36842103324099823,0.26315788088642733,0.0,0.7142856122449125,2024-02-06,441.0,-8.0,7.0,plot_level_next_window
2324,2024-02-06,M45,M,4,5,2093650.0,2503342.0,2503342.0,3.0,28.0,3.0,13.0,1.0,441.0,96,13.478645833333331,9.5,18.78,13.831145833333332,15.071458333333332,62.14927083333333,0.0,8.390520833333333,182.835625,17552.22,5.745729166666667,3.478645833333333,14.113784722222222,13.057708333333334,15.544933035714283,15.41753472222222,15.240416666666668,17.148028273809523,79.00041666666665,74.52035714285715,77.12093005952381,0.09,0.09,0.31,108.05861111111112,143.0740625,140.6216795112782,31120.880000000005,96145.77,188821.84000000003,12.341354166666669,21.403958333333332,77.6290625,148.99927083333333,4.19,410313.25,37,2,29,0.0,3.0,1.5,2.3333333333333335,2.0816659994661326,5.0,23.0,16.5,15.0,11.789826122551595,7.0,-6.0,4.0,3.6666666666666665,3.0550504633038935,0.0,3.0,1.5,1.0,1.7320508075688772,7.0,6.0,10.0,7.333333333333333,5.507570547286102,1562180.0,531470.0,1827915.0,2167928.3333333335,646097.7408707859,1824354.0,678988.0,2163848.0,2640278.6666666665,892308.6441682236,1824354.0,678988.0,2163848.0,2640278.6666666665,892308.6441682236,449.0,-8.0,445.0,308.3333333333333,236.7474040688373,48.0,0.27083332769097235,0.5833333211805558,0.10714285331632667,2.1538459881656933,2024-02-13,229.0,-212.0,7.0,plot_level_next_window
2324,2024-02-13,M45,M,4,5,2731286.0,3584897.0,3584897.0,4.0,56.0,1.0,17.0,12.0,229.0,96,14.7740625,7.31,18.6,15.086666666666666,17.811770833333334,71.40114583333333,0.0,6.378020833333333,155.10177083333335,14889.77,9.432604166666666,4.774062499999999,19.057222222222222,16.359627976190474,14.708668154761906,19.697187499999995,17.70922619047619,16.474821428571428,75.94555555555554,75.6334375,75.07689732142856,0.43,0.43,0.52,134.2196875,150.30565648496238,146.68985949248122,38655.27,100867.96,197013.73,27.171666666666667,44.51739583333334,65.92135416666667,193.51666666666665,4.619999999999999,511181.21,44,2,36,3.0,1.0,3.5,2.3333333333333335,2.0816659994661326,28.0,28.0,42.0,29.666666666666668,25.540817005987364,1.0,11.0,6.5,6.666666666666667,5.507570547286102,3.0,-2.0,2.0,1.3333333333333333,1.5275252316519468,13.0,4.0,15.0,12.333333333333334,5.033222956847166,2093650.0,637636.0,2412468.0,2129038.6666666665,585355.8559588629,2503342.0,1081555.0,3044119.5,2637531.0,887909.3025208149,2503342.0,1081555.0,3044119.5,2637531.0,887909.3025208149,441.0,-212.0,335.0,373.0,124.77179168385777,90.0,0.18888888679012347,0.6222222153086421,0.07142857015306125,3.2941174532872086,2024-02-20,417.0,188.0,7.0,plot_level_next_window
2324,2024-02-20,M45,M,4,5,,,,,,,,,417.0,96,10.565729166666666,1.1,21.25,10.805833333333332,13.518125,64.6725,0.0,2.3884375,210.61,20218.56,2.3240625,0.5657291666666655,11.053576388888889,12.920684523809523,14.64015625,13.979131944444442,15.29784226190476,16.503534226190474,77.66104166666666,77.97973214285715,76.80658482142857,1.25,1.96,2.39,145.33520833333333,126.33980654761906,138.32273151629073,41856.54000000001,84900.35,185768.31,3.1607291666666644,20.444791666666664,64.9621875,213.9614583333333,6.579999999999999,596081.56,51,2,43,4.0,,4.0,3.5,0.7071067811865462,56.0,,56.0,42.0,19.798989873223334,12.0,,12.0,6.5,7.778174593052023,1.0,,1.0,2.0,1.4142135623730951,17.0,,17.0,15.0,2.8284271247461876,2731286.0,,2731286.0,2412468.0,450876.7395286644,3584897.0,,3584897.0,3044119.5,764774.8747262164,3584897.0,,3584897.0,3044119.5,764774.8747262164,229.0,188.0,323.0,362.3333333333333,116.09191760554795,0.0,,,,,2024-02-27,530.0,113.0,7.0,plot_level_next_window
2324,2024-01-08,M51,M,5,1,1759416.0,2090375.0,2090375.0,2.0,14.0,0.0,3.0,2.0,0.0,96,12.507083333333334,9.08,16.98,12.696458333333332,13.006875,82.47687499999999,0.02,4.230625,23.1853125,2225.79,9.583958333333332,2.507083333333334,15.0565625,12.9471875,12.8146484375,15.378958333333337,14.320357142857144,14.1809765625,81.66697916666666,79.795625,80.13928385416666,0.8600000000000001,1.02,1.02,80.01430555555557,107.7697619047619,109.93813802083334,23044.120000000003,72421.28,84432.49,15.1696875,20.630312499999995,22.5171875,22.5171875,1.02,84432.48999999999,8,1,0,,,2.0,2.0,,,,14.0,14.0,,,,2.0,2.0,,,,0.0,0.0,,,,3.0,3.0,,,,1759416.0,1759416.0,,,,2090375.0,2090375.0,,,,2090375.0,2090375.0,,,,0.0,0.0,,21.0,0.14285713605442207,0.6666666349206364,0.14285713265306196,4.666665111111629,2024-01-16,0.0,0.0,8.0,plot_level_next_window
2324,2024-01-16,M51,M,5,1,1919279.0,2478581.0,2478581.0,3.0,32.0,0.0,3.0,4.0,0.0,96,17.04854166666667,8.58,21.94,17.396041666666665,17.473125,94.94791666666669,1.45,6.029062499999999,32.909479166666664,3159.31,16.2309375,7.048541666666669,13.644305555555556,13.661636904761906,13.879151785714289,14.52145833333333,14.597038690476191,14.684375,84.365,79.36620535714285,80.94207589285713,1.45,1.53,3.82,62.44854166666666,82.54610119047618,86.86925595238095,17985.18,55470.98,116752.28,11.472291666666669,26.170833333333334,54.8475,56.8509375,3.88,142552.69999999998,16,1,8,2.0,1.0,2.5,2.5,0.7071067811865476,14.0,18.0,23.0,23.0,12.727922061357855,2.0,2.0,3.0,3.0,1.4142135623730951,0.0,0.0,0.0,0.0,0.0,3.0,0.0,3.0,3.0,0.0,1759416.0,159863.0,1839347.5,1839347.5,113040.21136082505,2090375.0,388206.0,2284478.0,2284478.0,274503.09509730485,2090375.0,388206.0,2284478.0,2284478.0,274503.09509730485,0.0,0.0,0.0,0.0,0.0,42.0,0.0714285697278912,0.7619047437641728,0.0937499970703126,10.666663111112296,2024-01-23,173.0,173.0,7.0,plot_level_next_window
2324,2024-01-23,M51,M,5,1,2831025.0,3563332.0,3563332.0,9.0,35.0,4.0,3.0,12.0,173.0,96,18.293645833333333,13.57,22.75,18.577604166666667,16.361250000000002,82.23156250000001,0.0,4.235833333333333,93.22572916666668,8949.67,15.061666666666667,8.293645833333333,11.875763888888889,10.462544642857145,12.062090773809524,12.589375,12.273392857142856,13.435215773809524,73.98114583333334,70.53050595238095,74.94835565476191,0.0,0.0,1.53,114.10902777777778,117.54267308897242,100.04438713972432,32863.4,78938.71,134409.69,10.359999999999998,14.51927083333333,40.69010416666667,71.37020833333332,3.88,221491.41,23,1,15,3.0,6.0,6.0,4.666666666666667,3.785938897200183,32.0,3.0,33.5,27.0,11.357816691600547,4.0,8.0,8.0,6.0,5.291502622129181,0.0,4.0,2.0,1.3333333333333333,2.3094010767585034,3.0,0.0,3.0,3.0,0.0,1919279.0,911746.0,2375152.0,2169906.6666666665,578097.8573687447,2478581.0,1084751.0,3020956.5,2710762.6666666665,763434.2314268686,2478581.0,1084751.0,3020956.5,2710762.6666666665,763434.2314268686,0.0,173.0,86.5,57.666666666666664,99.88159656980525,63.0,0.04761904686318973,0.5555555467372135,0.2571428497959186,11.666662777779074,2024-01-30,443.0,270.0,7.0,plot_level_next_window
2324,2024-01-30,M51,M,5,1,2167859.0,2562598.0,2562598.0,3.0,21.0,1.0,9.0,15.0,443.0,96,10.5378125,3.12,18.94,10.706666666666663,14.528229166666668,73.83979166666667,0.0,3.861170212765957,173.69726315789475,16501.24,5.218229166666666,0.5378124999999994,12.958368055555557,18.03215773809524,14.247351190476191,16.604305555555552,19.05563988095238,15.664516369047618,73.60635416666666,79.72150297619046,75.12600446428573,0.03,0.22,0.22,167.08516410818714,138.16929652255638,127.8559848057644,47946.83,92676.07,171614.78,8.875104166666668,56.22510416666667,70.744375,127.59531249999998,4.1,314167.48000000004,30,1,22,9.0,-6.0,6.0,5.0,3.464101615137755,35.0,-14.0,28.0,29.333333333333332,7.371114795831994,12.0,3.0,13.5,10.333333333333334,5.686240703077327,4.0,-3.0,2.5,1.6666666666666667,2.081665999466133,3.0,6.0,6.0,5.0,3.4641016151377544,2831025.0,-663166.0,2499442.0,2306054.3333333335,471321.1800304899,3563332.0,-1000734.0,3062965.0,2868170.3333333335,603491.5253541955,3563332.0,-1000734.0,3062965.0,2868170.3333333335,603491.5253541955,173.0,270.0,308.0,205.33333333333334,223.26292422463104,49.0,0.18367346563931702,0.4285714198250731,0.14285713605442207,2.333333074074103,2024-02-06,511.0,68.0,7.0,plot_level_next_window
2324,2024-02-06,M51,M,5,1,1629604.0,1998699.0,1998699.0,14.0,26.0,4.0,6.0,5.0,511.0,96,13.478645833333331,9.5,18.78,13.831145833333332,15.071458333333332,62.14927083333333,0.0,8.390520833333333,182.835625,17552.22,5.745729166666667,3.478645833333333,14.113784722222222,13.057708333333334,15.544933035714283,15.41753472222222,15.240416666666668,17.148028273809523,79.00041666666665,74.52035714285715,77.12093005952381,0.09,0.09,0.31,108.05861111111112,143.0740625,140.6216795112782,31120.880000000005,96145.77,188821.84000000003,12.341354166666669,21.403958333333332,77.6290625,148.99927083333333,4.19,410313.25,37,2,29,3.0,11.0,8.5,8.666666666666666,5.507570547286103,21.0,5.0,23.5,27.333333333333332,7.094598884597588,15.0,-10.0,10.0,10.666666666666666,5.131601439446883,1.0,3.0,2.5,3.0,1.7320508075688774,9.0,-3.0,7.5,6.0,3.0,2167859.0,-538255.0,1898731.5,2209496.0,601791.7701638999,2562598.0,-563899.0,2280648.5,2708209.6666666665,792414.7741393604,2562598.0,-563899.0,2280648.5,2708209.6666666665,792414.7741393604,443.0,68.0,477.0,375.6666666666667,178.77732891318556,55.0,0.10909090710743806,0.4727272641322316,0.5384615177514801,4.333332611111231,2024-02-13,750.0,239.0,7.0,plot_level_next_window
2324,2024-02-13,M51,M,5,1,2524552.0,3289145.0,3289145.0,6.0,110.0,2.0,10.0,11.0,750.0,96,14.7740625,7.31,18.6,15.086666666666666,17.811770833333334,71.40114583333333,0.0,6.378020833333333,155.10177083333335,14889.77,9.432604166666666,4.774062499999999,19.057222222222222,16.359627976190474,14.708668154761906,19.697187499999995,17.70922619047619,16.474821428571428,75.94555555555554,75.6334375,75.07689732142856,0.43,0.43,0.52,134.2196875,150.30565648496238,146.68985949248122,38655.27,100867.96,197013.73,27.171666666666667,44.51739583333334,65.92135416666667,193.51666666666665,4.619999999999999,511181.21,44,2,36,14.0,-8.0,10.0,7.666666666666667,5.686240703077328,26.0,84.0,68.0,52.333333333333336,50.00333322222963,5.0,6.0,8.0,10.333333333333334,5.033222956847165,4.0,-2.0,3.0,2.3333333333333335,1.5275252316519468,6.0,4.0,8.0,8.333333333333334,2.0816659994661326,1629604.0,894948.0,2077078.0,2107338.3333333335,450533.0664849511,1998699.0,1290446.0,2643922.0,2616814.0,646929.092498552,1998699.0,1290446.0,2643922.0,2616814.0,646929.092498552,511.0,239.0,630.5,568.0,161.24205406778964,139.0,0.07194244552559392,0.7913669007815332,0.05454545404958678,10.999998900000111,2024-02-20,278.0,-472.0,7.0,plot_level_next_window
2324,2024-02-20,M51,M,5,1,1837661.0,2303186.0,2303186.0,0.0,88.0,1.0,10.0,15.0,278.0,96,10.565729166666666,1.1,21.25,10.805833333333332,13.518125,64.6725,0.0,2.3884375,210.61,20218.56,2.3240625,0.5657291666666655,11.053576388888889,12.920684523809523,14.64015625,13.979131944444442,15.29784226190476,16.503534226190474,77.66104166666666,77.97973214285715,76.80658482142857,1.25,1.96,2.39,145.33520833333333,126.33980654761906,138.32273151629073,41856.54000000001,84900.35,185768.31,3.1607291666666644,20.444791666666664,64.9621875,213.9614583333333,6.579999999999999,596081.56,51,2,43,6.0,-6.0,3.0,6.666666666666667,7.023769168568493,110.0,-22.0,99.0,74.66666666666667,43.55838993045236,11.0,4.0,13.0,10.333333333333334,5.033222956847165,2.0,-1.0,1.5,2.3333333333333335,1.5275252316519468,10.0,0.0,10.0,8.666666666666666,2.309401076758503,2524552.0,-686891.0,2181106.5,1997272.3333333333,468337.28654927044,3289145.0,-985959.0,2796165.5,2530343.3333333335,674546.5590263829,3289145.0,-985959.0,2796165.5,2530343.3333333335,674546.5590263829,750.0,-472.0,514.0,513.0,236.00635584661697,114.0,0.08771929747614651,0.7719298177900893,0.0,8.799999120000088,2024-02-27,568.0,290.0,7.0,plot_level_next_window
2324,2024-01-08,M52,M,5,2,3015812.0,3574247.0,3574247.0,9.0,33.0,3.0,5.0,5.0,138.0,96,12.507083333333334,9.08,16.98,12.696458333333332,13.006875,82.47687499999999,0.02,4.230625,23.1853125,2225.79,9.583958333333332,2.507083333333334,15.0565625,12.9471875,12.8146484375,15.378958333333337,14.320357142857144,14.1809765625,81.66697916666666,79.795625,80.13928385416666,0.8600000000000001,1.02,1.02,80.01430555555557,107.7697619047619,109.93813802083334,23044.120000000003,72421.28,84432.49,15.1696875,20.630312499999995,22.5171875,22.5171875,1.02,84432.48999999999,8,1,0,,,9.0,9.0,,,,33.0,33.0,,,,5.0,5.0,,,,3.0,3.0,,,,5.0,5.0,,,,3015812.0,3015812.0,,,,3574247.0,3574247.0,,,,3574247.0,3574247.0,,,,138.0,138.0,,55.0,0.09090908925619838,0.5999999890909093,0.2727272644628102,6.5999986800002635,2024-01-16,60.0,-78.0,8.0,plot_level_next_window
2324,2024-01-16,M52,M,5,2,1989489.0,2572175.0,2572175.0,9.0,31.0,0.0,2.0,10.0,60.0,96,17.04854166666667,8.58,21.94,17.396041666666665,17.473125,94.94791666666669,1.45,6.029062499999999,32.909479166666664,3159.31,16.2309375,7.048541666666669,13.644305555555556,13.661636904761906,13.879151785714289,14.52145833333333,14.597038690476191,14.684375,84.365,79.36620535714285,80.94207589285713,1.45,1.53,3.82,62.44854166666666,82.54610119047618,86.86925595238095,17985.18,55470.98,116752.28,11.472291666666669,26.170833333333334,54.8475,56.8509375,3.88,142552.69999999998,16,1,8,9.0,0.0,9.0,9.0,0.0,33.0,-2.0,32.0,32.0,1.4142135623730951,5.0,5.0,7.5,7.5,3.5355339059327378,3.0,-3.0,1.5,1.5,2.1213203435596424,5.0,-3.0,3.5,3.5,2.1213203435596424,3015812.0,-1026323.0,2502650.5,2502650.5,725719.952987721,3574247.0,-1002072.0,3073211.0,3073211.0,708571.906437166,3574247.0,-1002072.0,3073211.0,3073211.0,708571.906437166,138.0,-78.0,99.0,99.0,55.154328932550705,52.0,0.03846153772189351,0.5961538346893493,0.29032257127991706,15.499992250003874,2024-01-23,218.0,158.0,7.0,plot_level_next_window
2324,2024-01-23,M52,M,5,2,2507065.0,3211732.0,3211732.0,5.0,32.0,3.0,3.0,15.0,218.0,96,18.293645833333333,13.57,22.75,18.577604166666667,16.361250000000002,82.23156250000001,0.0,4.235833333333333,93.22572916666668,8949.67,15.061666666666667,8.293645833333333,11.875763888888889,10.462544642857145,12.062090773809524,12.589375,12.273392857142856,13.435215773809524,73.98114583333334,70.53050595238095,74.94835565476191,0.0,0.0,1.53,114.10902777777778,117.54267308897242,100.04438713972432,32863.4,78938.71,134409.69,10.359999999999998,14.51927083333333,40.69010416666667,71.37020833333332,3.88,221491.41,23,1,15,9.0,-4.0,7.0,7.666666666666667,2.3094010767585034,31.0,1.0,31.5,32.0,1.0,10.0,5.0,12.5,10.0,5.0,0.0,3.0,1.5,2.0,1.7320508075688772,2.0,1.0,2.5,3.3333333333333335,1.5275252316519468,1989489.0,517576.0,2248277.0,2504122.0,513167.8292907692,2572175.0,639557.0,2891953.5,3119384.6666666665,507378.6512815979,2572175.0,639557.0,2891953.5,3119384.6666666665,507378.6512815979,60.0,158.0,139.0,138.66666666666666,79.00210967647214,58.0,0.05172413703923902,0.5517241284185496,0.15624999511718765,10.666663111112296,2024-01-30,663.0,445.0,7.0,plot_level_next_window
2324,2024-01-30,M52,M,5,2,2170845.0,2566667.0,2566667.0,3.0,18.0,2.0,12.0,12.0,663.0,96,10.5378125,3.12,18.94,10.706666666666663,14.528229166666668,73.83979166666667,0.0,3.861170212765957,173.69726315789475,16501.24,5.218229166666666,0.5378124999999994,12.958368055555557,18.03215773809524,14.247351190476191,16.604305555555552,19.05563988095238,15.664516369047618,73.60635416666666,79.72150297619046,75.12600446428573,0.03,0.22,0.22,167.08516410818714,138.16929652255638,127.8559848057644,47946.83,92676.07,171614.78,8.875104166666668,56.22510416666667,70.744375,127.59531249999998,4.1,314167.48000000004,30,1,22,5.0,-2.0,4.0,5.666666666666667,3.0550504633038935,32.0,-14.0,25.0,27.0,7.810249675906654,15.0,-3.0,13.5,12.333333333333334,2.5166114784235836,3.0,-1.0,2.5,1.6666666666666667,1.5275252316519468,3.0,9.0,7.5,5.666666666666667,5.507570547286102,2507065.0,-336220.0,2338955.0,2222466.3333333335,262621.02064635523,3211732.0,-645065.0,2889199.5,2783524.6666666665,370848.6547856595,3211732.0,-645065.0,2889199.5,2783524.6666666665,370848.6547856595,218.0,445.0,440.5,313.6666666666667,312.67608372456846,47.0,0.25531914350384805,0.38297871525577204,0.1666666574074079,1.4999998750000105,2024-02-06,1077.0,414.0,7.0,plot_level_next_window
2324,2024-02-06,M52,M,5,2,2342651.0,3003407.0,3003407.0,2.0,29.0,3.0,27.0,9.0,1077.0,96,13.478645833333331,9.5,18.78,13.831145833333332,15.071458333333332,62.14927083333333,0.0,8.390520833333333,182.835625,17552.22,5.745729166666667,3.478645833333333,14.113784722222222,13.057708333333334,15.544933035714283,15.41753472222222,15.240416666666668,17.148028273809523,79.00041666666665,74.52035714285715,77.12093005952381,0.09,0.09,0.31,108.05861111111112,143.0740625,140.6216795112782,31120.880000000005,96145.77,188821.84000000003,12.341354166666669,21.403958333333332,77.6290625,148.99927083333333,4.19,410313.25,37,2,29,3.0,-1.0,2.5,3.3333333333333335,1.5275252316519479,18.0,11.0,23.5,26.333333333333332,7.371114795831994,12.0,-3.0,10.5,12.0,3.0,2.0,1.0,2.5,2.6666666666666665,0.5773502691896258,12.0,15.0,19.5,14.0,12.12435565298214,2170845.0,171806.0,2256748.0,2340187.0,168123.54258699162,2566667.0,436740.0,2785037.0,2927268.6666666665,329203.5812507715,2566667.0,436740.0,2785037.0,2927268.6666666665,329203.5812507715,663.0,414.0,870.0,652.6666666666666,429.59321844430156,70.0,0.3857142802040817,0.414285708367347,0.06896551486325811,1.0740740342935542,2024-02-13,734.0,-343.0,7.0,plot_level_next_window
2324,2024-02-13,M52,M,5,2,2454691.0,3189928.0,3189928.0,4.0,70.0,3.0,25.0,15.0,734.0,96,14.7740625,7.31,18.6,15.086666666666666,17.811770833333334,71.40114583333333,0.0,6.378020833333333,155.10177083333335,14889.77,9.432604166666666,4.774062499999999,19.057222222222222,16.359627976190474,14.708668154761906,19.697187499999995,17.70922619047619,16.474821428571428,75.94555555555554,75.6334375,75.07689732142856,0.43,0.43,0.52,134.2196875,150.30565648496238,146.68985949248122,38655.27,100867.96,197013.73,27.171666666666667,44.51739583333334,65.92135416666667,193.51666666666665,4.619999999999999,511181.21,44,2,36,2.0,2.0,3.0,3.0,1.000000000000002,29.0,41.0,49.5,39.0,27.40437921208944,9.0,6.0,12.0,12.0,3.0,3.0,0.0,3.0,2.6666666666666665,0.5773502691896258,27.0,-2.0,26.0,21.333333333333332,8.144527815247079,2342651.0,112040.0,2398671.0,2322729.0,142967.83726419025,3003407.0,186521.0,3096667.5,2920000.6666666665,319892.2175676259,3003407.0,186521.0,3096667.5,2920000.6666666665,319892.2175676259,1077.0,-343.0,905.5,824.6666666666666,221.3918095443763,117.0,0.21367521184892982,0.5982905931770035,0.05714285632653063,2.7999998880000043,2024-02-20,305.0,-429.0,7.0,plot_level_next_window
2324,2024-02-20,M52,M,5,2,2111028.0,2745716.0,2745716.0,5.0,67.0,2.0,5.0,11.0,305.0,96,10.565729166666666,1.1,21.25,10.805833333333332,13.518125,64.6725,0.0,2.3884375,210.61,20218.56,2.3240625,0.5657291666666655,11.053576388888889,12.920684523809523,14.64015625,13.979131944444442,15.29784226190476,16.503534226190474,77.66104166666666,77.97973214285715,76.80658482142857,1.25,1.96,2.39,145.33520833333333,126.33980654761906,138.32273151629073,41856.54000000001,84900.35,185768.31,3.1607291666666644,20.444791666666664,64.9621875,213.9614583333333,6.579999999999999,596081.56,51,2,43,4.0,1.0,4.5,3.6666666666666665,1.527525231651948,70.0,-3.0,68.5,55.333333333333336,22.854612955229264,15.0,-4.0,13.0,11.666666666666666,3.055050463303893,3.0,-1.0,2.5,2.6666666666666665,0.5773502691896257,25.0,-20.0,15.0,19.0,12.165525060596439,2454691.0,-343663.0,2282859.5,2302790.0,175264.76794552858,3189928.0,-444212.0,2967822.0,2979683.6666666665,223054.1921693769,3189928.0,-444212.0,2967822.0,2979683.6666666665,223054.1921693769,734.0,-429.0,519.5,705.3333333333334,386.79753532479157,90.0,0.05555555493827161,0.7444444361728396,0.074626864557808,13.399997320000535,2024-02-27,474.0,169.0,7.0,plot_level_next_window
2324,2024-01-08,M53,M,5,3,1458183.0,1796975.0,1796975.0,1.0,9.0,4.0,4.0,0.0,45.0,96,12.507083333333334,9.08,16.98,12.696458333333332,13.006875,82.47687499999999,0.02,4.230625,23.1853125,2225.79,9.583958333333332,2.507083333333334,15.0565625,12.9471875,12.8146484375,15.378958333333337,14.320357142857144,14.1809765625,81.66697916666666,79.795625,80.13928385416666,0.8600000000000001,1.02,1.02,80.01430555555557,107.7697619047619,109.93813802083334,23044.120000000003,72421.28,84432.49,15.1696875,20.630312499999995,22.5171875,22.5171875,1.02,84432.48999999999,8,1,0,,,1.0,1.0,,,,9.0,9.0,,,,0.0,0.0,,,,4.0,4.0,,,,4.0,4.0,,,,1458183.0,1458183.0,,,,1796975.0,1796975.0,,,,1796975.0,1796975.0,,,,45.0,45.0,,18.0,0.2222222098765439,0.49999997222222375,0.11111109876543349,2.2499994375001404,2024-01-16,54.0,9.0,8.0,plot_level_next_window
2324,2024-01-16,M53,M,5,3,2289336.0,3013968.0,3013968.0,1.0,17.0,0.0,0.0,4.0,54.0,96,17.04854166666667,8.58,21.94,17.396041666666665,17.473125,94.94791666666669,1.45,6.029062499999999,32.909479166666664,3159.31,16.2309375,7.048541666666669,13.644305555555556,13.661636904761906,13.879151785714289,14.52145833333333,14.597038690476191,14.684375,84.365,79.36620535714285,80.94207589285713,1.45,1.53,3.82,62.44854166666666,82.54610119047618,86.86925595238095,17985.18,55470.98,116752.28,11.472291666666669,26.170833333333334,54.8475,56.8509375,3.88,142552.69999999998,16,1,8,1.0,0.0,1.0,1.0,0.0,9.0,8.0,13.0,13.0,5.656854249492381,0.0,4.0,2.0,2.0,2.8284271247461903,4.0,-4.0,2.0,2.0,2.8284271247461903,4.0,-4.0,2.0,2.0,2.8284271247461903,1458183.0,831153.0,1873759.5,1873759.5,587713.9225035425,1796975.0,1216993.0,2405471.5,2405471.5,860544.00295656,1796975.0,1216993.0,2405471.5,2405471.5,860544.00295656,45.0,9.0,49.5,49.5,6.363961030678928,22.0,0.0,0.7727272376033073,0.05882352595155729,17000000.0,2024-01-23,34.0,-20.0,7.0,plot_level_next_window
2324,2024-01-23,M53,M,5,3,2130183.0,2738520.0,2738520.0,1.0,31.0,2.0,1.0,4.0,34.0,96,18.293645833333333,13.57,22.75,18.577604166666667,16.361250000000002,82.23156250000001,0.0,4.235833333333333,93.22572916666668,8949.67,15.061666666666667,8.293645833333333,11.875763888888889,10.462544642857145,12.062090773809524,12.589375,12.273392857142856,13.435215773809524,73.98114583333334,70.53050595238095,74.94835565476191,0.0,0.0,1.53,114.10902777777778,117.54267308897242,100.04438713972432,32863.4,78938.71,134409.69,10.359999999999998,14.51927083333333,40.69010416666667,71.37020833333332,3.88,221491.41,23,1,15,1.0,0.0,1.0,1.0,0.0,17.0,14.0,24.0,19.0,11.135528725660043,4.0,0.0,4.0,2.6666666666666665,2.3094010767585034,0.0,2.0,1.0,2.0,2.0,0.0,1.0,0.5,1.6666666666666667,2.0816659994661326,2289336.0,-159153.0,2209759.5,1959234.0,441159.2658020457,3013968.0,-275448.0,2876244.0,2516487.6666666665,638154.9641711905,3013968.0,-275448.0,2876244.0,2516487.6666666665,638154.9641711905,54.0,-20.0,44.0,44.333333333333336,10.016652800877814,39.0,0.025641024983563465,0.7948717744904674,0.032258063475546335,30.999969000031,2024-01-30,303.0,269.0,7.0,plot_level_next_window
2324,2024-01-30,M53,M,5,3,2063245.0,2399067.0,2399067.0,0.0,10.0,3.0,5.0,10.0,303.0,96,10.5378125,3.12,18.94,10.706666666666663,14.528229166666668,73.83979166666667,0.0,3.861170212765957,173.69726315789475,16501.24,5.218229166666666,0.5378124999999994,12.958368055555557,18.03215773809524,14.247351190476191,16.604305555555552,19.05563988095238,15.664516369047618,73.60635416666666,79.72150297619046,75.12600446428573,0.03,0.22,0.22,167.08516410818714,138.16929652255638,127.8559848057644,47946.83,92676.07,171614.78,8.875104166666668,56.22510416666667,70.744375,127.59531249999998,4.1,314167.48000000004,30,1,22,1.0,-1.0,0.5,0.6666666666666666,0.5773502691896258,31.0,-21.0,20.5,19.333333333333332,10.692676621563626,4.0,6.0,7.0,6.0,3.4641016151377544,2.0,1.0,2.5,1.6666666666666667,1.5275252316519468,1.0,4.0,3.0,2.0,2.6457513110645907,2130183.0,-66938.0,2096714.0,2160921.3333333335,116137.50006924268,2738520.0,-339453.0,2568793.5,2717185.0,308005.1892728435,2738520.0,-339453.0,2568793.5,2717185.0,308005.1892728435,34.0,269.0,168.5,130.33333333333334,149.867719450632,28.0,0.17857142219387778,0.35714284438775556,0.0,1.99999960000008,2024-02-06,435.0,132.0,7.0,plot_level_next_window
2324,2024-02-06,M53,M,5,3,2184883.0,2725622.0,2725622.0,7.0,21.0,8.0,25.0,7.0,435.0,96,13.478645833333331,9.5,18.78,13.831145833333332,15.071458333333332,62.14927083333333,0.0,8.390520833333333,182.835625,17552.22,5.745729166666667,3.478645833333333,14.113784722222222,13.057708333333334,15.544933035714283,15.41753472222222,15.240416666666668,17.148028273809523,79.00041666666665,74.52035714285715,77.12093005952381,0.09,0.09,0.31,108.05861111111112,143.0740625,140.6216795112782,31120.880000000005,96145.77,188821.84000000003,12.341354166666669,21.403958333333332,77.6290625,148.99927083333333,4.19,410313.25,37,2,29,0.0,7.0,3.5,2.6666666666666665,3.785938897200183,10.0,11.0,15.5,20.666666666666668,10.503967504392486,10.0,-3.0,8.5,7.0,3.0,3.0,5.0,5.5,4.333333333333333,3.2145502536643185,5.0,20.0,15.0,10.333333333333334,12.858201014657274,2063245.0,121638.0,2124064.0,2126103.6666666665,60921.519033370736,2399067.0,326555.0,2562344.5,2621069.6666666665,192368.07844944927,2399067.0,326555.0,2562344.5,2621069.6666666665,192368.07844944927,303.0,132.0,369.0,257.3333333333333,204.36323870337674,68.0,0.3676470534169551,0.3088235248702423,0.3333333174603182,0.8399999664000013,2024-02-13,594.0,159.0,7.0,plot_level_next_window
2324,2024-02-13,M53,M,5,3,1987723.0,2623681.0,2623681.0,3.0,47.0,4.0,25.0,6.0,594.0,96,14.7740625,7.31,18.6,15.086666666666666,17.811770833333334,71.40114583333333,0.0,6.378020833333333,155.10177083333335,14889.77,9.432604166666666,4.774062499999999,19.057222222222222,16.359627976190474,14.708668154761906,19.697187499999995,17.70922619047619,16.474821428571428,75.94555555555554,75.6334375,75.07689732142856,0.43,0.43,0.52,134.2196875,150.30565648496238,146.68985949248122,38655.27,100867.96,197013.73,27.171666666666667,44.51739583333334,65.92135416666667,193.51666666666665,4.619999999999999,511181.21,44,2,36,7.0,-4.0,5.0,3.3333333333333335,3.511884584284247,21.0,26.0,34.0,26.0,19.0,7.0,-1.0,6.5,7.666666666666667,2.081665999466133,8.0,-4.0,6.0,5.0,2.6457513110645907,25.0,0.0,25.0,18.333333333333332,11.547005383792516,2184883.0,-197160.0,2086303.0,2078617.0,99474.82187971014,2725622.0,-101941.0,2674651.5,2582790.0,167073.62872997078,2725622.0,-101941.0,2674651.5,2582790.0,167073.62872997078,435.0,159.0,514.5,444.0,145.70861333497075,85.0,0.294117643598616,0.552941169965398,0.06382978587596201,1.879999924800003,2024-02-20,340.0,-254.0,7.0,plot_level_next_window
2324,2024-02-20,M53,M,5,3,3287658.0,4210924.0,4210924.0,3.0,76.0,3.0,14.0,21.0,340.0,96,10.565729166666666,1.1,21.25,10.805833333333332,13.518125,64.6725,0.0,2.3884375,210.61,20218.56,2.3240625,0.5657291666666655,11.053576388888889,12.920684523809523,14.64015625,13.979131944444442,15.29784226190476,16.503534226190474,77.66104166666666,77.97973214285715,76.80658482142857,1.25,1.96,2.39,145.33520833333333,126.33980654761906,138.32273151629073,41856.54000000001,84900.35,185768.31,3.1607291666666644,20.444791666666664,64.9621875,213.9614583333333,6.579999999999999,596081.56,51,2,43,3.0,0.0,3.0,4.333333333333333,2.309401076758504,47.0,29.0,61.5,48.0,27.51363298439521,6.0,15.0,13.5,11.333333333333334,8.386497083606084,4.0,-1.0,3.5,5.0,2.6457513110645907,25.0,-11.0,19.5,21.333333333333332,6.350852961085883,1987723.0,1299935.0,2637690.5,2486754.6666666665,700573.0714267663,2623681.0,1587243.0,3417302.5,3186742.3333333335,888430.6706898031,2623681.0,1587243.0,3417302.5,3186742.3333333335,888430.6706898031,594.0,-254.0,467.0,456.3333333333333,128.33679649006885,117.0,0.1196581186354007,0.6495726440207467,0.03947368369113574,5.4285710408163546,2024-02-27,426.0,86.0,7.0,plot_level_next_window
2324,2024-01-08,M54,M,5,4,1472602.0,1781971.0,1781971.0,1.0,10.0,0.0,0.0,0.0,7.0,96,12.507083333333334,9.08,16.98,12.696458333333332,13.006875,82.47687499999999,0.02,4.230625,23.1853125,2225.79,9.583958333333332,2.507083333333334,15.0565625,12.9471875,12.8146484375,15.378958333333337,14.320357142857144,14.1809765625,81.66697916666666,79.795625,80.13928385416666,0.8600000000000001,1.02,1.02,80.01430555555557,107.7697619047619,109.93813802083334,23044.120000000003,72421.28,84432.49,15.1696875,20.630312499999995,22.5171875,22.5171875,1.02,84432.48999999999,8,1,0,,,1.0,1.0,,,,10.0,10.0,,,,0.0,0.0,,,,0.0,0.0,,,,0.0,0.0,,,,1472602.0,1472602.0,,,,1781971.0,1781971.0,,,,1781971.0,1781971.0,,,,7.0,7.0,,11.0,0.0,0.9090908264462886,0.09999999000000101,10000000.0,2024-01-16,35.0,28.0,8.0,plot_level_next_window
2324,2024-01-16,M54,M,5,4,1251767.0,1621149.0,1621149.0,2.0,17.0,2.0,2.0,2.0,35.0,96,17.04854166666667,8.58,21.94,17.396041666666665,17.473125,94.94791666666669,1.45,6.029062499999999,32.909479166666664,3159.31,16.2309375,7.048541666666669,13.644305555555556,13.661636904761906,13.879151785714289,14.52145833333333,14.597038690476191,14.684375,84.365,79.36620535714285,80.94207589285713,1.45,1.53,3.82,62.44854166666666,82.54610119047618,86.86925595238095,17985.18,55470.98,116752.28,11.472291666666669,26.170833333333334,54.8475,56.8509375,3.88,142552.69999999998,16,1,8,1.0,1.0,1.5,1.5,0.7071067811865476,10.0,7.0,13.5,13.5,4.949747468305833,0.0,2.0,1.0,1.0,1.4142135623730951,0.0,2.0,1.0,1.0,1.4142135623730951,0.0,2.0,1.0,1.0,1.4142135623730951,1472602.0,-220835.0,1362184.5,1362184.5,156153.9260233312,1781971.0,-160822.0,1701560.0,1701560.0,113718.32676398294,1781971.0,-160822.0,1701560.0,1701560.0,113718.32676398294,7.0,28.0,21.0,21.0,19.79898987322333,25.0,0.07999999680000013,0.679999972800001,0.11764705190311459,8.499995750002125,2024-01-23,116.0,81.0,7.0,plot_level_next_window
2324,2024-01-23,M54,M,5,4,2023885.0,2547629.0,2547629.0,7.0,24.0,0.0,7.0,6.0,116.0,96,18.293645833333333,13.57,22.75,18.577604166666667,16.361250000000002,82.23156250000001,0.0,4.235833333333333,93.22572916666668,8949.67,15.061666666666667,8.293645833333333,11.875763888888889,10.462544642857145,12.062090773809524,12.589375,12.273392857142856,13.435215773809524,73.98114583333334,70.53050595238095,74.94835565476191,0.0,0.0,1.53,114.10902777777778,117.54267308897242,100.04438713972432,32863.4,78938.71,134409.69,10.359999999999998,14.51927083333333,40.69010416666667,71.37020833333332,3.88,221491.41,23,1,15,2.0,5.0,4.5,3.3333333333333335,3.2145502536643185,17.0,7.0,20.5,17.0,7.0,2.0,4.0,4.0,2.6666666666666665,3.055050463303893,2.0,-2.0,1.0,0.6666666666666666,1.1547005383792517,2.0,5.0,4.5,3.0,3.605551275463989,1251767.0,772118.0,1637826.0,1582751.3333333333,397669.72251647897,1621149.0,926480.0,2084389.0,1983583.0,495052.36744005175,1621149.0,926480.0,2084389.0,1983583.0,495052.36744005175,35.0,81.0,75.5,52.666666666666664,56.606831154316815,44.0,0.1590909054752067,0.5454545330578515,0.2916666545138894,3.42857093877558,2024-01-30,266.0,150.0,7.0,plot_level_next_window
2324,2024-01-30,M54,M,5,4,1547478.0,1790785.0,1790785.0,1.0,5.0,0.0,6.0,5.0,266.0,96,10.5378125,3.12,18.94,10.706666666666663,14.528229166666668,73.83979166666667,0.0,3.861170212765957,173.69726315789475,16501.24,5.218229166666666,0.5378124999999994,12.958368055555557,18.03215773809524,14.247351190476191,16.604305555555552,19.05563988095238,15.664516369047618,73.60635416666666,79.72150297619046,75.12600446428573,0.03,0.22,0.22,167.08516410818714,138.16929652255638,127.8559848057644,47946.83,92676.07,171614.78,8.875104166666668,56.22510416666667,70.744375,127.59531249999998,4.1,314167.48000000004,30,1,22,7.0,-6.0,4.0,3.3333333333333335,3.2145502536643185,24.0,-19.0,14.5,15.333333333333334,9.60902353693305,6.0,-1.0,5.5,4.333333333333333,2.0816659994661326,0.0,0.0,0.0,0.6666666666666666,1.1547005383792517,7.0,-1.0,6.5,5.0,2.6457513110645907,2023885.0,-476407.0,1785681.5,1607710.0,389567.03126548073,2547629.0,-756844.0,2169207.0,1986521.0,493280.58331136446,2547629.0,-756844.0,2169207.0,1986521.0,493280.58331136446,116.0,150.0,191.0,139.0,117.20494870098275,17.0,0.35294115570934376,0.2941176297577865,0.199999960000008,0.8333331944444675,2024-02-06,328.0,62.0,7.0,plot_level_next_window
2324,2024-02-06,M54,M,5,4,1448359.0,1802954.0,1802954.0,8.0,37.0,1.0,10.0,5.0,328.0,96,13.478645833333331,9.5,18.78,13.831145833333332,15.071458333333332,62.14927083333333,0.0,8.390520833333333,182.835625,17552.22,5.745729166666667,3.478645833333333,14.113784722222222,13.057708333333334,15.544933035714283,15.41753472222222,15.240416666666668,17.148028273809523,79.00041666666665,74.52035714285715,77.12093005952381,0.09,0.09,0.31,108.05861111111112,143.0740625,140.6216795112782,31120.880000000005,96145.77,188821.84000000003,12.341354166666669,21.403958333333332,77.6290625,148.99927083333333,4.19,410313.25,37,2,29,1.0,7.0,4.5,5.333333333333333,3.785938897200183,5.0,32.0,21.0,22.0,16.09347693943108,5.0,0.0,5.0,5.333333333333333,0.577350269189625,0.0,1.0,0.5,0.3333333333333333,0.5773502691896258,6.0,4.0,8.0,7.666666666666667,2.0816659994661326,1547478.0,-99119.0,1497918.5,1673240.6666666667,307684.46566951246,1790785.0,12169.0,1796869.5,2047122.6666666667,433493.90240271355,1790785.0,12169.0,1796869.5,2047122.6666666667,433493.90240271355,266.0,62.0,297.0,236.66666666666666,109.00152904126315,61.0,0.16393442354205864,0.6065573671056169,0.21621621037253486,3.699999630000037,2024-02-13,325.0,-3.0,7.0,plot_level_next_window
2324,2024-02-13,M54,M,5,4,1967084.0,2605133.0,2605133.0,6.0,71.0,2.0,17.0,17.0,325.0,96,14.7740625,7.31,18.6,15.086666666666666,17.811770833333334,71.40114583333333,0.0,6.378020833333333,155.10177083333335,14889.77,9.432604166666666,4.774062499999999,19.057222222222222,16.359627976190474,14.708668154761906,19.697187499999995,17.70922619047619,16.474821428571428,75.94555555555554,75.6334375,75.07689732142856,0.43,0.43,0.52,134.2196875,150.30565648496238,146.68985949248122,38655.27,100867.96,197013.73,27.171666666666667,44.51739583333334,65.92135416666667,193.51666666666665,4.619999999999999,511181.21,44,2,36,8.0,-2.0,7.0,5.0,3.6055512754639896,37.0,34.0,54.0,37.666666666666664,33.005050118630834,5.0,12.0,11.0,9.0,6.928203230275509,1.0,1.0,1.5,1.0,1.0,10.0,7.0,13.5,11.0,5.5677643628300215,1448359.0,518725.0,1707721.5,1654307.0,275369.2663261463,1802954.0,802179.0,2204043.5,2066290.6666666667,466690.8144417815,1802954.0,802179.0,2204043.5,2066290.6666666667,466690.8144417815,328.0,-3.0,326.5,306.3333333333333,34.96188400720612,113.0,0.15044247654475684,0.628318578510455,0.08450704106328112,4.176470342560568,2024-02-20,156.0,-169.0,7.0,plot_level_next_window
2324,2024-02-20,M54,M,5,4,1905805.0,2432382.0,2432382.0,5.0,87.0,2.0,8.0,17.0,156.0,96,10.565729166666666,1.1,21.25,10.805833333333332,13.518125,64.6725,0.0,2.3884375,210.61,20218.56,2.3240625,0.5657291666666655,11.053576388888889,12.920684523809523,14.64015625,13.979131944444442,15.29784226190476,16.503534226190474,77.66104166666666,77.97973214285715,76.80658482142857,1.25,1.96,2.39,145.33520833333333,126.33980654761906,138.32273151629073,41856.54000000001,84900.35,185768.31,3.1607291666666644,20.444791666666664,64.9621875,213.9614583333333,6.579999999999999,596081.56,51,2,43,6.0,-1.0,5.5,6.333333333333333,1.5275252316519472,71.0,16.0,79.0,65.0,25.5342906696074,17.0,0.0,17.0,13.0,6.928203230275509,2.0,0.0,2.0,1.6666666666666667,0.5773502691896257,17.0,-9.0,12.5,11.666666666666666,4.725815626252608,1967084.0,-61279.0,1936444.5,1773749.3333333333,283457.10562681867,2605133.0,-172751.0,2518757.5,2280156.3333333335,422199.3334958421,2605133.0,-172751.0,2518757.5,2280156.3333333335,422199.3334958421,325.0,-169.0,240.5,269.6666666666667,98.44964872122875,119.0,0.06722689019137067,0.731092430831156,0.057471263707226855,10.87499864062517,2024-02-27,299.0,143.0,7.0,plot_level_next_window
2324,2024-01-08,M55,M,5,5,1651125.0,2024686.0,2024686.0,9.0,16.0,0.0,4.0,1.0,154.0,96,12.507083333333334,9.08,16.98,12.696458333333332,13.006875,82.47687499999999,0.02,4.230625,23.1853125,2225.79,9.583958333333332,2.507083333333334,15.0565625,12.9471875,12.8146484375,15.378958333333337,14.320357142857144,14.1809765625,81.66697916666666,79.795625,80.13928385416666,0.8600000000000001,1.02,1.02,80.01430555555557,107.7697619047619,109.93813802083334,23044.120000000003,72421.28,84432.49,15.1696875,20.630312499999995,22.5171875,22.5171875,1.02,84432.48999999999,8,1,0,,,9.0,9.0,,,,16.0,16.0,,,,1.0,1.0,,,,0.0,0.0,,,,4.0,4.0,,,,1651125.0,1651125.0,,,,2024686.0,2024686.0,,,,2024686.0,2024686.0,,,,154.0,154.0,,30.0,0.13333332888888902,0.5333333155555561,0.5624999648437522,3.99999900000025,2024-01-16,117.0,-37.0,8.0,plot_level_next_window
2324,2024-01-16,M55,M,5,5,2593845.0,3293639.0,3293639.0,5.0,22.0,1.0,9.0,2.0,117.0,96,17.04854166666667,8.58,21.94,17.396041666666665,17.473125,94.94791666666669,1.45,6.029062499999999,32.909479166666664,3159.31,16.2309375,7.048541666666669,13.644305555555556,13.661636904761906,13.879151785714289,14.52145833333333,14.597038690476191,14.684375,84.365,79.36620535714285,80.94207589285713,1.45,1.53,3.82,62.44854166666666,82.54610119047618,86.86925595238095,17985.18,55470.98,116752.28,11.472291666666669,26.170833333333334,54.8475,56.8509375,3.88,142552.69999999998,16,1,8,9.0,-4.0,7.0,7.0,2.8284271247461903,16.0,6.0,19.0,19.0,4.242640687119285,1.0,1.0,1.5,1.5,0.7071067811865476,0.0,1.0,0.5,0.5,0.7071067811865476,4.0,5.0,6.5,6.5,3.5355339059327378,1651125.0,942720.0,2122485.0,2122485.0,666603.7047601821,2024686.0,1268953.0,2659162.5,2659162.5,897285.271307013,2024686.0,1268953.0,2659162.5,2659162.5,897285.271307013,154.0,-37.0,135.5,135.5,26.16295090390226,39.0,0.2307692248520712,0.5641025496383962,0.2272727169421492,2.4444441728395367,2024-01-23,46.0,-71.0,7.0,plot_level_next_window
2324,2024-01-23,M55,M,5,5,3044367.0,3782451.0,3782451.0,3.0,40.0,0.0,3.0,1.0,46.0,96,18.293645833333333,13.57,22.75,18.577604166666667,16.361250000000002,82.23156250000001,0.0,4.235833333333333,93.22572916666668,8949.67,15.061666666666667,8.293645833333333,11.875763888888889,10.462544642857145,12.062090773809524,12.589375,12.273392857142856,13.435215773809524,73.98114583333334,70.53050595238095,74.94835565476191,0.0,0.0,1.53,114.10902777777778,117.54267308897242,100.04438713972432,32863.4,78938.71,134409.69,10.359999999999998,14.51927083333333,40.69010416666667,71.37020833333332,3.88,221491.41,23,1,15,5.0,-2.0,4.0,5.666666666666667,3.0550504633038935,22.0,18.0,31.0,26.0,12.489995996796797,2.0,-1.0,1.5,1.3333333333333333,0.5773502691896257,1.0,-1.0,0.5,0.3333333333333333,0.5773502691896258,9.0,-6.0,6.0,5.333333333333333,3.214550253664318,2593845.0,450522.0,2819106.0,2429779.0,710963.4708675264,3293639.0,488812.0,3538045.0,3033592.0,907277.6755012767,3293639.0,488812.0,3538045.0,3033592.0,907277.6755012767,117.0,-71.0,81.5,105.66666666666667,54.88472768752099,47.0,0.06382978587596201,0.8510638116794934,0.07499999812500005,13.33332888889037,2024-01-30,366.0,320.0,7.0,plot_level_next_window
2324,2024-01-30,M55,M,5,5,2144943.0,2552227.0,2552227.0,0.0,9.0,1.0,4.0,10.0,366.0,96,10.5378125,3.12,18.94,10.706666666666663,14.528229166666668,73.83979166666667,0.0,3.861170212765957,173.69726315789475,16501.24,5.218229166666666,0.5378124999999994,12.958368055555557,18.03215773809524,14.247351190476191,16.604305555555552,19.05563988095238,15.664516369047618,73.60635416666666,79.72150297619046,75.12600446428573,0.03,0.22,0.22,167.08516410818714,138.16929652255638,127.8559848057644,47946.83,92676.07,171614.78,8.875104166666668,56.22510416666667,70.744375,127.59531249999998,4.1,314167.48000000004,30,1,22,3.0,-3.0,1.5,2.6666666666666665,2.5166114784235836,40.0,-31.0,24.5,23.666666666666668,15.56705923844749,1.0,9.0,5.5,4.333333333333333,4.932882862316247,0.0,1.0,0.5,0.6666666666666666,0.5773502691896258,3.0,1.0,3.5,5.333333333333333,3.214550253664318,3044367.0,-899424.0,2594655.0,2594385.0,449712.2431555539,3782451.0,-1230224.0,3167339.0,3209439.0,619419.0847431164,3782451.0,-1230224.0,3167339.0,3209439.0,619419.0847431164,46.0,320.0,206.0,176.33333333333334,168.04860408028784,24.0,0.1666666597222225,0.37499998437500065,0.0,2.2499994375001404,2024-02-06,537.0,171.0,7.0,plot_level_next_window
2324,2024-02-06,M55,M,5,5,2093730.0,2614577.0,2614577.0,6.0,24.0,0.0,19.0,8.0,537.0,96,13.478645833333331,9.5,18.78,13.831145833333332,15.071458333333332,62.14927083333333,0.0,8.390520833333333,182.835625,17552.22,5.745729166666667,3.478645833333333,14.113784722222222,13.057708333333334,15.544933035714283,15.41753472222222,15.240416666666668,17.148028273809523,79.00041666666665,74.52035714285715,77.12093005952381,0.09,0.09,0.31,108.05861111111112,143.0740625,140.6216795112782,31120.880000000005,96145.77,188821.84000000003,12.341354166666669,21.403958333333332,77.6290625,148.99927083333333,4.19,410313.25,37,2,29,0.0,6.0,3.0,3.0,3.0000000000000004,9.0,15.0,16.5,24.333333333333332,15.50268793897798,10.0,-2.0,9.0,6.333333333333333,4.725815626252608,1.0,-1.0,0.5,0.3333333333333333,0.5773502691896257,4.0,15.0,11.5,8.666666666666666,8.962886439832502,2144943.0,-51213.0,2119336.5,2427680.0,534680.1238301271,2552227.0,62350.0,2583402.0,2983085.0,692972.8581207204,2552227.0,62350.0,2583402.0,2983085.0,692972.8581207204,366.0,171.0,451.5,316.3333333333333,249.23950997651505,57.0,0.33333332748538025,0.42105262419205924,0.24999998958333375,1.263157828254851,2024-02-13,622.0,85.0,7.0,plot_level_next_window
2324,2024-02-13,M55,M,5,5,2553101.0,3277202.0,3277202.0,4.0,51.0,1.0,19.0,8.0,622.0,96,14.7740625,7.31,18.6,15.086666666666666,17.811770833333334,71.40114583333333,0.0,6.378020833333333,155.10177083333335,14889.77,9.432604166666666,4.774062499999999,19.057222222222222,16.359627976190474,14.708668154761906,19.697187499999995,17.70922619047619,16.474821428571428,75.94555555555554,75.6334375,75.07689732142856,0.43,0.43,0.52,134.2196875,150.30565648496238,146.68985949248122,38655.27,100867.96,197013.73,27.171666666666667,44.51739583333334,65.92135416666667,193.51666666666665,4.619999999999999,511181.21,44,2,36,6.0,-2.0,5.0,3.3333333333333335,3.0550504633038935,24.0,27.0,37.5,28.0,21.283796653792763,8.0,0.0,8.0,8.666666666666666,1.1547005383792484,0.0,1.0,0.5,0.6666666666666666,0.5773502691896258,19.0,0.0,19.0,14.0,8.660254037844387,2093730.0,459371.0,2323415.5,2263924.6666666665,251739.7597963686,2614577.0,662625.0,2945889.5,2814668.6666666665,401776.9206392191,2614577.0,662625.0,2945889.5,2814668.6666666665,401776.9206392191,537.0,85.0,579.5,508.3333333333333,130.38532637276845,83.0,0.22891565989258242,0.614457823922195,0.0784313710111496,2.6842103850415584,2024-02-20,303.0,-319.0,7.0,plot_level_next_window
2324,2024-02-20,M55,M,5,5,1812272.0,2126088.0,2126088.0,0.0,35.0,0.0,6.0,10.0,303.0,96,10.565729166666666,1.1,21.25,10.805833333333332,13.518125,64.6725,0.0,2.3884375,210.61,20218.56,2.3240625,0.5657291666666655,11.053576388888889,12.920684523809523,14.64015625,13.979131944444442,15.29784226190476,16.503534226190474,77.66104166666666,77.97973214285715,76.80658482142857,1.25,1.96,2.39,145.33520833333333,126.33980654761906,138.32273151629073,41856.54000000001,84900.35,185768.31,3.1607291666666644,20.444791666666664,64.9621875,213.9614583333333,6.579999999999999,596081.56,51,2,43,4.0,-4.0,2.0,3.3333333333333335,3.0550504633038935,51.0,-16.0,43.0,36.666666666666664,13.576941236277534,8.0,2.0,9.0,8.666666666666666,1.1547005383792517,1.0,-1.0,0.5,0.3333333333333333,0.5773502691896257,19.0,-13.0,12.5,14.666666666666666,7.505553499465136,2553101.0,-740829.0,2182686.5,2153034.3333333335,373958.09227015456,3277202.0,-1151114.0,2701645.0,2672622.3333333335,577748.0469809773,3277202.0,-1151114.0,2701645.0,2672622.3333333335,577748.0469809773,622.0,-319.0,462.5,487.3333333333333,165.197861164524,51.0,0.11764705651672439,0.6862744963475589,0.0,5.833332361111273,2024-02-27,339.0,36.0,7.0,plot_level_next_window
2425,2025-01-07,B11,B,1,1,134477.0,165366.0,165366.0,0.0,3.0,1.0,3.0,1.0,27.0,96,4.62125,-0.12,9.74,4.856145833333334,9.759791666666668,72.216875,0.0,5.543958333333333,135.435,13001.76,-0.1147916666666666,0.0,9.92340277777778,10.599136904761904,10.599136904761904,12.068958333333333,12.918348214285714,12.918348214285714,71.73593749999999,67.33674107142858,67.33674107142858,0.06,0.06,0.06,114.04555555555557,129.81196428571428,129.81196428571428,32845.119999999995,87233.64,87233.64,5.148958333333333,10.828333333333331,10.828333333333331,10.828333333333331,0.06,87233.64,7,1,0,,,0.0,0.0,,,,3.0,3.0,,,,1.0,1.0,,,,1.0,1.0,,,,3.0,3.0,,,,134477.0,134477.0,,,,165366.0,165366.0,,,,165366.0,165366.0,,,,27.0,27.0,,8.0,0.3749999531250059,0.3749999531250059,0.0,0.9999996666667778,2025-01-15,0.0,-27.0,8.0,plot_level_next_window
2425,2025-01-15,B11,B,1,1,88391.0,104676.0,104676.0,0.0,1.0,1.0,0.0,0.0,0.0,96,8.561458333333333,1.9,14.4,8.645208333333334,9.85375,66.91677083333333,0.0,2.7433333333333336,68.26197916666666,6553.15,2.328958333333333,0.0,9.636354166666669,8.893482142857142,9.09999255952381,11.14826388888889,10.987276785714286,11.37293898809524,71.78802083333333,70.96653273809524,68.85622023809523,0.37,0.4,0.49,80.10697916666666,103.50331845238097,117.01431547619048,23070.81,69554.23,157267.24,0.3476041666666667,2.048333333333334,7.197291666666667,12.876666666666669,0.49,170818.37,15,1,8,0.0,0.0,0.0,0.0,0.0,3.0,-2.0,2.0,2.0,1.4142135623730951,1.0,-1.0,0.5,0.5,0.7071067811865476,1.0,0.0,1.0,1.0,0.0,3.0,-3.0,1.5,1.5,2.1213203435596424,134477.0,-46086.0,111434.0,111434.0,32587.723117763227,165366.0,-60690.0,135021.0,135021.0,42914.31055021157,165366.0,-60690.0,135021.0,135021.0,42914.31055021157,27.0,-27.0,13.5,13.5,19.091883092036785,2.0,0.0,0.499999750000125,0.0,1000000.0,2025-01-24,8.0,8.0,9.0,plot_level_next_window
2425,2025-02-05,B11,B,1,1,101042.0,110777.0,110777.0,0.0,1.0,0.0,0.0,0.0,0.0,96,18.68520833333333,9.8,29.29,19.00177083333333,20.30958333333333,75.6040625,0.0,3.106875,167.2046875,16051.65,13.6259375,8.685208333333332,18.88020833333333,17.893645833333334,13.93924851190476,20.283715277777777,18.988110119047622,14.994441964285716,82.0129861111111,78.69738095238095,74.6621949404762,0.0,0.0,0.0,142.03729166666665,147.0850148809524,145.73907918233084,40906.74,98841.13,195655.69,26.640625,55.255520833333335,68.49499999999999,96.54989583333332,2.6500000000000004,428521.39,36,2,29,0.0,0.0,0.0,0.0,0.0,3.0,-2.0,2.0,3.0,2.0,0.0,0.0,0.0,0.0,0.0,0.0,0.0,0.0,0.0,0.0,0.0,0.0,0.0,0.0,0.0,82940.0,18102.0,91991.0,80507.33333333333,21852.78932615544,99652.0,11125.0,105214.5,92792.0,22223.79186817587,99652.0,11125.0,105214.5,92792.0,22223.79186817587,,,0.0,4.0,5.656854249492381,1.0,0.0,0.9999990000010001,0.0,1000000.0,2025-02-12,2.0,2.0,7.0,plot_level_next_window
2425,2025-02-12,B11,B,1,1,144918.0,200292.0,200292.0,1.0,2.0,0.0,0.0,0.0,2.0,96,21.88416666666667,15.34,29.99,22.11552083333333,21.982083333333332,78.26385416666666,0.0,6.814687500000001,152.95354166666667,14683.54,17.333020833333332,11.884166666666667,19.769340277777776,19.184895833333336,18.53927083333333,21.254791666666662,21.140580357142856,20.064345238095235,81.69614583333332,80.93714285714286,79.8172619047619,0.0,0.0,0.0,130.77805555555554,146.5577380952381,146.82137648809524,37664.08,98486.8,197327.93,29.30802083333333,64.29427083333334,119.54979166666666,160.84416666666664,2.6500000000000004,527008.19,43,2,36,0.0,1.0,0.5,0.3333333333333333,0.5773502691896258,1.0,1.0,1.5,2.0,1.0,0.0,0.0,0.0,0.0,0.0,0.0,0.0,0.0,0.0,0.0,0.0,0.0,0.0,0.0,0.0,101042.0,43876.0,122980.0,109633.33333333333,31869.67802368473,110777.0,89515.0,155534.5,136907.0,55174.134111918785,110777.0,89515.0,155534.5,136907.0,55174.134111918785,0.0,2.0,1.0,1.0,1.4142135623730951,3.0,0.0,0.6666664444445185,0.499999750000125,2000000.0,2025-02-20,0.0,-2.0,8.0,plot_level_next_window
2425,2025-02-20,B11,B,1,1,119050.0,142465.0,142465.0,1.0,7.0,0.0,0.0,0.0,0.0,96,11.767604166666668,6.18,16.81,12.212916666666668,15.488645833333337,75.38729166666667,0.0,7.179583333333333,163.27791666666667,15674.68,7.268020833333334,1.7676041666666666,13.677743055555553,15.813392857142858,17.728125000000002,16.133194444444445,17.899166666666666,19.650431547619046,79.51315972222223,78.89425595238095,80.27756696428571,0.17,0.43,0.6900000000000001,132.67184027777776,133.68846224937343,139.40532487468673,38209.49,89510.31,187032.42,11.033229166666668,40.69375000000001,108.19375,214.7317708333333,3.34,630807.07,51,2,44,1.0,0.0,1.0,0.6666666666666666,0.5773502691896258,2.0,5.0,4.5,3.3333333333333335,3.2145502536643185,0.0,0.0,0.0,0.0,0.0,0.0,0.0,0.0,0.0,0.0,0.0,0.0,0.0,0.0,0.0,144918.0,-25868.0,131984.0,121670.0,22055.025368382605,200292.0,-57827.0,171378.5,151178.0,45389.10753694106,200292.0,-57827.0,171378.5,151178.0,45389.10753694106,2.0,-2.0,1.0,0.6666666666666666,1.1547005383792517,8.0,0.0,0.8749998906250137,0.1428571224489825,7000000.0,2025-02-26,8.0,8.0,6.0,plot_level_next_window
2425,2025-02-26,B11,B,1,1,109304.0,119026.0,119026.0,0.0,8.0,0.0,1.0,0.0,8.0,96,17.139062499999998,8.14,26.86,17.257916666666667,17.4190625,66.61020833333333,0.0,2.411875,212.98958333333331,20447.0,9.3134375,7.139062499999998,15.575416666666664,13.179315476190478,15.31251488095238,16.691736111111112,15.332008928571428,17.170074404761902,80.75583333333333,75.14138392857141,77.46912202380952,0.71,0.71,1.4,127.3667649853801,152.13437249373433,141.88008552631578,36531.46,102084.13,190208.33,16.72625,25.188437500000003,77.3084375,238.15260416666663,4.05,717216.5199999999,57,2,50,1.0,-1.0,0.5,0.6666666666666666,0.5773502691896258,7.0,1.0,7.5,5.666666666666667,3.2145502536643185,0.0,0.0,0.0,0.0,0.0,0.0,0.0,0.0,0.0,0.0,0.0,1.0,0.5,0.3333333333333333,0.5773502691896258,119050.0,-9746.0,114177.0,124424.0,18405.139390941873,142465.0,-23439.0,130745.5,153927.66666666666,41828.04363502234,142465.0,-23439.0,130745.5,153927.66666666666,41828.04363502234,0.0,8.0,4.0,3.3333333333333335,4.163331998932265,9.0,0.11111109876543349,0.8888887901234679,0.0,7.9999920000080005,2025-03-05,19.0,11.0,7.0,plot_level_next_window
2425,2025-01-07,B12,B,1,2,106466.0,130434.0,130434.0,0.0,1.0,0.0,2.0,2.0,11.0,96,4.62125,-0.12,9.74,4.856145833333334,9.759791666666668,72.216875,0.0,5.543958333333333,135.435,13001.76,-0.1147916666666666,0.0,9.92340277777778,10.599136904761904,10.599136904761904,12.068958333333333,12.918348214285714,12.918348214285714,71.73593749999999,67.33674107142858,67.33674107142858,0.06,0.06,0.06,114.04555555555557,129.81196428571428,129.81196428571428,32845.119999999995,87233.64,87233.64,5.148958333333333,10.828333333333331,10.828333333333331,10.828333333333331,0.06,87233.64,7,1,0,,,0.0,0.0,,,,1.0,1.0,,,,2.0,2.0,,,,0.0,0.0,,,,2.0,2.0,,,,106466.0,106466.0,,,,130434.0,130434.0,,,,130434.0,130434.0,,,,11.0,11.0,,5.0,0.399999920000016,0.199999960000008,0.0,0.499999750000125,2025-01-15,0.0,-11.0,8.0,plot_level_next_window
2425,2025-01-15,B12,B,1,2,171859.0,190795.0,190795.0,0.0,8.0,0.0,0.0,1.0,0.0,96,8.561458333333333,1.9,14.4,8.645208333333334,9.85375,66.91677083333333,0.0,2.7433333333333336,68.26197916666666,6553.15,2.328958333333333,0.0,9.636354166666669,8.893482142857142,9.09999255952381,11.14826388888889,10.987276785714286,11.37293898809524,71.78802083333333,70.96653273809524,68.85622023809523,0.37,0.4,0.49,80.10697916666666,103.50331845238097,117.01431547619048,23070.81,69554.23,157267.24,0.3476041666666667,2.048333333333334,7.197291666666667,12.876666666666669,0.49,170818.37,15,1,8,0.0,0.0,0.0,0.0,0.0,1.0,7.0,4.5,4.5,4.949747468305833,2.0,-1.0,1.5,1.5,0.7071067811865476,0.0,0.0,0.0,0.0,0.0,2.0,-2.0,1.0,1.0,1.4142135623730951,106466.0,65393.0,139162.5,139162.5,46239.8337421319,130434.0,60361.0,160614.5,160614.5,42681.6724192012,130434.0,60361.0,160614.5,160614.5,42681.6724192012,11.0,-11.0,5.5,5.5,7.7781745930520225,9.0,0.0,0.8888887901234679,0.0,8000000.0,2025-01-24,3.0,3.0,9.0,plot_level_next_window
2425,2025-01-24,B12,B,1,2,141570.0,176588.0,176588.0,0.0,0.0,1.0,0.0,0.0,3.0,96,5.2790625,-1.52,12.93,5.436041666666667,7.218958333333333,53.24302083333333,0.0,5.271458333333333,152.44979166666667,14635.18,-4.171458333333333,0.0,4.36,8.432797619047617,8.973690476190475,6.933090277777777,10.506681547619047,10.909903273809524,70.58760416666667,74.32239583333333,73.75555803571429,0.47,2.13,2.5600000000000005,93.41087828947369,87.6885900689223,94.4654334273183,26826.73,58744.68,126779.49,0.0,14.915520833333332,16.36239583333333,28.054895833333333,2.6500000000000004,254683.16,24,1,17,0.0,0.0,0.0,0.0,0.0,8.0,-8.0,4.0,3.0,4.358898943540674,1.0,-1.0,0.5,1.0,1.0,0.0,1.0,0.5,0.3333333333333333,0.5773502691896258,0.0,0.0,0.0,0.6666666666666666,1.1547005383792517,171859.0,-30289.0,156714.5,139965.0,32726.031397039267,190795.0,-14207.0,183691.5,165939.0,31558.09691663932,190795.0,-14207.0,183691.5,165939.0,31558.09691663932,0.0,3.0,1.5,4.666666666666667,5.686240703077327,1.0,0.0,0.0,0.0,0.0,2025-01-29,5.0,2.0,5.0,plot_level_next_window
2425,2025-01-29,B12,B,1,2,266533.0,321187.0,321187.0,0.0,4.0,0.0,1.0,0.0,5.0,96,14.415208333333332,7.25,24.52,14.628749999999998,15.573125,74.2025,0.0,4.462916666666667,163.29208333333335,15676.04,9.072395833333331,4.415208333333332,14.289791666666666,9.98485119047619,9.8475,14.769826388888887,11.000773809523809,11.290186011904762,75.14916666666667,70.62700892857143,73.9750074404762,0.0,0.0,2.16,151.48711622807016,144.39314348370928,118.44194345238095,43486.26,96814.56,158861.89,12.869374999999998,13.239479166666664,28.41770833333333,41.294375,2.6500000000000004,329680.25999999995,29,1,22,0.0,0.0,0.0,0.0,0.0,0.0,4.0,2.0,4.0,4.0,0.0,0.0,0.0,0.3333333333333333,0.5773502691896258,1.0,-1.0,0.5,0.3333333333333333,0.5773502691896258,0.0,1.0,0.5,0.3333333333333333,0.5773502691896258,141570.0,124963.0,204051.5,193320.66666666666,65187.34688828296,176588.0,144599.0,248887.5,229523.33333333334,79700.2544057002,176588.0,144599.0,248887.5,229523.33333333334,79700.2544057002,3.0,2.0,4.0,2.6666666666666665,2.5166114784235836,5.0,0.199999960000008,0.799999840000032,0.0,3.9999960000040002,2025-02-05,18.0,13.0,7.0,plot_level_next_window
2425,2025-02-05,B12,B,1,2,187591.0,204430.0,204430.0,1.0,1.0,0.0,3.0,0.0,18.0,96,18.68520833333333,9.8,29.29,19.00177083333333,20.30958333333333,75.6040625,0.0,3.106875,167.2046875,16051.65,13.6259375,8.685208333333332,18.88020833333333,17.893645833333334,13.93924851190476,20.283715277777777,18.988110119047622,14.994441964285716,82.0129861111111,78.69738095238095,74.6621949404762,0.0,0.0,0.0,142.03729166666665,147.0850148809524,145.73907918233084,40906.74,98841.13,195655.69,26.640625,55.255520833333335,68.49499999999999,96.54989583333332,2.6500000000000004,428521.39,36,2,29,0.0,1.0,0.5,0.3333333333333333,0.5773502691896258,4.0,-3.0,2.5,1.6666666666666667,2.0816659994661326,0.0,0.0,0.0,0.0,0.0,0.0,0.0,0.0,0.3333333333333333,0.5773502691896258,1.0,2.0,2.0,1.3333333333333333,1.5275252316519465,266533.0,-78942.0,227062.0,198564.66666666666,63200.1096702635,321187.0,-116757.0,262808.5,234068.33333333334,76720.53703105403,321187.0,-116757.0,262808.5,234068.33333333334,76720.53703105403,5.0,13.0,11.5,8.666666666666666,8.144527815247077,5.0,0.599999880000024,0.199999960000008,0.9999990000010001,0.33333322222225925,2025-02-12,19.0,1.0,7.0,plot_level_next_window
2425,2025-02-12,B12,B,1,2,174015.0,234805.0,234805.0,4.0,18.0,0.0,2.0,0.0,19.0,96,21.88416666666667,15.34,29.99,22.11552083333333,21.982083333333332,78.26385416666666,0.0,6.814687500000001,152.95354166666667,14683.54,17.333020833333332,11.884166666666667,19.769340277777776,19.184895833333336,18.53927083333333,21.254791666666662,21.140580357142856,20.064345238095235,81.69614583333332,80.93714285714286,79.8172619047619,0.0,0.0,0.0,130.77805555555554,146.5577380952381,146.82137648809524,37664.08,98486.8,197327.93,29.30802083333333,64.29427083333334,119.54979166666666,160.84416666666664,2.6500000000000004,527008.19,43,2,36,1.0,3.0,2.5,1.6666666666666667,2.0816659994661326,1.0,17.0,9.5,7.666666666666667,9.073771725877465,0.0,0.0,0.0,0.0,0.0,0.0,0.0,0.0,0.0,0.0,3.0,-1.0,2.5,2.0,0.9999999999999998,187591.0,-13576.0,180803.0,209379.66666666666,49959.52939463435,204430.0,30375.0,219617.5,253474.0,60575.96827950832,204430.0,30375.0,219617.5,253474.0,60575.96827950832,18.0,1.0,18.5,14.0,7.810249675906652,24.0,0.08333332986111125,0.7499999687500013,0.2222222098765439,8.99999550000225,2025-02-20,45.0,26.0,8.0,plot_level_next_window
2425,2025-02-20,B12,B,1,2,282893.0,343691.0,343691.0,0.0,34.0,1.0,5.0,8.0,45.0,96,11.767604166666668,6.18,16.81,12.212916666666668,15.488645833333337,75.38729166666667,0.0,7.179583333333333,163.27791666666667,15674.68,7.268020833333334,1.7676041666666666,13.677743055555553,15.813392857142858,17.728125000000002,16.133194444444445,17.899166666666666,19.650431547619046,79.51315972222223,78.89425595238095,80.27756696428571,0.17,0.43,0.6900000000000001,132.67184027777776,133.68846224937343,139.40532487468673,38209.49,89510.31,187032.42,11.033229166666668,40.69375000000001,108.19375,214.7317708333333,3.34,630807.07,51,2,44,4.0,-4.0,2.0,1.6666666666666667,2.0816659994661326,18.0,16.0,26.0,17.666666666666668,16.50252505931542,0.0,8.0,4.0,2.6666666666666665,4.618802153517007,0.0,1.0,0.5,0.3333333333333333,0.5773502691896258,2.0,3.0,3.5,3.3333333333333335,1.5275252316519465,174015.0,108878.0,228454.0,214833.0,59331.27037237615,234805.0,108886.0,289248.0,260975.33333333334,73226.16533953782,234805.0,108886.0,289248.0,260975.33333333334,73226.16533953782,19.0,26.0,32.0,27.333333333333332,15.307950004273374,48.0,0.10416666449652782,0.7083333185763893,0.0,6.799998640000272,2025-02-26,72.0,27.0,6.0,plot_level_next_window
2425,2025-02-26,B12,B,1,2,201954.0,227671.0,227671.0,2.0,10.0,1.0,5.0,4.0,72.0,96,17.139062499999998,8.14,26.86,17.257916666666667,17.4190625,66.61020833333333,0.0,2.411875,212.98958333333331,20447.0,9.3134375,7.139062499999998,15.575416666666664,13.179315476190478,15.31251488095238,16.691736111111112,15.332008928571428,17.170074404761902,80.75583333333333,75.14138392857141,77.46912202380952,0.71,0.71,1.4,127.3667649853801,152.13437249373433,141.88008552631578,36531.46,102084.13,190208.33,16.72625,25.188437500000003,77.3084375,238.15260416666663,4.05,717216.5199999999,57,2,50,0.0,2.0,1.0,2.0,1.9999999999999998,34.0,-24.0,22.0,20.666666666666668,12.220201853215574,8.0,-4.0,6.0,4.0,4.0,1.0,0.0,1.0,0.6666666666666666,0.5773502691896258,5.0,0.0,5.0,4.0,1.732050807568877,282893.0,-80939.0,242423.5,219620.66666666666,56548.103896888824,343691.0,-116020.0,285681.0,268722.3333333333,65022.68239109588,343691.0,-116020.0,285681.0,268722.3333333333,65022.68239109588,45.0,27.0,58.5,45.333333333333336,26.501572280401273,22.0,0.2272727169421492,0.4545454338842984,0.19999998000000202,1.99999960000008,2025-03-05,50.0,-22.0,7.0,plot_level_next_window
2425,2025-01-07,B13,B,1,3,232853.0,320032.0,320032.0,0.0,5.0,2.0,15.0,0.0,47.0,96,4.62125,-0.12,9.74,4.856145833333334,9.759791666666668,72.216875,0.0,5.543958333333333,135.435,13001.76,-0.1147916666666666,0.0,9.92340277777778,10.599136904761904,10.599136904761904,12.068958333333333,12.918348214285714,12.918348214285714,71.73593749999999,67.33674107142858,67.33674107142858,0.06,0.06,0.06,114.04555555555557,129.81196428571428,129.81196428571428,32845.119999999995,87233.64,87233.64,5.148958333333333,10.828333333333331,10.828333333333331,10.828333333333331,0.06,87233.64,7,1,0,,,0.0,0.0,,,,5.0,5.0,,,,0.0,0.0,,,,2.0,2.0,,,,15.0,15.0,,,,232853.0,232853.0,,,,320032.0,320032.0,,,,320032.0,320032.0,,,,47.0,47.0,,22.0,0.6818181508264477,0.2272727169421492,0.0,0.3333333111111126,2025-01-15,0.0,-47.0,8.0,plot_level_next_window
2425,2025-01-15,B13,B,1,3,159914.0,185623.0,185623.0,0.0,2.0,0.0,1.0,0.0,0.0,96,8.561458333333333,1.9,14.4,8.645208333333334,9.85375,66.91677083333333,0.0,2.7433333333333336,68.26197916666666,6553.15,2.328958333333333,0.0,9.636354166666669,8.893482142857142,9.09999255952381,11.14826388888889,10.987276785714286,11.37293898809524,71.78802083333333,70.96653273809524,68.85622023809523,0.37,0.4,0.49,80.10697916666666,103.50331845238097,117.01431547619048,23070.81,69554.23,157267.24,0.3476041666666667,2.048333333333334,7.197291666666667,12.876666666666669,0.49,170818.37,15,1,8,0.0,0.0,0.0,0.0,0.0,5.0,-3.0,3.5,3.5,2.1213203435596424,0.0,0.0,0.0,0.0,0.0,2.0,-2.0,1.0,1.0,1.4142135623730951,15.0,-14.0,8.0,8.0,9.899494936611665,232853.0,-72939.0,196383.5,196383.5,51575.66151296559,320032.0,-134409.0,252827.5,252827.5,95041.51535250267,320032.0,-134409.0,252827.5,252827.5,95041.51535250267,47.0,-47.0,23.5,23.5,33.23401871576773,3.0,0.33333322222225925,0.6666664444445185,0.0,1.9999980000020001,2025-01-24,14.0,14.0,9.0,plot_level_next_window
2425,2025-01-24,B13,B,1,3,220842.0,296548.0,296548.0,0.0,9.0,0.0,1.0,1.0,14.0,96,5.2790625,-1.52,12.93,5.436041666666667,7.218958333333333,53.24302083333333,0.0,5.271458333333333,152.44979166666667,14635.18,-4.171458333333333,0.0,4.36,8.432797619047617,8.973690476190475,6.933090277777777,10.506681547619047,10.909903273809524,70.58760416666667,74.32239583333333,73.75555803571429,0.47,2.13,2.5600000000000005,93.41087828947369,87.6885900689223,94.4654334273183,26826.73,58744.68,126779.49,0.0,14.915520833333332,16.36239583333333,28.054895833333333,2.6500000000000004,254683.16,24,1,17,0.0,0.0,0.0,0.0,0.0,2.0,7.0,5.5,5.333333333333333,3.5118845842842465,0.0,1.0,0.5,0.3333333333333333,0.5773502691896258,0.0,0.0,0.0,0.6666666666666666,1.1547005383792517,1.0,0.0,1.0,5.666666666666667,8.082903768654761,159914.0,60928.0,190378.0,204536.33333333334,39107.93403304927,185623.0,110925.0,241085.5,267401.0,71788.61697372362,185623.0,110925.0,241085.5,267401.0,71788.61697372362,0.0,14.0,7.0,20.333333333333332,24.13158373031769,11.0,0.09090908264462885,0.8181817438016598,0.0,8.999991000009,2025-01-29,5.0,-9.0,5.0,plot_level_next_window
2425,2025-01-29,B13,B,1,3,180958.0,218494.0,218494.0,0.0,2.0,1.0,0.0,0.0,5.0,96,14.415208333333332,7.25,24.52,14.628749999999998,15.573125,74.2025,0.0,4.462916666666667,163.29208333333335,15676.04,9.072395833333331,4.415208333333332,14.289791666666666,9.98485119047619,9.8475,14.769826388888887,11.000773809523809,11.290186011904762,75.14916666666667,70.62700892857143,73.9750074404762,0.0,0.0,2.16,151.48711622807016,144.39314348370928,118.44194345238095,43486.26,96814.56,158861.89,12.869374999999998,13.239479166666664,28.41770833333333,41.294375,2.6500000000000004,329680.25999999995,29,1,22,0.0,0.0,0.0,0.0,0.0,9.0,-7.0,5.5,4.333333333333333,4.041451884327381,1.0,-1.0,0.5,0.3333333333333333,0.5773502691896258,0.0,1.0,0.5,0.3333333333333333,0.5773502691896258,1.0,-1.0,0.5,0.6666666666666666,0.5773502691896258,220842.0,-39884.0,200900.0,187238.0,30945.663605746122,296548.0,-78054.0,257521.0,233555.0,56975.557891081684,296548.0,-78054.0,257521.0,233555.0,56975.557891081684,14.0,-9.0,9.5,6.333333333333333,7.094598884597588,3.0,0.0,0.6666664444445185,0.0,2000000.0,2025-02-05,17.0,12.0,7.0,plot_level_next_window
2425,2025-02-05,B13,B,1,3,221651.0,254095.0,254095.0,0.0,0.0,0.0,0.0,0.0,17.0,96,18.68520833333333,9.8,29.29,19.00177083333333,20.30958333333333,75.6040625,0.0,3.106875,167.2046875,16051.65,13.6259375,8.685208333333332,18.88020833333333,17.893645833333334,13.93924851190476,20.283715277777777,18.988110119047622,14.994441964285716,82.0129861111111,78.69738095238095,74.6621949404762,0.0,0.0,0.0,142.03729166666665,147.0850148809524,145.73907918233084,40906.74,98841.13,195655.69,26.640625,55.255520833333335,68.49499999999999,96.54989583333332,2.6500000000000004,428521.39,36,2,29,0.0,0.0,0.0,0.0,0.0,2.0,-2.0,1.0,3.6666666666666665,4.725815626252609,0.0,0.0,0.0,0.3333333333333333,0.5773502691896258,1.0,-1.0,0.5,0.3333333333333333,0.5773502691896258,0.0,0.0,0.0,0.3333333333333333,0.5773502691896258,180958.0,40693.0,201304.5,207817.0,23264.0931695177,218494.0,35601.0,236294.5,256379.0,39077.09330285455,218494.0,35601.0,236294.5,256379.0,39077.09330285455,5.0,12.0,11.0,12.0,6.244997998398399,0.0,0.0,0.0,0.0,0.0,2025-02-12,10.0,-7.0,7.0,plot_level_next_window
2425,2025-02-12,B13,B,1,3,230612.0,312158.0,312158.0,3.0,8.0,0.0,0.0,0.0,10.0,96,21.88416666666667,15.34,29.99,22.11552083333333,21.982083333333332,78.26385416666666,0.0,6.814687500000001,152.95354166666667,14683.54,17.333020833333332,11.884166666666667,19.769340277777776,19.184895833333336,18.53927083333333,21.254791666666662,21.140580357142856,20.064345238095235,81.69614583333332,80.93714285714286,79.8172619047619,0.0,0.0,0.0,130.77805555555554,146.5577380952381,146.82137648809524,37664.08,98486.8,197327.93,29.30802083333333,64.29427083333334,119.54979166666666,160.84416666666664,2.6500000000000004,527008.19,43,2,36,0.0,3.0,1.5,1.0,1.7320508075688772,0.0,8.0,4.0,3.3333333333333335,4.163331998932266,0.0,0.0,0.0,0.0,0.0,0.0,0.0,0.0,0.3333333333333333,0.5773502691896258,0.0,0.0,0.0,0.0,0.0,221651.0,8961.0,226131.5,211073.66666666666,26462.99140938782,254095.0,58063.0,283126.5,261582.33333333334,47278.762085457915,254095.0,58063.0,283126.5,261582.33333333334,47278.762085457915,17.0,-7.0,13.5,10.666666666666666,6.027713773341708,11.0,0.0,0.7272726611570308,0.3749999531250059,8000000.0,2025-02-20,7.0,-3.0,8.0,plot_level_next_window
2425,2025-02-20,B13,B,1,3,199683.0,241055.0,241055.0,2.0,3.0,2.0,3.0,0.0,7.0,96,11.767604166666668,6.18,16.81,12.212916666666668,15.488645833333337,75.38729166666667,0.0,7.179583333333333,163.27791666666667,15674.68,7.268020833333334,1.7676041666666666,13.677743055555553,15.813392857142858,17.728125000000002,16.133194444444445,17.899166666666666,19.650431547619046,79.51315972222223,78.89425595238095,80.27756696428571,0.17,0.43,0.6900000000000001,132.67184027777776,133.68846224937343,139.40532487468673,38209.49,89510.31,187032.42,11.033229166666668,40.69375000000001,108.19375,214.7317708333333,3.34,630807.07,51,2,44,3.0,-1.0,2.5,1.6666666666666667,1.5275252316519468,8.0,-5.0,5.5,3.6666666666666665,4.041451884327381,0.0,0.0,0.0,0.0,0.0,0.0,2.0,1.0,0.6666666666666666,1.1547005383792517,0.0,3.0,1.5,1.0,1.7320508075688772,230612.0,-30929.0,215147.5,217315.33333333334,15913.807348756423,312158.0,-71103.0,276606.5,269102.6666666667,37852.76339097758,312158.0,-71103.0,276606.5,269102.6666666667,37852.76339097758,10.0,-3.0,8.5,11.333333333333334,5.131601439446884,10.0,0.299999970000003,0.299999970000003,0.6666664444445185,0.9999996666667778,2025-02-26,0.0,-7.0,6.0,plot_level_next_window
2425,2025-02-26,B13,B,1,3,215984.0,237378.0,237378.0,5.0,5.0,0.0,2.0,0.0,0.0,96,17.139062499999998,8.14,26.86,17.257916666666667,17.4190625,66.61020833333333,0.0,2.411875,212.98958333333331,20447.0,9.3134375,7.139062499999998,15.575416666666664,13.179315476190478,15.31251488095238,16.691736111111112,15.332008928571428,17.170074404761902,80.75583333333333,75.14138392857141,77.46912202380952,0.71,0.71,1.4,127.3667649853801,152.13437249373433,141.88008552631578,36531.46,102084.13,190208.33,16.72625,25.188437500000003,77.3084375,238.15260416666663,4.05,717216.5199999999,57,2,50,2.0,3.0,3.5,3.3333333333333335,1.5275252316519465,3.0,2.0,4.0,5.333333333333333,2.516611478423583,0.0,0.0,0.0,0.0,0.0,2.0,-2.0,1.0,0.6666666666666666,1.1547005383792517,3.0,-1.0,2.5,1.6666666666666667,1.5275252316519468,199683.0,16301.0,207833.5,215426.33333333334,15472.039436781886,241055.0,-3677.0,239216.5,263530.3333333333,42152.90685508335,241055.0,-3677.0,239216.5,263530.3333333333,42152.90685508335,7.0,-7.0,3.5,5.666666666666667,5.1316014394468805,12.0,0.16666665277777895,0.41666663194444736,0.99999980000004,2.499998750000625,2025-03-05,55.0,55.0,7.0,plot_level_next_window
2425,2025-01-07,B14,B,1,4,148111.0,181303.0,181303.0,0.0,1.0,2.0,2.0,0.0,31.0,96,4.62125,-0.12,9.74,4.856145833333334,9.759791666666668,72.216875,0.0,5.543958333333333,135.435,13001.76,-0.1147916666666666,0.0,9.92340277777778,10.599136904761904,10.599136904761904,12.068958333333333,12.918348214285714,12.918348214285714,71.73593749999999,67.33674107142858,67.33674107142858,0.06,0.06,0.06,114.04555555555557,129.81196428571428,129.81196428571428,32845.119999999995,87233.64,87233.64,5.148958333333333,10.828333333333331,10.828333333333331,10.828333333333331,0.06,87233.64,7,1,0,,,0.0,0.0,,,,1.0,1.0,,,,0.0,0.0,,,,2.0,2.0,,,,2.0,2.0,,,,148111.0,148111.0,,,,181303.0,181303.0,,,,181303.0,181303.0,,,,31.0,31.0,,5.0,0.399999920000016,0.199999960000008,0.0,0.499999750000125,2025-01-15,0.0,-31.0,8.0,plot_level_next_window
2425,2025-01-15,B14,B,1,4,165724.0,188480.0,188480.0,0.0,7.0,1.0,0.0,1.0,0.0,96,8.561458333333333,1.9,14.4,8.645208333333334,9.85375,66.91677083333333,0.0,2.7433333333333336,68.26197916666666,6553.15,2.328958333333333,0.0,9.636354166666669,8.893482142857142,9.09999255952381,11.14826388888889,10.987276785714286,11.37293898809524,71.78802083333333,70.96653273809524,68.85622023809523,0.37,0.4,0.49,80.10697916666666,103.50331845238097,117.01431547619048,23070.81,69554.23,157267.24,0.3476041666666667,2.048333333333334,7.197291666666667,12.876666666666669,0.49,170818.37,15,1,8,0.0,0.0,0.0,0.0,0.0,1.0,6.0,4.0,4.0,4.242640687119285,0.0,1.0,0.5,0.5,0.7071067811865476,2.0,-1.0,1.5,1.5,0.7071067811865476,2.0,-2.0,1.0,1.0,1.4142135623730951,148111.0,17613.0,156917.5,156917.5,12454.271737038662,181303.0,7177.0,184891.5,184891.5,5074.905368575852,181303.0,7177.0,184891.5,184891.5,5074.905368575852,31.0,-31.0,15.5,15.5,21.920310216782973,9.0,0.0,0.7777776913580343,0.0,7000000.0,2025-01-24,5.0,5.0,9.0,plot_level_next_window
2425,2025-01-24,B14,B,1,4,163186.0,197925.0,197925.0,0.0,1.0,0.0,0.0,0.0,5.0,96,5.2790625,-1.52,12.93,5.436041666666667,7.218958333333333,53.24302083333333,0.0,5.271458333333333,152.44979166666667,14635.18,-4.171458333333333,0.0,4.36,8.432797619047617,8.973690476190475,6.933090277777777,10.506681547619047,10.909903273809524,70.58760416666667,74.32239583333333,73.75555803571429,0.47,2.13,2.5600000000000005,93.41087828947369,87.6885900689223,94.4654334273183,26826.73,58744.68,126779.49,0.0,14.915520833333332,16.36239583333333,28.054895833333333,2.6500000000000004,254683.16,24,1,17,0.0,0.0,0.0,0.0,0.0,7.0,-6.0,4.0,3.0,3.4641016151377544,1.0,-1.0,0.5,0.3333333333333333,0.5773502691896258,1.0,-1.0,0.5,1.0,1.0,0.0,0.0,0.0,0.6666666666666666,1.1547005383792517,165724.0,-2538.0,164455.0,159007.0,9521.159225640542,188480.0,9445.0,193202.5,189236.0,8336.748346927596,188480.0,9445.0,193202.5,189236.0,8336.748346927596,0.0,5.0,2.5,12.0,16.64331697709324,1.0,0.0,0.9999990000010001,0.0,1000000.0,2025-01-29,0.0,-5.0,5.0,plot_level_next_window
2425,2025-01-29,B14,B,1,4,136401.0,166981.0,166981.0,0.0,0.0,1.0,0.0,1.0,0.0,96,14.415208333333332,7.25,24.52,14.628749999999998,15.573125,74.2025,0.0,4.462916666666667,163.29208333333335,15676.04,9.072395833333331,4.415208333333332,14.289791666666666,9.98485119047619,9.8475,14.769826388888887,11.000773809523809,11.290186011904762,75.14916666666667,70.62700892857143,73.9750074404762,0.0,0.0,2.16,151.48711622807016,144.39314348370928,118.44194345238095,43486.26,96814.56,158861.89,12.869374999999998,13.239479166666664,28.41770833333333,41.294375,2.6500000000000004,329680.25999999995,29,1,22,0.0,0.0,0.0,0.0,0.0,1.0,-1.0,0.5,2.6666666666666665,3.7859388972001824,0.0,1.0,0.5,0.6666666666666666,0.5773502691896258,0.0,1.0,0.5,0.6666666666666666,0.5773502691896258,0.0,0.0,0.0,0.0,0.0,163186.0,-26785.0,149793.5,155103.66666666666,16246.620151075522,197925.0,-30944.0,182453.0,184462.0,15858.468620897795,197925.0,-30944.0,182453.0,184462.0,15858.468620897795,5.0,-5.0,2.5,1.6666666666666667,2.8867513459481287,2.0,0.0,0.0,0.0,0.0,2025-02-05,23.0,23.0,7.0,plot_level_next_window
2425,2025-02-05,B14,B,1,4,129855.0,150928.0,150928.0,0.0,1.0,0.0,2.0,1.0,23.0,96,18.68520833333333,9.8,29.29,19.00177083333333,20.30958333333333,75.6040625,0.0,3.106875,167.2046875,16051.65,13.6259375,8.685208333333332,18.88020833333333,17.893645833333334,13.93924851190476,20.283715277777777,18.988110119047622,14.994441964285716,82.0129861111111,78.69738095238095,74.6621949404762,0.0,0.0,0.0,142.03729166666665,147.0850148809524,145.73907918233084,40906.74,98841.13,195655.69,26.640625,55.255520833333335,68.49499999999999,96.54989583333332,2.6500000000000004,428521.39,36,2,29,0.0,0.0,0.0,0.0,0.0,0.0,1.0,0.5,0.6666666666666666,0.5773502691896272,1.0,0.0,1.0,0.6666666666666666,0.5773502691896258,1.0,-1.0,0.5,0.3333333333333333,0.5773502691896257,0.0,2.0,1.0,0.6666666666666666,1.1547005383792517,136401.0,-6546.0,133128.0,143147.33333333334,17659.944799838227,166981.0,-16053.0,158954.5,171944.66666666666,23888.448931090803,166981.0,-16053.0,158954.5,171944.66666666666,23888.448931090803,0.0,23.0,11.5,9.333333333333334,12.096831541082704,4.0,0.49999987500003124,0.24999993750001562,0.0,0.499999750000125,2025-02-12,19.0,-4.0,7.0,plot_level_next_window
2425,2025-02-12,B14,B,1,4,156404.0,201780.0,201780.0,2.0,9.0,0.0,1.0,1.0,19.0,96,21.88416666666667,15.34,29.99,22.11552083333333,21.982083333333332,78.26385416666666,0.0,6.814687500000001,152.95354166666667,14683.54,17.333020833333332,11.884166666666667,19.769340277777776,19.184895833333336,18.53927083333333,21.254791666666662,21.140580357142856,20.064345238095235,81.69614583333332,80.93714285714286,79.8172619047619,0.0,0.0,0.0,130.77805555555554,146.5577380952381,146.82137648809524,37664.08,98486.8,197327.93,29.30802083333333,64.29427083333334,119.54979166666666,160.84416666666664,2.6500000000000004,527008.19,43,2,36,0.0,2.0,1.0,0.6666666666666666,1.1547005383792517,1.0,8.0,5.0,3.3333333333333335,4.932882862316248,1.0,0.0,1.0,1.0,0.0,0.0,0.0,0.0,0.3333333333333333,0.5773502691896257,2.0,-1.0,1.5,1.0,1.0,129855.0,26549.0,143129.5,140886.66666666666,13831.241966408275,150928.0,50852.0,176354.0,173229.66666666666,25995.49677027414,150928.0,50852.0,176354.0,173229.66666666666,25995.49677027414,23.0,-4.0,21.0,14.0,12.28820572744451,13.0,0.07692307100591762,0.6923076390532585,0.22222219753086697,8.999991000009,2025-02-20,15.0,-4.0,8.0,plot_level_next_window
2425,2025-02-20,B14,B,1,4,215693.0,260389.0,260389.0,0.0,6.0,2.0,1.0,1.0,15.0,96,11.767604166666668,6.18,16.81,12.212916666666668,15.488645833333337,75.38729166666667,0.0,7.179583333333333,163.27791666666667,15674.68,7.268020833333334,1.7676041666666666,13.677743055555553,15.813392857142858,17.728125000000002,16.133194444444445,17.899166666666666,19.650431547619046,79.51315972222223,78.89425595238095,80.27756696428571,0.17,0.43,0.6900000000000001,132.67184027777776,133.68846224937343,139.40532487468673,38209.49,89510.31,187032.42,11.033229166666668,40.69375000000001,108.19375,214.7317708333333,3.34,630807.07,51,2,44,2.0,-2.0,1.0,0.6666666666666666,1.1547005383792517,9.0,-3.0,7.5,5.333333333333333,4.041451884327381,1.0,0.0,1.0,1.0,0.0,0.0,2.0,1.0,0.6666666666666666,1.1547005383792517,1.0,0.0,1.0,1.3333333333333333,0.577350269189626,156404.0,59289.0,186048.5,167317.33333333334,43947.31157116818,201780.0,58609.0,231084.5,204365.66666666666,54776.28943560648,201780.0,58609.0,231084.5,204365.66666666666,54776.28943560648,19.0,-4.0,17.0,19.0,4.000000000000008,10.0,0.09999999000000101,0.599999940000006,0.0,5.999994000006001,2025-02-26,14.0,-1.0,6.0,plot_level_next_window
2425,2025-02-26,B14,B,1,4,227698.0,247812.0,247812.0,2.0,19.0,0.0,3.0,2.0,14.0,96,17.139062499999998,8.14,26.86,17.257916666666667,17.4190625,66.61020833333333,0.0,2.411875,212.98958333333331,20447.0,9.3134375,7.139062499999998,15.575416666666664,13.179315476190478,15.31251488095238,16.691736111111112,15.332008928571428,17.170074404761902,80.75583333333333,75.14138392857141,77.46912202380952,0.71,0.71,1.4,127.3667649853801,152.13437249373433,141.88008552631578,36531.46,102084.13,190208.33,16.72625,25.188437500000003,77.3084375,238.15260416666663,4.05,717216.5199999999,57,2,50,0.0,2.0,1.0,1.3333333333333333,1.1547005383792517,6.0,13.0,12.5,11.333333333333334,6.806859285554045,1.0,1.0,1.5,1.3333333333333333,0.5773502691896258,2.0,-2.0,1.0,0.6666666666666666,1.1547005383792517,1.0,2.0,2.0,1.6666666666666667,1.1547005383792517,215693.0,12005.0,221695.5,199931.66666666666,38170.97497226568,260389.0,-12577.0,254100.5,236660.33333333334,30854.877610085154,260389.0,-12577.0,254100.5,236660.33333333334,30854.877610085154,15.0,-1.0,14.5,16.0,2.6457513110645956,26.0,0.11538461094674572,0.7307692026627229,0.10526315235457093,6.333331222222926,2025-03-05,36.0,22.0,7.0,plot_level_next_window
2425,2025-01-07,B15,B,1,5,257351.0,328185.0,328185.0,3.0,6.0,0.0,5.0,0.0,15.0,96,4.62125,-0.12,9.74,4.856145833333334,9.759791666666668,72.216875,0.0,5.543958333333333,135.435,13001.76,-0.1147916666666666,0.0,9.92340277777778,10.599136904761904,10.599136904761904,12.068958333333333,12.918348214285714,12.918348214285714,71.73593749999999,67.33674107142858,67.33674107142858,0.06,0.06,0.06,114.04555555555557,129.81196428571428,129.81196428571428,32845.119999999995,87233.64,87233.64,5.148958333333333,10.828333333333331,10.828333333333331,10.828333333333331,0.06,87233.64,7,1,0,,,3.0,3.0,,,,6.0,6.0,,,,0.0,0.0,,,,0.0,0.0,,,,5.0,5.0,,,,257351.0,257351.0,,,,328185.0,328185.0,,,,328185.0,328185.0,,,,15.0,15.0,,14.0,0.3571428316326549,0.42857139795918586,0.49999991666668053,1.199999760000048,2025-01-15,0.0,-15.0,8.0,plot_level_next_window
2425,2025-01-15,B15,B,1,5,246232.0,304692.0,304692.0,1.0,2.0,0.0,1.0,1.0,0.0,96,8.561458333333333,1.9,14.4,8.645208333333334,9.85375,66.91677083333333,0.0,2.7433333333333336,68.26197916666666,6553.15,2.328958333333333,0.0,9.636354166666669,8.893482142857142,9.09999255952381,11.14826388888889,10.987276785714286,11.37293898809524,71.78802083333333,70.96653273809524,68.85622023809523,0.37,0.4,0.49,80.10697916666666,103.50331845238097,117.01431547619048,23070.81,69554.23,157267.24,0.3476041666666667,2.048333333333334,7.197291666666667,12.876666666666669,0.49,170818.37,15,1,8,3.0,-2.0,2.0,2.0,1.4142135623730951,6.0,-4.0,4.0,4.0,2.8284271247461903,0.0,1.0,0.5,0.5,0.7071067811865476,0.0,0.0,0.0,0.0,0.0,5.0,-4.0,3.0,3.0,2.8284271247461903,257351.0,-11119.0,251791.5,251791.5,7862.320300013222,328185.0,-23493.0,316438.5,316438.5,16612.05961041556,328185.0,-23493.0,316438.5,316438.5,16612.05961041556,15.0,-15.0,7.5,7.5,10.606601717798213,5.0,0.199999960000008,0.399999920000016,0.499999750000125,1.9999980000020001,2025-01-24,11.0,11.0,9.0,plot_level_next_window
2425,2025-01-24,B15,B,1,5,239694.0,302648.0,302648.0,0.0,2.0,4.0,2.0,1.0,11.0,96,5.2790625,-1.52,12.93,5.436041666666667,7.218958333333333,53.24302083333333,0.0,5.271458333333333,152.44979166666667,14635.18,-4.171458333333333,0.0,4.36,8.432797619047617,8.973690476190475,6.933090277777777,10.506681547619047,10.909903273809524,70.58760416666667,74.32239583333333,73.75555803571429,0.47,2.13,2.5600000000000005,93.41087828947369,87.6885900689223,94.4654334273183,26826.73,58744.68,126779.49,0.0,14.915520833333332,16.36239583333333,28.054895833333333,2.6500000000000004,254683.16,24,1,17,1.0,-1.0,0.5,1.3333333333333333,1.5275252316519468,2.0,0.0,2.0,3.3333333333333335,2.3094010767585034,1.0,0.0,1.0,0.6666666666666666,0.5773502691896258,0.0,4.0,2.0,1.3333333333333333,2.3094010767585034,1.0,1.0,1.5,2.6666666666666665,2.0816659994661326,246232.0,-6538.0,242963.0,247759.0,8926.993278814542,304692.0,-2044.0,303670.0,311841.6666666667,14190.591683694287,304692.0,-2044.0,303670.0,311841.6666666667,14190.591683694287,0.0,11.0,5.5,8.666666666666666,7.767453465154029,9.0,0.22222219753086697,0.22222219753086697,0.0,0.99999950000025,2025-01-29,5.0,-6.0,5.0,plot_level_next_window
2425,2025-01-29,B15,B,1,5,154088.0,214302.0,214302.0,0.0,2.0,0.0,0.0,0.0,5.0,96,14.415208333333332,7.25,24.52,14.628749999999998,15.573125,74.2025,0.0,4.462916666666667,163.29208333333335,15676.04,9.072395833333331,4.415208333333332,14.289791666666666,9.98485119047619,9.8475,14.769826388888887,11.000773809523809,11.290186011904762,75.14916666666667,70.62700892857143,73.9750074404762,0.0,0.0,2.16,151.48711622807016,144.39314348370928,118.44194345238095,43486.26,96814.56,158861.89,12.869374999999998,13.239479166666664,28.41770833333333,41.294375,2.6500000000000004,329680.25999999995,29,1,22,0.0,0.0,0.0,0.3333333333333333,0.5773502691896262,2.0,0.0,2.0,2.0,0.0,1.0,-1.0,0.5,0.6666666666666666,0.5773502691896258,4.0,-4.0,2.0,1.3333333333333333,2.3094010767585034,2.0,-2.0,1.0,1.0,0.9999999999999994,239694.0,-85606.0,196891.0,213338.0,51416.03092421662,302648.0,-88346.0,258475.0,273880.6666666667,51606.759492660785,302648.0,-88346.0,258475.0,273880.6666666667,51606.759492660785,11.0,-6.0,8.0,5.333333333333333,5.507570547286102,2.0,0.0,0.99999950000025,0.0,2000000.0,2025-02-05,0.0,-5.0,7.0,plot_level_next_window
2425,2025-02-05,B15,B,1,5,236427.0,263972.0,263972.0,0.0,4.0,0.0,0.0,4.0,0.0,96,18.68520833333333,9.8,29.29,19.00177083333333,20.30958333333333,75.6040625,0.0,3.106875,167.2046875,16051.65,13.6259375,8.685208333333332,18.88020833333333,17.893645833333334,13.93924851190476,20.283715277777777,18.988110119047622,14.994441964285716,82.0129861111111,78.69738095238095,74.6621949404762,0.0,0.0,0.0,142.03729166666665,147.0850148809524,145.73907918233084,40906.74,98841.13,195655.69,26.640625,55.255520833333335,68.49499999999999,96.54989583333332,2.6500000000000004,428521.39,36,2,29,0.0,0.0,0.0,0.0,0.0,2.0,2.0,3.0,2.6666666666666665,1.1547005383792517,0.0,4.0,2.0,1.6666666666666667,2.0816659994661326,0.0,0.0,0.0,1.3333333333333333,2.3094010767585034,0.0,0.0,0.0,0.6666666666666666,1.154700538379251,154088.0,82339.0,195257.5,210069.66666666666,48509.056621762225,214302.0,49670.0,239137.0,260307.33333333334,44286.863349455394,214302.0,49670.0,239137.0,260307.33333333334,44286.863349455394,5.0,-5.0,2.5,5.333333333333333,5.507570547286102,8.0,0.0,0.4999999375000079,0.0,4000000.0,2025-02-12,65.0,65.0,7.0,plot_level_next_window
2425,2025-02-12,B15,B,1,5,227521.0,297801.0,297801.0,1.0,30.0,2.0,3.0,2.0,65.0,96,21.88416666666667,15.34,29.99,22.11552083333333,21.982083333333332,78.26385416666666,0.0,6.814687500000001,152.95354166666667,14683.54,17.333020833333332,11.884166666666667,19.769340277777776,19.184895833333336,18.53927083333333,21.254791666666662,21.140580357142856,20.064345238095235,81.69614583333332,80.93714285714286,79.8172619047619,0.0,0.0,0.0,130.77805555555554,146.5577380952381,146.82137648809524,37664.08,98486.8,197327.93,29.30802083333333,64.29427083333334,119.54979166666666,160.84416666666664,2.6500000000000004,527008.19,43,2,36,0.0,1.0,0.5,0.3333333333333333,0.5773502691896258,4.0,26.0,17.0,12.0,15.620499351813308,4.0,-2.0,3.0,2.0,1.9999999999999998,0.0,2.0,1.0,0.6666666666666666,1.1547005383792517,0.0,3.0,1.5,1.0,1.7320508075688772,236427.0,-8906.0,231974.0,206012.0,45187.44893219798,263972.0,33829.0,280886.5,258691.66666666666,41999.19273430545,263972.0,33829.0,280886.5,258691.66666666666,41999.19273430545,0.0,65.0,32.5,23.333333333333332,36.17089069035118,38.0,0.07894736634349037,0.7894736634349037,0.033333332222222255,9.999996666667776,2025-02-20,37.0,-28.0,8.0,plot_level_next_window
2425,2025-02-20,B15,B,1,5,245061.0,304519.0,304519.0,1.0,17.0,1.0,4.0,5.0,37.0,96,11.767604166666668,6.18,16.81,12.212916666666668,15.488645833333337,75.38729166666667,0.0,7.179583333333333,163.27791666666667,15674.68,7.268020833333334,1.7676041666666666,13.677743055555553,15.813392857142858,17.728125000000002,16.133194444444445,17.899166666666666,19.650431547619046,79.51315972222223,78.89425595238095,80.27756696428571,0.17,0.43,0.6900000000000001,132.67184027777776,133.68846224937343,139.40532487468673,38209.49,89510.31,187032.42,11.033229166666668,40.69375000000001,108.19375,214.7317708333333,3.34,630807.07,51,2,44,1.0,0.0,1.0,0.6666666666666666,0.5773502691896258,30.0,-13.0,23.5,17.0,13.0,2.0,3.0,3.5,3.6666666666666665,1.5275252316519454,2.0,-1.0,1.5,1.0,1.0,3.0,1.0,3.5,2.3333333333333335,2.0816659994661326,227521.0,17540.0,236291.0,236336.33333333334,8770.35149428649,297801.0,6718.0,301160.0,288764.0,21731.666503055003,297801.0,6718.0,301160.0,288764.0,21731.666503055003,65.0,-28.0,51.0,34.0,32.60368077380222,28.0,0.14285713775510223,0.6071428354591845,0.05882352595155729,4.249998937500266,2025-02-26,17.0,-20.0,6.0,plot_level_next_window
2425,2025-02-26,B15,B,1,5,216966.0,236204.0,236204.0,0.0,10.0,2.0,3.0,3.0,17.0,96,17.139062499999998,8.14,26.86,17.257916666666667,17.4190625,66.61020833333333,0.0,2.411875,212.98958333333331,20447.0,9.3134375,7.139062499999998,15.575416666666664,13.179315476190478,15.31251488095238,16.691736111111112,15.332008928571428,17.170074404761902,80.75583333333333,75.14138392857141,77.46912202380952,0.71,0.71,1.4,127.3667649853801,152.13437249373433,141.88008552631578,36531.46,102084.13,190208.33,16.72625,25.188437500000003,77.3084375,238.15260416666663,4.05,717216.5199999999,57,2,50,1.0,-1.0,0.5,0.6666666666666666,0.5773502691896258,17.0,-7.0,13.5,19.0,10.14889156509222,5.0,-2.0,4.0,3.3333333333333335,1.5275252316519456,1.0,1.0,1.5,1.6666666666666667,0.577350269189626,4.0,-1.0,3.5,3.3333333333333335,0.5773502691896251,245061.0,-28095.0,231013.5,229849.33333333334,14191.480131872551,304519.0,-68315.0,270361.5,279508.0,37652.492520416265,304519.0,-68315.0,270361.5,279508.0,37652.492520416265,37.0,-20.0,27.0,39.666666666666664,24.110855093366837,18.0,0.1666666574074079,0.5555555246913597,0.0,3.3333322222225923,2025-03-05,121.0,104.0,7.0,plot_level_next_window
2425,2025-01-07,B21,B,2,1,204519.0,264938.0,264938.0,0.0,1.0,0.0,1.0,0.0,11.0,96,4.62125,-0.12,9.74,4.856145833333334,9.759791666666668,72.216875,0.0,5.543958333333333,135.435,13001.76,-0.1147916666666666,0.0,9.92340277777778,10.599136904761904,10.599136904761904,12.068958333333333,12.918348214285714,12.918348214285714,71.73593749999999,67.33674107142858,67.33674107142858,0.06,0.06,0.06,114.04555555555557,129.81196428571428,129.81196428571428,32845.119999999995,87233.64,87233.64,5.148958333333333,10.828333333333331,10.828333333333331,10.828333333333331,0.06,87233.64,7,1,0,,,0.0,0.0,,,,1.0,1.0,,,,0.0,0.0,,,,0.0,0.0,,,,1.0,1.0,,,,204519.0,204519.0,,,,264938.0,264938.0,,,,264938.0,264938.0,,,,11.0,11.0,,2.0,0.499999750000125,0.499999750000125,0.0,0.9999990000010001,2025-01-15,0.0,-11.0,8.0,plot_level_next_window
2425,2025-01-15,B21,B,2,1,184373.0,216331.0,216331.0,0.0,1.0,0.0,0.0,2.0,0.0,96,8.561458333333333,1.9,14.4,8.645208333333334,9.85375,66.91677083333333,0.0,2.7433333333333336,68.26197916666666,6553.15,2.328958333333333,0.0,9.636354166666669,8.893482142857142,9.09999255952381,11.14826388888889,10.987276785714286,11.37293898809524,71.78802083333333,70.96653273809524,68.85622023809523,0.37,0.4,0.49,80.10697916666666,103.50331845238097,117.01431547619048,23070.81,69554.23,157267.24,0.3476041666666667,2.048333333333334,7.197291666666667,12.876666666666669,0.49,170818.37,15,1,8,0.0,0.0,0.0,0.0,0.0,1.0,0.0,1.0,1.0,0.0,0.0,2.0,1.0,1.0,1.4142135623730951,0.0,0.0,0.0,0.0,0.0,1.0,-1.0,0.5,0.5,0.7071067811865476,204519.0,-20146.0,194446.0,194446.0,14245.373213784187,264938.0,-48607.0,240634.5,240634.5,34370.339313134515,264938.0,-48607.0,240634.5,240634.5,34370.339313134515,11.0,-11.0,5.5,5.5,7.7781745930520225,3.0,0.0,0.33333322222225925,0.0,1000000.0,2025-01-24,0.0,0.0,9.0,plot_level_next_window
2425,2025-01-24,B21,B,2,1,174942.0,194837.0,194837.0,0.0,1.0,0.0,0.0,1.0,0.0,96,5.2790625,-1.52,12.93,5.436041666666667,7.218958333333333,53.24302083333333,0.0,5.271458333333333,152.44979166666667,14635.18,-4.171458333333333,0.0,4.36,8.432797619047617,8.973690476190475,6.933090277777777,10.506681547619047,10.909903273809524,70.58760416666667,74.32239583333333,73.75555803571429,0.47,2.13,2.5600000000000005,93.41087828947369,87.6885900689223,94.4654334273183,26826.73,58744.68,126779.49,0.0,14.915520833333332,16.36239583333333,28.054895833333333,2.6500000000000004,254683.16,24,1,17,0.0,0.0,0.0,0.0,0.0,1.0,0.0,1.0,1.0,0.0,2.0,-1.0,1.5,1.0,1.0,0.0,0.0,0.0,0.0,0.0,0.0,0.0,0.0,0.3333333333333333,0.5773502691896258,184373.0,-9431.0,179657.5,187944.66666666666,15108.518601548374,216331.0,-21494.0,205584.0,225368.66666666666,35913.74547904093,216331.0,-21494.0,205584.0,225368.66666666666,35913.74547904093,0.0,0.0,0.0,3.6666666666666665,6.3508529610858835,2.0,0.0,0.499999750000125,0.0,1000000.0,2025-01-29,0.0,0.0,5.0,plot_level_next_window
2425,2025-01-29,B21,B,2,1,229231.0,307526.0,307526.0,0.0,1.0,0.0,0.0,0.0,0.0,96,14.415208333333332,7.25,24.52,14.628749999999998,15.573125,74.2025,0.0,4.462916666666667,163.29208333333335,15676.04,9.072395833333331,4.415208333333332,14.289791666666666,9.98485119047619,9.8475,14.769826388888887,11.000773809523809,11.290186011904762,75.14916666666667,70.62700892857143,73.9750074404762,0.0,0.0,2.16,151.48711622807016,144.39314348370928,118.44194345238095,43486.26,96814.56,158861.89,12.869374999999998,13.239479166666664,28.41770833333333,41.294375,2.6500000000000004,329680.25999999995,29,1,22,0.0,0.0,0.0,0.0,0.0,1.0,0.0,1.0,1.0,0.0,1.0,-1.0,0.5,1.0,1.0,0.0,0.0,0.0,0.0,0.0,0.0,0.0,0.0,0.0,0.0,174942.0,54289.0,202086.5,196182.0,29007.123969811273,194837.0,112689.0,251181.5,239564.66666666666,59829.383502868666,194837.0,112689.0,251181.5,239564.66666666666,59829.383502868666,0.0,0.0,0.0,0.0,0.0,1.0,0.0,0.9999990000010001,0.0,1000000.0,2025-02-05,0.0,0.0,7.0,plot_level_next_window
2425,2025-02-05,B21,B,2,1,169711.0,206669.0,206669.0,0.0,2.0,0.0,0.0,1.0,0.0,96,18.68520833333333,9.8,29.29,19.00177083333333,20.30958333333333,75.6040625,0.0,3.106875,167.2046875,16051.65,13.6259375,8.685208333333332,18.88020833333333,17.893645833333334,13.93924851190476,20.283715277777777,18.988110119047622,14.994441964285716,82.0129861111111,78.69738095238095,74.6621949404762,0.0,0.0,0.0,142.03729166666665,147.0850148809524,145.73907918233084,40906.74,98841.13,195655.69,26.640625,55.255520833333335,68.49499999999999,96.54989583333332,2.6500000000000004,428521.39,36,2,29,0.0,0.0,0.0,0.0,0.0,1.0,1.0,1.5,1.3333333333333333,0.5773502691896258,0.0,1.0,0.5,0.6666666666666666,0.5773502691896258,0.0,0.0,0.0,0.0,0.0,0.0,0.0,0.0,0.0,0.0,229231.0,-59520.0,199471.0,191294.66666666666,32957.77420174689,307526.0,-100857.0,257097.5,236344.0,61928.64360697722,307526.0,-100857.0,257097.5,236344.0,61928.64360697722,0.0,0.0,0.0,0.0,0.0,3.0,0.0,0.6666664444445185,0.0,2000000.0,2025-02-12,26.0,26.0,7.0,plot_level_next_window
2425,2025-02-12,B21,B,2,1,425237.0,604420.0,604420.0,2.0,10.0,0.0,3.0,4.0,26.0,96,21.88416666666667,15.34,29.99,22.11552083333333,21.982083333333332,78.26385416666666,0.0,6.814687500000001,152.95354166666667,14683.54,17.333020833333332,11.884166666666667,19.769340277777776,19.184895833333336,18.53927083333333,21.254791666666662,21.140580357142856,20.064345238095235,81.69614583333332,80.93714285714286,79.8172619047619,0.0,0.0,0.0,130.77805555555554,146.5577380952381,146.82137648809524,37664.08,98486.8,197327.93,29.30802083333333,64.29427083333334,119.54979166666666,160.84416666666664,2.6500000000000004,527008.19,43,2,36,0.0,2.0,1.0,0.6666666666666666,1.1547005383792517,2.0,8.0,6.0,4.333333333333333,4.932882862316247,1.0,3.0,2.5,1.6666666666666667,2.0816659994661326,0.0,0.0,0.0,0.0,0.0,0.0,3.0,1.5,1.0,1.7320508075688772,169711.0,255526.0,297474.0,274726.3333333333,133700.23629497943,206669.0,397751.0,405544.5,372871.6666666667,206770.4200661529,206669.0,397751.0,405544.5,372871.6666666667,206770.4200661529,0.0,26.0,13.0,8.666666666666666,15.011106998930272,19.0,0.15789472853185638,0.5263157617728547,0.19999998000000202,3.3333322222225923,2025-02-20,0.0,-26.0,8.0,plot_level_next_window
2425,2025-02-20,B21,B,2,1,316701.0,416175.0,416175.0,1.0,14.0,1.0,3.0,2.0,0.0,96,11.767604166666668,6.18,16.81,12.212916666666668,15.488645833333337,75.38729166666667,0.0,7.179583333333333,163.27791666666667,15674.68,7.268020833333334,1.7676041666666666,13.677743055555553,15.813392857142858,17.728125000000002,16.133194444444445,17.899166666666666,19.650431547619046,79.51315972222223,78.89425595238095,80.27756696428571,0.17,0.43,0.6900000000000001,132.67184027777776,133.68846224937343,139.40532487468673,38209.49,89510.31,187032.42,11.033229166666668,40.69375000000001,108.19375,214.7317708333333,3.34,630807.07,51,2,44,2.0,-1.0,1.5,1.0,1.0,10.0,4.0,12.0,8.666666666666666,6.110100926607786,4.0,-2.0,3.0,2.3333333333333335,1.5275252316519465,0.0,1.0,0.5,0.3333333333333333,0.5773502691896258,3.0,0.0,3.0,2.0,1.7320508075688772,425237.0,-108536.0,370969.0,303883.0,128244.33715373169,604420.0,-188245.0,510297.5,409088.0,198970.18288427035,604420.0,-188245.0,510297.5,409088.0,198970.18288427035,26.0,-26.0,13.0,8.666666666666666,15.011106998930272,21.0,0.14285713605442207,0.6666666349206364,0.07142856632653098,4.666665111111629,2025-02-26,21.0,21.0,6.0,plot_level_next_window
2425,2025-02-26,B21,B,2,1,179477.0,207104.0,207104.0,1.0,14.0,0.0,2.0,0.0,21.0,96,17.139062499999998,8.14,26.86,17.257916666666667,17.4190625,66.61020833333333,0.0,2.411875,212.98958333333331,20447.0,9.3134375,7.139062499999998,15.575416666666664,13.179315476190478,15.31251488095238,16.691736111111112,15.332008928571428,17.170074404761902,80.75583333333333,75.14138392857141,77.46912202380952,0.71,0.71,1.4,127.3667649853801,152.13437249373433,141.88008552631578,36531.46,102084.13,190208.33,16.72625,25.188437500000003,77.3084375,238.15260416666663,4.05,717216.5199999999,57,2,50,1.0,0.0,1.0,1.3333333333333333,0.577350269189626,14.0,0.0,14.0,12.666666666666666,2.309401076758498,2.0,-2.0,1.0,2.0,1.9999999999999998,1.0,-1.0,0.5,0.3333333333333333,0.5773502691896258,3.0,-1.0,2.5,2.6666666666666665,0.5773502691896257,316701.0,-137224.0,248089.0,307138.3333333333,123158.75058368096,416175.0,-209071.0,311639.5,409233.0,198748.94839218646,416175.0,-209071.0,311639.5,409233.0,198748.94839218646,0.0,21.0,10.5,15.666666666666666,13.796134724383252,17.0,0.11764705190311459,0.8235293633218022,0.07142856632653098,6.99999650000175,2025-03-05,68.0,47.0,7.0,plot_level_next_window
2425,2025-01-07,B22,B,2,2,174361.0,242032.0,242032.0,0.0,2.0,1.0,4.0,0.0,35.0,96,4.62125,-0.12,9.74,4.856145833333334,9.759791666666668,72.216875,0.0,5.543958333333333,135.435,13001.76,-0.1147916666666666,0.0,9.92340277777778,10.599136904761904,10.599136904761904,12.068958333333333,12.918348214285714,12.918348214285714,71.73593749999999,67.33674107142858,67.33674107142858,0.06,0.06,0.06,114.04555555555557,129.81196428571428,129.81196428571428,32845.119999999995,87233.64,87233.64,5.148958333333333,10.828333333333331,10.828333333333331,10.828333333333331,0.06,87233.64,7,1,0,,,0.0,0.0,,,,2.0,2.0,,,,0.0,0.0,,,,1.0,1.0,,,,4.0,4.0,,,,174361.0,174361.0,,,,242032.0,242032.0,,,,242032.0,242032.0,,,,35.0,35.0,,7.0,0.57142848979593,0.285714244897965,0.0,0.49999987500003124,2025-01-15,0.0,-35.0,8.0,plot_level_next_window
2425,2025-01-15,B22,B,2,2,247850.0,303443.0,303443.0,0.0,3.0,0.0,0.0,2.0,0.0,96,8.561458333333333,1.9,14.4,8.645208333333334,9.85375,66.91677083333333,0.0,2.7433333333333336,68.26197916666666,6553.15,2.328958333333333,0.0,9.636354166666669,8.893482142857142,9.09999255952381,11.14826388888889,10.987276785714286,11.37293898809524,71.78802083333333,70.96653273809524,68.85622023809523,0.37,0.4,0.49,80.10697916666666,103.50331845238097,117.01431547619048,23070.81,69554.23,157267.24,0.3476041666666667,2.048333333333334,7.197291666666667,12.876666666666669,0.49,170818.37,15,1,8,0.0,0.0,0.0,0.0,0.0,2.0,1.0,2.5,2.5,0.7071067811865476,0.0,2.0,1.0,1.0,1.4142135623730951,1.0,-1.0,0.5,0.5,0.7071067811865476,4.0,-4.0,2.0,2.0,2.8284271247461903,174361.0,73489.0,211105.5,211105.5,51964.57024261819,242032.0,61411.0,272737.5,272737.5,43424.13453944707,242032.0,61411.0,272737.5,272737.5,43424.13453944707,35.0,-35.0,17.5,17.5,24.748737341529164,5.0,0.0,0.599999880000024,0.0,3000000.0,2025-01-24,0.0,0.0,9.0,plot_level_next_window
2425,2025-01-24,B22,B,2,2,135581.0,148485.0,148485.0,0.0,3.0,0.0,0.0,0.0,0.0,96,5.2790625,-1.52,12.93,5.436041666666667,7.218958333333333,53.24302083333333,0.0,5.271458333333333,152.44979166666667,14635.18,-4.171458333333333,0.0,4.36,8.432797619047617,8.973690476190475,6.933090277777777,10.506681547619047,10.909903273809524,70.58760416666667,74.32239583333333,73.75555803571429,0.47,2.13,2.5600000000000005,93.41087828947369,87.6885900689223,94.4654334273183,26826.73,58744.68,126779.49,0.0,14.915520833333332,16.36239583333333,28.054895833333333,2.6500000000000004,254683.16,24,1,17,0.0,0.0,0.0,0.0,0.0,3.0,0.0,3.0,2.6666666666666665,0.5773502691896258,2.0,-2.0,1.0,0.6666666666666666,1.1547005383792517,0.0,0.0,0.0,0.3333333333333333,0.5773502691896258,0.0,0.0,0.0,1.3333333333333333,2.3094010767585034,247850.0,-112269.0,191715.5,185930.66666666666,57021.706220818516,303443.0,-154958.0,225964.0,231320.0,78032.40127664918,303443.0,-154958.0,225964.0,231320.0,78032.40127664918,0.0,0.0,0.0,11.666666666666666,20.207259421636902,3.0,0.0,0.9999996666667778,0.0,3000000.0,2025-01-29,0.0,0.0,5.0,plot_level_next_window
2425,2025-01-29,B22,B,2,2,246934.0,304449.0,304449.0,0.0,3.0,3.0,2.0,0.0,0.0,96,14.415208333333332,7.25,24.52,14.628749999999998,15.573125,74.2025,0.0,4.462916666666667,163.29208333333335,15676.04,9.072395833333331,4.415208333333332,14.289791666666666,9.98485119047619,9.8475,14.769826388888887,11.000773809523809,11.290186011904762,75.14916666666667,70.62700892857143,73.9750074404762,0.0,0.0,2.16,151.48711622807016,144.39314348370928,118.44194345238095,43486.26,96814.56,158861.89,12.869374999999998,13.239479166666664,28.41770833333333,41.294375,2.6500000000000004,329680.25999999995,29,1,22,0.0,0.0,0.0,0.0,0.0,3.0,0.0,3.0,3.0,0.0,0.0,0.0,0.0,0.6666666666666666,1.1547005383792517,0.0,3.0,1.5,1.0,1.7320508075688772,0.0,2.0,1.0,0.6666666666666666,1.1547005383792517,135581.0,111353.0,191257.5,210121.66666666666,64555.735642414715,148485.0,155964.0,226467.0,252125.66666666666,89756.85962272373,148485.0,155964.0,226467.0,252125.66666666666,89756.85962272373,0.0,0.0,0.0,0.0,0.0,8.0,0.24999996875000394,0.3749999531250059,0.0,1.499999250000375,2025-02-05,43.0,43.0,7.0,plot_level_next_window
2425,2025-02-05,B22,B,2,2,166209.0,204510.0,204510.0,0.0,2.0,0.0,3.0,0.0,43.0,96,18.68520833333333,9.8,29.29,19.00177083333333,20.30958333333333,75.6040625,0.0,3.106875,167.2046875,16051.65,13.6259375,8.685208333333332,18.88020833333333,17.893645833333334,13.93924851190476,20.283715277777777,18.988110119047622,14.994441964285716,82.0129861111111,78.69738095238095,74.6621949404762,0.0,0.0,0.0,142.03729166666665,147.0850148809524,145.73907918233084,40906.74,98841.13,195655.69,26.640625,55.255520833333335,68.49499999999999,96.54989583333332,2.6500000000000004,428521.39,36,2,29,0.0,0.0,0.0,0.0,0.0,3.0,-1.0,2.5,2.6666666666666665,0.5773502691896257,0.0,0.0,0.0,0.0,0.0,3.0,-3.0,1.5,1.0,1.7320508075688772,2.0,1.0,2.5,1.6666666666666667,1.5275252316519468,246934.0,-80725.0,206571.5,182908.0,57524.03934878009,304449.0,-99939.0,254479.5,219148.0,79005.66819538963,304449.0,-99939.0,254479.5,219148.0,79005.66819538963,0.0,43.0,21.5,14.333333333333334,24.826061575153908,5.0,0.599999880000024,0.399999920000016,0.0,0.6666664444445185,2025-02-12,33.0,-10.0,7.0,plot_level_next_window
2425,2025-02-12,B22,B,2,2,403384.0,555960.0,555960.0,3.0,11.0,1.0,2.0,3.0,33.0,96,21.88416666666667,15.34,29.99,22.11552083333333,21.982083333333332,78.26385416666666,0.0,6.814687500000001,152.95354166666667,14683.54,17.333020833333332,11.884166666666667,19.769340277777776,19.184895833333336,18.53927083333333,21.254791666666662,21.140580357142856,20.064345238095235,81.69614583333332,80.93714285714286,79.8172619047619,0.0,0.0,0.0,130.77805555555554,146.5577380952381,146.82137648809524,37664.08,98486.8,197327.93,29.30802083333333,64.29427083333334,119.54979166666666,160.84416666666664,2.6500000000000004,527008.19,43,2,36,0.0,3.0,1.5,1.0,1.7320508075688772,2.0,9.0,6.5,5.333333333333333,4.932882862316247,0.0,3.0,1.5,1.0,1.7320508075688772,0.0,1.0,0.5,1.3333333333333333,1.5275252316519468,3.0,-1.0,2.5,2.3333333333333335,0.5773502691896266,166209.0,237175.0,284796.5,272175.6666666667,120585.45293000036,204510.0,351450.0,380235.0,354973.0,181090.53414521698,204510.0,351450.0,380235.0,354973.0,181090.53414521698,43.0,-10.0,38.0,25.333333333333332,22.501851775650227,20.0,0.09999999500000024,0.5499999725000013,0.2727272479338866,5.499997250001375,2025-02-20,7.0,-26.0,8.0,plot_level_next_window
2425,2025-02-20,B22,B,2,2,264297.0,334038.0,334038.0,1.0,16.0,0.0,0.0,1.0,7.0,96,11.767604166666668,6.18,16.81,12.212916666666668,15.488645833333337,75.38729166666667,0.0,7.179583333333333,163.27791666666667,15674.68,7.268020833333334,1.7676041666666666,13.677743055555553,15.813392857142858,17.728125000000002,16.133194444444445,17.899166666666666,19.650431547619046,79.51315972222223,78.89425595238095,80.27756696428571,0.17,0.43,0.6900000000000001,132.67184027777776,133.68846224937343,139.40532487468673,38209.49,89510.31,187032.42,11.033229166666668,40.69375000000001,108.19375,214.7317708333333,3.34,630807.07,51,2,44,3.0,-2.0,2.0,1.3333333333333333,1.5275252316519468,11.0,5.0,13.5,9.666666666666666,7.094598884597588,3.0,-2.0,2.0,1.3333333333333333,1.5275252316519468,1.0,-1.0,0.5,0.3333333333333333,0.5773502691896257,2.0,-2.0,1.0,1.6666666666666667,1.5275252316519468,403384.0,-139087.0,333840.5,277963.3333333333,119176.64056489145,555960.0,-221922.0,444999.0,364836.0,177737.62468312666,555960.0,-221922.0,444999.0,364836.0,177737.62468312666,33.0,-26.0,20.0,27.666666666666668,18.583146486355137,18.0,0.0,0.8888888395061756,0.06249999609375024,16000000.0,2025-02-26,34.0,27.0,6.0,plot_level_next_window
2425,2025-02-26,B22,B,2,2,203950.0,230973.0,230973.0,0.0,8.0,2.0,1.0,1.0,34.0,96,17.139062499999998,8.14,26.86,17.257916666666667,17.4190625,66.61020833333333,0.0,2.411875,212.98958333333331,20447.0,9.3134375,7.139062499999998,15.575416666666664,13.179315476190478,15.31251488095238,16.691736111111112,15.332008928571428,17.170074404761902,80.75583333333333,75.14138392857141,77.46912202380952,0.71,0.71,1.4,127.3667649853801,152.13437249373433,141.88008552631578,36531.46,102084.13,190208.33,16.72625,25.188437500000003,77.3084375,238.15260416666663,4.05,717216.5199999999,57,2,50,1.0,-1.0,0.5,1.3333333333333333,1.5275252316519468,16.0,-8.0,12.0,11.666666666666666,4.041451884327379,1.0,0.0,1.0,1.6666666666666667,1.1547005383792517,0.0,2.0,1.0,1.0,1.0,0.0,1.0,0.5,1.0,1.0000000000000002,264297.0,-60347.0,234123.5,290543.6666666667,102274.85381232934,334038.0,-103065.0,282505.5,373657.0,166076.44749632623,334038.0,-103065.0,282505.5,373657.0,166076.44749632623,7.0,27.0,20.5,24.666666666666668,15.307950004273374,12.0,0.08333332638888948,0.6666666111111158,0.0,7.9999920000080005,2025-03-05,136.0,102.0,7.0,plot_level_next_window
2425,2025-01-07,B23,B,2,3,214192.0,285550.0,285550.0,0.0,4.0,0.0,3.0,0.0,31.0,96,4.62125,-0.12,9.74,4.856145833333334,9.759791666666668,72.216875,0.0,5.543958333333333,135.435,13001.76,-0.1147916666666666,0.0,9.92340277777778,10.599136904761904,10.599136904761904,12.068958333333333,12.918348214285714,12.918348214285714,71.73593749999999,67.33674107142858,67.33674107142858,0.06,0.06,0.06,114.04555555555557,129.81196428571428,129.81196428571428,32845.119999999995,87233.64,87233.64,5.148958333333333,10.828333333333331,10.828333333333331,10.828333333333331,0.06,87233.64,7,1,0,,,0.0,0.0,,,,4.0,4.0,,,,0.0,0.0,,,,0.0,0.0,,,,3.0,3.0,,,,214192.0,214192.0,,,,285550.0,285550.0,,,,285550.0,285550.0,,,,31.0,31.0,,7.0,0.4285713673469475,0.57142848979593,0.0,1.333332888889037,2025-01-15,0.0,-31.0,8.0,plot_level_next_window
2425,2025-01-15,B23,B,2,3,196009.0,231905.0,231905.0,0.0,5.0,0.0,1.0,0.0,0.0,96,8.561458333333333,1.9,14.4,8.645208333333334,9.85375,66.91677083333333,0.0,2.7433333333333336,68.26197916666666,6553.15,2.328958333333333,0.0,9.636354166666669,8.893482142857142,9.09999255952381,11.14826388888889,10.987276785714286,11.37293898809524,71.78802083333333,70.96653273809524,68.85622023809523,0.37,0.4,0.49,80.10697916666666,103.50331845238097,117.01431547619048,23070.81,69554.23,157267.24,0.3476041666666667,2.048333333333334,7.197291666666667,12.876666666666669,0.49,170818.37,15,1,8,0.0,0.0,0.0,0.0,0.0,4.0,1.0,4.5,4.5,0.7071067811865476,0.0,0.0,0.0,0.0,0.0,0.0,0.0,0.0,0.0,0.0,3.0,-2.0,2.0,2.0,1.4142135623730951,214192.0,-18183.0,205100.5,205100.5,12857.322602314993,285550.0,-53645.0,258727.5,258727.5,37932.74327675234,285550.0,-53645.0,258727.5,258727.5,37932.74327675234,31.0,-31.0,15.5,15.5,21.920310216782973,6.0,0.16666663888889352,0.8333331944444675,0.0,4.999995000005001,2025-01-24,0.0,0.0,9.0,plot_level_next_window
2425,2025-01-24,B23,B,2,3,232130.0,268843.0,268843.0,0.0,3.0,0.0,7.0,0.0,0.0,96,5.2790625,-1.52,12.93,5.436041666666667,7.218958333333333,53.24302083333333,0.0,5.271458333333333,152.44979166666667,14635.18,-4.171458333333333,0.0,4.36,8.432797619047617,8.973690476190475,6.933090277777777,10.506681547619047,10.909903273809524,70.58760416666667,74.32239583333333,73.75555803571429,0.47,2.13,2.5600000000000005,93.41087828947369,87.6885900689223,94.4654334273183,26826.73,58744.68,126779.49,0.0,14.915520833333332,16.36239583333333,28.054895833333333,2.6500000000000004,254683.16,24,1,17,0.0,0.0,0.0,0.0,0.0,5.0,-2.0,4.0,4.0,1.0,0.0,0.0,0.0,0.0,0.0,0.0,0.0,0.0,0.0,0.0,1.0,6.0,4.0,3.6666666666666665,3.055050463303893,196009.0,36121.0,214069.5,214110.33333333334,18060.638480777285,231905.0,36938.0,250374.0,262099.33333333334,27450.94326855333,231905.0,36938.0,250374.0,262099.33333333334,27450.94326855333,0.0,0.0,0.0,10.333333333333334,17.897858344878397,10.0,0.699999930000007,0.299999970000003,0.0,0.4285713673469475,2025-01-29,0.0,0.0,5.0,plot_level_next_window
2425,2025-01-29,B23,B,2,3,196301.0,240451.0,240451.0,0.0,3.0,2.0,4.0,0.0,0.0,96,14.415208333333332,7.25,24.52,14.628749999999998,15.573125,74.2025,0.0,4.462916666666667,163.29208333333335,15676.04,9.072395833333331,4.415208333333332,14.289791666666666,9.98485119047619,9.8475,14.769826388888887,11.000773809523809,11.290186011904762,75.14916666666667,70.62700892857143,73.9750074404762,0.0,0.0,2.16,151.48711622807016,144.39314348370928,118.44194345238095,43486.26,96814.56,158861.89,12.869374999999998,13.239479166666664,28.41770833333333,41.294375,2.6500000000000004,329680.25999999995,29,1,22,0.0,0.0,0.0,0.0,0.0,3.0,0.0,3.0,3.6666666666666665,1.1547005383792515,0.0,0.0,0.0,0.0,0.0,0.0,2.0,1.0,0.6666666666666666,1.1547005383792517,7.0,-3.0,5.5,4.0,2.9999999999999996,232130.0,-35829.0,214215.5,208146.66666666666,20770.689067369265,268843.0,-28392.0,254647.0,247066.33333333334,19337.164666344794,268843.0,-28392.0,254647.0,247066.33333333334,19337.164666344794,0.0,0.0,0.0,0.0,0.0,9.0,0.44444439506173394,0.33333329629630043,0.0,0.7499998125000469,2025-02-05,21.0,21.0,7.0,plot_level_next_window
2425,2025-02-05,B23,B,2,3,212854.0,253148.0,253148.0,0.0,0.0,0.0,4.0,3.0,21.0,96,18.68520833333333,9.8,29.29,19.00177083333333,20.30958333333333,75.6040625,0.0,3.106875,167.2046875,16051.65,13.6259375,8.685208333333332,18.88020833333333,17.893645833333334,13.93924851190476,20.283715277777777,18.988110119047622,14.994441964285716,82.0129861111111,78.69738095238095,74.6621949404762,0.0,0.0,0.0,142.03729166666665,147.0850148809524,145.73907918233084,40906.74,98841.13,195655.69,26.640625,55.255520833333335,68.49499999999999,96.54989583333332,2.6500000000000004,428521.39,36,2,29,0.0,0.0,0.0,0.0,0.0,3.0,-3.0,1.5,2.0,1.7320508075688772,0.0,3.0,1.5,1.0,1.7320508075688772,2.0,-2.0,1.0,0.6666666666666666,1.1547005383792517,4.0,0.0,4.0,5.0,1.7320508075688767,196301.0,16553.0,204577.5,213761.66666666666,17931.737348437076,240451.0,12697.0,246799.5,254147.33333333334,14222.356215948657,240451.0,12697.0,246799.5,254147.33333333334,14222.356215948657,0.0,21.0,10.5,7.0,12.12435565298214,7.0,0.57142848979593,0.0,0.0,0.0,2025-02-12,30.0,9.0,7.0,plot_level_next_window
2425,2025-02-12,B23,B,2,3,285203.0,387037.0,387037.0,2.0,9.0,1.0,0.0,1.0,30.0,96,21.88416666666667,15.34,29.99,22.11552083333333,21.982083333333332,78.26385416666666,0.0,6.814687500000001,152.95354166666667,14683.54,17.333020833333332,11.884166666666667,19.769340277777776,19.184895833333336,18.53927083333333,21.254791666666662,21.140580357142856,20.064345238095235,81.69614583333332,80.93714285714286,79.8172619047619,0.0,0.0,0.0,130.77805555555554,146.5577380952381,146.82137648809524,37664.08,98486.8,197327.93,29.30802083333333,64.29427083333334,119.54979166666666,160.84416666666664,2.6500000000000004,527008.19,43,2,36,0.0,2.0,1.0,0.6666666666666666,1.1547005383792517,0.0,9.0,4.5,4.0,4.58257569495584,3.0,-2.0,2.0,1.3333333333333333,1.5275252316519468,0.0,1.0,0.5,1.0,1.0,4.0,-4.0,2.0,2.6666666666666665,2.3094010767585034,212854.0,72349.0,249028.5,231452.66666666666,47279.21533119319,253148.0,133889.0,320092.5,293545.3333333333,81214.667729009,253148.0,133889.0,320092.5,293545.3333333333,81214.667729009,21.0,9.0,25.5,17.0,15.394804318340652,13.0,0.0,0.6923076390532585,0.22222219753086697,9000000.0,2025-02-20,183.0,153.0,8.0,plot_level_next_window
2425,2025-02-20,B23,B,2,3,307570.0,386003.0,386003.0,1.0,16.0,0.0,4.0,0.0,183.0,96,11.767604166666668,6.18,16.81,12.212916666666668,15.488645833333337,75.38729166666667,0.0,7.179583333333333,163.27791666666667,15674.68,7.268020833333334,1.7676041666666666,13.677743055555553,15.813392857142858,17.728125000000002,16.133194444444445,17.899166666666666,19.650431547619046,79.51315972222223,78.89425595238095,80.27756696428571,0.17,0.43,0.6900000000000001,132.67184027777776,133.68846224937343,139.40532487468673,38209.49,89510.31,187032.42,11.033229166666668,40.69375000000001,108.19375,214.7317708333333,3.34,630807.07,51,2,44,2.0,-1.0,1.5,1.0,1.0,9.0,7.0,12.5,8.333333333333334,8.020806277010642,1.0,-1.0,0.5,1.3333333333333333,1.5275252316519468,1.0,-1.0,0.5,0.3333333333333333,0.5773502691896258,0.0,4.0,2.0,2.6666666666666665,2.3094010767585034,285203.0,22367.0,296386.5,268542.3333333333,49507.206791873585,387037.0,-1034.0,386520.0,342062.6666666667,77004.09567245975,387037.0,-1034.0,386520.0,342062.6666666667,77004.09567245975,30.0,153.0,106.5,78.0,91.04394543296111,21.0,0.19047618140589612,0.7619047256235845,0.06249999609375024,3.99999900000025,2025-02-26,25.0,-158.0,6.0,plot_level_next_window
2425,2025-02-26,B23,B,2,3,331617.0,377723.0,377723.0,3.0,25.0,0.0,0.0,3.0,25.0,96,17.139062499999998,8.14,26.86,17.257916666666667,17.4190625,66.61020833333333,0.0,2.411875,212.98958333333331,20447.0,9.3134375,7.139062499999998,15.575416666666664,13.179315476190478,15.31251488095238,16.691736111111112,15.332008928571428,17.170074404761902,80.75583333333333,75.14138392857141,77.46912202380952,0.71,0.71,1.4,127.3667649853801,152.13437249373433,141.88008552631578,36531.46,102084.13,190208.33,16.72625,25.188437500000003,77.3084375,238.15260416666663,4.05,717216.5199999999,57,2,50,1.0,2.0,2.0,2.0,1.0,16.0,9.0,20.5,16.666666666666668,8.020806277010642,0.0,3.0,1.5,1.3333333333333333,1.5275252316519468,0.0,0.0,0.0,0.3333333333333333,0.5773502691896258,4.0,-4.0,2.0,1.3333333333333333,2.3094010767585034,307570.0,24047.0,319593.5,308130.0,23212.0668834122,386003.0,-8280.0,381863.0,383587.6666666667,5105.195915274302,386003.0,-8280.0,381863.0,383587.6666666667,5105.195915274302,183.0,-158.0,104.0,79.33333333333333,89.81276820883171,31.0,0.0,0.8064515868886585,0.11999999520000018,25000000.0,2025-03-05,55.0,30.0,7.0,plot_level_next_window
2425,2025-01-07,B24,B,2,4,236697.0,326519.0,326519.0,0.0,3.0,3.0,1.0,0.0,75.0,96,4.62125,-0.12,9.74,4.856145833333334,9.759791666666668,72.216875,0.0,5.543958333333333,135.435,13001.76,-0.1147916666666666,0.0,9.92340277777778,10.599136904761904,10.599136904761904,12.068958333333333,12.918348214285714,12.918348214285714,71.73593749999999,67.33674107142858,67.33674107142858,0.06,0.06,0.06,114.04555555555557,129.81196428571428,129.81196428571428,32845.119999999995,87233.64,87233.64,5.148958333333333,10.828333333333331,10.828333333333331,10.828333333333331,0.06,87233.64,7,1,0,,,0.0,0.0,,,,3.0,3.0,,,,0.0,0.0,,,,3.0,3.0,,,,1.0,1.0,,,,236697.0,236697.0,,,,326519.0,326519.0,,,,326519.0,326519.0,,,,75.0,75.0,,7.0,0.1428571224489825,0.4285713673469475,0.0,2.9999970000030003,2025-01-15,9.0,-66.0,8.0,plot_level_next_window
2425,2025-01-15,B24,B,2,4,313222.0,365496.0,365496.0,0.0,1.0,2.0,0.0,0.0,9.0,96,8.561458333333333,1.9,14.4,8.645208333333334,9.85375,66.91677083333333,0.0,2.7433333333333336,68.26197916666666,6553.15,2.328958333333333,0.0,9.636354166666669,8.893482142857142,9.09999255952381,11.14826388888889,10.987276785714286,11.37293898809524,71.78802083333333,70.96653273809524,68.85622023809523,0.37,0.4,0.49,80.10697916666666,103.50331845238097,117.01431547619048,23070.81,69554.23,157267.24,0.3476041666666667,2.048333333333334,7.197291666666667,12.876666666666669,0.49,170818.37,15,1,8,0.0,0.0,0.0,0.0,0.0,3.0,-2.0,2.0,2.0,1.4142135623730951,0.0,0.0,0.0,0.0,0.0,3.0,-1.0,2.5,2.5,0.7071067811865476,1.0,-1.0,0.5,0.5,0.7071067811865476,236697.0,76525.0,274959.5,274959.5,54111.346430300546,326519.0,38977.0,346007.5,346007.5,27560.90101030806,326519.0,38977.0,346007.5,346007.5,27560.90101030806,75.0,-66.0,42.0,42.0,46.66904755831214,3.0,0.0,0.33333322222225925,0.0,1000000.0,2025-01-24,0.0,-9.0,9.0,plot_level_next_window
2425,2025-01-24,B24,B,2,4,252312.0,284892.0,284892.0,0.0,3.0,1.0,0.0,2.0,0.0,96,5.2790625,-1.52,12.93,5.436041666666667,7.218958333333333,53.24302083333333,0.0,5.271458333333333,152.44979166666667,14635.18,-4.171458333333333,0.0,4.36,8.432797619047617,8.973690476190475,6.933090277777777,10.506681547619047,10.909903273809524,70.58760416666667,74.32239583333333,73.75555803571429,0.47,2.13,2.5600000000000005,93.41087828947369,87.6885900689223,94.4654334273183,26826.73,58744.68,126779.49,0.0,14.915520833333332,16.36239583333333,28.054895833333333,2.6500000000000004,254683.16,24,1,17,0.0,0.0,0.0,0.0,0.0,1.0,2.0,2.0,2.3333333333333335,1.1547005383792515,0.0,2.0,1.0,0.6666666666666666,1.1547005383792517,2.0,-1.0,1.5,2.0,1.0,0.0,0.0,0.0,0.3333333333333333,0.5773502691896258,313222.0,-60910.0,282767.0,267410.3333333333,40434.9929928686,365496.0,-80604.0,325194.0,325635.6666666667,40309.25963514257,365496.0,-80604.0,325194.0,325635.6666666667,40309.25963514257,9.0,-9.0,4.5,28.0,40.95119045888654,6.0,0.0,0.49999991666668053,0.0,3000000.0,2025-01-29,21.0,21.0,5.0,plot_level_next_window
2425,2025-01-29,B24,B,2,4,218261.0,277494.0,277494.0,0.0,2.0,1.0,2.0,2.0,21.0,96,14.415208333333332,7.25,24.52,14.628749999999998,15.573125,74.2025,0.0,4.462916666666667,163.29208333333335,15676.04,9.072395833333331,4.415208333333332,14.289791666666666,9.98485119047619,9.8475,14.769826388888887,11.000773809523809,11.290186011904762,75.14916666666667,70.62700892857143,73.9750074404762,0.0,0.0,2.16,151.48711622807016,144.39314348370928,118.44194345238095,43486.26,96814.56,158861.89,12.869374999999998,13.239479166666664,28.41770833333333,41.294375,2.6500000000000004,329680.25999999995,29,1,22,0.0,0.0,0.0,0.0,0.0,3.0,-1.0,2.5,2.0,1.0,2.0,0.0,2.0,1.3333333333333333,1.1547005383792517,1.0,0.0,1.0,1.3333333333333333,0.5773502691896257,0.0,2.0,1.0,0.6666666666666666,1.1547005383792517,252312.0,-34051.0,235286.5,261265.0,48109.4069491612,284892.0,-7398.0,281193.0,309294.0,48812.715597475224,284892.0,-7398.0,281193.0,309294.0,48812.715597475224,0.0,21.0,10.5,10.0,10.535653752852738,7.0,0.285714244897965,0.285714244897965,0.0,0.99999950000025,2025-02-05,73.0,52.0,7.0,plot_level_next_window
2425,2025-02-05,B24,B,2,4,243090.0,283716.0,283716.0,0.0,2.0,1.0,5.0,3.0,73.0,96,18.68520833333333,9.8,29.29,19.00177083333333,20.30958333333333,75.6040625,0.0,3.106875,167.2046875,16051.65,13.6259375,8.685208333333332,18.88020833333333,17.893645833333334,13.93924851190476,20.283715277777777,18.988110119047622,14.994441964285716,82.0129861111111,78.69738095238095,74.6621949404762,0.0,0.0,0.0,142.03729166666665,147.0850148809524,145.73907918233084,40906.74,98841.13,195655.69,26.640625,55.255520833333335,68.49499999999999,96.54989583333332,2.6500000000000004,428521.39,36,2,29,0.0,0.0,0.0,0.0,0.0,2.0,0.0,2.0,2.3333333333333335,0.5773502691896258,2.0,1.0,2.5,2.3333333333333335,0.5773502691896257,1.0,0.0,1.0,1.0,0.0,2.0,3.0,3.5,2.3333333333333335,2.5166114784235836,218261.0,24829.0,230675.5,237887.66666666666,17611.526178424552,277494.0,6222.0,280605.0,282034.0,3975.4803483354,277494.0,6222.0,280605.0,282034.0,3975.4803483354,21.0,52.0,47.0,31.333333333333332,37.58102358017053,11.0,0.4545454132231443,0.1818181652892577,0.0,0.399999920000016,2025-02-12,45.0,-28.0,7.0,plot_level_next_window
2425,2025-02-12,B24,B,2,4,386905.0,530720.0,530720.0,8.0,14.0,2.0,6.0,2.0,45.0,96,21.88416666666667,15.34,29.99,22.11552083333333,21.982083333333332,78.26385416666666,0.0,6.814687500000001,152.95354166666667,14683.54,17.333020833333332,11.884166666666667,19.769340277777776,19.184895833333336,18.53927083333333,21.254791666666662,21.140580357142856,20.064345238095235,81.69614583333332,80.93714285714286,79.8172619047619,0.0,0.0,0.0,130.77805555555554,146.5577380952381,146.82137648809524,37664.08,98486.8,197327.93,29.30802083333333,64.29427083333334,119.54979166666666,160.84416666666664,2.6500000000000004,527008.19,43,2,36,0.0,8.0,4.0,2.6666666666666665,4.618802153517007,2.0,12.0,8.0,6.0,6.928203230275509,3.0,-1.0,2.5,2.3333333333333335,0.5773502691896257,1.0,1.0,1.5,1.3333333333333333,0.5773502691896258,5.0,1.0,5.5,4.333333333333333,2.0816659994661335,243090.0,143815.0,314997.5,282752.0,91049.46659371487,283716.0,247004.0,407218.0,363976.6666666667,144437.469963072,283716.0,247004.0,407218.0,363976.6666666667,144437.469963072,73.0,-28.0,59.0,46.333333333333336,26.025628394590854,32.0,0.1874999941406252,0.4374999863281255,0.5714285306122479,2.3333329444445092,2025-02-20,36.0,-9.0,8.0,plot_level_next_window
2425,2025-02-20,B24,B,2,4,326918.0,422324.0,422324.0,1.0,14.0,0.0,2.0,2.0,36.0,96,11.767604166666668,6.18,16.81,12.212916666666668,15.488645833333337,75.38729166666667,0.0,7.179583333333333,163.27791666666667,15674.68,7.268020833333334,1.7676041666666666,13.677743055555553,15.813392857142858,17.728125000000002,16.133194444444445,17.899166666666666,19.650431547619046,79.51315972222223,78.89425595238095,80.27756696428571,0.17,0.43,0.6900000000000001,132.67184027777776,133.68846224937343,139.40532487468673,38209.49,89510.31,187032.42,11.033229166666668,40.69375000000001,108.19375,214.7317708333333,3.34,630807.07,51,2,44,8.0,-7.0,4.5,3.0,4.358898943540674,14.0,0.0,14.0,10.0,6.928203230275509,2.0,0.0,2.0,2.3333333333333335,0.5773502691896257,2.0,-2.0,1.0,1.0,1.0,6.0,-4.0,4.0,4.333333333333333,2.0816659994661335,386905.0,-59987.0,356911.5,318971.0,72236.10359785473,530720.0,-108396.0,476522.0,412253.3333333333,123809.56243090972,530720.0,-108396.0,476522.0,412253.3333333333,123809.56243090972,45.0,-9.0,40.5,51.333333333333336,19.29594085120841,19.0,0.10526315235457093,0.7368420664819965,0.07142856632653098,6.99999650000175,2025-02-26,40.0,4.0,6.0,plot_level_next_window
2425,2025-02-26,B24,B,2,4,320433.0,361486.0,361486.0,1.0,9.0,0.0,1.0,3.0,40.0,96,17.139062499999998,8.14,26.86,17.257916666666667,17.4190625,66.61020833333333,0.0,2.411875,212.98958333333331,20447.0,9.3134375,7.139062499999998,15.575416666666664,13.179315476190478,15.31251488095238,16.691736111111112,15.332008928571428,17.170074404761902,80.75583333333333,75.14138392857141,77.46912202380952,0.71,0.71,1.4,127.3667649853801,152.13437249373433,141.88008552631578,36531.46,102084.13,190208.33,16.72625,25.188437500000003,77.3084375,238.15260416666663,4.05,717216.5199999999,57,2,50,1.0,0.0,1.0,3.3333333333333335,4.041451884327381,14.0,-5.0,11.5,12.333333333333334,2.886751345948129,2.0,1.0,2.5,2.3333333333333335,0.5773502691896257,0.0,0.0,0.0,0.6666666666666666,1.1547005383792517,2.0,-1.0,1.5,3.0,2.6457513110645907,326918.0,-6485.0,323675.5,344752.0,36649.288710696695,422324.0,-60838.0,391905.0,438176.6666666667,85723.49135058215,422324.0,-60838.0,391905.0,438176.6666666667,85723.49135058215,36.0,4.0,38.0,40.333333333333336,4.509249752822926,14.0,0.07142856632653098,0.6428570969387788,0.11111109876543349,8.999991000009,2025-03-05,48.0,8.0,7.0,plot_level_next_window
2425,2025-01-07,B25,B,2,5,174927.0,251821.0,251821.0,1.0,6.0,2.0,0.0,0.0,14.0,96,4.62125,-0.12,9.74,4.856145833333334,9.759791666666668,72.216875,0.0,5.543958333333333,135.435,13001.76,-0.1147916666666666,0.0,9.92340277777778,10.599136904761904,10.599136904761904,12.068958333333333,12.918348214285714,12.918348214285714,71.73593749999999,67.33674107142858,67.33674107142858,0.06,0.06,0.06,114.04555555555557,129.81196428571428,129.81196428571428,32845.119999999995,87233.64,87233.64,5.148958333333333,10.828333333333331,10.828333333333331,10.828333333333331,0.06,87233.64,7,1,0,,,1.0,1.0,,,,6.0,6.0,,,,0.0,0.0,,,,2.0,2.0,,,,0.0,0.0,,,,174927.0,174927.0,,,,251821.0,251821.0,,,,251821.0,251821.0,,,,14.0,14.0,,9.0,0.0,0.6666665925926009,0.16666663888889352,6000000.0,2025-01-15,0.0,-14.0,8.0,plot_level_next_window
2425,2025-01-15,B25,B,2,5,197125.0,231249.0,231249.0,0.0,4.0,0.0,0.0,0.0,0.0,96,8.561458333333333,1.9,14.4,8.645208333333334,9.85375,66.91677083333333,0.0,2.7433333333333336,68.26197916666666,6553.15,2.328958333333333,0.0,9.636354166666669,8.893482142857142,9.09999255952381,11.14826388888889,10.987276785714286,11.37293898809524,71.78802083333333,70.96653273809524,68.85622023809523,0.37,0.4,0.49,80.10697916666666,103.50331845238097,117.01431547619048,23070.81,69554.23,157267.24,0.3476041666666667,2.048333333333334,7.197291666666667,12.876666666666669,0.49,170818.37,15,1,8,1.0,-1.0,0.5,0.5,0.7071067811865476,6.0,-2.0,5.0,5.0,1.4142135623730951,0.0,0.0,0.0,0.0,0.0,2.0,-2.0,1.0,1.0,1.4142135623730951,0.0,0.0,0.0,0.0,0.0,174927.0,22198.0,186026.0,186026.0,15696.356328778982,251821.0,-20572.0,241535.0,241535.0,14546.600702569656,251821.0,-20572.0,241535.0,241535.0,14546.600702569656,14.0,-14.0,7.0,7.0,9.899494936611665,4.0,0.0,0.9999997500000625,0.0,4000000.0,2025-01-24,0.0,0.0,9.0,plot_level_next_window
2425,2025-01-24,B25,B,2,5,153608.0,175638.0,175638.0,0.0,6.0,0.0,0.0,3.0,0.0,96,5.2790625,-1.52,12.93,5.436041666666667,7.218958333333333,53.24302083333333,0.0,5.271458333333333,152.44979166666667,14635.18,-4.171458333333333,0.0,4.36,8.432797619047617,8.973690476190475,6.933090277777777,10.506681547619047,10.909903273809524,70.58760416666667,74.32239583333333,73.75555803571429,0.47,2.13,2.5600000000000005,93.41087828947369,87.6885900689223,94.4654334273183,26826.73,58744.68,126779.49,0.0,14.915520833333332,16.36239583333333,28.054895833333333,2.6500000000000004,254683.16,24,1,17,0.0,0.0,0.0,0.3333333333333333,0.5773502691896258,4.0,2.0,5.0,5.333333333333333,1.1547005383792517,0.0,3.0,1.5,1.0,1.7320508075688772,0.0,0.0,0.0,0.6666666666666666,1.1547005383792517,0.0,0.0,0.0,0.0,0.0,197125.0,-43517.0,175366.5,175220.0,21759.97952664478,231249.0,-55611.0,203443.5,219569.33333333334,39411.58880752378,231249.0,-55611.0,203443.5,219569.33333333334,39411.58880752378,0.0,0.0,0.0,4.666666666666667,8.082903768654761,9.0,0.0,0.6666665925926009,0.0,6000000.0,2025-01-29,0.0,0.0,5.0,plot_level_next_window
2425,2025-01-29,B25,B,2,5,99553.0,126554.0,126554.0,0.0,2.0,0.0,0.0,1.0,0.0,96,14.415208333333332,7.25,24.52,14.628749999999998,15.573125,74.2025,0.0,4.462916666666667,163.29208333333335,15676.04,9.072395833333331,4.415208333333332,14.289791666666666,9.98485119047619,9.8475,14.769826388888887,11.000773809523809,11.290186011904762,75.14916666666667,70.62700892857143,73.9750074404762,0.0,0.0,2.16,151.48711622807016,144.39314348370928,118.44194345238095,43486.26,96814.56,158861.89,12.869374999999998,13.239479166666664,28.41770833333333,41.294375,2.6500000000000004,329680.25999999995,29,1,22,0.0,0.0,0.0,0.0,0.0,6.0,-4.0,4.0,4.0,2.0,3.0,-2.0,2.0,1.3333333333333333,1.5275252316519468,0.0,0.0,0.0,0.0,0.0,0.0,0.0,0.0,0.0,0.0,153608.0,-54055.0,126580.5,150095.33333333334,48880.752002535046,175638.0,-49084.0,151096.0,177813.66666666666,52381.39841903167,175638.0,-49084.0,151096.0,177813.66666666666,52381.39841903167,0.0,0.0,0.0,0.0,0.0,3.0,0.0,0.6666664444445185,0.0,2000000.0,2025-02-05,33.0,33.0,7.0,plot_level_next_window
2425,2025-02-05,B25,B,2,5,176454.0,209491.0,209491.0,1.0,1.0,0.0,1.0,1.0,33.0,96,18.68520833333333,9.8,29.29,19.00177083333333,20.30958333333333,75.6040625,0.0,3.106875,167.2046875,16051.65,13.6259375,8.685208333333332,18.88020833333333,17.893645833333334,13.93924851190476,20.283715277777777,18.988110119047622,14.994441964285716,82.0129861111111,78.69738095238095,74.6621949404762,0.0,0.0,0.0,142.03729166666665,147.0850148809524,145.73907918233084,40906.74,98841.13,195655.69,26.640625,55.255520833333335,68.49499999999999,96.54989583333332,2.6500000000000004,428521.39,36,2,29,0.0,1.0,0.5,0.3333333333333333,0.5773502691896258,2.0,-1.0,1.5,3.0,2.6457513110645907,1.0,0.0,1.0,1.6666666666666667,1.1547005383792517,0.0,0.0,0.0,0.0,0.0,0.0,1.0,0.5,0.3333333333333333,0.5773502691896258,99553.0,76901.0,138003.5,143205.0,39491.869505000665,126554.0,82937.0,168022.5,170561.0,41700.940504981416,126554.0,82937.0,168022.5,170561.0,41700.940504981416,0.0,33.0,16.5,11.0,19.05255888325765,4.0,0.24999993750001562,0.24999993750001562,0.9999990000010001,0.9999990000010001,2025-02-12,0.0,-33.0,7.0,plot_level_next_window
2425,2025-02-12,B25,B,2,5,204195.0,283222.0,283222.0,5.0,17.0,1.0,0.0,1.0,0.0,96,21.88416666666667,15.34,29.99,22.11552083333333,21.982083333333332,78.26385416666666,0.0,6.814687500000001,152.95354166666667,14683.54,17.333020833333332,11.884166666666667,19.769340277777776,19.184895833333336,18.53927083333333,21.254791666666662,21.140580357142856,20.064345238095235,81.69614583333332,80.93714285714286,79.8172619047619,0.0,0.0,0.0,130.77805555555554,146.5577380952381,146.82137648809524,37664.08,98486.8,197327.93,29.30802083333333,64.29427083333334,119.54979166666666,160.84416666666664,2.6500000000000004,527008.19,43,2,36,1.0,4.0,3.0,2.0,2.6457513110645907,1.0,16.0,9.0,6.666666666666667,8.962886439832502,1.0,0.0,1.0,1.0,0.0,0.0,1.0,0.5,0.3333333333333333,0.5773502691896258,1.0,-1.0,0.5,0.3333333333333333,0.5773502691896258,176454.0,27741.0,190324.5,160067.33333333334,54211.43029226709,209491.0,73731.0,246356.5,206422.33333333334,78379.06667174172,209491.0,73731.0,246356.5,206422.33333333334,78379.06667174172,33.0,-33.0,16.5,11.0,19.05255888325765,24.0,0.0,0.7083333038194456,0.2941176297577865,17000000.0,2025-02-20,48.0,48.0,8.0,plot_level_next_window
2425,2025-02-20,B25,B,2,5,267373.0,350800.0,350800.0,1.0,9.0,0.0,0.0,3.0,48.0,96,11.767604166666668,6.18,16.81,12.212916666666668,15.488645833333337,75.38729166666667,0.0,7.179583333333333,163.27791666666667,15674.68,7.268020833333334,1.7676041666666666,13.677743055555553,15.813392857142858,17.728125000000002,16.133194444444445,17.899166666666666,19.650431547619046,79.51315972222223,78.89425595238095,80.27756696428571,0.17,0.43,0.6900000000000001,132.67184027777776,133.68846224937343,139.40532487468673,38209.49,89510.31,187032.42,11.033229166666668,40.69375000000001,108.19375,214.7317708333333,3.34,630807.07,51,2,44,5.0,-4.0,3.0,2.3333333333333335,2.3094010767585034,17.0,-8.0,13.0,9.0,7.999999999999999,1.0,2.0,2.0,1.6666666666666667,1.1547005383792517,1.0,-1.0,0.5,0.3333333333333333,0.5773502691896258,0.0,0.0,0.0,0.3333333333333333,0.5773502691896258,204195.0,63178.0,235784.0,216007.33333333334,46596.293354014044,283222.0,67578.0,317011.0,281171.0,70676.82308225235,283222.0,67578.0,317011.0,281171.0,70676.82308225235,0.0,48.0,24.0,27.0,24.55605831561735,13.0,0.0,0.6923076390532585,0.11111109876543349,9000000.0,2025-02-26,0.0,-48.0,6.0,plot_level_next_window
2425,2025-02-26,B25,B,2,5,198717.0,225520.0,225520.0,0.0,16.0,1.0,0.0,0.0,0.0,96,17.139062499999998,8.14,26.86,17.257916666666667,17.4190625,66.61020833333333,0.0,2.411875,212.98958333333331,20447.0,9.3134375,7.139062499999998,15.575416666666664,13.179315476190478,15.31251488095238,16.691736111111112,15.332008928571428,17.170074404761902,80.75583333333333,75.14138392857141,77.46912202380952,0.71,0.71,1.4,127.3667649853801,152.13437249373433,141.88008552631578,36531.46,102084.13,190208.33,16.72625,25.188437500000003,77.3084375,238.15260416666663,4.05,717216.5199999999,57,2,50,1.0,-1.0,0.5,2.0,2.6457513110645907,9.0,7.0,12.5,14.0,4.358898943540673,3.0,-3.0,1.5,1.3333333333333333,1.5275252316519465,0.0,1.0,0.5,0.6666666666666666,0.5773502691896258,0.0,0.0,0.0,0.0,0.0,267373.0,-68656.0,233045.0,223428.33333333334,38155.63414927516,350800.0,-125280.0,288160.0,286514.0,62704.844693213294,350800.0,-125280.0,288160.0,286514.0,62704.844693213294,48.0,-48.0,24.0,16.0,27.712812921102035,17.0,0.0,0.9411764152249167,0.0,16000000.0,2025-03-05,51.0,51.0,7.0,plot_level_next_window
2425,2025-01-07,B41,B,4,1,130598.0,156761.0,156761.0,0.0,1.0,0.0,0.0,0.0,0.0,96,4.62125,-0.12,9.74,4.856145833333334,9.759791666666668,72.216875,0.0,5.543958333333333,135.435,13001.76,-0.1147916666666666,0.0,9.92340277777778,10.599136904761904,10.599136904761904,12.068958333333333,12.918348214285714,12.918348214285714,71.73593749999999,67.33674107142858,67.33674107142858,0.06,0.06,0.06,114.04555555555557,129.81196428571428,129.81196428571428,32845.119999999995,87233.64,87233.64,5.148958333333333,10.828333333333331,10.828333333333331,10.828333333333331,0.06,87233.64,7,1,0,,,0.0,0.0,,,,1.0,1.0,,,,0.0,0.0,,,,0.0,0.0,,,,0.0,0.0,,,,130598.0,130598.0,,,,156761.0,156761.0,,,,156761.0,156761.0,,,,0.0,0.0,,1.0,0.0,0.9999990000010001,0.0,1000000.0,2025-01-15,0.0,0.0,8.0,plot_level_next_window
2425,2025-01-15,B41,B,4,1,115857.0,134995.0,134995.0,0.0,2.0,0.0,2.0,0.0,0.0,96,8.561458333333333,1.9,14.4,8.645208333333334,9.85375,66.91677083333333,0.0,2.7433333333333336,68.26197916666666,6553.15,2.328958333333333,0.0,9.636354166666669,8.893482142857142,9.09999255952381,11.14826388888889,10.987276785714286,11.37293898809524,71.78802083333333,70.96653273809524,68.85622023809523,0.37,0.4,0.49,80.10697916666666,103.50331845238097,117.01431547619048,23070.81,69554.23,157267.24,0.3476041666666667,2.048333333333334,7.197291666666667,12.876666666666669,0.49,170818.37,15,1,8,0.0,0.0,0.0,0.0,0.0,1.0,1.0,1.5,1.5,0.7071067811865476,0.0,0.0,0.0,0.0,0.0,0.0,0.0,0.0,0.0,0.0,0.0,2.0,1.0,1.0,1.4142135623730951,130598.0,-14741.0,123227.5,123227.5,10423.461061470896,156761.0,-21766.0,145878.0,145878.0,15390.886199306393,156761.0,-21766.0,145878.0,145878.0,15390.886199306393,0.0,0.0,0.0,0.0,0.0,4.0,0.49999987500003124,0.49999987500003124,0.0,0.99999950000025,2025-01-24,0.0,0.0,9.0,plot_level_next_window
2425,2025-01-24,B41,B,4,1,253703.0,286295.0,286295.0,0.0,7.0,0.0,0.0,1.0,0.0,96,5.2790625,-1.52,12.93,5.436041666666667,7.218958333333333,53.24302083333333,0.0,5.271458333333333,152.44979166666667,14635.18,-4.171458333333333,0.0,4.36,8.432797619047617,8.973690476190475,6.933090277777777,10.506681547619047,10.909903273809524,70.58760416666667,74.32239583333333,73.75555803571429,0.47,2.13,2.5600000000000005,93.41087828947369,87.6885900689223,94.4654334273183,26826.73,58744.68,126779.49,0.0,14.915520833333332,16.36239583333333,28.054895833333333,2.6500000000000004,254683.16,24,1,17,0.0,0.0,0.0,0.0,0.0,2.0,5.0,4.5,3.3333333333333335,3.2145502536643185,0.0,1.0,0.5,0.3333333333333333,0.5773502691896258,0.0,0.0,0.0,0.0,0.0,2.0,-2.0,1.0,0.6666666666666666,1.1547005383792517,115857.0,137846.0,184780.0,166719.33333333334,75689.7811486685,134995.0,151300.0,210645.0,192683.66666666666,81797.01085818071,134995.0,151300.0,210645.0,192683.66666666666,81797.01085818071,0.0,0.0,0.0,0.0,0.0,8.0,0.0,0.8749998906250137,0.0,7000000.0,2025-01-29,0.0,0.0,5.0,plot_level_next_window
2425,2025-01-29,B41,B,4,1,209938.0,258675.0,258675.0,0.0,5.0,0.0,0.0,0.0,0.0,96,14.415208333333332,7.25,24.52,14.628749999999998,15.573125,74.2025,0.0,4.462916666666667,163.29208333333335,15676.04,9.072395833333331,4.415208333333332,14.289791666666666,9.98485119047619,9.8475,14.769826388888887,11.000773809523809,11.290186011904762,75.14916666666667,70.62700892857143,73.9750074404762,0.0,0.0,2.16,151.48711622807016,144.39314348370928,118.44194345238095,43486.26,96814.56,158861.89,12.869374999999998,13.239479166666664,28.41770833333333,41.294375,2.6500000000000004,329680.25999999995,29,1,22,0.0,0.0,0.0,0.0,0.0,7.0,-2.0,6.0,4.666666666666667,2.5166114784235836,1.0,-1.0,0.5,0.3333333333333333,0.5773502691896258,0.0,0.0,0.0,0.0,0.0,0.0,0.0,0.0,0.6666666666666666,1.1547005383792517,253703.0,-43765.0,231820.5,193166.0,70436.8860541123,286295.0,-27620.0,272485.0,226655.0,80572.22101940594,286295.0,-27620.0,272485.0,226655.0,80572.22101940594,0.0,0.0,0.0,0.0,0.0,5.0,0.0,0.99999980000004,0.0,5000000.0,2025-02-05,0.0,0.0,7.0,plot_level_next_window
2425,2025-02-05,B41,B,4,1,251351.0,279969.0,279969.0,0.0,10.0,0.0,0.0,4.0,0.0,96,18.68520833333333,9.8,29.29,19.00177083333333,20.30958333333333,75.6040625,0.0,3.106875,167.2046875,16051.65,13.6259375,8.685208333333332,18.88020833333333,17.893645833333334,13.93924851190476,20.283715277777777,18.988110119047622,14.994441964285716,82.0129861111111,78.69738095238095,74.6621949404762,0.0,0.0,0.0,142.03729166666665,147.0850148809524,145.73907918233084,40906.74,98841.13,195655.69,26.640625,55.255520833333335,68.49499999999999,96.54989583333332,2.6500000000000004,428521.39,36,2,29,0.0,0.0,0.0,0.0,0.0,5.0,5.0,7.5,7.333333333333333,2.5166114784235836,0.0,4.0,2.0,1.6666666666666667,2.0816659994661326,0.0,0.0,0.0,0.0,0.0,0.0,0.0,0.0,0.0,0.0,209938.0,41413.0,230644.5,238330.66666666666,24616.876656743694,258675.0,21294.0,269322.0,274979.6666666667,14470.18262957777,258675.0,21294.0,269322.0,274979.6666666667,14470.18262957777,0.0,0.0,0.0,0.0,0.0,14.0,0.0,0.7142856632653098,0.0,10000000.0,2025-02-12,0.0,0.0,7.0,plot_level_next_window
2425,2025-02-12,B41,B,4,1,205731.0,291032.0,291032.0,4.0,12.0,0.0,2.0,2.0,0.0,96,21.88416666666667,15.34,29.99,22.11552083333333,21.982083333333332,78.26385416666666,0.0,6.814687500000001,152.95354166666667,14683.54,17.333020833333332,11.884166666666667,19.769340277777776,19.184895833333336,18.53927083333333,21.254791666666662,21.140580357142856,20.064345238095235,81.69614583333332,80.93714285714286,79.8172619047619,0.0,0.0,0.0,130.77805555555554,146.5577380952381,146.82137648809524,37664.08,98486.8,197327.93,29.30802083333333,64.29427083333334,119.54979166666666,160.84416666666664,2.6500000000000004,527008.19,43,2,36,0.0,4.0,2.0,1.3333333333333333,2.3094010767585034,10.0,2.0,11.0,9.0,3.605551275463989,4.0,-2.0,3.0,2.0,1.9999999999999998,0.0,0.0,0.0,0.0,0.0,0.0,2.0,1.0,0.6666666666666666,1.1547005383792517,251351.0,-45620.0,228541.0,222340.0,25212.165773689478,279969.0,11063.0,285500.5,276558.6666666667,16445.870069209905,279969.0,11063.0,285500.5,276558.6666666667,16445.870069209905,0.0,0.0,0.0,0.0,0.0,20.0,0.09999999500000024,0.5999999700000015,0.3333333055555579,5.9999970000015,2025-02-20,44.0,44.0,8.0,plot_level_next_window
2425,2025-02-20,B41,B,4,1,292698.0,357239.0,357239.0,0.0,21.0,0.0,3.0,1.0,44.0,96,11.767604166666668,6.18,16.81,12.212916666666668,15.488645833333337,75.38729166666667,0.0,7.179583333333333,163.27791666666667,15674.68,7.268020833333334,1.7676041666666666,13.677743055555553,15.813392857142858,17.728125000000002,16.133194444444445,17.899166666666666,19.650431547619046,79.51315972222223,78.89425595238095,80.27756696428571,0.17,0.43,0.6900000000000001,132.67184027777776,133.68846224937343,139.40532487468673,38209.49,89510.31,187032.42,11.033229166666668,40.69375000000001,108.19375,214.7317708333333,3.34,630807.07,51,2,44,4.0,-4.0,2.0,1.3333333333333333,2.3094010767585034,12.0,9.0,16.5,14.333333333333334,5.859465277082315,2.0,-1.0,1.5,2.3333333333333335,1.5275252316519465,0.0,0.0,0.0,0.0,0.0,2.0,1.0,2.5,1.6666666666666667,1.5275252316519468,205731.0,86967.0,249214.5,249926.66666666666,43500.99213044839,291032.0,66207.0,324135.5,309413.3333333333,41785.98193573216,291032.0,66207.0,324135.5,309413.3333333333,41785.98193573216,0.0,44.0,22.0,14.666666666666666,25.403411844343534,25.0,0.11999999520000018,0.8399999664000013,0.0,6.999997666667444,2025-02-26,40.0,-4.0,6.0,plot_level_next_window
2425,2025-02-26,B41,B,4,1,367556.0,419243.0,419243.0,1.0,18.0,1.0,0.0,3.0,40.0,96,17.139062499999998,8.14,26.86,17.257916666666667,17.4190625,66.61020833333333,0.0,2.411875,212.98958333333331,20447.0,9.3134375,7.139062499999998,15.575416666666664,13.179315476190478,15.31251488095238,16.691736111111112,15.332008928571428,17.170074404761902,80.75583333333333,75.14138392857141,77.46912202380952,0.71,0.71,1.4,127.3667649853801,152.13437249373433,141.88008552631578,36531.46,102084.13,190208.33,16.72625,25.188437500000003,77.3084375,238.15260416666663,4.05,717216.5199999999,57,2,50,0.0,1.0,0.5,1.6666666666666667,2.0816659994661326,21.0,-3.0,19.5,17.0,4.582575694955839,1.0,2.0,2.0,2.0,0.9999999999999999,0.0,1.0,0.5,0.3333333333333333,0.5773502691896258,3.0,-3.0,1.5,1.6666666666666667,1.5275252316519468,292698.0,74858.0,330127.0,288661.6666666667,80987.97223250705,357239.0,62004.0,388241.0,355838.0,64116.9808319138,357239.0,62004.0,388241.0,355838.0,64116.9808319138,44.0,-4.0,42.0,28.0,24.331050121192877,23.0,0.0,0.7826086616257103,0.055555552469135974,18000000.0,2025-03-05,134.0,94.0,7.0,plot_level_next_window
2425,2025-01-07,B42,B,4,2,136309.0,182826.0,182826.0,0.0,2.0,2.0,2.0,1.0,29.0,96,4.62125,-0.12,9.74,4.856145833333334,9.759791666666668,72.216875,0.0,5.543958333333333,135.435,13001.76,-0.1147916666666666,0.0,9.92340277777778,10.599136904761904,10.599136904761904,12.068958333333333,12.918348214285714,12.918348214285714,71.73593749999999,67.33674107142858,67.33674107142858,0.06,0.06,0.06,114.04555555555557,129.81196428571428,129.81196428571428,32845.119999999995,87233.64,87233.64,5.148958333333333,10.828333333333331,10.828333333333331,10.828333333333331,0.06,87233.64,7,1,0,,,0.0,0.0,,,,2.0,2.0,,,,1.0,1.0,,,,2.0,2.0,,,,2.0,2.0,,,,136309.0,136309.0,,,,182826.0,182826.0,,,,182826.0,182826.0,,,,29.0,29.0,,7.0,0.285714244897965,0.285714244897965,0.0,0.99999950000025,2025-01-15,16.0,-13.0,8.0,plot_level_next_window
2425,2025-01-15,B42,B,4,2,199834.0,255071.0,255071.0,0.0,7.0,1.0,3.0,3.0,16.0,96,8.561458333333333,1.9,14.4,8.645208333333334,9.85375,66.91677083333333,0.0,2.7433333333333336,68.26197916666666,6553.15,2.328958333333333,0.0,9.636354166666669,8.893482142857142,9.09999255952381,11.14826388888889,10.987276785714286,11.37293898809524,71.78802083333333,70.96653273809524,68.85622023809523,0.37,0.4,0.49,80.10697916666666,103.50331845238097,117.01431547619048,23070.81,69554.23,157267.24,0.3476041666666667,2.048333333333334,7.197291666666667,12.876666666666669,0.49,170818.37,15,1,8,0.0,0.0,0.0,0.0,0.0,2.0,5.0,4.5,4.5,3.5355339059327378,1.0,2.0,2.0,2.0,1.4142135623730951,2.0,-1.0,1.5,1.5,0.7071067811865476,2.0,1.0,2.5,2.5,0.7071067811865476,136309.0,63525.0,168071.5,168071.5,44918.95827487543,182826.0,72245.0,218948.5,218948.5,51084.92940682213,182826.0,72245.0,218948.5,218948.5,51084.92940682213,29.0,-13.0,22.5,22.5,9.192388155425117,14.0,0.21428569897959293,0.49999996428571686,0.0,2.3333325555558146,2025-01-24,11.0,-5.0,9.0,plot_level_next_window
2425,2025-01-24,B42,B,4,2,106948.0,118304.0,118304.0,0.0,1.0,0.0,2.0,0.0,11.0,96,5.2790625,-1.52,12.93,5.436041666666667,7.218958333333333,53.24302083333333,0.0,5.271458333333333,152.44979166666667,14635.18,-4.171458333333333,0.0,4.36,8.432797619047617,8.973690476190475,6.933090277777777,10.506681547619047,10.909903273809524,70.58760416666667,74.32239583333333,73.75555803571429,0.47,2.13,2.5600000000000005,93.41087828947369,87.6885900689223,94.4654334273183,26826.73,58744.68,126779.49,0.0,14.915520833333332,16.36239583333333,28.054895833333333,2.6500000000000004,254683.16,24,1,17,0.0,0.0,0.0,0.0,0.0,7.0,-6.0,4.0,3.3333333333333335,3.214550253664318,3.0,-3.0,1.5,1.3333333333333333,1.5275252316519468,1.0,-1.0,0.5,1.0,1.0,3.0,-1.0,2.5,2.3333333333333335,0.5773502691896258,199834.0,-92886.0,153391.0,147697.0,47478.59683057199,255071.0,-136767.0,186687.5,185400.33333333334,68419.83240503687,255071.0,-136767.0,186687.5,185400.33333333334,68419.83240503687,16.0,-5.0,13.5,18.666666666666668,9.29157324317757,3.0,0.6666664444445185,0.33333322222225925,0.0,0.499999750000125,2025-01-29,0.0,-11.0,5.0,plot_level_next_window
2425,2025-01-29,B42,B,4,2,135346.0,172028.0,172028.0,0.0,5.0,0.0,0.0,0.0,0.0,96,14.415208333333332,7.25,24.52,14.628749999999998,15.573125,74.2025,0.0,4.462916666666667,163.29208333333335,15676.04,9.072395833333331,4.415208333333332,14.289791666666666,9.98485119047619,9.8475,14.769826388888887,11.000773809523809,11.290186011904762,75.14916666666667,70.62700892857143,73.9750074404762,0.0,0.0,2.16,151.48711622807016,144.39314348370928,118.44194345238095,43486.26,96814.56,158861.89,12.869374999999998,13.239479166666664,28.41770833333333,41.294375,2.6500000000000004,329680.25999999995,29,1,22,0.0,0.0,0.0,0.0,0.0,1.0,4.0,3.0,4.333333333333333,3.0550504633038935,0.0,0.0,0.0,1.0,1.7320508075688772,0.0,0.0,0.0,0.3333333333333333,0.5773502691896258,2.0,-2.0,1.0,1.6666666666666667,1.5275252316519465,106948.0,28398.0,121147.0,147376.0,47597.194497154975,118304.0,53724.0,145166.0,181801.0,68905.27352097226,118304.0,53724.0,145166.0,181801.0,68905.27352097226,11.0,-11.0,5.5,9.0,8.185352771872452,5.0,0.0,0.99999980000004,0.0,5000000.0,2025-02-05,12.0,12.0,7.0,plot_level_next_window
2425,2025-02-05,B42,B,4,2,171794.0,207706.0,207706.0,0.0,5.0,0.0,3.0,0.0,12.0,96,18.68520833333333,9.8,29.29,19.00177083333333,20.30958333333333,75.6040625,0.0,3.106875,167.2046875,16051.65,13.6259375,8.685208333333332,18.88020833333333,17.893645833333334,13.93924851190476,20.283715277777777,18.988110119047622,14.994441964285716,82.0129861111111,78.69738095238095,74.6621949404762,0.0,0.0,0.0,142.03729166666665,147.0850148809524,145.73907918233084,40906.74,98841.13,195655.69,26.640625,55.255520833333335,68.49499999999999,96.54989583333332,2.6500000000000004,428521.39,36,2,29,0.0,0.0,0.0,0.0,0.0,5.0,0.0,5.0,3.6666666666666665,2.3094010767585034,0.0,0.0,0.0,0.0,0.0,0.0,0.0,0.0,0.0,0.0,0.0,3.0,1.5,1.6666666666666667,1.5275252316519465,135346.0,36448.0,153570.0,138029.33333333334,32506.170757770487,172028.0,35678.0,189867.0,166012.66666666666,45003.528498700354,172028.0,35678.0,189867.0,166012.66666666666,45003.528498700354,0.0,12.0,6.0,7.666666666666667,6.658328118479395,8.0,0.3749999531250059,0.6249999218750099,0.0,1.6666661111112961,2025-02-12,22.0,10.0,7.0,plot_level_next_window
2425,2025-02-12,B42,B,4,2,215747.0,296644.0,296644.0,10.0,21.0,2.0,1.0,3.0,22.0,96,21.88416666666667,15.34,29.99,22.11552083333333,21.982083333333332,78.26385416666666,0.0,6.814687500000001,152.95354166666667,14683.54,17.333020833333332,11.884166666666667,19.769340277777776,19.184895833333336,18.53927083333333,21.254791666666662,21.140580357142856,20.064345238095235,81.69614583333332,80.93714285714286,79.8172619047619,0.0,0.0,0.0,130.77805555555554,146.5577380952381,146.82137648809524,37664.08,98486.8,197327.93,29.30802083333333,64.29427083333334,119.54979166666666,160.84416666666664,2.6500000000000004,527008.19,43,2,36,0.0,10.0,5.0,3.3333333333333335,5.773502691896257,5.0,16.0,13.0,10.333333333333334,9.237604307034013,0.0,3.0,1.5,1.0,1.7320508075688772,0.0,2.0,1.0,0.6666666666666666,1.1547005383792517,3.0,-2.0,2.0,1.3333333333333333,1.5275252316519465,171794.0,43953.0,193770.5,174295.66666666666,40258.83694710185,207706.0,88938.0,252175.0,225459.33333333334,64176.88444707592,207706.0,88938.0,252175.0,225459.33333333334,64176.88444707592,12.0,10.0,17.0,11.333333333333334,11.015141094572206,37.0,0.027027026296566857,0.567567552227904,0.47619045351474026,20.999979000021003,2025-02-20,13.0,-9.0,8.0,plot_level_next_window
2425,2025-02-20,B42,B,4,2,168706.0,203053.0,203053.0,0.0,12.0,1.0,1.0,1.0,13.0,96,11.767604166666668,6.18,16.81,12.212916666666668,15.488645833333337,75.38729166666667,0.0,7.179583333333333,163.27791666666667,15674.68,7.268020833333334,1.7676041666666666,13.677743055555553,15.813392857142858,17.728125000000002,16.133194444444445,17.899166666666666,19.650431547619046,79.51315972222223,78.89425595238095,80.27756696428571,0.17,0.43,0.6900000000000001,132.67184027777776,133.68846224937343,139.40532487468673,38209.49,89510.31,187032.42,11.033229166666668,40.69375000000001,108.19375,214.7317708333333,3.34,630807.07,51,2,44,10.0,-10.0,5.0,3.3333333333333335,5.773502691896257,21.0,-9.0,16.5,12.666666666666666,8.020806277010644,3.0,-2.0,2.0,1.3333333333333333,1.5275252316519468,2.0,-1.0,1.5,1.0,1.0,1.0,0.0,1.0,1.6666666666666667,1.1547005383792515,215747.0,-47041.0,192226.5,185415.66666666666,26313.043767936342,296644.0,-93591.0,249848.5,235801.0,52742.91979972289,296644.0,-93591.0,249848.5,235801.0,52742.91979972289,22.0,-9.0,17.5,15.666666666666666,5.507570547286106,15.0,0.06666666222222252,0.7999999466666703,0.0,11.999988000012001,2025-02-26,39.0,26.0,6.0,plot_level_next_window
2425,2025-02-26,B42,B,4,2,271281.0,296613.0,296613.0,0.0,21.0,3.0,6.0,1.0,39.0,96,17.139062499999998,8.14,26.86,17.257916666666667,17.4190625,66.61020833333333,0.0,2.411875,212.98958333333331,20447.0,9.3134375,7.139062499999998,15.575416666666664,13.179315476190478,15.31251488095238,16.691736111111112,15.332008928571428,17.170074404761902,80.75583333333333,75.14138392857141,77.46912202380952,0.71,0.71,1.4,127.3667649853801,152.13437249373433,141.88008552631578,36531.46,102084.13,190208.33,16.72625,25.188437500000003,77.3084375,238.15260416666663,4.05,717216.5199999999,57,2,50,0.0,0.0,0.0,3.3333333333333335,5.773502691896257,12.0,9.0,16.5,18.0,5.196152422706633,1.0,0.0,1.0,1.6666666666666667,1.1547005383792517,1.0,2.0,2.0,2.0,1.0,1.0,5.0,3.5,2.6666666666666665,2.8867513459481287,168706.0,102575.0,219993.5,218578.0,51346.06681139267,203053.0,93560.0,249833.0,265436.6666666667,54025.84233802684,203053.0,93560.0,249833.0,265436.6666666667,54025.84233802684,13.0,26.0,26.0,24.666666666666668,13.203534880225574,31.0,0.19354838085327802,0.677419332986473,0.0,3.4999994166667636,2025-03-05,47.0,8.0,7.0,plot_level_next_window
2425,2025-01-07,B43,B,4,3,123412.0,185602.0,185602.0,0.0,1.0,0.0,4.0,0.0,22.0,96,4.62125,-0.12,9.74,4.856145833333334,9.759791666666668,72.216875,0.0,5.543958333333333,135.435,13001.76,-0.1147916666666666,0.0,9.92340277777778,10.599136904761904,10.599136904761904,12.068958333333333,12.918348214285714,12.918348214285714,71.73593749999999,67.33674107142858,67.33674107142858,0.06,0.06,0.06,114.04555555555557,129.81196428571428,129.81196428571428,32845.119999999995,87233.64,87233.64,5.148958333333333,10.828333333333331,10.828333333333331,10.828333333333331,0.06,87233.64,7,1,0,,,0.0,0.0,,,,1.0,1.0,,,,0.0,0.0,,,,0.0,0.0,,,,4.0,4.0,,,,123412.0,123412.0,,,,185602.0,185602.0,,,,185602.0,185602.0,,,,22.0,22.0,,5.0,0.799999840000032,0.199999960000008,0.0,0.24999993750001562,2025-01-15,3.0,-19.0,8.0,plot_level_next_window
2425,2025-01-15,B43,B,4,3,80778.0,102904.0,102904.0,0.0,0.0,0.0,0.0,0.0,3.0,96,8.561458333333333,1.9,14.4,8.645208333333334,9.85375,66.91677083333333,0.0,2.7433333333333336,68.26197916666666,6553.15,2.328958333333333,0.0,9.636354166666669,8.893482142857142,9.09999255952381,11.14826388888889,10.987276785714286,11.37293898809524,71.78802083333333,70.96653273809524,68.85622023809523,0.37,0.4,0.49,80.10697916666666,103.50331845238097,117.01431547619048,23070.81,69554.23,157267.24,0.3476041666666667,2.048333333333334,7.197291666666667,12.876666666666669,0.49,170818.37,15,1,8,0.0,0.0,0.0,0.0,0.0,1.0,-1.0,0.5,0.5,0.7071067811865476,0.0,0.0,0.0,0.0,0.0,0.0,0.0,0.0,0.0,0.0,4.0,-4.0,2.0,2.0,2.8284271247461903,123412.0,-42634.0,102095.0,102095.0,30146.790509107268,185602.0,-82698.0,144253.0,144253.0,58476.316590565104,185602.0,-82698.0,144253.0,144253.0,58476.316590565104,22.0,-19.0,12.5,12.5,13.435028842544403,0.0,0.0,0.0,0.0,0.0,2025-01-24,0.0,-3.0,9.0,plot_level_next_window
2425,2025-01-24,B43,B,4,3,81877.0,92039.0,92039.0,0.0,1.0,0.0,1.0,0.0,0.0,96,5.2790625,-1.52,12.93,5.436041666666667,7.218958333333333,53.24302083333333,0.0,5.271458333333333,152.44979166666667,14635.18,-4.171458333333333,0.0,4.36,8.432797619047617,8.973690476190475,6.933090277777777,10.506681547619047,10.909903273809524,70.58760416666667,74.32239583333333,73.75555803571429,0.47,2.13,2.5600000000000005,93.41087828947369,87.6885900689223,94.4654334273183,26826.73,58744.68,126779.49,0.0,14.915520833333332,16.36239583333333,28.054895833333333,2.6500000000000004,254683.16,24,1,17,0.0,0.0,0.0,0.0,0.0,0.0,1.0,0.5,0.6666666666666666,0.5773502691896258,0.0,0.0,0.0,0.0,0.0,0.0,0.0,0.0,0.0,0.0,0.0,1.0,0.5,1.6666666666666667,2.0816659994661326,80778.0,1099.0,81327.5,95355.66666666667,24303.710217440737,102904.0,-10865.0,97471.5,126848.33333333333,51171.35005384686,102904.0,-10865.0,97471.5,126848.33333333333,51171.35005384686,3.0,-3.0,1.5,8.333333333333334,11.930353445448853,2.0,0.499999750000125,0.499999750000125,0.0,0.9999990000010001,2025-01-29,0.0,0.0,5.0,plot_level_next_window
2425,2025-01-29,B43,B,4,3,165735.0,189990.0,189990.0,0.0,0.0,0.0,1.0,0.0,0.0,96,14.415208333333332,7.25,24.52,14.628749999999998,15.573125,74.2025,0.0,4.462916666666667,163.29208333333335,15676.04,9.072395833333331,4.415208333333332,14.289791666666666,9.98485119047619,9.8475,14.769826388888887,11.000773809523809,11.290186011904762,75.14916666666667,70.62700892857143,73.9750074404762,0.0,0.0,2.16,151.48711622807016,144.39314348370928,118.44194345238095,43486.26,96814.56,158861.89,12.869374999999998,13.239479166666664,28.41770833333333,41.294375,2.6500000000000004,329680.25999999995,29,1,22,0.0,0.0,0.0,0.0,0.0,1.0,-1.0,0.5,0.3333333333333333,0.5773502691896257,0.0,0.0,0.0,0.0,0.0,0.0,0.0,0.0,0.0,0.0,1.0,0.0,1.0,0.6666666666666666,0.5773502691896257,81877.0,83858.0,123806.0,109463.33333333333,48735.79077365354,92039.0,97951.0,141014.5,128311.0,53691.11972198009,92039.0,97951.0,141014.5,128311.0,53691.11972198009,0.0,0.0,0.0,1.0,1.7320508075688685,1.0,0.9999990000010001,0.0,0.0,0.0,2025-02-05,0.0,0.0,7.0,plot_level_next_window
2425,2025-02-05,B43,B,4,3,130469.0,160558.0,160558.0,1.0,3.0,0.0,0.0,0.0,0.0,96,18.68520833333333,9.8,29.29,19.00177083333333,20.30958333333333,75.6040625,0.0,3.106875,167.2046875,16051.65,13.6259375,8.685208333333332,18.88020833333333,17.893645833333334,13.93924851190476,20.283715277777777,18.988110119047622,14.994441964285716,82.0129861111111,78.69738095238095,74.6621949404762,0.0,0.0,0.0,142.03729166666665,147.0850148809524,145.73907918233084,40906.74,98841.13,195655.69,26.640625,55.255520833333335,68.49499999999999,96.54989583333332,2.6500000000000004,428521.39,36,2,29,0.0,1.0,0.5,0.3333333333333333,0.5773502691896258,0.0,3.0,1.5,1.3333333333333333,1.5275252316519468,0.0,0.0,0.0,0.0,0.0,0.0,0.0,0.0,0.0,0.0,1.0,-1.0,0.5,0.6666666666666666,0.5773502691896258,165735.0,-35266.0,148102.0,126027.0,42105.10140113666,189990.0,-29432.0,175274.0,147529.0,50258.48914362627,189990.0,-29432.0,175274.0,147529.0,50258.48914362627,0.0,0.0,0.0,0.0,0.0,4.0,0.0,0.7499998125000469,0.33333322222225925,3000000.0,2025-02-12,0.0,0.0,7.0,plot_level_next_window
2425,2025-02-12,B43,B,4,3,189781.0,265008.0,265008.0,3.0,16.0,0.0,1.0,1.0,0.0,96,21.88416666666667,15.34,29.99,22.11552083333333,21.982083333333332,78.26385416666666,0.0,6.814687500000001,152.95354166666667,14683.54,17.333020833333332,11.884166666666667,19.769340277777776,19.184895833333336,18.53927083333333,21.254791666666662,21.140580357142856,20.064345238095235,81.69614583333332,80.93714285714286,79.8172619047619,0.0,0.0,0.0,130.77805555555554,146.5577380952381,146.82137648809524,37664.08,98486.8,197327.93,29.30802083333333,64.29427083333334,119.54979166666666,160.84416666666664,2.6500000000000004,527008.19,43,2,36,1.0,2.0,2.0,1.3333333333333333,1.5275252316519465,3.0,13.0,9.5,6.333333333333333,8.504900548115383,0.0,1.0,0.5,0.3333333333333333,0.5773502691896258,0.0,0.0,0.0,0.0,0.0,0.0,1.0,0.5,0.6666666666666666,0.5773502691896258,130469.0,59312.0,160125.0,161995.0,29832.34881801968,160558.0,104450.0,212783.0,205185.33333333334,53857.44369475154,160558.0,104450.0,212783.0,205185.33333333334,53857.44369475154,0.0,0.0,0.0,0.0,0.0,21.0,0.04761904535147403,0.7619047256235845,0.18749998828125072,15.999984000016001,2025-02-20,38.0,38.0,8.0,plot_level_next_window
2425,2025-02-20,B43,B,4,3,182223.0,227685.0,227685.0,0.0,15.0,1.0,0.0,3.0,38.0,96,11.767604166666668,6.18,16.81,12.212916666666668,15.488645833333337,75.38729166666667,0.0,7.179583333333333,163.27791666666667,15674.68,7.268020833333334,1.7676041666666666,13.677743055555553,15.813392857142858,17.728125000000002,16.133194444444445,17.899166666666666,19.650431547619046,79.51315972222223,78.89425595238095,80.27756696428571,0.17,0.43,0.6900000000000001,132.67184027777776,133.68846224937343,139.40532487468673,38209.49,89510.31,187032.42,11.033229166666668,40.69375000000001,108.19375,214.7317708333333,3.34,630807.07,51,2,44,3.0,-3.0,1.5,1.3333333333333333,1.5275252316519465,16.0,-1.0,15.5,11.333333333333334,7.234178138070236,1.0,2.0,2.0,1.3333333333333333,1.5275252316519465,0.0,1.0,0.5,0.3333333333333333,0.5773502691896258,1.0,-1.0,0.5,0.3333333333333333,0.5773502691896258,189781.0,-7558.0,186002.0,167491.0,32283.931049362625,265008.0,-37323.0,246346.5,217750.33333333334,52928.95073901741,265008.0,-37323.0,246346.5,217750.33333333334,52928.95073901741,0.0,38.0,19.0,12.666666666666666,21.93931022920578,19.0,0.0,0.7894736426592819,0.0,15000000.0,2025-02-26,39.0,1.0,6.0,plot_level_next_window
2425,2025-02-26,B43,B,4,3,192684.0,226713.0,226713.0,0.0,16.0,1.0,3.0,2.0,39.0,96,17.139062499999998,8.14,26.86,17.257916666666667,17.4190625,66.61020833333333,0.0,2.411875,212.98958333333331,20447.0,9.3134375,7.139062499999998,15.575416666666664,13.179315476190478,15.31251488095238,16.691736111111112,15.332008928571428,17.170074404761902,80.75583333333333,75.14138392857141,77.46912202380952,0.71,0.71,1.4,127.3667649853801,152.13437249373433,141.88008552631578,36531.46,102084.13,190208.33,16.72625,25.188437500000003,77.3084375,238.15260416666663,4.05,717216.5199999999,57,2,50,0.0,0.0,0.0,1.0,1.7320508075688772,15.0,1.0,15.5,15.666666666666666,0.5773502691896321,3.0,-1.0,2.5,2.0,0.9999999999999998,1.0,0.0,1.0,0.6666666666666666,0.5773502691896258,0.0,3.0,1.5,1.3333333333333333,1.5275252316519465,182223.0,10461.0,187453.5,188229.33333333334,5400.359463344411,227685.0,-972.0,227199.0,239802.0,21834.445790997263,227685.0,-972.0,227199.0,239802.0,21834.445790997263,38.0,1.0,38.5,25.666666666666668,22.233608194203057,22.0,0.13636363016528952,0.7272726942148775,0.0,5.333331555556148,2025-03-05,38.0,-1.0,7.0,plot_level_next_window
2425,2025-01-07,B44,B,4,4,185900.0,260121.0,260121.0,1.0,2.0,2.0,9.0,3.0,33.0,96,4.62125,-0.12,9.74,4.856145833333334,9.759791666666668,72.216875,0.0,5.543958333333333,135.435,13001.76,-0.1147916666666666,0.0,9.92340277777778,10.599136904761904,10.599136904761904,12.068958333333333,12.918348214285714,12.918348214285714,71.73593749999999,67.33674107142858,67.33674107142858,0.06,0.06,0.06,114.04555555555557,129.81196428571428,129.81196428571428,32845.119999999995,87233.64,87233.64,5.148958333333333,10.828333333333331,10.828333333333331,10.828333333333331,0.06,87233.64,7,1,0,,,1.0,1.0,,,,2.0,2.0,,,,3.0,3.0,,,,2.0,2.0,,,,9.0,9.0,,,,185900.0,185900.0,,,,260121.0,260121.0,,,,260121.0,260121.0,,,,33.0,33.0,,17.0,0.5294117335640156,0.11764705190311459,0.499999750000125,0.22222219753086697,2025-01-15,0.0,-33.0,8.0,plot_level_next_window
2425,2025-01-15,B44,B,4,4,137616.0,178088.0,178088.0,2.0,4.0,0.0,2.0,1.0,0.0,96,8.561458333333333,1.9,14.4,8.645208333333334,9.85375,66.91677083333333,0.0,2.7433333333333336,68.26197916666666,6553.15,2.328958333333333,0.0,9.636354166666669,8.893482142857142,9.09999255952381,11.14826388888889,10.987276785714286,11.37293898809524,71.78802083333333,70.96653273809524,68.85622023809523,0.37,0.4,0.49,80.10697916666666,103.50331845238097,117.01431547619048,23070.81,69554.23,157267.24,0.3476041666666667,2.048333333333334,7.197291666666667,12.876666666666669,0.49,170818.37,15,1,8,1.0,1.0,1.5,1.5,0.7071067811865476,2.0,2.0,3.0,3.0,1.4142135623730951,3.0,-2.0,2.0,2.0,1.4142135623730951,2.0,-2.0,1.0,1.0,1.4142135623730951,9.0,-7.0,5.5,5.5,4.949747468305833,185900.0,-48284.0,161758.0,161758.0,34141.94382281126,260121.0,-82033.0,219104.5,219104.5,58006.09058107605,260121.0,-82033.0,219104.5,219104.5,58006.09058107605,33.0,-33.0,16.5,16.5,23.33452377915607,9.0,0.22222219753086697,0.44444439506173394,0.49999987500003124,1.9999990000005,2025-01-24,0.0,0.0,9.0,plot_level_next_window
2425,2025-01-24,B44,B,4,4,134354.0,156088.0,156088.0,0.0,1.0,0.0,0.0,0.0,0.0,96,5.2790625,-1.52,12.93,5.436041666666667,7.218958333333333,53.24302083333333,0.0,5.271458333333333,152.44979166666667,14635.18,-4.171458333333333,0.0,4.36,8.432797619047617,8.973690476190475,6.933090277777777,10.506681547619047,10.909903273809524,70.58760416666667,74.32239583333333,73.75555803571429,0.47,2.13,2.5600000000000005,93.41087828947369,87.6885900689223,94.4654334273183,26826.73,58744.68,126779.49,0.0,14.915520833333332,16.36239583333333,28.054895833333333,2.6500000000000004,254683.16,24,1,17,2.0,-2.0,1.0,1.0,1.0,4.0,-3.0,2.5,2.3333333333333335,1.5275252316519468,1.0,-1.0,0.5,1.3333333333333333,1.5275252316519468,0.0,0.0,0.0,0.6666666666666666,1.1547005383792517,2.0,-2.0,1.0,3.6666666666666665,4.725815626252609,137616.0,-3262.0,135985.0,152623.33333333334,28864.555588703137,178088.0,-22000.0,167088.0,198099.0,54827.42345760924,178088.0,-22000.0,167088.0,198099.0,54827.42345760924,0.0,0.0,0.0,11.0,19.05255888325765,1.0,0.0,0.9999990000010001,0.0,1000000.0,2025-01-29,0.0,0.0,5.0,plot_level_next_window
2425,2025-01-29,B44,B,4,4,149412.0,195052.0,195052.0,0.0,8.0,1.0,2.0,0.0,0.0,96,14.415208333333332,7.25,24.52,14.628749999999998,15.573125,74.2025,0.0,4.462916666666667,163.29208333333335,15676.04,9.072395833333331,4.415208333333332,14.289791666666666,9.98485119047619,9.8475,14.769826388888887,11.000773809523809,11.290186011904762,75.14916666666667,70.62700892857143,73.9750074404762,0.0,0.0,2.16,151.48711622807016,144.39314348370928,118.44194345238095,43486.26,96814.56,158861.89,12.869374999999998,13.239479166666664,28.41770833333333,41.294375,2.6500000000000004,329680.25999999995,29,1,22,0.0,0.0,0.0,0.6666666666666666,1.1547005383792517,1.0,7.0,4.5,4.333333333333333,3.5118845842842465,0.0,0.0,0.0,0.3333333333333333,0.5773502691896262,0.0,1.0,0.5,0.3333333333333333,0.5773502691896258,0.0,2.0,1.0,1.3333333333333333,1.154700538379253,134354.0,15058.0,141883.0,140460.66666666666,7921.801394464125,156088.0,38964.0,175570.0,176409.33333333334,19536.165573963925,156088.0,38964.0,175570.0,176409.33333333334,19536.165573963925,0.0,0.0,0.0,0.0,0.0,11.0,0.1818181652892577,0.7272726611570308,0.0,3.999998000001,2025-02-05,9.0,9.0,7.0,plot_level_next_window
2425,2025-02-05,B44,B,4,4,168272.0,194287.0,194287.0,0.0,3.0,0.0,1.0,0.0,9.0,96,18.68520833333333,9.8,29.29,19.00177083333333,20.30958333333333,75.6040625,0.0,3.106875,167.2046875,16051.65,13.6259375,8.685208333333332,18.88020833333333,17.893645833333334,13.93924851190476,20.283715277777777,18.988110119047622,14.994441964285716,82.0129861111111,78.69738095238095,74.6621949404762,0.0,0.0,0.0,142.03729166666665,147.0850148809524,145.73907918233084,40906.74,98841.13,195655.69,26.640625,55.255520833333335,68.49499999999999,96.54989583333332,2.6500000000000004,428521.39,36,2,29,0.0,0.0,0.0,0.0,0.0,8.0,-5.0,5.5,4.0,3.605551275463989,0.0,0.0,0.0,0.0,0.0,1.0,-1.0,0.5,0.3333333333333333,0.5773502691896258,2.0,-1.0,1.5,1.0,1.0000000000000018,149412.0,18860.0,158842.0,150679.33333333334,16994.477965896265,195052.0,-765.0,194669.5,181809.0,22278.323253781913,195052.0,-765.0,194669.5,181809.0,22278.323253781913,0.0,9.0,4.5,3.0,5.196152422706632,4.0,0.24999993750001562,0.7499998125000469,0.0,2.9999970000030003,2025-02-12,12.0,3.0,7.0,plot_level_next_window
2425,2025-02-12,B44,B,4,4,173060.0,245375.0,245375.0,5.0,12.0,3.0,2.0,1.0,12.0,96,21.88416666666667,15.34,29.99,22.11552083333333,21.982083333333332,78.26385416666666,0.0,6.814687500000001,152.95354166666667,14683.54,17.333020833333332,11.884166666666667,19.769340277777776,19.184895833333336,18.53927083333333,21.254791666666662,21.140580357142856,20.064345238095235,81.69614583333332,80.93714285714286,79.8172619047619,0.0,0.0,0.0,130.77805555555554,146.5577380952381,146.82137648809524,37664.08,98486.8,197327.93,29.30802083333333,64.29427083333334,119.54979166666666,160.84416666666664,2.6500000000000004,527008.19,43,2,36,0.0,5.0,2.5,1.6666666666666667,2.8867513459481287,3.0,9.0,7.5,7.666666666666667,4.509249752822894,0.0,1.0,0.5,0.3333333333333333,0.5773502691896258,0.0,3.0,1.5,1.3333333333333333,1.5275252316519465,1.0,1.0,1.5,1.6666666666666667,0.5773502691896284,168272.0,4788.0,170666.0,163581.33333333334,12502.349432540006,194287.0,51088.0,219831.0,211571.33333333334,29277.332807708644,194287.0,51088.0,219831.0,211571.33333333334,29277.332807708644,9.0,3.0,10.5,7.0,6.244997998398398,23.0,0.08695651795841226,0.5217391077504736,0.41666663194444736,5.9999970000015,2025-02-20,33.0,21.0,8.0,plot_level_next_window
2425,2025-02-20,B44,B,4,4,318442.0,406827.0,406827.0,0.0,16.0,0.0,0.0,2.0,33.0,96,11.767604166666668,6.18,16.81,12.212916666666668,15.488645833333337,75.38729166666667,0.0,7.179583333333333,163.27791666666667,15674.68,7.268020833333334,1.7676041666666666,13.677743055555553,15.813392857142858,17.728125000000002,16.133194444444445,17.899166666666666,19.650431547619046,79.51315972222223,78.89425595238095,80.27756696428571,0.17,0.43,0.6900000000000001,132.67184027777776,133.68846224937343,139.40532487468673,38209.49,89510.31,187032.42,11.033229166666668,40.69375000000001,108.19375,214.7317708333333,3.34,630807.07,51,2,44,5.0,-5.0,2.5,1.6666666666666667,2.8867513459481287,12.0,4.0,14.0,10.333333333333334,6.658328118479393,1.0,1.0,1.5,1.0,1.0,3.0,-3.0,1.5,1.0,1.7320508075688772,2.0,-2.0,1.0,1.0,1.0000000000000018,173060.0,145382.0,245751.0,219924.66666666666,85352.09406530888,245375.0,161452.0,326101.0,282163.0,110942.91598835863,245375.0,161452.0,326101.0,282163.0,110942.91598835863,12.0,21.0,22.5,18.0,13.076696830622021,18.0,0.0,0.8888888395061756,0.0,16000000.0,2025-02-26,23.0,-10.0,6.0,plot_level_next_window
2425,2025-02-26,B44,B,4,4,299790.0,368581.0,368581.0,3.0,23.0,0.0,4.0,1.0,23.0,96,17.139062499999998,8.14,26.86,17.257916666666667,17.4190625,66.61020833333333,0.0,2.411875,212.98958333333331,20447.0,9.3134375,7.139062499999998,15.575416666666664,13.179315476190478,15.31251488095238,16.691736111111112,15.332008928571428,17.170074404761902,80.75583333333333,75.14138392857141,77.46912202380952,0.71,0.71,1.4,127.3667649853801,152.13437249373433,141.88008552631578,36531.46,102084.13,190208.33,16.72625,25.188437500000003,77.3084375,238.15260416666663,4.05,717216.5199999999,57,2,50,0.0,3.0,1.5,2.6666666666666665,2.516611478423583,16.0,7.0,19.5,17.0,5.567764362830024,2.0,-1.0,1.5,1.3333333333333333,0.5773502691896257,0.0,0.0,0.0,1.0,1.7320508075688772,0.0,4.0,2.0,2.0,2.0000000000000004,318442.0,-18652.0,309116.0,263764.0,79103.64080116668,406827.0,-38246.0,387704.0,340261.0,84369.44871219677,406827.0,-38246.0,387704.0,340261.0,84369.44871219677,33.0,-10.0,28.0,22.666666666666668,10.503967504392486,31.0,0.12903225390218534,0.7419354599375658,0.1304347769376184,5.749998562500359,2025-03-05,92.0,69.0,7.0,plot_level_next_window
2425,2025-01-07,B45,B,4,5,174417.0,251876.0,251876.0,1.0,4.0,0.0,0.0,0.0,1.0,96,4.62125,-0.12,9.74,4.856145833333334,9.759791666666668,72.216875,0.0,5.543958333333333,135.435,13001.76,-0.1147916666666666,0.0,9.92340277777778,10.599136904761904,10.599136904761904,12.068958333333333,12.918348214285714,12.918348214285714,71.73593749999999,67.33674107142858,67.33674107142858,0.06,0.06,0.06,114.04555555555557,129.81196428571428,129.81196428571428,32845.119999999995,87233.64,87233.64,5.148958333333333,10.828333333333331,10.828333333333331,10.828333333333331,0.06,87233.64,7,1,0,,,1.0,1.0,,,,4.0,4.0,,,,0.0,0.0,,,,0.0,0.0,,,,0.0,0.0,,,,174417.0,174417.0,,,,251876.0,251876.0,,,,251876.0,251876.0,,,,1.0,1.0,,5.0,0.0,0.799999840000032,0.24999993750001562,4000000.0,2025-01-15,0.0,-1.0,8.0,plot_level_next_window
2425,2025-01-15,B45,B,4,5,236338.0,305201.0,305201.0,0.0,2.0,0.0,0.0,1.0,0.0,96,8.561458333333333,1.9,14.4,8.645208333333334,9.85375,66.91677083333333,0.0,2.7433333333333336,68.26197916666666,6553.15,2.328958333333333,0.0,9.636354166666669,8.893482142857142,9.09999255952381,11.14826388888889,10.987276785714286,11.37293898809524,71.78802083333333,70.96653273809524,68.85622023809523,0.37,0.4,0.49,80.10697916666666,103.50331845238097,117.01431547619048,23070.81,69554.23,157267.24,0.3476041666666667,2.048333333333334,7.197291666666667,12.876666666666669,0.49,170818.37,15,1,8,1.0,-1.0,0.5,0.5,0.7071067811865476,4.0,-2.0,3.0,3.0,1.4142135623730951,0.0,1.0,0.5,0.5,0.7071067811865476,0.0,0.0,0.0,0.0,0.0,0.0,0.0,0.0,0.0,0.0,174417.0,61921.0,205377.5,205377.5,43784.75899785221,251876.0,53325.0,278538.5,278538.5,37706.469106772645,251876.0,53325.0,278538.5,278538.5,37706.469106772645,1.0,-1.0,0.5,0.5,0.7071067811865476,3.0,0.0,0.6666664444445185,0.0,2000000.0,2025-01-24,6.0,6.0,9.0,plot_level_next_window
2425,2025-01-24,B45,B,4,5,66474.0,75801.0,75801.0,0.0,4.0,0.0,0.0,0.0,6.0,96,5.2790625,-1.52,12.93,5.436041666666667,7.218958333333333,53.24302083333333,0.0,5.271458333333333,152.44979166666667,14635.18,-4.171458333333333,0.0,4.36,8.432797619047617,8.973690476190475,6.933090277777777,10.506681547619047,10.909903273809524,70.58760416666667,74.32239583333333,73.75555803571429,0.47,2.13,2.5600000000000005,93.41087828947369,87.6885900689223,94.4654334273183,26826.73,58744.68,126779.49,0.0,14.915520833333332,16.36239583333333,28.054895833333333,2.6500000000000004,254683.16,24,1,17,0.0,0.0,0.0,0.3333333333333333,0.5773502691896258,2.0,2.0,3.0,3.3333333333333335,1.1547005383792515,1.0,-1.0,0.5,0.3333333333333333,0.5773502691896258,0.0,0.0,0.0,0.0,0.0,0.0,0.0,0.0,0.0,0.0,236338.0,-169864.0,151406.0,159076.33333333334,85964.79898384765,305201.0,-229400.0,190501.0,210959.33333333334,120048.82426885043,305201.0,-229400.0,190501.0,210959.33333333334,120048.82426885043,0.0,6.0,3.0,2.3333333333333335,3.2145502536643185,4.0,0.0,0.9999997500000625,0.0,4000000.0,2025-01-29,0.0,-6.0,5.0,plot_level_next_window
2425,2025-01-29,B45,B,4,5,108596.0,138032.0,138032.0,0.0,7.0,0.0,0.0,1.0,0.0,96,14.415208333333332,7.25,24.52,14.628749999999998,15.573125,74.2025,0.0,4.462916666666667,163.29208333333335,15676.04,9.072395833333331,4.415208333333332,14.289791666666666,9.98485119047619,9.8475,14.769826388888887,11.000773809523809,11.290186011904762,75.14916666666667,70.62700892857143,73.9750074404762,0.0,0.0,2.16,151.48711622807016,144.39314348370928,118.44194345238095,43486.26,96814.56,158861.89,12.869374999999998,13.239479166666664,28.41770833333333,41.294375,2.6500000000000004,329680.25999999995,29,1,22,0.0,0.0,0.0,0.0,0.0,4.0,3.0,5.5,4.333333333333333,2.5166114784235836,0.0,1.0,0.5,0.6666666666666666,0.5773502691896258,0.0,0.0,0.0,0.0,0.0,0.0,0.0,0.0,0.0,0.0,66474.0,42122.0,87535.0,137136.0,88455.31823468841,75801.0,62231.0,106916.5,173011.33333333334,118632.85936170185,75801.0,62231.0,106916.5,173011.33333333334,118632.85936170185,6.0,-6.0,3.0,2.0,3.4641016151377544,8.0,0.0,0.8749998906250137,0.0,7000000.0,2025-02-05,0.0,0.0,7.0,plot_level_next_window
2425,2025-02-05,B45,B,4,5,198259.0,279709.0,279709.0,0.0,16.0,0.0,2.0,1.0,0.0,96,18.68520833333333,9.8,29.29,19.00177083333333,20.30958333333333,75.6040625,0.0,3.106875,167.2046875,16051.65,13.6259375,8.685208333333332,18.88020833333333,17.893645833333334,13.93924851190476,20.283715277777777,18.988110119047622,14.994441964285716,82.0129861111111,78.69738095238095,74.6621949404762,0.0,0.0,0.0,142.03729166666665,147.0850148809524,145.73907918233084,40906.74,98841.13,195655.69,26.640625,55.255520833333335,68.49499999999999,96.54989583333332,2.6500000000000004,428521.39,36,2,29,0.0,0.0,0.0,0.0,0.0,7.0,9.0,11.5,9.0,6.244997998398398,1.0,0.0,1.0,0.6666666666666666,0.5773502691896258,0.0,0.0,0.0,0.0,0.0,0.0,2.0,1.0,0.6666666666666666,1.1547005383792517,108596.0,89663.0,153427.5,124443.0,67306.51612585517,138032.0,141677.0,208870.5,164514.0,104501.62849927266,138032.0,141677.0,208870.5,164514.0,104501.62849927266,0.0,0.0,0.0,2.0,3.4641016151377544,19.0,0.10526315235457093,0.8421052188365674,0.0,7.999996000002,2025-02-12,31.0,31.0,7.0,plot_level_next_window
2425,2025-02-12,B45,B,4,5,164797.0,235039.0,235039.0,1.0,16.0,1.0,5.0,0.0,31.0,96,21.88416666666667,15.34,29.99,22.11552083333333,21.982083333333332,78.26385416666666,0.0,6.814687500000001,152.95354166666667,14683.54,17.333020833333332,11.884166666666667,19.769340277777776,19.184895833333336,18.53927083333333,21.254791666666662,21.140580357142856,20.064345238095235,81.69614583333332,80.93714285714286,79.8172619047619,0.0,0.0,0.0,130.77805555555554,146.5577380952381,146.82137648809524,37664.08,98486.8,197327.93,29.30802083333333,64.29427083333334,119.54979166666666,160.84416666666664,2.6500000000000004,527008.19,43,2,36,0.0,1.0,0.5,0.3333333333333333,0.5773502691896258,16.0,0.0,16.0,13.0,5.196152422706632,1.0,-1.0,0.5,0.6666666666666666,0.5773502691896258,0.0,1.0,0.5,0.3333333333333333,0.5773502691896258,2.0,3.0,3.5,2.3333333333333335,2.5166114784235836,198259.0,-33462.0,181528.0,157217.33333333334,45309.51227207521,279709.0,-44670.0,257374.0,217593.33333333334,72431.73714838915,279709.0,-44670.0,257374.0,217593.33333333334,72431.73714838915,0.0,31.0,15.5,10.333333333333334,17.897858344878397,23.0,0.21739129489603065,0.6956521436672981,0.06249999609375024,3.199999360000128,2025-02-20,49.0,18.0,8.0,plot_level_next_window
2425,2025-02-20,B45,B,4,5,216355.0,279777.0,279777.0,0.0,28.0,0.0,6.0,2.0,49.0,96,11.767604166666668,6.18,16.81,12.212916666666668,15.488645833333337,75.38729166666667,0.0,7.179583333333333,163.27791666666667,15674.68,7.268020833333334,1.7676041666666666,13.677743055555553,15.813392857142858,17.728125000000002,16.133194444444445,17.899166666666666,19.650431547619046,79.51315972222223,78.89425595238095,80.27756696428571,0.17,0.43,0.6900000000000001,132.67184027777776,133.68846224937343,139.40532487468673,38209.49,89510.31,187032.42,11.033229166666668,40.69375000000001,108.19375,214.7317708333333,3.34,630807.07,51,2,44,1.0,-1.0,0.5,0.3333333333333333,0.5773502691896258,16.0,12.0,22.0,20.0,6.928203230275509,0.0,2.0,1.0,1.0,1.0,1.0,-1.0,0.5,0.3333333333333333,0.5773502691896258,5.0,1.0,5.5,4.333333333333333,2.0816659994661335,164797.0,51558.0,190576.0,193137.0,26157.847847252277,235039.0,44738.0,257408.0,264841.6666666667,25809.88882838014,235039.0,44738.0,257408.0,264841.6666666667,25809.88882838014,31.0,18.0,40.0,26.666666666666668,24.78574859336174,36.0,0.16666666203703717,0.7777777561728402,0.0,4.6666658888890185,2025-02-26,10.0,-39.0,6.0,plot_level_next_window
2425,2025-02-26,B45,B,4,5,301337.0,379345.0,379345.0,2.0,13.0,0.0,2.0,1.0,10.0,96,17.139062499999998,8.14,26.86,17.257916666666667,17.4190625,66.61020833333333,0.0,2.411875,212.98958333333331,20447.0,9.3134375,7.139062499999998,15.575416666666664,13.179315476190478,15.31251488095238,16.691736111111112,15.332008928571428,17.170074404761902,80.75583333333333,75.14138392857141,77.46912202380952,0.71,0.71,1.4,127.3667649853801,152.13437249373433,141.88008552631578,36531.46,102084.13,190208.33,16.72625,25.188437500000003,77.3084375,238.15260416666663,4.05,717216.5199999999,57,2,50,0.0,2.0,1.0,1.0,1.0,28.0,-15.0,20.5,19.0,7.937253933193772,2.0,-1.0,1.5,1.0,1.0,0.0,0.0,0.0,0.3333333333333333,0.5773502691896258,6.0,-4.0,4.0,4.333333333333333,2.0816659994661335,216355.0,84982.0,258846.0,227496.33333333334,68948.45815051511,279777.0,99568.0,329561.0,298053.6666666667,73868.68631113827,279777.0,99568.0,329561.0,298053.6666666667,73868.68631113827,49.0,-39.0,29.5,30.0,19.519221295943137,18.0,0.11111110493827195,0.7222221820987677,0.15384614201183525,6.499996750001625,2025-03-05,34.0,24.0,7.0,plot_level_next_window
2425,2025-01-07,B51,B,5,1,170171.0,254422.0,254422.0,0.0,4.0,2.0,9.0,1.0,23.0,96,4.62125,-0.12,9.74,4.856145833333334,9.759791666666668,72.216875,0.0,5.543958333333333,135.435,13001.76,-0.1147916666666666,0.0,9.92340277777778,10.599136904761904,10.599136904761904,12.068958333333333,12.918348214285714,12.918348214285714,71.73593749999999,67.33674107142858,67.33674107142858,0.06,0.06,0.06,114.04555555555557,129.81196428571428,129.81196428571428,32845.119999999995,87233.64,87233.64,5.148958333333333,10.828333333333331,10.828333333333331,10.828333333333331,0.06,87233.64,7,1,0,,,0.0,0.0,,,,4.0,4.0,,,,1.0,1.0,,,,2.0,2.0,,,,9.0,9.0,,,,170171.0,170171.0,,,,254422.0,254422.0,,,,254422.0,254422.0,,,,23.0,23.0,,16.0,0.5624999648437522,0.24999998437500096,0.0,0.44444439506173394,2025-01-15,0.0,-23.0,8.0,plot_level_next_window
2425,2025-01-15,B51,B,5,1,119536.0,159728.0,159728.0,0.0,1.0,0.0,6.0,0.0,0.0,96,8.561458333333333,1.9,14.4,8.645208333333334,9.85375,66.91677083333333,0.0,2.7433333333333336,68.26197916666666,6553.15,2.328958333333333,0.0,9.636354166666669,8.893482142857142,9.09999255952381,11.14826388888889,10.987276785714286,11.37293898809524,71.78802083333333,70.96653273809524,68.85622023809523,0.37,0.4,0.49,80.10697916666666,103.50331845238097,117.01431547619048,23070.81,69554.23,157267.24,0.3476041666666667,2.048333333333334,7.197291666666667,12.876666666666669,0.49,170818.37,15,1,8,0.0,0.0,0.0,0.0,0.0,4.0,-3.0,2.5,2.5,2.1213203435596424,1.0,-1.0,0.5,0.5,0.7071067811865476,2.0,-2.0,1.0,1.0,1.4142135623730951,9.0,-3.0,7.5,7.5,2.1213203435596424,170171.0,-50635.0,144853.5,144853.5,35804.351865380835,254422.0,-94694.0,207075.0,207075.0,66958.76953767893,254422.0,-94694.0,207075.0,207075.0,66958.76953767893,23.0,-23.0,11.5,11.5,16.263455967290593,7.0,0.857142734693895,0.1428571224489825,0.0,0.16666663888889352,2025-01-24,0.0,0.0,9.0,plot_level_next_window
2425,2025-01-24,B51,B,5,1,132871.0,148368.0,148368.0,0.0,3.0,0.0,0.0,0.0,0.0,96,5.2790625,-1.52,12.93,5.436041666666667,7.218958333333333,53.24302083333333,0.0,5.271458333333333,152.44979166666667,14635.18,-4.171458333333333,0.0,4.36,8.432797619047617,8.973690476190475,6.933090277777777,10.506681547619047,10.909903273809524,70.58760416666667,74.32239583333333,73.75555803571429,0.47,2.13,2.5600000000000005,93.41087828947369,87.6885900689223,94.4654334273183,26826.73,58744.68,126779.49,0.0,14.915520833333332,16.36239583333333,28.054895833333333,2.6500000000000004,254683.16,24,1,17,0.0,0.0,0.0,0.0,0.0,1.0,2.0,2.0,2.6666666666666665,1.5275252316519468,0.0,0.0,0.0,0.3333333333333333,0.5773502691896258,0.0,0.0,0.0,0.6666666666666666,1.1547005383792517,6.0,-6.0,3.0,5.0,4.58257569495584,119536.0,13335.0,126203.5,140859.33333333334,26245.683613374094,159728.0,-11360.0,154048.0,187506.0,58228.650095979385,159728.0,-11360.0,154048.0,187506.0,58228.650095979385,0.0,0.0,0.0,7.666666666666667,13.279056191361391,3.0,0.0,0.9999996666667778,0.0,3000000.0,2025-01-29,0.0,0.0,5.0,plot_level_next_window
2425,2025-01-29,B51,B,5,1,116407.0,148849.0,148849.0,0.0,1.0,0.0,0.0,0.0,0.0,96,14.415208333333332,7.25,24.52,14.628749999999998,15.573125,74.2025,0.0,4.462916666666667,163.29208333333335,15676.04,9.072395833333331,4.415208333333332,14.289791666666666,9.98485119047619,9.8475,14.769826388888887,11.000773809523809,11.290186011904762,75.14916666666667,70.62700892857143,73.9750074404762,0.0,0.0,2.16,151.48711622807016,144.39314348370928,118.44194345238095,43486.26,96814.56,158861.89,12.869374999999998,13.239479166666664,28.41770833333333,41.294375,2.6500000000000004,329680.25999999995,29,1,22,0.0,0.0,0.0,0.0,0.0,3.0,-2.0,2.0,1.6666666666666667,1.1547005383792515,0.0,0.0,0.0,0.0,0.0,0.0,0.0,0.0,0.0,0.0,0.0,0.0,0.0,2.0,3.4641016151377544,132871.0,-16464.0,124639.0,122938.0,8743.341866815033,148368.0,481.0,148608.5,152315.0,6424.349539058409,148368.0,481.0,148608.5,152315.0,6424.349539058409,0.0,0.0,0.0,0.0,0.0,1.0,0.0,0.9999990000010001,0.0,1000000.0,2025-02-05,0.0,0.0,7.0,plot_level_next_window
2425,2025-02-05,B51,B,5,1,171255.0,230556.0,230556.0,1.0,11.0,0.0,0.0,0.0,0.0,96,18.68520833333333,9.8,29.29,19.00177083333333,20.30958333333333,75.6040625,0.0,3.106875,167.2046875,16051.65,13.6259375,8.685208333333332,18.88020833333333,17.893645833333334,13.93924851190476,20.283715277777777,18.988110119047622,14.994441964285716,82.0129861111111,78.69738095238095,74.6621949404762,0.0,0.0,0.0,142.03729166666665,147.0850148809524,145.73907918233084,40906.74,98841.13,195655.69,26.640625,55.255520833333335,68.49499999999999,96.54989583333332,2.6500000000000004,428521.39,36,2,29,0.0,1.0,0.5,0.3333333333333333,0.5773502691896258,1.0,10.0,6.0,5.0,5.291502622129181,0.0,0.0,0.0,0.0,0.0,0.0,0.0,0.0,0.0,0.0,0.0,0.0,0.0,0.0,0.0,116407.0,54848.0,143831.0,140177.66666666666,28144.560919178202,148849.0,81707.0,189702.5,175924.33333333334,47313.02243921152,148849.0,81707.0,189702.5,175924.33333333334,47313.02243921152,0.0,0.0,0.0,0.0,0.0,12.0,0.0,0.9166665902777842,0.09090908264462885,11000000.0,2025-02-12,0.0,0.0,7.0,plot_level_next_window
2425,2025-02-12,B51,B,5,1,234758.0,346420.0,346420.0,14.0,22.0,1.0,0.0,0.0,0.0,96,21.88416666666667,15.34,29.99,22.11552083333333,21.982083333333332,78.26385416666666,0.0,6.814687500000001,152.95354166666667,14683.54,17.333020833333332,11.884166666666667,19.769340277777776,19.184895833333336,18.53927083333333,21.254791666666662,21.140580357142856,20.064345238095235,81.69614583333332,80.93714285714286,79.8172619047619,0.0,0.0,0.0,130.77805555555554,146.5577380952381,146.82137648809524,37664.08,98486.8,197327.93,29.30802083333333,64.29427083333334,119.54979166666666,160.84416666666664,2.6500000000000004,527008.19,43,2,36,1.0,13.0,7.5,5.0,7.810249675906654,11.0,11.0,16.5,11.333333333333334,10.503967504392488,0.0,0.0,0.0,0.0,0.0,0.0,1.0,0.5,0.3333333333333333,0.5773502691896258,0.0,0.0,0.0,0.0,0.0,171255.0,63503.0,203006.5,174140.0,59228.221474226266,230556.0,115864.0,288488.0,241941.66666666666,99276.38220812306,230556.0,115864.0,288488.0,241941.66666666666,99276.38220812306,0.0,0.0,0.0,0.0,0.0,37.0,0.0,0.5945945785244708,0.6363636074380178,22000000.0,2025-02-20,46.0,46.0,8.0,plot_level_next_window
2425,2025-02-20,B51,B,5,1,222201.0,285536.0,285536.0,2.0,27.0,3.0,4.0,3.0,46.0,96,11.767604166666668,6.18,16.81,12.212916666666668,15.488645833333337,75.38729166666667,0.0,7.179583333333333,163.27791666666667,15674.68,7.268020833333334,1.7676041666666666,13.677743055555553,15.813392857142858,17.728125000000002,16.133194444444445,17.899166666666666,19.650431547619046,79.51315972222223,78.89425595238095,80.27756696428571,0.17,0.43,0.6900000000000001,132.67184027777776,133.68846224937343,139.40532487468673,38209.49,89510.31,187032.42,11.033229166666668,40.69375000000001,108.19375,214.7317708333333,3.34,630807.07,51,2,44,14.0,-12.0,8.0,5.666666666666667,7.234178138070235,22.0,5.0,24.5,20.0,8.18535277187245,0.0,3.0,1.5,1.0,1.7320508075688772,1.0,2.0,2.0,1.3333333333333333,1.5275252316519465,0.0,4.0,2.0,1.3333333333333333,2.3094010767585034,234758.0,-12557.0,228479.5,209404.66666666666,33629.85819674723,346420.0,-60884.0,315978.0,287504.0,57957.06507407014,346420.0,-60884.0,315978.0,287504.0,57957.06507407014,0.0,46.0,23.0,15.333333333333334,26.558112382722783,39.0,0.10256409993425386,0.6923076745562136,0.07407407133058995,6.749998312500422,2025-02-26,0.0,-46.0,6.0,plot_level_next_window
2425,2025-02-26,B51,B,5,1,237611.0,291680.0,291680.0,2.0,29.0,1.0,2.0,6.0,0.0,96,17.139062499999998,8.14,26.86,17.257916666666667,17.4190625,66.61020833333333,0.0,2.411875,212.98958333333331,20447.0,9.3134375,7.139062499999998,15.575416666666664,13.179315476190478,15.31251488095238,16.691736111111112,15.332008928571428,17.170074404761902,80.75583333333333,75.14138392857141,77.46912202380952,0.71,0.71,1.4,127.3667649853801,152.13437249373433,141.88008552631578,36531.46,102084.13,190208.33,16.72625,25.188437500000003,77.3084375,238.15260416666663,4.05,717216.5199999999,57,2,50,2.0,0.0,2.0,6.0,6.928203230275509,27.0,2.0,28.0,26.0,3.6055512754639913,3.0,3.0,4.5,3.0,3.0,3.0,-2.0,2.0,1.6666666666666667,1.1547005383792515,4.0,-2.0,3.0,2.0,2.0,222201.0,15410.0,229906.0,231523.33333333334,8198.434383058995,285536.0,6144.0,288608.0,307878.6666666667,33518.844928388186,285536.0,6144.0,288608.0,307878.6666666667,33518.844928388186,46.0,-46.0,23.0,15.333333333333334,26.558112382722783,40.0,0.04999999875000003,0.7249999818750005,0.06896551486325811,14.499992750003624,2025-03-05,65.0,65.0,7.0,plot_level_next_window
2425,2025-01-07,B52,B,5,2,313115.0,397891.0,397891.0,3.0,4.0,0.0,0.0,0.0,4.0,96,4.62125,-0.12,9.74,4.856145833333334,9.759791666666668,72.216875,0.0,5.543958333333333,135.435,13001.76,-0.1147916666666666,0.0,9.92340277777778,10.599136904761904,10.599136904761904,12.068958333333333,12.918348214285714,12.918348214285714,71.73593749999999,67.33674107142858,67.33674107142858,0.06,0.06,0.06,114.04555555555557,129.81196428571428,129.81196428571428,32845.119999999995,87233.64,87233.64,5.148958333333333,10.828333333333331,10.828333333333331,10.828333333333331,0.06,87233.64,7,1,0,,,3.0,3.0,,,,4.0,4.0,,,,0.0,0.0,,,,0.0,0.0,,,,0.0,0.0,,,,313115.0,313115.0,,,,397891.0,397891.0,,,,397891.0,397891.0,,,,4.0,4.0,,7.0,0.0,0.57142848979593,0.7499998125000469,4000000.0,2025-01-15,10.0,6.0,8.0,plot_level_next_window
2425,2025-01-15,B52,B,5,2,267808.0,348098.0,348098.0,4.0,3.0,0.0,1.0,0.0,10.0,96,8.561458333333333,1.9,14.4,8.645208333333334,9.85375,66.91677083333333,0.0,2.7433333333333336,68.26197916666666,6553.15,2.328958333333333,0.0,9.636354166666669,8.893482142857142,9.09999255952381,11.14826388888889,10.987276785714286,11.37293898809524,71.78802083333333,70.96653273809524,68.85622023809523,0.37,0.4,0.49,80.10697916666666,103.50331845238097,117.01431547619048,23070.81,69554.23,157267.24,0.3476041666666667,2.048333333333334,7.197291666666667,12.876666666666669,0.49,170818.37,15,1,8,3.0,1.0,3.5,3.5,0.7071067811865476,4.0,-1.0,3.5,3.5,0.7071067811865476,0.0,0.0,0.0,0.0,0.0,0.0,0.0,0.0,0.0,0.0,0.0,1.0,0.5,0.5,0.7071067811865476,313115.0,-45307.0,290461.5,290461.5,32036.88693521891,397891.0,-49793.0,372994.5,372994.5,35208.96795562176,397891.0,-49793.0,372994.5,372994.5,35208.96795562176,4.0,6.0,7.0,7.0,4.242640687119285,8.0,0.12499998437500197,0.3749999531250059,1.333332888889037,2.9999970000030003,2025-01-24,0.0,-10.0,9.0,plot_level_next_window
2425,2025-01-24,B52,B,5,2,294266.0,341034.0,341034.0,0.0,10.0,0.0,0.0,2.0,0.0,96,5.2790625,-1.52,12.93,5.436041666666667,7.218958333333333,53.24302083333333,0.0,5.271458333333333,152.44979166666667,14635.18,-4.171458333333333,0.0,4.36,8.432797619047617,8.973690476190475,6.933090277777777,10.506681547619047,10.909903273809524,70.58760416666667,74.32239583333333,73.75555803571429,0.47,2.13,2.5600000000000005,93.41087828947369,87.6885900689223,94.4654334273183,26826.73,58744.68,126779.49,0.0,14.915520833333332,16.36239583333333,28.054895833333333,2.6500000000000004,254683.16,24,1,17,4.0,-4.0,2.0,2.3333333333333335,2.0816659994661326,3.0,7.0,6.5,5.666666666666667,3.785938897200183,0.0,2.0,1.0,0.6666666666666666,1.1547005383792517,0.0,0.0,0.0,0.0,0.0,1.0,-1.0,0.5,0.3333333333333333,0.5773502691896258,267808.0,26458.0,281037.0,291729.6666666667,22759.74082307031,348098.0,-7064.0,344566.0,362341.0,30989.141630577637,348098.0,-7064.0,344566.0,362341.0,30989.141630577637,10.0,-10.0,5.0,4.666666666666667,5.033222956847166,12.0,0.0,0.8333332638888947,0.0,10000000.0,2025-01-29,0.0,0.0,5.0,plot_level_next_window
2425,2025-01-29,B52,B,5,2,285083.0,352544.0,352544.0,0.0,2.0,0.0,0.0,0.0,0.0,96,14.415208333333332,7.25,24.52,14.628749999999998,15.573125,74.2025,0.0,4.462916666666667,163.29208333333335,15676.04,9.072395833333331,4.415208333333332,14.289791666666666,9.98485119047619,9.8475,14.769826388888887,11.000773809523809,11.290186011904762,75.14916666666667,70.62700892857143,73.9750074404762,0.0,0.0,2.16,151.48711622807016,144.39314348370928,118.44194345238095,43486.26,96814.56,158861.89,12.869374999999998,13.239479166666664,28.41770833333333,41.294375,2.6500000000000004,329680.25999999995,29,1,22,0.0,0.0,0.0,1.3333333333333333,2.309401076758503,10.0,-8.0,6.0,5.0,4.358898943540674,2.0,-2.0,1.0,0.6666666666666666,1.1547005383792517,0.0,0.0,0.0,0.0,0.0,0.0,0.0,0.0,0.3333333333333333,0.5773502691896258,294266.0,-9183.0,289674.5,282385.6666666667,13433.657221074744,341034.0,11510.0,346789.0,347225.3333333333,5804.410851527777,341034.0,11510.0,346789.0,347225.3333333333,5804.410851527777,0.0,0.0,0.0,3.3333333333333335,5.773502691896257,2.0,0.0,0.99999950000025,0.0,2000000.0,2025-02-05,0.0,0.0,7.0,plot_level_next_window
2425,2025-02-05,B52,B,5,2,334765.0,371536.0,371536.0,1.0,11.0,0.0,0.0,2.0,0.0,96,18.68520833333333,9.8,29.29,19.00177083333333,20.30958333333333,75.6040625,0.0,3.106875,167.2046875,16051.65,13.6259375,8.685208333333332,18.88020833333333,17.893645833333334,13.93924851190476,20.283715277777777,18.988110119047622,14.994441964285716,82.0129861111111,78.69738095238095,74.6621949404762,0.0,0.0,0.0,142.03729166666665,147.0850148809524,145.73907918233084,40906.74,98841.13,195655.69,26.640625,55.255520833333335,68.49499999999999,96.54989583333332,2.6500000000000004,428521.39,36,2,29,0.0,1.0,0.5,0.3333333333333333,0.5773502691896258,2.0,9.0,6.5,7.666666666666667,4.932882862316248,0.0,2.0,1.0,1.3333333333333333,1.1547005383792517,0.0,0.0,0.0,0.0,0.0,0.0,0.0,0.0,0.0,0.0,285083.0,49682.0,309924.0,304704.6666666667,26434.81799319475,352544.0,18992.0,362040.0,355038.0,15403.182398452602,352544.0,18992.0,362040.0,355038.0,15403.182398452602,0.0,0.0,0.0,0.0,0.0,14.0,0.0,0.7857142295918408,0.09090908264462885,11000000.0,2025-02-12,89.0,89.0,7.0,plot_level_next_window
2425,2025-02-12,B52,B,5,2,345689.0,486325.0,486325.0,11.0,24.0,3.0,14.0,7.0,89.0,96,21.88416666666667,15.34,29.99,22.11552083333333,21.982083333333332,78.26385416666666,0.0,6.814687500000001,152.95354166666667,14683.54,17.333020833333332,11.884166666666667,19.769340277777776,19.184895833333336,18.53927083333333,21.254791666666662,21.140580357142856,20.064345238095235,81.69614583333332,80.93714285714286,79.8172619047619,0.0,0.0,0.0,130.77805555555554,146.5577380952381,146.82137648809524,37664.08,98486.8,197327.93,29.30802083333333,64.29427083333334,119.54979166666666,160.84416666666664,2.6500000000000004,527008.19,43,2,36,1.0,10.0,6.0,4.0,6.082762530298219,11.0,13.0,17.5,12.333333333333334,11.06044001535804,2.0,5.0,4.5,3.0,3.605551275463989,0.0,3.0,1.5,1.0,1.7320508075688772,0.0,14.0,7.0,4.666666666666667,8.082903768654761,334765.0,10924.0,340227.0,321845.6666666667,32302.53379122654,371536.0,114789.0,428930.5,403468.3333333333,72381.58898734771,371536.0,114789.0,428930.5,403468.3333333333,72381.58898734771,0.0,89.0,44.5,29.666666666666668,51.38417395787669,59.0,0.23728813157138762,0.40677965412237876,0.4583333142361119,1.7142855918367434,2025-02-20,120.0,31.0,8.0,plot_level_next_window
2425,2025-02-20,B52,B,5,2,342271.0,411185.0,411185.0,0.0,32.0,1.0,22.0,10.0,120.0,96,11.767604166666668,6.18,16.81,12.212916666666668,15.488645833333337,75.38729166666667,0.0,7.179583333333333,163.27791666666667,15674.68,7.268020833333334,1.7676041666666666,13.677743055555553,15.813392857142858,17.728125000000002,16.133194444444445,17.899166666666666,19.650431547619046,79.51315972222223,78.89425595238095,80.27756696428571,0.17,0.43,0.6900000000000001,132.67184027777776,133.68846224937343,139.40532487468673,38209.49,89510.31,187032.42,11.033229166666668,40.69375000000001,108.19375,214.7317708333333,3.34,630807.07,51,2,44,11.0,-11.0,5.5,4.0,6.082762530298219,24.0,8.0,28.0,22.333333333333332,10.598742063723098,7.0,3.0,8.5,6.333333333333333,4.041451884327381,3.0,-2.0,2.0,1.3333333333333333,1.5275252316519468,14.0,8.0,18.0,12.0,11.135528725660043,345689.0,-3418.0,343980.0,340908.3333333333,5588.0308994610905,486325.0,-75140.0,448755.0,423015.3333333333,58301.76858666755,486325.0,-75140.0,448755.0,423015.3333333333,58301.76858666755,89.0,31.0,104.5,69.66666666666667,62.29232162420448,65.0,0.33846153325443795,0.49230768473372793,0.0,1.454545388429755,2025-02-26,51.0,-69.0,6.0,plot_level_next_window
2425,2025-02-26,B52,B,5,2,384480.0,435132.0,435132.0,2.0,35.0,6.0,12.0,6.0,51.0,96,17.139062499999998,8.14,26.86,17.257916666666667,17.4190625,66.61020833333333,0.0,2.411875,212.98958333333331,20447.0,9.3134375,7.139062499999998,15.575416666666664,13.179315476190478,15.31251488095238,16.691736111111112,15.332008928571428,17.170074404761902,80.75583333333333,75.14138392857141,77.46912202380952,0.71,0.71,1.4,127.3667649853801,152.13437249373433,141.88008552631578,36531.46,102084.13,190208.33,16.72625,25.188437500000003,77.3084375,238.15260416666663,4.05,717216.5199999999,57,2,50,0.0,2.0,1.0,4.333333333333333,5.8594652770823155,32.0,3.0,33.5,30.333333333333332,5.686240703077329,10.0,-4.0,8.0,7.666666666666667,2.0816659994661335,1.0,5.0,3.5,3.3333333333333335,2.5166114784235836,22.0,-10.0,17.0,16.0,5.291502622129181,342271.0,42209.0,363375.5,357480.0,23445.056643139054,411185.0,23947.0,423158.5,444214.0,38384.46226013858,411185.0,23947.0,423158.5,444214.0,38384.46226013858,120.0,-69.0,85.5,86.66666666666667,34.55912807542072,61.0,0.19672130825047038,0.5737704823972052,0.057142855510204135,2.9166664236111317,2025-03-05,150.0,99.0,7.0,plot_level_next_window
2425,2025-01-07,B53,B,5,3,330248.0,477407.0,477407.0,1.0,2.0,1.0,0.0,2.0,10.0,96,4.62125,-0.12,9.74,4.856145833333334,9.759791666666668,72.216875,0.0,5.543958333333333,135.435,13001.76,-0.1147916666666666,0.0,9.92340277777778,10.599136904761904,10.599136904761904,12.068958333333333,12.918348214285714,12.918348214285714,71.73593749999999,67.33674107142858,67.33674107142858,0.06,0.06,0.06,114.04555555555557,129.81196428571428,129.81196428571428,32845.119999999995,87233.64,87233.64,5.148958333333333,10.828333333333331,10.828333333333331,10.828333333333331,0.06,87233.64,7,1,0,,,1.0,1.0,,,,2.0,2.0,,,,2.0,2.0,,,,1.0,1.0,,,,0.0,0.0,,,,330248.0,330248.0,,,,477407.0,477407.0,,,,477407.0,477407.0,,,,10.0,10.0,,6.0,0.0,0.33333327777778704,0.499999750000125,2000000.0,2025-01-15,15.0,5.0,8.0,plot_level_next_window
2425,2025-01-15,B53,B,5,3,240365.0,297720.0,297720.0,1.0,8.0,0.0,1.0,2.0,15.0,96,8.561458333333333,1.9,14.4,8.645208333333334,9.85375,66.91677083333333,0.0,2.7433333333333336,68.26197916666666,6553.15,2.328958333333333,0.0,9.636354166666669,8.893482142857142,9.09999255952381,11.14826388888889,10.987276785714286,11.37293898809524,71.78802083333333,70.96653273809524,68.85622023809523,0.37,0.4,0.49,80.10697916666666,103.50331845238097,117.01431547619048,23070.81,69554.23,157267.24,0.3476041666666667,2.048333333333334,7.197291666666667,12.876666666666669,0.49,170818.37,15,1,8,1.0,0.0,1.0,1.0,0.0,2.0,6.0,5.0,5.0,4.242640687119285,2.0,0.0,2.0,2.0,0.0,1.0,-1.0,0.5,0.5,0.7071067811865476,0.0,1.0,0.5,0.5,0.7071067811865476,330248.0,-89883.0,285306.5,285306.5,63556.87881339045,477407.0,-179687.0,387563.5,387563.5,127057.89619106716,477407.0,-179687.0,387563.5,387563.5,127057.89619106716,10.0,5.0,12.5,12.5,3.5355339059327378,12.0,0.08333332638888948,0.6666666111111158,0.12499998437500197,7.9999920000080005,2025-01-24,0.0,-15.0,9.0,plot_level_next_window
2425,2025-01-24,B53,B,5,3,212159.0,247098.0,247098.0,0.0,11.0,0.0,0.0,2.0,0.0,96,5.2790625,-1.52,12.93,5.436041666666667,7.218958333333333,53.24302083333333,0.0,5.271458333333333,152.44979166666667,14635.18,-4.171458333333333,0.0,4.36,8.432797619047617,8.973690476190475,6.933090277777777,10.506681547619047,10.909903273809524,70.58760416666667,74.32239583333333,73.75555803571429,0.47,2.13,2.5600000000000005,93.41087828947369,87.6885900689223,94.4654334273183,26826.73,58744.68,126779.49,0.0,14.915520833333332,16.36239583333333,28.054895833333333,2.6500000000000004,254683.16,24,1,17,1.0,-1.0,0.5,0.6666666666666666,0.5773502691896258,8.0,3.0,9.5,7.0,4.58257569495584,2.0,0.0,2.0,2.0,0.0,0.0,0.0,0.0,0.3333333333333333,0.5773502691896258,1.0,-1.0,0.5,0.3333333333333333,0.5773502691896258,240365.0,-28206.0,226262.0,260924.0,61670.55489453617,297720.0,-50622.0,272409.0,340741.6666666667,121031.84177039254,297720.0,-50622.0,272409.0,340741.6666666667,121031.84177039254,15.0,-15.0,7.5,8.333333333333334,7.637626158259733,13.0,0.0,0.8461537810650938,0.0,11000000.0,2025-01-29,0.0,0.0,5.0,plot_level_next_window
2425,2025-01-29,B53,B,5,3,273490.0,337585.0,337585.0,0.0,8.0,0.0,2.0,0.0,0.0,96,14.415208333333332,7.25,24.52,14.628749999999998,15.573125,74.2025,0.0,4.462916666666667,163.29208333333335,15676.04,9.072395833333331,4.415208333333332,14.289791666666666,9.98485119047619,9.8475,14.769826388888887,11.000773809523809,11.290186011904762,75.14916666666667,70.62700892857143,73.9750074404762,0.0,0.0,2.16,151.48711622807016,144.39314348370928,118.44194345238095,43486.26,96814.56,158861.89,12.869374999999998,13.239479166666664,28.41770833333333,41.294375,2.6500000000000004,329680.25999999995,29,1,22,0.0,0.0,0.0,0.3333333333333333,0.5773502691896258,11.0,-3.0,9.5,9.0,1.7320508075688772,2.0,-2.0,1.0,1.3333333333333333,1.1547005383792517,0.0,0.0,0.0,0.0,0.0,0.0,2.0,1.0,1.0,1.0,212159.0,61331.0,242824.5,242004.66666666666,30698.359407846758,247098.0,90487.0,292341.5,294134.3333333333,45349.93987133101,247098.0,90487.0,292341.5,294134.3333333333,45349.93987133101,0.0,0.0,0.0,5.0,8.660254037844386,10.0,0.19999998000000202,0.7999999200000081,0.0,3.999998000001,2025-02-05,0.0,0.0,7.0,plot_level_next_window
2425,2025-02-05,B53,B,5,3,311677.0,378870.0,378870.0,2.0,22.0,0.0,0.0,0.0,0.0,96,18.68520833333333,9.8,29.29,19.00177083333333,20.30958333333333,75.6040625,0.0,3.106875,167.2046875,16051.65,13.6259375,8.685208333333332,18.88020833333333,17.893645833333334,13.93924851190476,20.283715277777777,18.988110119047622,14.994441964285716,82.0129861111111,78.69738095238095,74.6621949404762,0.0,0.0,0.0,142.03729166666665,147.0850148809524,145.73907918233084,40906.74,98841.13,195655.69,26.640625,55.255520833333335,68.49499999999999,96.54989583333332,2.6500000000000004,428521.39,36,2,29,0.0,2.0,1.0,0.6666666666666666,1.1547005383792517,8.0,14.0,15.0,13.666666666666666,7.371114795831994,0.0,0.0,0.0,0.6666666666666666,1.1547005383792517,0.0,0.0,0.0,0.0,0.0,2.0,-2.0,1.0,0.6666666666666666,1.1547005383792517,273490.0,38187.0,292583.5,265775.3333333333,50205.52900162824,337585.0,41285.0,358227.5,321184.3333333333,67399.56525329624,337585.0,41285.0,358227.5,321184.3333333333,67399.56525329624,0.0,0.0,0.0,0.0,0.0,24.0,0.0,0.9166666284722238,0.09090908677685969,22000000.0,2025-02-12,28.0,28.0,7.0,plot_level_next_window
2425,2025-02-12,B53,B,5,3,404438.0,586738.0,586738.0,12.0,65.0,6.0,12.0,10.0,28.0,96,21.88416666666667,15.34,29.99,22.11552083333333,21.982083333333332,78.26385416666666,0.0,6.814687500000001,152.95354166666667,14683.54,17.333020833333332,11.884166666666667,19.769340277777776,19.184895833333336,18.53927083333333,21.254791666666662,21.140580357142856,20.064345238095235,81.69614583333332,80.93714285714286,79.8172619047619,0.0,0.0,0.0,130.77805555555554,146.5577380952381,146.82137648809524,37664.08,98486.8,197327.93,29.30802083333333,64.29427083333334,119.54979166666666,160.84416666666664,2.6500000000000004,527008.19,43,2,36,2.0,10.0,7.0,4.666666666666667,6.429100507328637,22.0,43.0,43.5,31.666666666666668,29.704096238285608,0.0,10.0,5.0,3.3333333333333335,5.773502691896257,0.0,6.0,3.0,2.0,3.4641016151377544,0.0,12.0,6.0,4.666666666666667,6.429100507328637,311677.0,92761.0,358057.5,329868.3333333333,67342.69175146874,378870.0,207868.0,482804.0,434397.6666666667,133535.74681085712,378870.0,207868.0,482804.0,434397.6666666667,133535.74681085712,0.0,28.0,14.0,9.333333333333334,16.165807537309522,105.0,0.11428571319727893,0.6190476131519275,0.18461538177514797,5.416666215277815,2025-02-20,175.0,147.0,8.0,plot_level_next_window
2425,2025-02-20,B53,B,5,3,419186.0,509835.0,509835.0,0.0,32.0,1.0,20.0,7.0,175.0,96,11.767604166666668,6.18,16.81,12.212916666666668,15.488645833333337,75.38729166666667,0.0,7.179583333333333,163.27791666666667,15674.68,7.268020833333334,1.7676041666666666,13.677743055555553,15.813392857142858,17.728125000000002,16.133194444444445,17.899166666666666,19.650431547619046,79.51315972222223,78.89425595238095,80.27756696428571,0.17,0.43,0.6900000000000001,132.67184027777776,133.68846224937343,139.40532487468673,38209.49,89510.31,187032.42,11.033229166666668,40.69375000000001,108.19375,214.7317708333333,3.34,630807.07,51,2,44,12.0,-12.0,6.0,4.666666666666667,6.429100507328637,65.0,-33.0,48.5,39.666666666666664,22.501851775650223,10.0,-3.0,8.5,5.666666666666667,5.131601439446883,6.0,-5.0,3.5,2.3333333333333335,3.2145502536643185,12.0,8.0,16.0,10.666666666666666,10.066445913694334,404438.0,14748.0,411812.0,378433.6666666667,58281.3459379014,586738.0,-76903.0,548286.5,491814.3333333333,105099.16591644927,586738.0,-76903.0,548286.5,491814.3333333333,105099.16591644927,28.0,147.0,101.5,67.66666666666667,94.00177303292388,60.0,0.3333333277777779,0.5333333244444446,0.0,1.599999920000004,2025-02-26,41.0,-134.0,6.0,plot_level_next_window
2425,2025-02-26,B53,B,5,3,357056.0,409352.0,409352.0,4.0,18.0,0.0,8.0,3.0,41.0,96,17.139062499999998,8.14,26.86,17.257916666666667,17.4190625,66.61020833333333,0.0,2.411875,212.98958333333331,20447.0,9.3134375,7.139062499999998,15.575416666666664,13.179315476190478,15.31251488095238,16.691736111111112,15.332008928571428,17.170074404761902,80.75583333333333,75.14138392857141,77.46912202380952,0.71,0.71,1.4,127.3667649853801,152.13437249373433,141.88008552631578,36531.46,102084.13,190208.33,16.72625,25.188437500000003,77.3084375,238.15260416666663,4.05,717216.5199999999,57,2,50,0.0,4.0,2.0,5.333333333333333,6.110100926607787,32.0,-14.0,25.0,38.333333333333336,24.131583730317683,7.0,-4.0,5.0,6.666666666666667,3.5118845842842448,1.0,-1.0,0.5,2.3333333333333335,3.214550253664318,20.0,-12.0,14.0,13.333333333333334,6.110100926607788,419186.0,-62130.0,388121.0,393560.0,32462.014540074393,509835.0,-100483.0,459593.5,501975.0,88953.82481377629,509835.0,-100483.0,459593.5,501975.0,88953.82481377629,175.0,-134.0,108.0,81.33333333333333,81.37772012862817,33.0,0.2424242350780535,0.5454545289256204,0.2222222098765439,2.2499997187500353,2025-03-05,147.0,106.0,7.0,plot_level_next_window
2425,2025-01-07,B54,B,5,4,216917.0,299791.0,299791.0,0.0,2.0,2.0,7.0,1.0,14.0,96,4.62125,-0.12,9.74,4.856145833333334,9.759791666666668,72.216875,0.0,5.543958333333333,135.435,13001.76,-0.1147916666666666,0.0,9.92340277777778,10.599136904761904,10.599136904761904,12.068958333333333,12.918348214285714,12.918348214285714,71.73593749999999,67.33674107142858,67.33674107142858,0.06,0.06,0.06,114.04555555555557,129.81196428571428,129.81196428571428,32845.119999999995,87233.64,87233.64,5.148958333333333,10.828333333333331,10.828333333333331,10.828333333333331,0.06,87233.64,7,1,0,,,0.0,0.0,,,,2.0,2.0,,,,1.0,1.0,,,,2.0,2.0,,,,7.0,7.0,,,,216917.0,216917.0,,,,299791.0,299791.0,,,,299791.0,299791.0,,,,14.0,14.0,,12.0,0.5833332847222263,0.16666665277777895,0.0,0.285714244897965,2025-01-15,20.0,6.0,8.0,plot_level_next_window
2425,2025-01-15,B54,B,5,4,209124.0,274325.0,274325.0,0.0,5.0,0.0,0.0,1.0,20.0,96,8.561458333333333,1.9,14.4,8.645208333333334,9.85375,66.91677083333333,0.0,2.7433333333333336,68.26197916666666,6553.15,2.328958333333333,0.0,9.636354166666669,8.893482142857142,9.09999255952381,11.14826388888889,10.987276785714286,11.37293898809524,71.78802083333333,70.96653273809524,68.85622023809523,0.37,0.4,0.49,80.10697916666666,103.50331845238097,117.01431547619048,23070.81,69554.23,157267.24,0.3476041666666667,2.048333333333334,7.197291666666667,12.876666666666669,0.49,170818.37,15,1,8,0.0,0.0,0.0,0.0,0.0,2.0,3.0,3.5,3.5,2.1213203435596424,1.0,0.0,1.0,1.0,0.0,2.0,-2.0,1.0,1.0,1.4142135623730951,7.0,-7.0,3.5,3.5,4.949747468305833,216917.0,-7793.0,213020.5,213020.5,5510.483145786765,299791.0,-25466.0,287058.0,287058.0,18007.18128969662,299791.0,-25466.0,287058.0,287058.0,18007.18128969662,14.0,6.0,17.0,17.0,4.242640687119285,6.0,0.0,0.8333331944444675,0.0,5000000.0,2025-01-24,0.0,-20.0,9.0,plot_level_next_window
2425,2025-01-24,B54,B,5,4,165594.0,192036.0,192036.0,0.0,4.0,1.0,5.0,0.0,0.0,96,5.2790625,-1.52,12.93,5.436041666666667,7.218958333333333,53.24302083333333,0.0,5.271458333333333,152.44979166666667,14635.18,-4.171458333333333,0.0,4.36,8.432797619047617,8.973690476190475,6.933090277777777,10.506681547619047,10.909903273809524,70.58760416666667,74.32239583333333,73.75555803571429,0.47,2.13,2.5600000000000005,93.41087828947369,87.6885900689223,94.4654334273183,26826.73,58744.68,126779.49,0.0,14.915520833333332,16.36239583333333,28.054895833333333,2.6500000000000004,254683.16,24,1,17,0.0,0.0,0.0,0.0,0.0,5.0,-1.0,4.5,3.6666666666666665,1.5275252316519468,1.0,-1.0,0.5,0.6666666666666666,0.5773502691896258,0.0,1.0,0.5,1.0,1.0,0.0,5.0,2.5,4.0,3.605551275463989,209124.0,-43530.0,187359.0,197211.66666666666,27657.554959419915,274325.0,-82289.0,233180.5,255384.0,56319.233988043554,274325.0,-82289.0,233180.5,255384.0,56319.233988043554,20.0,-20.0,10.0,11.333333333333334,10.263202878893768,10.0,0.499999950000005,0.39999996000000404,0.0,0.799999840000032,2025-01-29,0.0,0.0,5.0,plot_level_next_window
2425,2025-01-29,B54,B,5,4,249833.0,317138.0,317138.0,0.0,4.0,0.0,3.0,0.0,0.0,96,14.415208333333332,7.25,24.52,14.628749999999998,15.573125,74.2025,0.0,4.462916666666667,163.29208333333335,15676.04,9.072395833333331,4.415208333333332,14.289791666666666,9.98485119047619,9.8475,14.769826388888887,11.000773809523809,11.290186011904762,75.14916666666667,70.62700892857143,73.9750074404762,0.0,0.0,2.16,151.48711622807016,144.39314348370928,118.44194345238095,43486.26,96814.56,158861.89,12.869374999999998,13.239479166666664,28.41770833333333,41.294375,2.6500000000000004,329680.25999999995,29,1,22,0.0,0.0,0.0,0.0,0.0,4.0,0.0,4.0,4.333333333333333,0.5773502691896261,0.0,0.0,0.0,0.3333333333333333,0.5773502691896258,1.0,-1.0,0.5,0.3333333333333333,0.5773502691896258,5.0,-2.0,4.0,2.6666666666666665,2.516611478423583,165594.0,84239.0,207713.5,208183.66666666666,42127.37174727773,192036.0,125102.0,254587.0,261166.33333333334,63580.58258881664,192036.0,125102.0,254587.0,261166.33333333334,63580.58258881664,0.0,0.0,0.0,6.666666666666667,11.547005383792515,7.0,0.4285713673469475,0.57142848979593,0.0,1.333332888889037,2025-02-05,0.0,0.0,7.0,plot_level_next_window
2425,2025-02-05,B54,B,5,4,136302.0,169429.0,169429.0,1.0,2.0,0.0,0.0,0.0,0.0,96,18.68520833333333,9.8,29.29,19.00177083333333,20.30958333333333,75.6040625,0.0,3.106875,167.2046875,16051.65,13.6259375,8.685208333333332,18.88020833333333,17.893645833333334,13.93924851190476,20.283715277777777,18.988110119047622,14.994441964285716,82.0129861111111,78.69738095238095,74.6621949404762,0.0,0.0,0.0,142.03729166666665,147.0850148809524,145.73907918233084,40906.74,98841.13,195655.69,26.640625,55.255520833333335,68.49499999999999,96.54989583333332,2.6500000000000004,428521.39,36,2,29,0.0,1.0,0.5,0.3333333333333333,0.5773502691896258,4.0,-2.0,3.0,3.3333333333333335,1.1547005383792517,0.0,0.0,0.0,0.0,0.0,0.0,0.0,0.0,0.3333333333333333,0.5773502691896258,3.0,-3.0,1.5,2.6666666666666665,2.5166114784235836,249833.0,-113531.0,193067.5,183909.66666666666,58939.96712192274,317138.0,-147709.0,243283.5,226201.0,79560.81063563895,317138.0,-147709.0,243283.5,226201.0,79560.81063563895,0.0,0.0,0.0,0.0,0.0,3.0,0.0,0.6666664444445185,0.499999750000125,2000000.0,2025-02-12,0.0,0.0,7.0,plot_level_next_window
2425,2025-02-12,B54,B,5,4,256472.0,368930.0,368930.0,3.0,25.0,0.0,0.0,3.0,0.0,96,21.88416666666667,15.34,29.99,22.11552083333333,21.982083333333332,78.26385416666666,0.0,6.814687500000001,152.95354166666667,14683.54,17.333020833333332,11.884166666666667,19.769340277777776,19.184895833333336,18.53927083333333,21.254791666666662,21.140580357142856,20.064345238095235,81.69614583333332,80.93714285714286,79.8172619047619,0.0,0.0,0.0,130.77805555555554,146.5577380952381,146.82137648809524,37664.08,98486.8,197327.93,29.30802083333333,64.29427083333334,119.54979166666666,160.84416666666664,2.6500000000000004,527008.19,43,2,36,1.0,2.0,2.0,1.3333333333333333,1.5275252316519465,2.0,23.0,13.5,10.333333333333334,12.741009902410928,0.0,3.0,1.5,1.0,1.7320508075688772,0.0,0.0,0.0,0.0,0.0,0.0,0.0,0.0,1.0,1.7320508075688779,136302.0,120170.0,196387.0,214202.33333333334,67545.28503406684,169429.0,199501.0,269179.5,285165.6666666667,103522.14654040619,169429.0,199501.0,269179.5,285165.6666666667,103522.14654040619,0.0,0.0,0.0,0.0,0.0,31.0,0.0,0.8064515868886585,0.11999999520000018,25000000.0,2025-02-20,45.0,45.0,8.0,plot_level_next_window
2425,2025-02-20,B54,B,5,4,252922.0,318474.0,318474.0,4.0,15.0,0.0,6.0,3.0,45.0,96,11.767604166666668,6.18,16.81,12.212916666666668,15.488645833333337,75.38729166666667,0.0,7.179583333333333,163.27791666666667,15674.68,7.268020833333334,1.7676041666666666,13.677743055555553,15.813392857142858,17.728125000000002,16.133194444444445,17.899166666666666,19.650431547619046,79.51315972222223,78.89425595238095,80.27756696428571,0.17,0.43,0.6900000000000001,132.67184027777776,133.68846224937343,139.40532487468673,38209.49,89510.31,187032.42,11.033229166666668,40.69375000000001,108.19375,214.7317708333333,3.34,630807.07,51,2,44,3.0,1.0,3.5,2.6666666666666665,1.5275252316519465,25.0,-10.0,20.0,14.0,11.532562594670797,3.0,0.0,3.0,2.0,1.7320508075688772,0.0,0.0,0.0,0.0,0.0,0.0,6.0,3.0,2.0,3.4641016151377544,256472.0,-3550.0,254697.0,215232.0,68378.42715359868,368930.0,-50456.0,343702.0,285611.0,103731.11792996353,368930.0,-50456.0,343702.0,285611.0,103731.11792996353,0.0,45.0,22.5,15.0,25.98076211353316,28.0,0.21428570663265334,0.5357142665816333,0.2666666488888901,2.4999995833334028,2025-02-26,9.0,-36.0,6.0,plot_level_next_window
2425,2025-02-26,B54,B,5,4,205413.0,245272.0,245272.0,3.0,17.0,0.0,1.0,5.0,9.0,96,17.139062499999998,8.14,26.86,17.257916666666667,17.4190625,66.61020833333333,0.0,2.411875,212.98958333333331,20447.0,9.3134375,7.139062499999998,15.575416666666664,13.179315476190478,15.31251488095238,16.691736111111112,15.332008928571428,17.170074404761902,80.75583333333333,75.14138392857141,77.46912202380952,0.71,0.71,1.4,127.3667649853801,152.13437249373433,141.88008552631578,36531.46,102084.13,190208.33,16.72625,25.188437500000003,77.3084375,238.15260416666663,4.05,717216.5199999999,57,2,50,4.0,-1.0,3.5,3.3333333333333335,0.5773502691896258,15.0,2.0,16.0,19.0,5.291502622129188,3.0,2.0,4.0,3.6666666666666665,1.1547005383792517,0.0,0.0,0.0,0.0,0.0,6.0,-5.0,3.5,2.3333333333333335,3.2145502536643185,252922.0,-47509.0,229167.5,238269.0,28509.440138312082,318474.0,-73202.0,281873.0,310892.0,62176.686016544816,318474.0,-73202.0,281873.0,310892.0,62176.686016544816,45.0,-36.0,27.0,18.0,23.811761799581316,26.0,0.03846153698224858,0.6538461286982258,0.17647057785467188,16.999983000017,2025-03-05,98.0,89.0,7.0,plot_level_next_window
2425,2025-01-07,B55,B,5,5,237160.0,332335.0,332335.0,0.0,5.0,0.0,4.0,1.0,26.0,96,4.62125,-0.12,9.74,4.856145833333334,9.759791666666668,72.216875,0.0,5.543958333333333,135.435,13001.76,-0.1147916666666666,0.0,9.92340277777778,10.599136904761904,10.599136904761904,12.068958333333333,12.918348214285714,12.918348214285714,71.73593749999999,67.33674107142858,67.33674107142858,0.06,0.06,0.06,114.04555555555557,129.81196428571428,129.81196428571428,32845.119999999995,87233.64,87233.64,5.148958333333333,10.828333333333331,10.828333333333331,10.828333333333331,0.06,87233.64,7,1,0,,,0.0,0.0,,,,5.0,5.0,,,,1.0,1.0,,,,0.0,0.0,,,,4.0,4.0,,,,237160.0,237160.0,,,,332335.0,332335.0,,,,332335.0,332335.0,,,,26.0,26.0,,10.0,0.39999996000000404,0.499999950000005,0.0,1.249999687500078,2025-01-15,0.0,-26.0,8.0,plot_level_next_window
2425,2025-01-15,B55,B,5,5,206307.0,241684.0,241684.0,0.0,5.0,0.0,4.0,0.0,0.0,96,8.561458333333333,1.9,14.4,8.645208333333334,9.85375,66.91677083333333,0.0,2.7433333333333336,68.26197916666666,6553.15,2.328958333333333,0.0,9.636354166666669,8.893482142857142,9.09999255952381,11.14826388888889,10.987276785714286,11.37293898809524,71.78802083333333,70.96653273809524,68.85622023809523,0.37,0.4,0.49,80.10697916666666,103.50331845238097,117.01431547619048,23070.81,69554.23,157267.24,0.3476041666666667,2.048333333333334,7.197291666666667,12.876666666666669,0.49,170818.37,15,1,8,0.0,0.0,0.0,0.0,0.0,5.0,0.0,5.0,5.0,0.0,1.0,-1.0,0.5,0.5,0.7071067811865476,0.0,0.0,0.0,0.0,0.0,4.0,0.0,4.0,4.0,0.0,237160.0,-30853.0,221733.5,221733.5,21816.36551994855,332335.0,-90651.0,287009.5,287009.5,64099.93682134172,332335.0,-90651.0,287009.5,287009.5,64099.93682134172,26.0,-26.0,13.0,13.0,18.384776310850235,9.0,0.44444439506173394,0.5555554938271674,0.0,1.249999687500078,2025-01-24,0.0,0.0,9.0,plot_level_next_window
2425,2025-01-24,B55,B,5,5,226640.0,257322.0,257322.0,0.0,3.0,0.0,0.0,0.0,0.0,96,5.2790625,-1.52,12.93,5.436041666666667,7.218958333333333,53.24302083333333,0.0,5.271458333333333,152.44979166666667,14635.18,-4.171458333333333,0.0,4.36,8.432797619047617,8.973690476190475,6.933090277777777,10.506681547619047,10.909903273809524,70.58760416666667,74.32239583333333,73.75555803571429,0.47,2.13,2.5600000000000005,93.41087828947369,87.6885900689223,94.4654334273183,26826.73,58744.68,126779.49,0.0,14.915520833333332,16.36239583333333,28.054895833333333,2.6500000000000004,254683.16,24,1,17,0.0,0.0,0.0,0.0,0.0,5.0,-2.0,4.0,4.333333333333333,1.1547005383792515,0.0,0.0,0.0,0.3333333333333333,0.5773502691896258,0.0,0.0,0.0,0.0,0.0,4.0,-4.0,2.0,2.6666666666666665,2.3094010767585034,206307.0,20333.0,216473.5,223369.0,15684.434417600145,241684.0,15638.0,249503.0,277113.6666666667,48458.059209313506,241684.0,15638.0,249503.0,277113.6666666667,48458.059209313506,0.0,0.0,0.0,8.666666666666666,15.01110699893027,3.0,0.0,0.9999996666667778,0.0,3000000.0,2025-01-29,0.0,0.0,5.0,plot_level_next_window
2425,2025-01-29,B55,B,5,5,214243.0,245600.0,245600.0,0.0,4.0,0.0,0.0,0.0,0.0,96,14.415208333333332,7.25,24.52,14.628749999999998,15.573125,74.2025,0.0,4.462916666666667,163.29208333333335,15676.04,9.072395833333331,4.415208333333332,14.289791666666666,9.98485119047619,9.8475,14.769826388888887,11.000773809523809,11.290186011904762,75.14916666666667,70.62700892857143,73.9750074404762,0.0,0.0,2.16,151.48711622807016,144.39314348370928,118.44194345238095,43486.26,96814.56,158861.89,12.869374999999998,13.239479166666664,28.41770833333333,41.294375,2.6500000000000004,329680.25999999995,29,1,22,0.0,0.0,0.0,0.0,0.0,3.0,1.0,3.5,4.0,0.9999999999999997,0.0,0.0,0.0,0.0,0.0,0.0,0.0,0.0,0.0,0.0,0.0,0.0,0.0,1.3333333333333333,2.3094010767585034,226640.0,-12397.0,220441.5,215730.0,10247.736286614718,257322.0,-11722.0,251461.0,248202.0,8137.233190710587,257322.0,-11722.0,251461.0,248202.0,8137.233190710587,0.0,0.0,0.0,0.0,0.0,4.0,0.0,0.9999997500000625,0.0,4000000.0,2025-02-05,0.0,0.0,7.0,plot_level_next_window
2425,2025-02-05,B55,B,5,5,268356.0,330459.0,330459.0,1.0,3.0,0.0,0.0,0.0,0.0,96,18.68520833333333,9.8,29.29,19.00177083333333,20.30958333333333,75.6040625,0.0,3.106875,167.2046875,16051.65,13.6259375,8.685208333333332,18.88020833333333,17.893645833333334,13.93924851190476,20.283715277777777,18.988110119047622,14.994441964285716,82.0129861111111,78.69738095238095,74.6621949404762,0.0,0.0,0.0,142.03729166666665,147.0850148809524,145.73907918233084,40906.74,98841.13,195655.69,26.640625,55.255520833333335,68.49499999999999,96.54989583333332,2.6500000000000004,428521.39,36,2,29,0.0,1.0,0.5,0.3333333333333333,0.5773502691896258,4.0,-1.0,3.5,3.3333333333333335,0.5773502691896242,0.0,0.0,0.0,0.0,0.0,0.0,0.0,0.0,0.0,0.0,0.0,0.0,0.0,0.0,0.0,214243.0,54113.0,241299.5,236413.0,28349.388688294497,245600.0,84859.0,288029.5,277793.6666666667,45984.555258622786,245600.0,84859.0,288029.5,277793.6666666667,45984.555258622786,0.0,0.0,0.0,0.0,0.0,4.0,0.0,0.7499998125000469,0.33333322222225925,3000000.0,2025-02-12,0.0,0.0,7.0,plot_level_next_window
2425,2025-02-12,B55,B,5,5,286729.0,420484.0,420484.0,8.0,27.0,0.0,2.0,4.0,0.0,96,21.88416666666667,15.34,29.99,22.11552083333333,21.982083333333332,78.26385416666666,0.0,6.814687500000001,152.95354166666667,14683.54,17.333020833333332,11.884166666666667,19.769340277777776,19.184895833333336,18.53927083333333,21.254791666666662,21.140580357142856,20.064345238095235,81.69614583333332,80.93714285714286,79.8172619047619,0.0,0.0,0.0,130.77805555555554,146.5577380952381,146.82137648809524,37664.08,98486.8,197327.93,29.30802083333333,64.29427083333334,119.54979166666666,160.84416666666664,2.6500000000000004,527008.19,43,2,36,1.0,7.0,4.5,3.0,4.358898943540674,3.0,24.0,15.0,11.333333333333334,13.576941236277534,0.0,4.0,2.0,1.3333333333333333,2.3094010767585034,0.0,0.0,0.0,0.0,0.0,0.0,2.0,1.0,0.6666666666666666,1.1547005383792517,268356.0,18373.0,277542.5,256442.66666666666,37682.89641645575,330459.0,90025.0,375471.5,332181.0,87454.71586484059,330459.0,90025.0,375471.5,332181.0,87454.71586484059,0.0,0.0,0.0,0.0,0.0,41.0,0.048780486615110086,0.6585365693039862,0.2962962853223598,13.499993250003374,2025-02-20,40.0,40.0,8.0,plot_level_next_window
2425,2025-02-20,B55,B,5,5,191376.0,259595.0,259595.0,1.0,8.0,0.0,2.0,0.0,40.0,96,11.767604166666668,6.18,16.81,12.212916666666668,15.488645833333337,75.38729166666667,0.0,7.179583333333333,163.27791666666667,15674.68,7.268020833333334,1.7676041666666666,13.677743055555553,15.813392857142858,17.728125000000002,16.133194444444445,17.899166666666666,19.650431547619046,79.51315972222223,78.89425595238095,80.27756696428571,0.17,0.43,0.6900000000000001,132.67184027777776,133.68846224937343,139.40532487468673,38209.49,89510.31,187032.42,11.033229166666668,40.69375000000001,108.19375,214.7317708333333,3.34,630807.07,51,2,44,8.0,-7.0,4.5,3.3333333333333335,4.041451884327381,27.0,-19.0,17.5,12.666666666666666,12.662279942148388,4.0,-4.0,2.0,1.3333333333333333,2.3094010767585034,0.0,0.0,0.0,0.0,0.0,2.0,0.0,2.0,1.3333333333333333,1.1547005383792517,286729.0,-95353.0,239052.5,248820.33333333334,50589.330459429235,420484.0,-160889.0,340039.5,336846.0,80634.43995588981,420484.0,-160889.0,340039.5,336846.0,80634.43995588981,0.0,40.0,20.0,13.333333333333334,23.09401076758503,11.0,0.1818181652892577,0.7272726611570308,0.12499998437500197,3.999998000001,2025-02-26,0.0,-40.0,6.0,plot_level_next_window
2425,2025-02-26,B55,B,5,5,226636.0,275847.0,275847.0,0.0,16.0,0.0,0.0,0.0,0.0,96,17.139062499999998,8.14,26.86,17.257916666666667,17.4190625,66.61020833333333,0.0,2.411875,212.98958333333331,20447.0,9.3134375,7.139062499999998,15.575416666666664,13.179315476190478,15.31251488095238,16.691736111111112,15.332008928571428,17.170074404761902,80.75583333333333,75.14138392857141,77.46912202380952,0.71,0.71,1.4,127.3667649853801,152.13437249373433,141.88008552631578,36531.46,102084.13,190208.33,16.72625,25.188437500000003,77.3084375,238.15260416666663,4.05,717216.5199999999,57,2,50,1.0,-1.0,0.5,3.0,4.358898943540674,8.0,8.0,12.0,17.0,9.539392014169458,0.0,0.0,0.0,1.3333333333333333,2.3094010767585034,0.0,0.0,0.0,0.0,0.0,2.0,-2.0,1.0,1.3333333333333333,1.1547005383792517,191376.0,35260.0,209006.0,234913.66666666666,48212.4307241746,259595.0,16252.0,267721.0,318642.0,88571.30798966446,259595.0,16252.0,267721.0,318642.0,88571.30798966446,40.0,-40.0,20.0,13.333333333333334,23.09401076758503,16.0,0.0,0.9999999375000038,0.0,16000000.0,2025-03-05,7.0,7.0,7.0,plot_level_next_window
2425,2025-01-07,M11,M,1,1,133455.0,163177.0,163177.0,0.0,3.0,0.0,9.0,1.0,76.0,96,4.62125,-0.12,9.74,4.856145833333334,9.759791666666668,72.216875,0.0,5.543958333333333,135.435,13001.76,-0.1147916666666666,0.0,9.92340277777778,10.599136904761904,10.599136904761904,12.068958333333333,12.918348214285714,12.918348214285714,71.73593749999999,67.33674107142858,67.33674107142858,0.06,0.06,0.06,114.04555555555557,129.81196428571428,129.81196428571428,32845.119999999995,87233.64,87233.64,5.148958333333333,10.828333333333331,10.828333333333331,10.828333333333331,0.06,87233.64,7,1,0,,,0.0,0.0,,,,3.0,3.0,,,,1.0,1.0,,,,0.0,0.0,,,,9.0,9.0,,,,133455.0,133455.0,,,,163177.0,163177.0,,,,163177.0,163177.0,,,,76.0,76.0,,13.0,0.6923076390532585,0.23076921301775286,0.0,0.33333329629630043,2025-01-15,28.0,-48.0,8.0,plot_level_next_window
2425,2025-01-15,M11,M,1,1,208134.0,246356.0,246356.0,0.0,7.0,1.0,2.0,2.0,28.0,96,8.561458333333333,1.9,14.4,8.645208333333334,9.85375,66.91677083333333,0.0,2.7433333333333336,68.26197916666666,6553.15,2.328958333333333,0.0,9.636354166666669,8.893482142857142,9.09999255952381,11.14826388888889,10.987276785714286,11.37293898809524,71.78802083333333,70.96653273809524,68.85622023809523,0.37,0.4,0.49,80.10697916666666,103.50331845238097,117.01431547619048,23070.81,69554.23,157267.24,0.3476041666666667,2.048333333333334,7.197291666666667,12.876666666666669,0.49,170818.37,15,1,8,0.0,0.0,0.0,0.0,0.0,3.0,4.0,5.0,5.0,2.8284271247461903,1.0,1.0,1.5,1.5,0.7071067811865476,0.0,1.0,0.5,0.5,0.7071067811865476,9.0,-7.0,5.5,5.5,4.949747468305833,133455.0,74679.0,170794.5,170794.5,52806.02731223018,163177.0,83179.0,204766.5,204766.5,58816.43495231584,163177.0,83179.0,204766.5,204766.5,58816.43495231584,76.0,-48.0,52.0,52.0,33.94112549695428,12.0,0.16666665277777895,0.5833332847222263,0.0,3.499998250000875,2025-01-24,0.0,-28.0,9.0,plot_level_next_window
2425,2025-01-24,M11,M,1,1,181744.0,219377.0,219377.0,0.0,1.0,0.0,1.0,0.0,0.0,96,5.2790625,-1.52,12.93,5.436041666666667,7.218958333333333,53.24302083333333,0.0,5.271458333333333,152.44979166666667,14635.18,-4.171458333333333,0.0,4.36,8.432797619047617,8.973690476190475,6.933090277777777,10.506681547619047,10.909903273809524,70.58760416666667,74.32239583333333,73.75555803571429,0.47,2.13,2.5600000000000005,93.41087828947369,87.6885900689223,94.4654334273183,26826.73,58744.68,126779.49,0.0,14.915520833333332,16.36239583333333,28.054895833333333,2.6500000000000004,254683.16,24,1,17,0.0,0.0,0.0,0.0,0.0,7.0,-6.0,4.0,3.6666666666666665,3.0550504633038935,2.0,-2.0,1.0,1.0,1.0,1.0,-1.0,0.5,0.3333333333333333,0.5773502691896258,2.0,-1.0,1.5,4.0,4.358898943540674,208134.0,-26390.0,194939.0,174444.33333333334,37870.86096635952,246356.0,-26979.0,232866.5,209636.66666666666,42436.32972269555,246356.0,-26979.0,232866.5,209636.66666666666,42436.32972269555,28.0,-28.0,14.0,34.666666666666664,38.4360941477322,2.0,0.499999750000125,0.499999750000125,0.0,0.9999990000010001,2025-01-29,0.0,0.0,5.0,plot_level_next_window
2425,2025-01-29,M11,M,1,1,132519.0,161476.0,161476.0,0.0,0.0,0.0,0.0,0.0,0.0,96,14.415208333333332,7.25,24.52,14.628749999999998,15.573125,74.2025,0.0,4.462916666666667,163.29208333333335,15676.04,9.072395833333331,4.415208333333332,14.289791666666666,9.98485119047619,9.8475,14.769826388888887,11.000773809523809,11.290186011904762,75.14916666666667,70.62700892857143,73.9750074404762,0.0,0.0,2.16,151.48711622807016,144.39314348370928,118.44194345238095,43486.26,96814.56,158861.89,12.869374999999998,13.239479166666664,28.41770833333333,41.294375,2.6500000000000004,329680.25999999995,29,1,22,0.0,0.0,0.0,0.0,0.0,1.0,-1.0,0.5,2.6666666666666665,3.7859388972001824,0.0,0.0,0.0,0.6666666666666666,1.1547005383792517,0.0,0.0,0.0,0.3333333333333333,0.5773502691896258,1.0,-1.0,0.5,1.0,1.0,181744.0,-49225.0,157131.5,174132.33333333334,38377.86026256979,219377.0,-57901.0,190426.5,209069.66666666666,43368.58817546789,219377.0,-57901.0,190426.5,209069.66666666666,43368.58817546789,0.0,0.0,0.0,9.333333333333334,16.16580753730954,0.0,0.0,0.0,0.0,0.0,2025-02-05,0.0,0.0,7.0,plot_level_next_window
2425,2025-02-05,M11,M,1,1,119861.0,132597.0,132597.0,0.0,4.0,0.0,0.0,0.0,0.0,96,18.68520833333333,9.8,29.29,19.00177083333333,20.30958333333333,75.6040625,0.0,3.106875,167.2046875,16051.65,13.6259375,8.685208333333332,18.88020833333333,17.893645833333334,13.93924851190476,20.283715277777777,18.988110119047622,14.994441964285716,82.0129861111111,78.69738095238095,74.6621949404762,0.0,0.0,0.0,142.03729166666665,147.0850148809524,145.73907918233084,40906.74,98841.13,195655.69,26.640625,55.255520833333335,68.49499999999999,96.54989583333332,2.6500000000000004,428521.39,36,2,29,0.0,0.0,0.0,0.0,0.0,0.0,4.0,2.0,1.6666666666666667,2.081665999466133,0.0,0.0,0.0,0.0,0.0,0.0,0.0,0.0,0.0,0.0,0.0,0.0,0.0,0.3333333333333333,0.5773502691896258,132519.0,-12658.0,126190.0,144708.0,32692.58651437662,161476.0,-28879.0,147036.5,171150.0,44191.42232379492,161476.0,-28879.0,147036.5,171150.0,44191.42232379492,0.0,0.0,0.0,0.0,0.0,4.0,0.0,0.9999997500000625,0.0,4000000.0,2025-02-12,0.0,0.0,7.0,plot_level_next_window
2425,2025-02-12,M11,M,1,1,201037.0,277612.0,277612.0,8.0,5.0,0.0,0.0,1.0,0.0,96,21.88416666666667,15.34,29.99,22.11552083333333,21.982083333333332,78.26385416666666,0.0,6.814687500000001,152.95354166666667,14683.54,17.333020833333332,11.884166666666667,19.769340277777776,19.184895833333336,18.53927083333333,21.254791666666662,21.140580357142856,20.064345238095235,81.69614583333332,80.93714285714286,79.8172619047619,0.0,0.0,0.0,130.77805555555554,146.5577380952381,146.82137648809524,37664.08,98486.8,197327.93,29.30802083333333,64.29427083333334,119.54979166666666,160.84416666666664,2.6500000000000004,527008.19,43,2,36,0.0,8.0,4.0,2.6666666666666665,4.618802153517007,4.0,1.0,4.5,3.0,2.6457513110645903,0.0,1.0,0.5,0.3333333333333333,0.5773502691896258,0.0,0.0,0.0,0.0,0.0,0.0,0.0,0.0,0.0,0.0,119861.0,81176.0,160449.0,151139.0,43673.951550094476,132597.0,145015.0,205104.5,190561.66666666666,76758.18888127399,132597.0,145015.0,205104.5,190561.66666666666,76758.18888127399,0.0,0.0,0.0,0.0,0.0,14.0,0.0,0.3571428316326549,1.599999680000064,5000000.0,2025-02-20,26.0,26.0,8.0,plot_level_next_window
2425,2025-02-20,M11,M,1,1,194147.0,234720.0,234720.0,0.0,2.0,0.0,0.0,0.0,26.0,96,11.767604166666668,6.18,16.81,12.212916666666668,15.488645833333337,75.38729166666667,0.0,7.179583333333333,163.27791666666667,15674.68,7.268020833333334,1.7676041666666666,13.677743055555553,15.813392857142858,17.728125000000002,16.133194444444445,17.899166666666666,19.650431547619046,79.51315972222223,78.89425595238095,80.27756696428571,0.17,0.43,0.6900000000000001,132.67184027777776,133.68846224937343,139.40532487468673,38209.49,89510.31,187032.42,11.033229166666668,40.69375000000001,108.19375,214.7317708333333,3.34,630807.07,51,2,44,8.0,-8.0,4.0,2.6666666666666665,4.618802153517007,5.0,-3.0,3.5,3.6666666666666665,1.527525231651946,1.0,-1.0,0.5,0.3333333333333333,0.5773502691896258,0.0,0.0,0.0,0.0,0.0,0.0,0.0,0.0,0.0,0.0,201037.0,-6890.0,197592.0,171681.66666666666,45010.04493813946,277612.0,-42892.0,256166.0,214976.33333333334,74496.28739966398,277612.0,-42892.0,256166.0,214976.33333333334,74496.28739966398,0.0,26.0,13.0,8.666666666666666,15.011106998930272,2.0,0.0,0.99999950000025,0.0,2000000.0,2025-02-26,13.0,-13.0,6.0,plot_level_next_window
2425,2025-02-26,M11,M,1,1,187907.0,212047.0,212047.0,1.0,6.0,0.0,1.0,0.0,13.0,96,17.139062499999998,8.14,26.86,17.257916666666667,17.4190625,66.61020833333333,0.0,2.411875,212.98958333333331,20447.0,9.3134375,7.139062499999998,15.575416666666664,13.179315476190478,15.31251488095238,16.691736111111112,15.332008928571428,17.170074404761902,80.75583333333333,75.14138392857141,77.46912202380952,0.71,0.71,1.4,127.3667649853801,152.13437249373433,141.88008552631578,36531.46,102084.13,190208.33,16.72625,25.188437500000003,77.3084375,238.15260416666663,4.05,717216.5199999999,57,2,50,0.0,1.0,0.5,3.0,4.358898943540674,2.0,4.0,4.0,4.333333333333333,2.081665999466132,0.0,0.0,0.0,0.3333333333333333,0.5773502691896258,0.0,0.0,0.0,0.0,0.0,0.0,1.0,0.5,0.3333333333333333,0.5773502691896258,194147.0,-6240.0,191027.0,194363.66666666666,6567.680970733411,234720.0,-22673.0,223383.5,241459.66666666666,33298.04253005472,234720.0,-22673.0,223383.5,241459.66666666666,33298.04253005472,26.0,-13.0,19.5,13.0,13.000000000000002,8.0,0.12499998437500197,0.7499999062500118,0.16666663888889352,5.999994000006001,2025-03-05,5.0,-8.0,7.0,plot_level_next_window
2425,2025-01-07,M12,M,1,2,280290.0,358031.0,358031.0,0.0,2.0,0.0,3.0,0.0,24.0,96,4.62125,-0.12,9.74,4.856145833333334,9.759791666666668,72.216875,0.0,5.543958333333333,135.435,13001.76,-0.1147916666666666,0.0,9.92340277777778,10.599136904761904,10.599136904761904,12.068958333333333,12.918348214285714,12.918348214285714,71.73593749999999,67.33674107142858,67.33674107142858,0.06,0.06,0.06,114.04555555555557,129.81196428571428,129.81196428571428,32845.119999999995,87233.64,87233.64,5.148958333333333,10.828333333333331,10.828333333333331,10.828333333333331,0.06,87233.64,7,1,0,,,0.0,0.0,,,,2.0,2.0,,,,0.0,0.0,,,,0.0,0.0,,,,3.0,3.0,,,,280290.0,280290.0,,,,358031.0,358031.0,,,,358031.0,358031.0,,,,24.0,24.0,,5.0,0.599999880000024,0.399999920000016,0.0,0.6666664444445185,2025-01-15,34.0,10.0,8.0,plot_level_next_window
2425,2025-01-15,M12,M,1,2,223513.0,253354.0,253354.0,0.0,6.0,0.0,1.0,0.0,34.0,96,8.561458333333333,1.9,14.4,8.645208333333334,9.85375,66.91677083333333,0.0,2.7433333333333336,68.26197916666666,6553.15,2.328958333333333,0.0,9.636354166666669,8.893482142857142,9.09999255952381,11.14826388888889,10.987276785714286,11.37293898809524,71.78802083333333,70.96653273809524,68.85622023809523,0.37,0.4,0.49,80.10697916666666,103.50331845238097,117.01431547619048,23070.81,69554.23,157267.24,0.3476041666666667,2.048333333333334,7.197291666666667,12.876666666666669,0.49,170818.37,15,1,8,0.0,0.0,0.0,0.0,0.0,2.0,4.0,4.0,4.0,2.8284271247461903,0.0,0.0,0.0,0.0,0.0,0.0,0.0,0.0,0.0,0.0,3.0,-2.0,2.0,2.0,1.4142135623730951,280290.0,-56777.0,251901.5,251901.5,40147.40171542861,358031.0,-104677.0,305692.5,305692.5,74017.81653426423,358031.0,-104677.0,305692.5,305692.5,74017.81653426423,24.0,10.0,29.0,29.0,7.0710678118654755,7.0,0.1428571224489825,0.857142734693895,0.0,5.999994000006001,2025-01-24,0.0,-34.0,9.0,plot_level_next_window
2425,2025-01-24,M12,M,1,2,307458.0,389352.0,389352.0,0.0,5.0,0.0,0.0,0.0,0.0,96,5.2790625,-1.52,12.93,5.436041666666667,7.218958333333333,53.24302083333333,0.0,5.271458333333333,152.44979166666667,14635.18,-4.171458333333333,0.0,4.36,8.432797619047617,8.973690476190475,6.933090277777777,10.506681547619047,10.909903273809524,70.58760416666667,74.32239583333333,73.75555803571429,0.47,2.13,2.5600000000000005,93.41087828947369,87.6885900689223,94.4654334273183,26826.73,58744.68,126779.49,0.0,14.915520833333332,16.36239583333333,28.054895833333333,2.6500000000000004,254683.16,24,1,17,0.0,0.0,0.0,0.0,0.0,6.0,-1.0,5.5,4.333333333333333,2.081665999466133,0.0,0.0,0.0,0.0,0.0,0.0,0.0,0.0,0.0,0.0,1.0,-1.0,0.5,1.3333333333333333,1.5275252316519468,223513.0,83945.0,265485.5,270420.3333333333,42833.964284587695,253354.0,135998.0,321353.0,333579.0,71220.00581999414,253354.0,135998.0,321353.0,333579.0,71220.00581999414,34.0,-34.0,17.0,19.333333333333332,17.47378989610821,5.0,0.0,0.99999980000004,0.0,5000000.0,2025-01-29,0.0,0.0,5.0,plot_level_next_window
2425,2025-01-29,M12,M,1,2,291429.0,378116.0,378116.0,0.0,1.0,0.0,1.0,0.0,0.0,96,14.415208333333332,7.25,24.52,14.628749999999998,15.573125,74.2025,0.0,4.462916666666667,163.29208333333335,15676.04,9.072395833333331,4.415208333333332,14.289791666666666,9.98485119047619,9.8475,14.769826388888887,11.000773809523809,11.290186011904762,75.14916666666667,70.62700892857143,73.9750074404762,0.0,0.0,2.16,151.48711622807016,144.39314348370928,118.44194345238095,43486.26,96814.56,158861.89,12.869374999999998,13.239479166666664,28.41770833333333,41.294375,2.6500000000000004,329680.25999999995,29,1,22,0.0,0.0,0.0,0.0,0.0,5.0,-4.0,3.0,4.0,2.6457513110645907,0.0,0.0,0.0,0.0,0.0,0.0,0.0,0.0,0.0,0.0,0.0,1.0,0.5,0.6666666666666666,0.5773502691896261,307458.0,-16029.0,299443.5,274133.3333333333,44565.0739967223,389352.0,-11236.0,383734.0,340274.0,75484.28130412317,389352.0,-11236.0,383734.0,340274.0,75484.28130412317,0.0,0.0,0.0,11.333333333333334,19.62990915244728,2.0,0.499999750000125,0.499999750000125,0.0,0.9999990000010001,2025-02-05,33.0,33.0,7.0,plot_level_next_window
2425,2025-02-05,M12,M,1,2,235289.0,265781.0,265781.0,0.0,3.0,0.0,0.0,0.0,33.0,96,18.68520833333333,9.8,29.29,19.00177083333333,20.30958333333333,75.6040625,0.0,3.106875,167.2046875,16051.65,13.6259375,8.685208333333332,18.88020833333333,17.893645833333334,13.93924851190476,20.283715277777777,18.988110119047622,14.994441964285716,82.0129861111111,78.69738095238095,74.6621949404762,0.0,0.0,0.0,142.03729166666665,147.0850148809524,145.73907918233084,40906.74,98841.13,195655.69,26.640625,55.255520833333335,68.49499999999999,96.54989583333332,2.6500000000000004,428521.39,36,2,29,0.0,0.0,0.0,0.0,0.0,1.0,2.0,2.0,3.0,2.0,0.0,0.0,0.0,0.0,0.0,0.0,0.0,0.0,0.0,0.0,1.0,-1.0,0.5,0.3333333333333333,0.5773502691896262,291429.0,-56140.0,263359.0,278058.6666666667,37896.77427345678,378116.0,-112335.0,321948.5,344416.3333333333,68331.53488934177,378116.0,-112335.0,321948.5,344416.3333333333,68331.53488934177,0.0,33.0,16.5,11.0,19.05255888325765,3.0,0.0,0.9999996666667778,0.0,3000000.0,2025-02-12,19.0,-14.0,7.0,plot_level_next_window
2425,2025-02-12,M12,M,1,2,239143.0,328725.0,328725.0,5.0,10.0,0.0,1.0,0.0,19.0,96,21.88416666666667,15.34,29.99,22.11552083333333,21.982083333333332,78.26385416666666,0.0,6.814687500000001,152.95354166666667,14683.54,17.333020833333332,11.884166666666667,19.769340277777776,19.184895833333336,18.53927083333333,21.254791666666662,21.140580357142856,20.064345238095235,81.69614583333332,80.93714285714286,79.8172619047619,0.0,0.0,0.0,130.77805555555554,146.5577380952381,146.82137648809524,37664.08,98486.8,197327.93,29.30802083333333,64.29427083333334,119.54979166666666,160.84416666666664,2.6500000000000004,527008.19,43,2,36,0.0,5.0,2.5,1.6666666666666667,2.8867513459481287,3.0,7.0,6.5,4.666666666666667,4.725815626252609,0.0,0.0,0.0,0.0,0.0,0.0,0.0,0.0,0.0,0.0,0.0,1.0,0.5,0.6666666666666666,0.5773502691896261,235289.0,3854.0,237216.0,255287.0,31359.15260334696,265781.0,62944.0,297253.0,324207.3333333333,56303.59704613313,265781.0,62944.0,297253.0,324207.3333333333,56303.59704613313,33.0,-14.0,26.0,17.333333333333332,16.563010998406458,16.0,0.06249999609375024,0.6249999609375024,0.499999950000005,9.999990000010001,2025-02-20,66.0,47.0,8.0,plot_level_next_window
2425,2025-02-20,M12,M,1,2,336307.0,408618.0,408618.0,1.0,12.0,1.0,0.0,2.0,66.0,96,11.767604166666668,6.18,16.81,12.212916666666668,15.488645833333337,75.38729166666667,0.0,7.179583333333333,163.27791666666667,15674.68,7.268020833333334,1.7676041666666666,13.677743055555553,15.813392857142858,17.728125000000002,16.133194444444445,17.899166666666666,19.650431547619046,79.51315972222223,78.89425595238095,80.27756696428571,0.17,0.43,0.6900000000000001,132.67184027777776,133.68846224937343,139.40532487468673,38209.49,89510.31,187032.42,11.033229166666668,40.69375000000001,108.19375,214.7317708333333,3.34,630807.07,51,2,44,5.0,-4.0,3.0,2.0,2.6457513110645903,10.0,2.0,11.0,8.333333333333334,4.72581562625261,0.0,2.0,1.0,0.6666666666666666,1.1547005383792517,0.0,1.0,0.5,0.3333333333333333,0.5773502691896258,1.0,-1.0,0.5,0.3333333333333333,0.5773502691896262,239143.0,97164.0,287725.0,270246.3333333333,57242.659698282165,328725.0,79893.0,368671.5,334374.6666666667,71585.90079291683,328725.0,79893.0,368671.5,334374.6666666667,71585.90079291683,19.0,47.0,42.5,39.333333333333336,24.131583730317686,16.0,0.0,0.7499999531250029,0.08333332638888948,12000000.0,2025-02-26,83.0,17.0,6.0,plot_level_next_window
2425,2025-02-26,M12,M,1,2,309656.0,353693.0,353693.0,1.0,10.0,0.0,3.0,1.0,83.0,96,17.139062499999998,8.14,26.86,17.257916666666667,17.4190625,66.61020833333333,0.0,2.411875,212.98958333333331,20447.0,9.3134375,7.139062499999998,15.575416666666664,13.179315476190478,15.31251488095238,16.691736111111112,15.332008928571428,17.170074404761902,80.75583333333333,75.14138392857141,77.46912202380952,0.71,0.71,1.4,127.3667649853801,152.13437249373433,141.88008552631578,36531.46,102084.13,190208.33,16.72625,25.188437500000003,77.3084375,238.15260416666663,4.05,717216.5199999999,57,2,50,1.0,0.0,1.0,2.3333333333333335,2.309401076758503,12.0,-2.0,11.0,10.666666666666666,1.1547005383792588,2.0,-1.0,1.5,1.0,1.0,1.0,-1.0,0.5,0.3333333333333333,0.5773502691896258,0.0,3.0,1.5,1.3333333333333333,1.5275252316519468,336307.0,-26651.0,322981.5,295035.3333333333,50204.91653546829,408618.0,-54925.0,381155.5,363678.6666666667,40871.848702173105,408618.0,-54925.0,381155.5,363678.6666666667,40871.848702173105,66.0,17.0,74.5,56.0,33.15116890850155,15.0,0.19999998666666757,0.6666666222222252,0.09999999000000101,3.3333322222225923,2025-03-05,71.0,-12.0,7.0,plot_level_next_window
2425,2025-01-07,M13,M,1,3,222543.0,293829.0,293829.0,0.0,12.0,0.0,2.0,4.0,27.0,96,4.62125,-0.12,9.74,4.856145833333334,9.759791666666668,72.216875,0.0,5.543958333333333,135.435,13001.76,-0.1147916666666666,0.0,9.92340277777778,10.599136904761904,10.599136904761904,12.068958333333333,12.918348214285714,12.918348214285714,71.73593749999999,67.33674107142858,67.33674107142858,0.06,0.06,0.06,114.04555555555557,129.81196428571428,129.81196428571428,32845.119999999995,87233.64,87233.64,5.148958333333333,10.828333333333331,10.828333333333331,10.828333333333331,0.06,87233.64,7,1,0,,,0.0,0.0,,,,12.0,12.0,,,,4.0,4.0,,,,0.0,0.0,,,,2.0,2.0,,,,222543.0,222543.0,,,,293829.0,293829.0,,,,293829.0,293829.0,,,,27.0,27.0,,18.0,0.11111110493827195,0.6666666296296316,0.0,5.9999970000015,2025-01-15,43.0,16.0,8.0,plot_level_next_window
2425,2025-01-15,M13,M,1,3,208608.0,237397.0,237397.0,1.0,12.0,2.0,0.0,2.0,43.0,96,8.561458333333333,1.9,14.4,8.645208333333334,9.85375,66.91677083333333,0.0,2.7433333333333336,68.26197916666666,6553.15,2.328958333333333,0.0,9.636354166666669,8.893482142857142,9.09999255952381,11.14826388888889,10.987276785714286,11.37293898809524,71.78802083333333,70.96653273809524,68.85622023809523,0.37,0.4,0.49,80.10697916666666,103.50331845238097,117.01431547619048,23070.81,69554.23,157267.24,0.3476041666666667,2.048333333333334,7.197291666666667,12.876666666666669,0.49,170818.37,15,1,8,0.0,1.0,0.5,0.5,0.7071067811865476,12.0,0.0,12.0,12.0,0.0,4.0,-2.0,3.0,3.0,1.4142135623730951,0.0,2.0,1.0,1.0,1.4142135623730951,2.0,-2.0,1.0,1.0,1.4142135623730951,222543.0,-13935.0,215575.5,215575.5,9853.53299583454,293829.0,-56432.0,265613.0,265613.0,39903.44987591925,293829.0,-56432.0,265613.0,265613.0,39903.44987591925,27.0,16.0,35.0,35.0,11.313708498984761,17.0,0.0,0.7058823114186875,0.08333332638888948,12000000.0,2025-01-24,0.0,-43.0,9.0,plot_level_next_window
2425,2025-01-24,M13,M,1,3,220673.0,276253.0,276253.0,1.0,5.0,1.0,2.0,0.0,0.0,96,5.2790625,-1.52,12.93,5.436041666666667,7.218958333333333,53.24302083333333,0.0,5.271458333333333,152.44979166666667,14635.18,-4.171458333333333,0.0,4.36,8.432797619047617,8.973690476190475,6.933090277777777,10.506681547619047,10.909903273809524,70.58760416666667,74.32239583333333,73.75555803571429,0.47,2.13,2.5600000000000005,93.41087828947369,87.6885900689223,94.4654334273183,26826.73,58744.68,126779.49,0.0,14.915520833333332,16.36239583333333,28.054895833333333,2.6500000000000004,254683.16,24,1,17,1.0,0.0,1.0,0.6666666666666666,0.5773502691896258,12.0,-7.0,8.5,9.666666666666666,4.041451884327381,2.0,-2.0,1.0,2.0,2.0,2.0,-1.0,1.5,1.0,1.0,0.0,2.0,1.0,1.3333333333333333,1.1547005383792517,208608.0,12065.0,214640.5,217274.66666666666,7563.567830946805,237397.0,38856.0,256825.0,269159.6666666667,28876.966415005114,237397.0,38856.0,256825.0,269159.6666666667,28876.966415005114,43.0,-43.0,21.5,23.333333333333332,21.733231083604053,9.0,0.22222219753086697,0.5555554938271674,0.199999960000008,2.499998750000625,2025-01-29,12.0,12.0,5.0,plot_level_next_window
2425,2025-01-29,M13,M,1,3,210445.0,268639.0,268639.0,0.0,12.0,1.0,3.0,7.0,12.0,96,14.415208333333332,7.25,24.52,14.628749999999998,15.573125,74.2025,0.0,4.462916666666667,163.29208333333335,15676.04,9.072395833333331,4.415208333333332,14.289791666666666,9.98485119047619,9.8475,14.769826388888887,11.000773809523809,11.290186011904762,75.14916666666667,70.62700892857143,73.9750074404762,0.0,0.0,2.16,151.48711622807016,144.39314348370928,118.44194345238095,43486.26,96814.56,158861.89,12.869374999999998,13.239479166666664,28.41770833333333,41.294375,2.6500000000000004,329680.25999999995,29,1,22,1.0,-1.0,0.5,0.6666666666666666,0.5773502691896258,5.0,7.0,8.5,9.666666666666666,4.041451884327381,0.0,7.0,3.5,3.0,3.605551275463989,1.0,0.0,1.0,1.3333333333333333,0.5773502691896257,2.0,1.0,2.5,1.6666666666666667,1.5275252316519468,220673.0,-10228.0,215559.0,213242.0,6500.650967403187,276253.0,-7614.0,272446.0,260763.0,20590.549191315913,276253.0,-7614.0,272446.0,260763.0,20590.549191315913,0.0,12.0,6.0,18.333333333333332,22.18858565419016,23.0,0.1304347769376184,0.5217391077504736,0.0,3.999998666667111,2025-02-05,86.0,74.0,7.0,plot_level_next_window
2425,2025-02-05,M13,M,1,3,198571.0,234373.0,234373.0,0.0,7.0,2.0,5.0,2.0,86.0,96,18.68520833333333,9.8,29.29,19.00177083333333,20.30958333333333,75.6040625,0.0,3.106875,167.2046875,16051.65,13.6259375,8.685208333333332,18.88020833333333,17.893645833333334,13.93924851190476,20.283715277777777,18.988110119047622,14.994441964285716,82.0129861111111,78.69738095238095,74.6621949404762,0.0,0.0,0.0,142.03729166666665,147.0850148809524,145.73907918233084,40906.74,98841.13,195655.69,26.640625,55.255520833333335,68.49499999999999,96.54989583333332,2.6500000000000004,428521.39,36,2,29,0.0,0.0,0.0,0.3333333333333333,0.5773502691896258,12.0,-5.0,9.5,8.0,3.605551275463989,7.0,-5.0,4.5,3.0,3.605551275463989,1.0,1.0,1.5,1.3333333333333333,0.5773502691896258,3.0,2.0,4.0,3.3333333333333335,1.5275252316519468,210445.0,-11874.0,204508.0,209896.33333333334,11061.210482281467,268639.0,-34266.0,251506.0,259755.0,22308.69095218275,268639.0,-34266.0,251506.0,259755.0,22308.69095218275,12.0,74.0,49.0,32.666666666666664,46.57610259922284,16.0,0.3124999804687512,0.4374999726562517,0.0,1.399999720000056,2025-02-12,89.0,3.0,7.0,plot_level_next_window
2425,2025-02-12,M13,M,1,3,238757.0,335694.0,335694.0,2.0,13.0,2.0,6.0,3.0,89.0,96,21.88416666666667,15.34,29.99,22.11552083333333,21.982083333333332,78.26385416666666,0.0,6.814687500000001,152.95354166666667,14683.54,17.333020833333332,11.884166666666667,19.769340277777776,19.184895833333336,18.53927083333333,21.254791666666662,21.140580357142856,20.064345238095235,81.69614583333332,80.93714285714286,79.8172619047619,0.0,0.0,0.0,130.77805555555554,146.5577380952381,146.82137648809524,37664.08,98486.8,197327.93,29.30802083333333,64.29427083333334,119.54979166666666,160.84416666666664,2.6500000000000004,527008.19,43,2,36,0.0,2.0,1.0,0.6666666666666666,1.1547005383792517,7.0,6.0,10.0,10.666666666666666,3.214550253664318,2.0,1.0,2.5,4.0,2.6457513110645907,2.0,0.0,2.0,1.6666666666666667,0.5773502691896258,5.0,1.0,5.5,4.666666666666667,1.5275252316519465,198571.0,40186.0,218664.0,215924.33333333334,20645.72520725134,234373.0,101321.0,285033.5,279568.6666666667,51537.165912895645,234373.0,101321.0,285033.5,279568.6666666667,51537.165912895645,86.0,3.0,87.5,62.333333333333336,43.615746392023745,26.0,0.23076922189349144,0.49999998076923147,0.15384614201183525,2.1666663055556157,2025-02-20,111.0,22.0,8.0,plot_level_next_window
2425,2025-02-20,M13,M,1,3,297005.0,372178.0,372178.0,2.0,10.0,1.0,4.0,4.0,111.0,96,11.767604166666668,6.18,16.81,12.212916666666668,15.488645833333337,75.38729166666667,0.0,7.179583333333333,163.27791666666667,15674.68,7.268020833333334,1.7676041666666666,13.677743055555553,15.813392857142858,17.728125000000002,16.133194444444445,17.899166666666666,19.650431547619046,79.51315972222223,78.89425595238095,80.27756696428571,0.17,0.43,0.6900000000000001,132.67184027777776,133.68846224937343,139.40532487468673,38209.49,89510.31,187032.42,11.033229166666668,40.69375000000001,108.19375,214.7317708333333,3.34,630807.07,51,2,44,2.0,0.0,2.0,1.3333333333333333,1.1547005383792517,13.0,-3.0,11.5,10.0,2.9999999999999996,3.0,1.0,3.5,3.0,1.0,2.0,-1.0,1.5,1.6666666666666667,0.5773502691896258,6.0,-2.0,5.0,5.0,0.9999999999999996,238757.0,58248.0,267881.0,244777.66666666666,49492.41769537364,335694.0,36484.0,353936.0,314081.6666666667,71399.39929952724,335694.0,36484.0,353936.0,314081.6666666667,71399.39929952724,89.0,22.0,100.0,95.33333333333333,13.650396819628815,21.0,0.19047618140589612,0.47619045351474026,0.19999998000000202,2.499999375000156,2025-02-26,31.0,-80.0,6.0,plot_level_next_window
2425,2025-02-26,M13,M,1,3,271949.0,331076.0,331076.0,1.0,9.0,1.0,2.0,2.0,31.0,96,17.139062499999998,8.14,26.86,17.257916666666667,17.4190625,66.61020833333333,0.0,2.411875,212.98958333333331,20447.0,9.3134375,7.139062499999998,15.575416666666664,13.179315476190478,15.31251488095238,16.691736111111112,15.332008928571428,17.170074404761902,80.75583333333333,75.14138392857141,77.46912202380952,0.71,0.71,1.4,127.3667649853801,152.13437249373433,141.88008552631578,36531.46,102084.13,190208.33,16.72625,25.188437500000003,77.3084375,238.15260416666663,4.05,717216.5199999999,57,2,50,2.0,-1.0,1.5,1.6666666666666667,0.5773502691896258,10.0,-1.0,9.5,10.666666666666666,2.081665999466132,4.0,-2.0,3.0,3.0,1.0,1.0,0.0,1.0,1.3333333333333333,0.5773502691896258,4.0,-2.0,3.0,4.0,1.9999999999999998,297005.0,-25056.0,284477.0,269237.0,29218.548629252633,372178.0,-41102.0,351627.0,346316.0,22515.855835388473,372178.0,-41102.0,351627.0,346316.0,22515.855835388473,111.0,-80.0,71.0,77.0,41.327956639543636,15.0,0.13333332444444504,0.5999999600000027,0.11111109876543349,4.499997750001125,2025-03-05,107.0,76.0,7.0,plot_level_next_window
2425,2025-01-07,M14,M,1,4,249334.0,340922.0,340922.0,0.0,4.0,1.0,1.0,1.0,35.0,96,4.62125,-0.12,9.74,4.856145833333334,9.759791666666668,72.216875,0.0,5.543958333333333,135.435,13001.76,-0.1147916666666666,0.0,9.92340277777778,10.599136904761904,10.599136904761904,12.068958333333333,12.918348214285714,12.918348214285714,71.73593749999999,67.33674107142858,67.33674107142858,0.06,0.06,0.06,114.04555555555557,129.81196428571428,129.81196428571428,32845.119999999995,87233.64,87233.64,5.148958333333333,10.828333333333331,10.828333333333331,10.828333333333331,0.06,87233.64,7,1,0,,,0.0,0.0,,,,4.0,4.0,,,,1.0,1.0,,,,1.0,1.0,,,,1.0,1.0,,,,249334.0,249334.0,,,,340922.0,340922.0,,,,340922.0,340922.0,,,,35.0,35.0,,7.0,0.1428571224489825,0.57142848979593,0.0,3.9999960000040002,2025-01-15,25.0,-10.0,8.0,plot_level_next_window
2425,2025-01-15,M14,M,1,4,144797.0,169641.0,169641.0,0.0,3.0,5.0,0.0,1.0,25.0,96,8.561458333333333,1.9,14.4,8.645208333333334,9.85375,66.91677083333333,0.0,2.7433333333333336,68.26197916666666,6553.15,2.328958333333333,0.0,9.636354166666669,8.893482142857142,9.09999255952381,11.14826388888889,10.987276785714286,11.37293898809524,71.78802083333333,70.96653273809524,68.85622023809523,0.37,0.4,0.49,80.10697916666666,103.50331845238097,117.01431547619048,23070.81,69554.23,157267.24,0.3476041666666667,2.048333333333334,7.197291666666667,12.876666666666669,0.49,170818.37,15,1,8,0.0,0.0,0.0,0.0,0.0,4.0,-1.0,3.5,3.5,0.7071067811865476,1.0,0.0,1.0,1.0,0.0,1.0,4.0,3.0,3.0,2.8284271247461903,1.0,-1.0,0.5,0.5,0.7071067811865476,249334.0,-104537.0,197065.5,197065.5,73918.82158489812,340922.0,-171281.0,255281.5,255281.5,121113.95658841304,340922.0,-171281.0,255281.5,255281.5,121113.95658841304,35.0,-10.0,30.0,30.0,7.0710678118654755,9.0,0.0,0.33333329629630043,0.0,3000000.0,2025-01-24,3.0,-22.0,9.0,plot_level_next_window
2425,2025-01-24,M14,M,1,4,175539.0,217735.0,217735.0,0.0,3.0,0.0,0.0,0.0,3.0,96,5.2790625,-1.52,12.93,5.436041666666667,7.218958333333333,53.24302083333333,0.0,5.271458333333333,152.44979166666667,14635.18,-4.171458333333333,0.0,4.36,8.432797619047617,8.973690476190475,6.933090277777777,10.506681547619047,10.909903273809524,70.58760416666667,74.32239583333333,73.75555803571429,0.47,2.13,2.5600000000000005,93.41087828947369,87.6885900689223,94.4654334273183,26826.73,58744.68,126779.49,0.0,14.915520833333332,16.36239583333333,28.054895833333333,2.6500000000000004,254683.16,24,1,17,0.0,0.0,0.0,0.0,0.0,3.0,0.0,3.0,3.3333333333333335,0.5773502691896258,1.0,-1.0,0.5,0.6666666666666666,0.5773502691896258,5.0,-5.0,2.5,2.0,2.6457513110645907,0.0,0.0,0.0,0.3333333333333333,0.5773502691896258,144797.0,30742.0,160168.0,189890.0,53725.7805248095,169641.0,48094.0,193688.0,242766.0,88341.43116907265,169641.0,48094.0,193688.0,242766.0,88341.43116907265,25.0,-22.0,14.0,21.0,16.3707055437449,3.0,0.0,0.9999996666667778,0.0,3000000.0,2025-01-29,9.0,6.0,5.0,plot_level_next_window
2425,2025-01-29,M14,M,1,4,151284.0,190906.0,190906.0,0.0,0.0,1.0,3.0,0.0,9.0,96,14.415208333333332,7.25,24.52,14.628749999999998,15.573125,74.2025,0.0,4.462916666666667,163.29208333333335,15676.04,9.072395833333331,4.415208333333332,14.289791666666666,9.98485119047619,9.8475,14.769826388888887,11.000773809523809,11.290186011904762,75.14916666666667,70.62700892857143,73.9750074404762,0.0,0.0,2.16,151.48711622807016,144.39314348370928,118.44194345238095,43486.26,96814.56,158861.89,12.869374999999998,13.239479166666664,28.41770833333333,41.294375,2.6500000000000004,329680.25999999995,29,1,22,0.0,0.0,0.0,0.0,0.0,3.0,-3.0,1.5,2.0,1.7320508075688772,0.0,0.0,0.0,0.3333333333333333,0.5773502691896258,0.0,1.0,0.5,2.0,2.6457513110645907,0.0,3.0,1.5,1.0,1.7320508075688772,175539.0,-24255.0,163411.5,157206.66666666666,16204.200885367143,217735.0,-26829.0,204320.5,192760.66666666666,24100.581950096835,217735.0,-26829.0,204320.5,192760.66666666666,24100.581950096835,3.0,6.0,6.0,12.333333333333334,11.372481406154654,4.0,0.7499998125000469,0.0,0.0,0.0,2025-02-05,10.0,1.0,7.0,plot_level_next_window
2425,2025-02-05,M14,M,1,4,107782.0,114431.0,114431.0,0.0,0.0,0.0,1.0,1.0,10.0,96,18.68520833333333,9.8,29.29,19.00177083333333,20.30958333333333,75.6040625,0.0,3.106875,167.2046875,16051.65,13.6259375,8.685208333333332,18.88020833333333,17.893645833333334,13.93924851190476,20.283715277777777,18.988110119047622,14.994441964285716,82.0129861111111,78.69738095238095,74.6621949404762,0.0,0.0,0.0,142.03729166666665,147.0850148809524,145.73907918233084,40906.74,98841.13,195655.69,26.640625,55.255520833333335,68.49499999999999,96.54989583333332,2.6500000000000004,428521.39,36,2,29,0.0,0.0,0.0,0.0,0.0,0.0,0.0,0.0,1.0,1.7320508075688772,0.0,1.0,0.5,0.3333333333333333,0.5773502691896258,1.0,-1.0,0.5,0.3333333333333333,0.5773502691896258,3.0,-2.0,2.0,1.3333333333333333,1.5275252316519468,151284.0,-43502.0,129533.0,144868.33333333334,34331.084258050076,190906.0,-76475.0,152668.5,174357.33333333334,53603.38497085174,190906.0,-76475.0,152668.5,174357.33333333334,53603.38497085174,9.0,1.0,9.5,7.333333333333333,3.785938897200184,2.0,0.499999750000125,0.0,0.0,0.0,2025-02-12,34.0,24.0,7.0,plot_level_next_window
2425,2025-02-12,M14,M,1,4,110408.0,146164.0,146164.0,2.0,12.0,0.0,2.0,0.0,34.0,96,21.88416666666667,15.34,29.99,22.11552083333333,21.982083333333332,78.26385416666666,0.0,6.814687500000001,152.95354166666667,14683.54,17.333020833333332,11.884166666666667,19.769340277777776,19.184895833333336,18.53927083333333,21.254791666666662,21.140580357142856,20.064345238095235,81.69614583333332,80.93714285714286,79.8172619047619,0.0,0.0,0.0,130.77805555555554,146.5577380952381,146.82137648809524,37664.08,98486.8,197327.93,29.30802083333333,64.29427083333334,119.54979166666666,160.84416666666664,2.6500000000000004,527008.19,43,2,36,0.0,2.0,1.0,0.6666666666666666,1.1547005383792517,0.0,12.0,6.0,4.0,6.928203230275509,1.0,-1.0,0.5,0.3333333333333333,0.5773502691896258,0.0,0.0,0.0,0.3333333333333333,0.5773502691896258,1.0,1.0,1.5,2.0,1.0,107782.0,2626.0,109095.0,123158.0,24393.1932308995,114431.0,31733.0,130297.5,150500.33333333334,38421.46856034181,114431.0,31733.0,130297.5,150500.33333333334,38421.46856034181,10.0,24.0,22.0,17.666666666666668,14.153915830374764,16.0,0.12499999218750048,0.7499999531250029,0.16666665277777895,5.9999970000015,2025-02-20,47.0,13.0,8.0,plot_level_next_window
2425,2025-02-20,M14,M,1,4,134878.0,168464.0,168464.0,0.0,8.0,1.0,2.0,1.0,47.0,96,11.767604166666668,6.18,16.81,12.212916666666668,15.488645833333337,75.38729166666667,0.0,7.179583333333333,163.27791666666667,15674.68,7.268020833333334,1.7676041666666666,13.677743055555553,15.813392857142858,17.728125000000002,16.133194444444445,17.899166666666666,19.650431547619046,79.51315972222223,78.89425595238095,80.27756696428571,0.17,0.43,0.6900000000000001,132.67184027777776,133.68846224937343,139.40532487468673,38209.49,89510.31,187032.42,11.033229166666668,40.69375000000001,108.19375,214.7317708333333,3.34,630807.07,51,2,44,2.0,-2.0,1.0,0.6666666666666666,1.1547005383792517,12.0,-4.0,10.0,6.666666666666667,6.110100926607787,0.0,1.0,0.5,0.6666666666666666,0.5773502691896258,0.0,1.0,0.5,0.3333333333333333,0.5773502691896258,2.0,0.0,2.0,1.6666666666666667,0.577350269189626,110408.0,24470.0,122643.0,117689.33333333333,14943.61620670628,146164.0,22300.0,157314.0,143019.66666666666,27153.386461606115,146164.0,22300.0,157314.0,143019.66666666666,27153.386461606115,34.0,13.0,40.5,30.333333333333332,18.770544300401454,12.0,0.16666665277777895,0.6666666111111158,0.0,3.999998000001,2025-02-26,19.0,-28.0,6.0,plot_level_next_window
2425,2025-02-26,M14,M,1,4,167518.0,179320.0,179320.0,0.0,4.0,0.0,2.0,0.0,19.0,96,17.139062499999998,8.14,26.86,17.257916666666667,17.4190625,66.61020833333333,0.0,2.411875,212.98958333333331,20447.0,9.3134375,7.139062499999998,15.575416666666664,13.179315476190478,15.31251488095238,16.691736111111112,15.332008928571428,17.170074404761902,80.75583333333333,75.14138392857141,77.46912202380952,0.71,0.71,1.4,127.3667649853801,152.13437249373433,141.88008552631578,36531.46,102084.13,190208.33,16.72625,25.188437500000003,77.3084375,238.15260416666663,4.05,717216.5199999999,57,2,50,0.0,0.0,0.0,0.6666666666666666,1.1547005383792517,8.0,-4.0,6.0,8.0,4.0,1.0,-1.0,0.5,0.3333333333333333,0.5773502691896257,1.0,-1.0,0.5,0.3333333333333333,0.5773502691896258,2.0,0.0,2.0,2.0,0.0,134878.0,32640.0,151198.0,137601.33333333334,28652.232606436333,168464.0,10856.0,173892.0,164649.33333333334,16903.959457279027,168464.0,10856.0,173892.0,164649.33333333334,16903.959457279027,47.0,-28.0,33.0,33.333333333333336,14.011899704655807,6.0,0.33333327777778704,0.6666665555555741,0.0,1.9999990000005,2025-03-05,32.0,13.0,7.0,plot_level_next_window
2425,2025-01-07,M15,M,1,5,158348.0,205179.0,205179.0,0.0,2.0,0.0,1.0,0.0,42.0,96,4.62125,-0.12,9.74,4.856145833333334,9.759791666666668,72.216875,0.0,5.543958333333333,135.435,13001.76,-0.1147916666666666,0.0,9.92340277777778,10.599136904761904,10.599136904761904,12.068958333333333,12.918348214285714,12.918348214285714,71.73593749999999,67.33674107142858,67.33674107142858,0.06,0.06,0.06,114.04555555555557,129.81196428571428,129.81196428571428,32845.119999999995,87233.64,87233.64,5.148958333333333,10.828333333333331,10.828333333333331,10.828333333333331,0.06,87233.64,7,1,0,,,0.0,0.0,,,,2.0,2.0,,,,0.0,0.0,,,,0.0,0.0,,,,1.0,1.0,,,,158348.0,158348.0,,,,205179.0,205179.0,,,,205179.0,205179.0,,,,42.0,42.0,,3.0,0.33333322222225925,0.6666664444445185,0.0,1.9999980000020001,2025-01-15,23.0,-19.0,8.0,plot_level_next_window
2425,2025-01-15,M15,M,1,5,221319.0,272066.0,272066.0,0.0,6.0,0.0,2.0,1.0,23.0,96,8.561458333333333,1.9,14.4,8.645208333333334,9.85375,66.91677083333333,0.0,2.7433333333333336,68.26197916666666,6553.15,2.328958333333333,0.0,9.636354166666669,8.893482142857142,9.09999255952381,11.14826388888889,10.987276785714286,11.37293898809524,71.78802083333333,70.96653273809524,68.85622023809523,0.37,0.4,0.49,80.10697916666666,103.50331845238097,117.01431547619048,23070.81,69554.23,157267.24,0.3476041666666667,2.048333333333334,7.197291666666667,12.876666666666669,0.49,170818.37,15,1,8,0.0,0.0,0.0,0.0,0.0,2.0,4.0,4.0,4.0,2.8284271247461903,0.0,1.0,0.5,0.5,0.7071067811865476,0.0,0.0,0.0,0.0,0.0,1.0,1.0,1.5,1.5,0.7071067811865476,158348.0,62971.0,189833.5,189833.5,44527.22111809808,205179.0,66887.0,238622.5,238622.5,47296.2512732246,205179.0,66887.0,238622.5,238622.5,47296.2512732246,42.0,-19.0,32.5,32.5,13.435028842544403,9.0,0.22222219753086697,0.6666665925926009,0.0,2.99999850000075,2025-01-24,7.0,-16.0,9.0,plot_level_next_window
2425,2025-01-24,M15,M,1,5,185774.0,202439.0,202439.0,0.0,3.0,1.0,0.0,1.0,7.0,96,5.2790625,-1.52,12.93,5.436041666666667,7.218958333333333,53.24302083333333,0.0,5.271458333333333,152.44979166666667,14635.18,-4.171458333333333,0.0,4.36,8.432797619047617,8.973690476190475,6.933090277777777,10.506681547619047,10.909903273809524,70.58760416666667,74.32239583333333,73.75555803571429,0.47,2.13,2.5600000000000005,93.41087828947369,87.6885900689223,94.4654334273183,26826.73,58744.68,126779.49,0.0,14.915520833333332,16.36239583333333,28.054895833333333,2.6500000000000004,254683.16,24,1,17,0.0,0.0,0.0,0.0,0.0,6.0,-3.0,4.5,3.6666666666666665,2.0816659994661326,1.0,0.0,1.0,0.6666666666666666,0.5773502691896258,0.0,1.0,0.5,0.3333333333333333,0.5773502691896258,2.0,-2.0,1.0,1.0,1.0,221319.0,-35545.0,203546.5,188480.33333333334,31572.612979183927,272066.0,-69627.0,237252.5,226561.33333333334,39432.0037068031,272066.0,-69627.0,237252.5,226561.33333333334,39432.0037068031,23.0,-16.0,15.0,24.0,17.52141546793523,5.0,0.0,0.599999880000024,0.0,3000000.0,2025-01-29,0.0,-7.0,5.0,plot_level_next_window
2425,2025-01-29,M15,M,1,5,111259.0,137325.0,137325.0,0.0,3.0,0.0,0.0,0.0,0.0,96,14.415208333333332,7.25,24.52,14.628749999999998,15.573125,74.2025,0.0,4.462916666666667,163.29208333333335,15676.04,9.072395833333331,4.415208333333332,14.289791666666666,9.98485119047619,9.8475,14.769826388888887,11.000773809523809,11.290186011904762,75.14916666666667,70.62700892857143,73.9750074404762,0.0,0.0,2.16,151.48711622807016,144.39314348370928,118.44194345238095,43486.26,96814.56,158861.89,12.869374999999998,13.239479166666664,28.41770833333333,41.294375,2.6500000000000004,329680.25999999995,29,1,22,0.0,0.0,0.0,0.0,0.0,3.0,0.0,3.0,4.0,1.7320508075688772,1.0,-1.0,0.5,0.6666666666666666,0.5773502691896258,1.0,-1.0,0.5,0.3333333333333333,0.5773502691896258,0.0,0.0,0.0,0.6666666666666666,1.1547005383792517,185774.0,-74515.0,148516.5,172784.0,56168.104605727975,202439.0,-65114.0,169882.0,203943.33333333334,67383.09531576399,202439.0,-65114.0,169882.0,203943.33333333334,67383.09531576399,7.0,-7.0,3.5,10.0,11.789826122551595,3.0,0.0,0.9999996666667778,0.0,3000000.0,2025-02-05,41.0,41.0,7.0,plot_level_next_window
2425,2025-02-05,M15,M,1,5,197148.0,218659.0,218659.0,0.0,4.0,0.0,4.0,2.0,41.0,96,18.68520833333333,9.8,29.29,19.00177083333333,20.30958333333333,75.6040625,0.0,3.106875,167.2046875,16051.65,13.6259375,8.685208333333332,18.88020833333333,17.893645833333334,13.93924851190476,20.283715277777777,18.988110119047622,14.994441964285716,82.0129861111111,78.69738095238095,74.6621949404762,0.0,0.0,0.0,142.03729166666665,147.0850148809524,145.73907918233084,40906.74,98841.13,195655.69,26.640625,55.255520833333335,68.49499999999999,96.54989583333332,2.6500000000000004,428521.39,36,2,29,0.0,0.0,0.0,0.0,0.0,3.0,1.0,3.5,3.3333333333333335,0.5773502691896257,0.0,2.0,1.0,1.0,1.0,0.0,0.0,0.0,0.3333333333333333,0.5773502691896258,0.0,4.0,2.0,1.3333333333333333,2.3094010767585034,111259.0,85889.0,154203.5,164727.0,46652.569457640806,137325.0,81334.0,177992.0,186141.0,43046.75936699534,137325.0,81334.0,177992.0,186141.0,43046.75936699534,0.0,41.0,20.5,16.0,21.93171219946131,10.0,0.39999996000000404,0.39999996000000404,0.0,0.9999997500000625,2025-02-12,10.0,-31.0,7.0,plot_level_next_window
2425,2025-02-12,M15,M,1,5,195651.0,264086.0,264086.0,1.0,25.0,0.0,3.0,0.0,10.0,96,21.88416666666667,15.34,29.99,22.11552083333333,21.982083333333332,78.26385416666666,0.0,6.814687500000001,152.95354166666667,14683.54,17.333020833333332,11.884166666666667,19.769340277777776,19.184895833333336,18.53927083333333,21.254791666666662,21.140580357142856,20.064345238095235,81.69614583333332,80.93714285714286,79.8172619047619,0.0,0.0,0.0,130.77805555555554,146.5577380952381,146.82137648809524,37664.08,98486.8,197327.93,29.30802083333333,64.29427083333334,119.54979166666666,160.84416666666664,2.6500000000000004,527008.19,43,2,36,0.0,1.0,0.5,0.3333333333333333,0.5773502691896258,4.0,21.0,14.5,10.666666666666666,12.423096769056148,2.0,-2.0,1.0,0.6666666666666666,1.1547005383792517,0.0,0.0,0.0,0.0,0.0,4.0,-1.0,3.5,2.3333333333333335,2.081665999466133,197148.0,-1497.0,196399.5,168019.33333333334,49161.588993169586,218659.0,45427.0,241372.5,206690.0,64222.507744559465,218659.0,45427.0,241372.5,206690.0,64222.507744559465,41.0,-31.0,25.5,17.0,21.37755832643195,29.0,0.10344827229488716,0.8620689357907263,0.03999999840000006,8.333330555556481,2025-02-20,33.0,23.0,8.0,plot_level_next_window
2425,2025-02-20,M15,M,1,5,204032.0,249568.0,249568.0,0.0,10.0,0.0,2.0,3.0,33.0,96,11.767604166666668,6.18,16.81,12.212916666666668,15.488645833333337,75.38729166666667,0.0,7.179583333333333,163.27791666666667,15674.68,7.268020833333334,1.7676041666666666,13.677743055555553,15.813392857142858,17.728125000000002,16.133194444444445,17.899166666666666,19.650431547619046,79.51315972222223,78.89425595238095,80.27756696428571,0.17,0.43,0.6900000000000001,132.67184027777776,133.68846224937343,139.40532487468673,38209.49,89510.31,187032.42,11.033229166666668,40.69375000000001,108.19375,214.7317708333333,3.34,630807.07,51,2,44,1.0,-1.0,0.5,0.3333333333333333,0.5773502691896258,25.0,-15.0,17.5,13.0,10.816653826391967,0.0,3.0,1.5,1.6666666666666667,1.5275252316519468,0.0,0.0,0.0,0.0,0.0,3.0,-1.0,2.5,3.0,1.0,195651.0,8381.0,199841.5,198943.66666666666,4469.74320664313,264086.0,-14518.0,256827.0,244104.33333333334,23201.11683375036,264086.0,-14518.0,256827.0,244104.33333333334,23201.11683375036,10.0,23.0,21.5,28.0,16.09347693943108,15.0,0.13333332444444504,0.6666666222222252,0.0,4.99999750000125,2025-02-26,45.0,12.0,6.0,plot_level_next_window
2425,2025-02-26,M15,M,1,5,182139.0,195545.0,195545.0,0.0,1.0,0.0,1.0,0.0,45.0,96,17.139062499999998,8.14,26.86,17.257916666666667,17.4190625,66.61020833333333,0.0,2.411875,212.98958333333331,20447.0,9.3134375,7.139062499999998,15.575416666666664,13.179315476190478,15.31251488095238,16.691736111111112,15.332008928571428,17.170074404761902,80.75583333333333,75.14138392857141,77.46912202380952,0.71,0.71,1.4,127.3667649853801,152.13437249373433,141.88008552631578,36531.46,102084.13,190208.33,16.72625,25.188437500000003,77.3084375,238.15260416666663,4.05,717216.5199999999,57,2,50,0.0,0.0,0.0,0.3333333333333333,0.5773502691896258,10.0,-9.0,5.5,12.0,12.12435565298214,3.0,-3.0,1.5,1.0,1.7320508075688772,0.0,0.0,0.0,0.0,0.0,2.0,-1.0,1.5,2.0,1.0,204032.0,-21893.0,193085.5,193940.66666666666,11046.25693768402,249568.0,-54023.0,222556.5,236399.66666666666,36118.152255248795,249568.0,-54023.0,222556.5,236399.66666666666,36118.152255248795,33.0,12.0,39.0,29.333333333333332,17.7857620959388,2.0,0.499999750000125,0.499999750000125,0.0,0.9999990000010001,2025-03-05,34.0,-11.0,7.0,plot_level_next_window
2425,2025-01-07,M21,M,2,1,172367.0,241743.0,241743.0,0.0,1.0,1.0,4.0,5.0,30.0,96,4.62125,-0.12,9.74,4.856145833333334,9.759791666666668,72.216875,0.0,5.543958333333333,135.435,13001.76,-0.1147916666666666,0.0,9.92340277777778,10.599136904761904,10.599136904761904,12.068958333333333,12.918348214285714,12.918348214285714,71.73593749999999,67.33674107142858,67.33674107142858,0.06,0.06,0.06,114.04555555555557,129.81196428571428,129.81196428571428,32845.119999999995,87233.64,87233.64,5.148958333333333,10.828333333333331,10.828333333333331,10.828333333333331,0.06,87233.64,7,1,0,,,0.0,0.0,,,,1.0,1.0,,,,5.0,5.0,,,,1.0,1.0,,,,4.0,4.0,,,,172367.0,172367.0,,,,241743.0,241743.0,,,,241743.0,241743.0,,,,30.0,30.0,,11.0,0.3636363305785154,0.09090908264462885,0.0,0.24999993750001562,2025-01-15,34.0,4.0,8.0,plot_level_next_window
2425,2025-01-15,M21,M,2,1,213267.0,269640.0,269640.0,0.0,9.0,3.0,2.0,2.0,34.0,96,8.561458333333333,1.9,14.4,8.645208333333334,9.85375,66.91677083333333,0.0,2.7433333333333336,68.26197916666666,6553.15,2.328958333333333,0.0,9.636354166666669,8.893482142857142,9.09999255952381,11.14826388888889,10.987276785714286,11.37293898809524,71.78802083333333,70.96653273809524,68.85622023809523,0.37,0.4,0.49,80.10697916666666,103.50331845238097,117.01431547619048,23070.81,69554.23,157267.24,0.3476041666666667,2.048333333333334,7.197291666666667,12.876666666666669,0.49,170818.37,15,1,8,0.0,0.0,0.0,0.0,0.0,1.0,8.0,5.0,5.0,5.656854249492381,5.0,-3.0,3.5,3.5,2.1213203435596424,1.0,2.0,2.0,2.0,1.4142135623730951,4.0,-2.0,3.0,3.0,1.4142135623730951,172367.0,40900.0,192817.0,192817.0,28920.667350529795,241743.0,27897.0,255691.5,255691.5,19726.157874761117,241743.0,27897.0,255691.5,255691.5,19726.157874761117,30.0,4.0,32.0,32.0,2.8284271247461903,16.0,0.12499999218750048,0.5624999648437522,0.0,4.499997750001125,2025-01-24,0.0,-34.0,9.0,plot_level_next_window
2425,2025-01-24,M21,M,2,1,198970.0,220437.0,220437.0,0.0,0.0,0.0,0.0,3.0,0.0,96,5.2790625,-1.52,12.93,5.436041666666667,7.218958333333333,53.24302083333333,0.0,5.271458333333333,152.44979166666667,14635.18,-4.171458333333333,0.0,4.36,8.432797619047617,8.973690476190475,6.933090277777777,10.506681547619047,10.909903273809524,70.58760416666667,74.32239583333333,73.75555803571429,0.47,2.13,2.5600000000000005,93.41087828947369,87.6885900689223,94.4654334273183,26826.73,58744.68,126779.49,0.0,14.915520833333332,16.36239583333333,28.054895833333333,2.6500000000000004,254683.16,24,1,17,0.0,0.0,0.0,0.0,0.0,9.0,-9.0,4.5,3.3333333333333335,4.932882862316247,2.0,1.0,2.5,3.3333333333333335,1.5275252316519468,3.0,-3.0,1.5,1.3333333333333333,1.5275252316519468,2.0,-2.0,1.0,2.0,2.0,213267.0,-14297.0,206118.5,194868.0,20756.2593691638,269640.0,-49203.0,245038.5,243940.0,24674.965227939025,269640.0,-49203.0,245038.5,243940.0,24674.965227939025,34.0,-34.0,17.0,21.333333333333332,18.58314648635514,3.0,0.0,0.0,0.0,0.0,2025-01-29,0.0,0.0,5.0,plot_level_next_window
2425,2025-01-29,M21,M,2,1,138549.0,180536.0,180536.0,0.0,1.0,0.0,0.0,0.0,0.0,96,14.415208333333332,7.25,24.52,14.628749999999998,15.573125,74.2025,0.0,4.462916666666667,163.29208333333335,15676.04,9.072395833333331,4.415208333333332,14.289791666666666,9.98485119047619,9.8475,14.769826388888887,11.000773809523809,11.290186011904762,75.14916666666667,70.62700892857143,73.9750074404762,0.0,0.0,2.16,151.48711622807016,144.39314348370928,118.44194345238095,43486.26,96814.56,158861.89,12.869374999999998,13.239479166666664,28.41770833333333,41.294375,2.6500000000000004,329680.25999999995,29,1,22,0.0,0.0,0.0,0.0,0.0,0.0,1.0,0.5,3.3333333333333335,4.932882862316247,3.0,-3.0,1.5,1.6666666666666667,1.5275252316519468,0.0,0.0,0.0,1.0,1.7320508075688772,0.0,0.0,0.0,0.6666666666666666,1.1547005383792517,198970.0,-60421.0,168759.5,183595.33333333334,39660.8139393701,220437.0,-39901.0,200486.5,223537.66666666666,44632.85005837442,220437.0,-39901.0,200486.5,223537.66666666666,44632.85005837442,0.0,0.0,0.0,11.333333333333334,19.62990915244728,1.0,0.0,0.9999990000010001,0.0,1000000.0,2025-02-05,13.0,13.0,7.0,plot_level_next_window
2425,2025-02-05,M21,M,2,1,250354.0,314291.0,314291.0,0.0,4.0,0.0,1.0,1.0,13.0,96,18.68520833333333,9.8,29.29,19.00177083333333,20.30958333333333,75.6040625,0.0,3.106875,167.2046875,16051.65,13.6259375,8.685208333333332,18.88020833333333,17.893645833333334,13.93924851190476,20.283715277777777,18.988110119047622,14.994441964285716,82.0129861111111,78.69738095238095,74.6621949404762,0.0,0.0,0.0,142.03729166666665,147.0850148809524,145.73907918233084,40906.74,98841.13,195655.69,26.640625,55.255520833333335,68.49499999999999,96.54989583333332,2.6500000000000004,428521.39,36,2,29,0.0,0.0,0.0,0.0,0.0,1.0,3.0,2.5,1.6666666666666667,2.081665999466132,0.0,1.0,0.5,1.3333333333333333,1.5275252316519468,0.0,0.0,0.0,0.0,0.0,0.0,1.0,0.5,0.3333333333333333,0.5773502691896258,138549.0,111805.0,194451.5,195957.66666666666,55963.337287311006,180536.0,133755.0,247413.5,238421.33333333334,68667.147824366,180536.0,133755.0,247413.5,238421.33333333334,68667.147824366,0.0,13.0,6.5,4.333333333333333,7.505553499465136,6.0,0.16666663888889352,0.6666665555555741,0.0,3.9999960000040002,2025-02-12,7.0,-6.0,7.0,plot_level_next_window
2425,2025-02-12,M21,M,2,1,329653.0,484207.0,484207.0,0.0,14.0,0.0,0.0,2.0,7.0,96,21.88416666666667,15.34,29.99,22.11552083333333,21.982083333333332,78.26385416666666,0.0,6.814687500000001,152.95354166666667,14683.54,17.333020833333332,11.884166666666667,19.769340277777776,19.184895833333336,18.53927083333333,21.254791666666662,21.140580357142856,20.064345238095235,81.69614583333332,80.93714285714286,79.8172619047619,0.0,0.0,0.0,130.77805555555554,146.5577380952381,146.82137648809524,37664.08,98486.8,197327.93,29.30802083333333,64.29427083333334,119.54979166666666,160.84416666666664,2.6500000000000004,527008.19,43,2,36,0.0,0.0,0.0,0.0,0.0,4.0,10.0,9.0,6.333333333333333,6.8068592855540455,1.0,1.0,1.5,1.0,1.0,0.0,0.0,0.0,0.0,0.0,1.0,-1.0,0.5,0.3333333333333333,0.5773502691896258,250354.0,79299.0,290003.5,239518.66666666666,96011.65575248317,314291.0,169916.0,399249.0,326344.6666666667,152193.91321709726,314291.0,169916.0,399249.0,326344.6666666667,152193.91321709726,13.0,-6.0,10.0,6.666666666666667,6.506407098647713,16.0,0.0,0.8749999453125034,0.0,14000000.0,2025-02-20,78.0,71.0,8.0,plot_level_next_window
2425,2025-02-20,M21,M,2,1,280175.0,360104.0,360104.0,0.0,7.0,1.0,4.0,0.0,78.0,96,11.767604166666668,6.18,16.81,12.212916666666668,15.488645833333337,75.38729166666667,0.0,7.179583333333333,163.27791666666667,15674.68,7.268020833333334,1.7676041666666666,13.677743055555553,15.813392857142858,17.728125000000002,16.133194444444445,17.899166666666666,19.650431547619046,79.51315972222223,78.89425595238095,80.27756696428571,0.17,0.43,0.6900000000000001,132.67184027777776,133.68846224937343,139.40532487468673,38209.49,89510.31,187032.42,11.033229166666668,40.69375000000001,108.19375,214.7317708333333,3.34,630807.07,51,2,44,0.0,0.0,0.0,0.0,0.0,14.0,-7.0,10.5,8.333333333333334,5.131601439446884,2.0,-2.0,1.0,1.0,1.0,0.0,1.0,0.5,0.3333333333333333,0.5773502691896258,0.0,4.0,2.0,1.6666666666666667,2.0816659994661326,329653.0,-49478.0,304914.0,286727.3333333333,40053.49740451306,484207.0,-124103.0,422155.5,386200.6666666667,87912.67697171625,484207.0,-124103.0,422155.5,386200.6666666667,87912.67697171625,7.0,71.0,42.5,32.666666666666664,39.3742724800514,12.0,0.3333333055555579,0.5833332847222263,0.0,1.7499995625001092,2025-02-26,43.0,-35.0,6.0,plot_level_next_window
2425,2025-02-26,M21,M,2,1,221559.0,255772.0,255772.0,0.0,5.0,2.0,2.0,3.0,43.0,96,17.139062499999998,8.14,26.86,17.257916666666667,17.4190625,66.61020833333333,0.0,2.411875,212.98958333333331,20447.0,9.3134375,7.139062499999998,15.575416666666664,13.179315476190478,15.31251488095238,16.691736111111112,15.332008928571428,17.170074404761902,80.75583333333333,75.14138392857141,77.46912202380952,0.71,0.71,1.4,127.3667649853801,152.13437249373433,141.88008552631578,36531.46,102084.13,190208.33,16.72625,25.188437500000003,77.3084375,238.15260416666663,4.05,717216.5199999999,57,2,50,0.0,0.0,0.0,0.0,0.0,7.0,-2.0,6.0,8.666666666666666,4.725815626252608,0.0,3.0,1.5,1.6666666666666667,1.5275252316519468,1.0,1.0,1.5,1.0,1.0,4.0,-2.0,3.0,2.0,1.9999999999999998,280175.0,-58616.0,250867.0,277129.0,54111.337037630125,360104.0,-104332.0,307938.0,366694.3333333333,114360.0090780572,360104.0,-104332.0,307938.0,366694.3333333333,114360.0090780572,78.0,-35.0,60.5,42.666666666666664,35.50117368951811,12.0,0.16666665277777895,0.41666663194444736,0.0,2.499998750000625,2025-03-05,38.0,-5.0,7.0,plot_level_next_window
2425,2025-01-07,M22,M,2,2,179325.0,222023.0,222023.0,1.0,12.0,0.0,4.0,6.0,30.0,96,4.62125,-0.12,9.74,4.856145833333334,9.759791666666668,72.216875,0.0,5.543958333333333,135.435,13001.76,-0.1147916666666666,0.0,9.92340277777778,10.599136904761904,10.599136904761904,12.068958333333333,12.918348214285714,12.918348214285714,71.73593749999999,67.33674107142858,67.33674107142858,0.06,0.06,0.06,114.04555555555557,129.81196428571428,129.81196428571428,32845.119999999995,87233.64,87233.64,5.148958333333333,10.828333333333331,10.828333333333331,10.828333333333331,0.06,87233.64,7,1,0,,,1.0,1.0,,,,12.0,12.0,,,,6.0,6.0,,,,0.0,0.0,,,,4.0,4.0,,,,179325.0,179325.0,,,,222023.0,222023.0,,,,222023.0,222023.0,,,,30.0,30.0,,23.0,0.17391303591682453,0.5217391077504736,0.08333332638888948,2.9999992500001875,2025-01-15,21.0,-9.0,8.0,plot_level_next_window
2425,2025-01-15,M22,M,2,2,202678.0,223190.0,223190.0,0.0,9.0,6.0,3.0,1.0,21.0,96,8.561458333333333,1.9,14.4,8.645208333333334,9.85375,66.91677083333333,0.0,2.7433333333333336,68.26197916666666,6553.15,2.328958333333333,0.0,9.636354166666669,8.893482142857142,9.09999255952381,11.14826388888889,10.987276785714286,11.37293898809524,71.78802083333333,70.96653273809524,68.85622023809523,0.37,0.4,0.49,80.10697916666666,103.50331845238097,117.01431547619048,23070.81,69554.23,157267.24,0.3476041666666667,2.048333333333334,7.197291666666667,12.876666666666669,0.49,170818.37,15,1,8,1.0,-1.0,0.5,0.5,0.7071067811865476,12.0,-3.0,10.5,10.5,2.1213203435596424,6.0,-5.0,3.5,3.5,3.5355339059327378,0.0,6.0,3.0,3.0,4.242640687119285,4.0,-1.0,3.5,3.5,0.7071067811865476,179325.0,23353.0,191001.5,191001.5,16513.064661049444,222023.0,1167.0,222606.5,222606.5,825.1936136447009,222023.0,1167.0,222606.5,222606.5,825.1936136447009,30.0,-9.0,25.5,25.5,6.363961030678928,19.0,0.15789472853185638,0.47368418559556913,0.0,2.9999990000003334,2025-01-24,15.0,-6.0,9.0,plot_level_next_window
2425,2025-01-24,M22,M,2,2,200199.0,212730.0,212730.0,0.0,2.0,3.0,1.0,2.0,15.0,96,5.2790625,-1.52,12.93,5.436041666666667,7.218958333333333,53.24302083333333,0.0,5.271458333333333,152.44979166666667,14635.18,-4.171458333333333,0.0,4.36,8.432797619047617,8.973690476190475,6.933090277777777,10.506681547619047,10.909903273809524,70.58760416666667,74.32239583333333,73.75555803571429,0.47,2.13,2.5600000000000005,93.41087828947369,87.6885900689223,94.4654334273183,26826.73,58744.68,126779.49,0.0,14.915520833333332,16.36239583333333,28.054895833333333,2.6500000000000004,254683.16,24,1,17,0.0,0.0,0.0,0.3333333333333333,0.5773502691896258,9.0,-7.0,5.5,7.666666666666667,5.131601439446884,1.0,1.0,1.5,3.0,2.6457513110645907,6.0,-3.0,4.5,3.0,3.0,3.0,-2.0,2.0,2.6666666666666665,1.5275252316519465,202678.0,-2479.0,201438.5,194067.33333333334,12827.26215267051,223190.0,-10460.0,217960.0,219314.33333333334,5731.976651499322,223190.0,-10460.0,217960.0,219314.33333333334,5731.976651499322,21.0,-6.0,18.0,22.0,7.54983443527075,8.0,0.12499998437500197,0.24999996875000394,0.0,1.9999980000020001,2025-01-29,4.0,-11.0,5.0,plot_level_next_window
2425,2025-01-29,M22,M,2,2,250873.0,307067.0,307067.0,0.0,6.0,0.0,0.0,1.0,4.0,96,14.415208333333332,7.25,24.52,14.628749999999998,15.573125,74.2025,0.0,4.462916666666667,163.29208333333335,15676.04,9.072395833333331,4.415208333333332,14.289791666666666,9.98485119047619,9.8475,14.769826388888887,11.000773809523809,11.290186011904762,75.14916666666667,70.62700892857143,73.9750074404762,0.0,0.0,2.16,151.48711622807016,144.39314348370928,118.44194345238095,43486.26,96814.56,158861.89,12.869374999999998,13.239479166666664,28.41770833333333,41.294375,2.6500000000000004,329680.25999999995,29,1,22,0.0,0.0,0.0,0.0,0.0,2.0,4.0,4.0,5.666666666666667,3.5118845842842457,2.0,-1.0,1.5,1.3333333333333333,0.5773502691896257,3.0,-3.0,1.5,3.0,3.0,1.0,-1.0,0.5,1.3333333333333333,1.5275252316519463,200199.0,50674.0,225536.0,217916.66666666666,28567.924151630854,212730.0,94337.0,259898.5,247662.33333333334,51711.10824893751,212730.0,94337.0,259898.5,247662.33333333334,51711.10824893751,15.0,-11.0,9.5,13.333333333333334,8.621678104251709,7.0,0.0,0.857142734693895,0.0,6000000.0,2025-02-05,0.0,-4.0,7.0,plot_level_next_window
2425,2025-02-05,M22,M,2,2,257925.0,286558.0,286558.0,0.0,1.0,1.0,0.0,1.0,0.0,96,18.68520833333333,9.8,29.29,19.00177083333333,20.30958333333333,75.6040625,0.0,3.106875,167.2046875,16051.65,13.6259375,8.685208333333332,18.88020833333333,17.893645833333334,13.93924851190476,20.283715277777777,18.988110119047622,14.994441964285716,82.0129861111111,78.69738095238095,74.6621949404762,0.0,0.0,0.0,142.03729166666665,147.0850148809524,145.73907918233084,40906.74,98841.13,195655.69,26.640625,55.255520833333335,68.49499999999999,96.54989583333332,2.6500000000000004,428521.39,36,2,29,0.0,0.0,0.0,0.0,0.0,6.0,-5.0,3.5,3.0,2.645751311064589,1.0,0.0,1.0,1.3333333333333333,0.5773502691896257,0.0,1.0,0.5,1.3333333333333333,1.5275252316519468,0.0,0.0,0.0,0.3333333333333333,0.5773502691896241,250873.0,7052.0,254399.0,236332.33333333334,31490.411387172026,307067.0,-20509.0,296812.5,268785.0,49616.29811866258,307067.0,-20509.0,296812.5,268785.0,49616.29811866258,4.0,-4.0,2.0,6.333333333333333,7.767453465154027,3.0,0.0,0.33333322222225925,0.0,1000000.0,2025-02-12,83.0,83.0,7.0,plot_level_next_window
2425,2025-02-12,M22,M,2,2,304948.0,414449.0,414449.0,3.0,21.0,0.0,4.0,0.0,83.0,96,21.88416666666667,15.34,29.99,22.11552083333333,21.982083333333332,78.26385416666666,0.0,6.814687500000001,152.95354166666667,14683.54,17.333020833333332,11.884166666666667,19.769340277777776,19.184895833333336,18.53927083333333,21.254791666666662,21.140580357142856,20.064345238095235,81.69614583333332,80.93714285714286,79.8172619047619,0.0,0.0,0.0,130.77805555555554,146.5577380952381,146.82137648809524,37664.08,98486.8,197327.93,29.30802083333333,64.29427083333334,119.54979166666666,160.84416666666664,2.6500000000000004,527008.19,43,2,36,0.0,3.0,1.5,1.0,1.7320508075688772,1.0,20.0,11.0,9.333333333333334,10.408329997330663,1.0,-1.0,0.5,0.6666666666666666,0.5773502691896258,1.0,-1.0,0.5,0.3333333333333333,0.5773502691896257,0.0,4.0,2.0,1.3333333333333333,2.3094010767585034,257925.0,47023.0,281436.5,271248.6666666667,29396.70859693875,286558.0,127891.0,350503.5,336024.6666666667,68687.23909383264,286558.0,127891.0,350503.5,336024.6666666667,68687.23909383264,0.0,83.0,41.5,29.0,46.8081189538738,28.0,0.14285713775510223,0.7499999732142867,0.14285713605442207,5.2499986875003275,2025-02-20,135.0,52.0,8.0,plot_level_next_window
2425,2025-02-20,M22,M,2,2,296234.0,358093.0,358093.0,1.0,7.0,3.0,2.0,3.0,135.0,96,11.767604166666668,6.18,16.81,12.212916666666668,15.488645833333337,75.38729166666667,0.0,7.179583333333333,163.27791666666667,15674.68,7.268020833333334,1.7676041666666666,13.677743055555553,15.813392857142858,17.728125000000002,16.133194444444445,17.899166666666666,19.650431547619046,79.51315972222223,78.89425595238095,80.27756696428571,0.17,0.43,0.6900000000000001,132.67184027777776,133.68846224937343,139.40532487468673,38209.49,89510.31,187032.42,11.033229166666668,40.69375000000001,108.19375,214.7317708333333,3.34,630807.07,51,2,44,3.0,-2.0,2.0,1.3333333333333333,1.5275252316519468,21.0,-14.0,14.0,9.666666666666666,10.263202878893768,0.0,3.0,1.5,1.3333333333333333,1.5275252316519465,0.0,3.0,1.5,1.3333333333333333,1.5275252316519468,4.0,-2.0,3.0,2.0,2.0,304948.0,-8714.0,300591.0,286369.0,25015.581164546213,414449.0,-56356.0,386271.0,353033.3333333333,64095.453351492346,414449.0,-56356.0,386271.0,353033.3333333333,64095.453351492346,83.0,52.0,109.0,72.66666666666667,68.09062588442944,16.0,0.12499999218750048,0.4374999726562517,0.1428571224489825,3.499998250000875,2025-02-26,55.0,-80.0,6.0,plot_level_next_window
2425,2025-02-26,M22,M,2,2,277775.0,290981.0,290981.0,0.0,11.0,0.0,2.0,2.0,55.0,96,17.139062499999998,8.14,26.86,17.257916666666667,17.4190625,66.61020833333333,0.0,2.411875,212.98958333333331,20447.0,9.3134375,7.139062499999998,15.575416666666664,13.179315476190478,15.31251488095238,16.691736111111112,15.332008928571428,17.170074404761902,80.75583333333333,75.14138392857141,77.46912202380952,0.71,0.71,1.4,127.3667649853801,152.13437249373433,141.88008552631578,36531.46,102084.13,190208.33,16.72625,25.188437500000003,77.3084375,238.15260416666663,4.05,717216.5199999999,57,2,50,1.0,-1.0,0.5,1.3333333333333333,1.5275252316519468,7.0,4.0,9.0,13.0,7.211102550927978,3.0,-1.0,2.5,1.6666666666666667,1.5275252316519465,3.0,-3.0,1.5,1.0,1.7320508075688772,2.0,0.0,2.0,2.6666666666666665,1.154700538379252,296234.0,-18459.0,287004.5,292985.6666666667,13874.679611916548,358093.0,-67112.0,324537.0,354507.6666666667,61812.03537607651,358093.0,-67112.0,324537.0,354507.6666666667,61812.03537607651,135.0,-80.0,95.0,91.0,40.59556626036887,15.0,0.13333332444444504,0.7333332844444478,0.0,5.499997250001375,2025-03-05,102.0,47.0,7.0,plot_level_next_window
2425,2025-01-07,M23,M,2,3,133924.0,170665.0,170665.0,0.0,4.0,1.0,4.0,2.0,63.0,96,4.62125,-0.12,9.74,4.856145833333334,9.759791666666668,72.216875,0.0,5.543958333333333,135.435,13001.76,-0.1147916666666666,0.0,9.92340277777778,10.599136904761904,10.599136904761904,12.068958333333333,12.918348214285714,12.918348214285714,71.73593749999999,67.33674107142858,67.33674107142858,0.06,0.06,0.06,114.04555555555557,129.81196428571428,129.81196428571428,32845.119999999995,87233.64,87233.64,5.148958333333333,10.828333333333331,10.828333333333331,10.828333333333331,0.06,87233.64,7,1,0,,,0.0,0.0,,,,4.0,4.0,,,,2.0,2.0,,,,1.0,1.0,,,,4.0,4.0,,,,133924.0,133924.0,,,,170665.0,170665.0,,,,170665.0,170665.0,,,,63.0,63.0,,11.0,0.3636363305785154,0.3636363305785154,0.0,0.9999997500000625,2025-01-15,13.0,-50.0,8.0,plot_level_next_window
2425,2025-01-15,M23,M,2,3,179104.0,189027.0,189027.0,0.0,5.0,0.0,1.0,1.0,13.0,96,8.561458333333333,1.9,14.4,8.645208333333334,9.85375,66.91677083333333,0.0,2.7433333333333336,68.26197916666666,6553.15,2.328958333333333,0.0,9.636354166666669,8.893482142857142,9.09999255952381,11.14826388888889,10.987276785714286,11.37293898809524,71.78802083333333,70.96653273809524,68.85622023809523,0.37,0.4,0.49,80.10697916666666,103.50331845238097,117.01431547619048,23070.81,69554.23,157267.24,0.3476041666666667,2.048333333333334,7.197291666666667,12.876666666666669,0.49,170818.37,15,1,8,0.0,0.0,0.0,0.0,0.0,4.0,1.0,4.5,4.5,0.7071067811865476,2.0,-1.0,1.5,1.5,0.7071067811865476,1.0,-1.0,0.5,0.5,0.7071067811865476,4.0,-3.0,2.5,2.5,2.1213203435596424,133924.0,45180.0,156514.0,156514.0,31947.084374008216,170665.0,18362.0,179846.0,179846.0,12983.894716147386,170665.0,18362.0,179846.0,179846.0,12983.894716147386,63.0,-50.0,38.0,38.0,35.35533905932738,7.0,0.1428571224489825,0.7142856122449125,0.0,4.999995000005001,2025-01-24,10.0,-3.0,9.0,plot_level_next_window
2425,2025-01-24,M23,M,2,3,215694.0,247795.0,247795.0,0.0,1.0,0.0,1.0,1.0,10.0,96,5.2790625,-1.52,12.93,5.436041666666667,7.218958333333333,53.24302083333333,0.0,5.271458333333333,152.44979166666667,14635.18,-4.171458333333333,0.0,4.36,8.432797619047617,8.973690476190475,6.933090277777777,10.506681547619047,10.909903273809524,70.58760416666667,74.32239583333333,73.75555803571429,0.47,2.13,2.5600000000000005,93.41087828947369,87.6885900689223,94.4654334273183,26826.73,58744.68,126779.49,0.0,14.915520833333332,16.36239583333333,28.054895833333333,2.6500000000000004,254683.16,24,1,17,0.0,0.0,0.0,0.0,0.0,5.0,-4.0,3.0,3.3333333333333335,2.0816659994661326,1.0,0.0,1.0,1.3333333333333333,0.5773502691896257,0.0,0.0,0.0,0.3333333333333333,0.5773502691896258,1.0,0.0,1.0,2.0,1.7320508075688772,179104.0,36590.0,197399.0,176240.66666666666,40960.12980122663,189027.0,58768.0,218411.0,202495.66666666666,40290.35816834263,189027.0,58768.0,218411.0,202495.66666666666,40290.35816834263,13.0,-3.0,11.5,28.666666666666668,29.771350881902105,3.0,0.33333322222225925,0.33333322222225925,0.0,0.9999990000010001,2025-01-29,0.0,-10.0,5.0,plot_level_next_window
2425,2025-01-29,M23,M,2,3,180904.0,231623.0,231623.0,0.0,6.0,0.0,2.0,0.0,0.0,96,14.415208333333332,7.25,24.52,14.628749999999998,15.573125,74.2025,0.0,4.462916666666667,163.29208333333335,15676.04,9.072395833333331,4.415208333333332,14.289791666666666,9.98485119047619,9.8475,14.769826388888887,11.000773809523809,11.290186011904762,75.14916666666667,70.62700892857143,73.9750074404762,0.0,0.0,2.16,151.48711622807016,144.39314348370928,118.44194345238095,43486.26,96814.56,158861.89,12.869374999999998,13.239479166666664,28.41770833333333,41.294375,2.6500000000000004,329680.25999999995,29,1,22,0.0,0.0,0.0,0.0,0.0,1.0,5.0,3.5,4.0,2.6457513110645907,1.0,-1.0,0.5,0.6666666666666666,0.5773502691896258,0.0,0.0,0.0,0.0,0.0,1.0,1.0,1.5,1.3333333333333333,0.5773502691896258,215694.0,-34790.0,198299.0,191900.66666666666,20625.276563802337,247795.0,-16172.0,239709.0,222815.0,30357.949601381195,247795.0,-16172.0,239709.0,222815.0,30357.949601381195,10.0,-10.0,5.0,7.666666666666667,6.806859285554036,8.0,0.24999996875000394,0.7499999062500118,0.0,2.99999850000075,2025-02-05,19.0,19.0,7.0,plot_level_next_window
2425,2025-02-05,M23,M,2,3,172714.0,194029.0,194029.0,0.0,2.0,0.0,4.0,0.0,19.0,96,18.68520833333333,9.8,29.29,19.00177083333333,20.30958333333333,75.6040625,0.0,3.106875,167.2046875,16051.65,13.6259375,8.685208333333332,18.88020833333333,17.893645833333334,13.93924851190476,20.283715277777777,18.988110119047622,14.994441964285716,82.0129861111111,78.69738095238095,74.6621949404762,0.0,0.0,0.0,142.03729166666665,147.0850148809524,145.73907918233084,40906.74,98841.13,195655.69,26.640625,55.255520833333335,68.49499999999999,96.54989583333332,2.6500000000000004,428521.39,36,2,29,0.0,0.0,0.0,0.0,0.0,6.0,-4.0,4.0,3.0,2.6457513110645907,0.0,0.0,0.0,0.3333333333333333,0.5773502691896258,0.0,0.0,0.0,0.0,0.0,2.0,2.0,3.0,2.3333333333333335,1.5275252316519465,180904.0,-8190.0,176809.0,189770.66666666666,22820.679948970275,231623.0,-37594.0,212826.0,224482.33333333334,27585.096145080486,231623.0,-37594.0,212826.0,224482.33333333334,27585.096145080486,0.0,19.0,9.5,9.666666666666666,9.504384952922162,6.0,0.6666665555555741,0.33333327777778704,0.0,0.49999987500003124,2025-02-12,0.0,-19.0,7.0,plot_level_next_window
2425,2025-02-12,M23,M,2,3,193240.0,273190.0,273190.0,7.0,8.0,0.0,0.0,1.0,0.0,96,21.88416666666667,15.34,29.99,22.11552083333333,21.982083333333332,78.26385416666666,0.0,6.814687500000001,152.95354166666667,14683.54,17.333020833333332,11.884166666666667,19.769340277777776,19.184895833333336,18.53927083333333,21.254791666666662,21.140580357142856,20.064345238095235,81.69614583333332,80.93714285714286,79.8172619047619,0.0,0.0,0.0,130.77805555555554,146.5577380952381,146.82137648809524,37664.08,98486.8,197327.93,29.30802083333333,64.29427083333334,119.54979166666666,160.84416666666664,2.6500000000000004,527008.19,43,2,36,0.0,7.0,3.5,2.3333333333333335,4.041451884327381,2.0,6.0,5.0,5.333333333333333,3.0550504633038935,0.0,1.0,0.5,0.3333333333333333,0.5773502691896258,0.0,0.0,0.0,0.0,0.0,4.0,-4.0,2.0,2.0,1.9999999999999998,172714.0,20526.0,182977.0,182286.0,10332.551088671204,194029.0,79161.0,233609.5,232947.33333333334,39597.11320706768,194029.0,79161.0,233609.5,232947.33333333334,39597.11320706768,19.0,-19.0,9.5,6.333333333333333,10.969655114602883,16.0,0.0,0.4999999687500019,0.8749998906250137,8000000.0,2025-02-20,73.0,73.0,8.0,plot_level_next_window
2425,2025-02-20,M23,M,2,3,282297.0,345436.0,345436.0,0.0,10.0,0.0,3.0,1.0,73.0,96,11.767604166666668,6.18,16.81,12.212916666666668,15.488645833333337,75.38729166666667,0.0,7.179583333333333,163.27791666666667,15674.68,7.268020833333334,1.7676041666666666,13.677743055555553,15.813392857142858,17.728125000000002,16.133194444444445,17.899166666666666,19.650431547619046,79.51315972222223,78.89425595238095,80.27756696428571,0.17,0.43,0.6900000000000001,132.67184027777776,133.68846224937343,139.40532487468673,38209.49,89510.31,187032.42,11.033229166666668,40.69375000000001,108.19375,214.7317708333333,3.34,630807.07,51,2,44,7.0,-7.0,3.5,2.3333333333333335,4.041451884327381,8.0,2.0,9.0,6.666666666666667,4.163331998932265,1.0,0.0,1.0,0.6666666666666666,0.5773502691896258,0.0,0.0,0.0,0.0,0.0,0.0,3.0,1.5,2.3333333333333335,2.0816659994661326,193240.0,89057.0,237768.5,216083.66666666666,58253.61192521314,273190.0,72246.0,309313.0,270885.0,75729.8136865528,273190.0,72246.0,309313.0,270885.0,75729.8136865528,0.0,73.0,36.5,30.666666666666668,37.87259343289463,14.0,0.21428569897959293,0.7142856632653098,0.0,3.3333322222225923,2025-02-26,48.0,-25.0,6.0,plot_level_next_window
2425,2025-02-26,M23,M,2,3,266464.0,296513.0,296513.0,0.0,9.0,0.0,1.0,2.0,48.0,96,17.139062499999998,8.14,26.86,17.257916666666667,17.4190625,66.61020833333333,0.0,2.411875,212.98958333333331,20447.0,9.3134375,7.139062499999998,15.575416666666664,13.179315476190478,15.31251488095238,16.691736111111112,15.332008928571428,17.170074404761902,80.75583333333333,75.14138392857141,77.46912202380952,0.71,0.71,1.4,127.3667649853801,152.13437249373433,141.88008552631578,36531.46,102084.13,190208.33,16.72625,25.188437500000003,77.3084375,238.15260416666663,4.05,717216.5199999999,57,2,50,0.0,0.0,0.0,2.3333333333333335,4.041451884327381,10.0,-1.0,9.5,9.0,0.9999999999999982,1.0,1.0,1.5,1.3333333333333333,0.5773502691896258,0.0,0.0,0.0,0.0,0.0,3.0,-2.0,2.0,1.3333333333333333,1.5275252316519468,282297.0,-15833.0,274380.5,247333.66666666666,47510.67829797145,345436.0,-48923.0,320974.5,305046.3333333333,36871.18742776444,345436.0,-48923.0,320974.5,305046.3333333333,36871.18742776444,73.0,-25.0,60.5,40.333333333333336,37.09896674212549,12.0,0.08333332638888948,0.7499999375000053,0.0,8.999991000009,2025-03-05,26.0,-22.0,7.0,plot_level_next_window
2425,2025-01-07,M24,M,2,4,150963.0,189900.0,189900.0,0.0,3.0,1.0,4.0,1.0,55.0,96,4.62125,-0.12,9.74,4.856145833333334,9.759791666666668,72.216875,0.0,5.543958333333333,135.435,13001.76,-0.1147916666666666,0.0,9.92340277777778,10.599136904761904,10.599136904761904,12.068958333333333,12.918348214285714,12.918348214285714,71.73593749999999,67.33674107142858,67.33674107142858,0.06,0.06,0.06,114.04555555555557,129.81196428571428,129.81196428571428,32845.119999999995,87233.64,87233.64,5.148958333333333,10.828333333333331,10.828333333333331,10.828333333333331,0.06,87233.64,7,1,0,,,0.0,0.0,,,,3.0,3.0,,,,1.0,1.0,,,,1.0,1.0,,,,4.0,4.0,,,,150963.0,150963.0,,,,189900.0,189900.0,,,,189900.0,189900.0,,,,55.0,55.0,,9.0,0.44444439506173394,0.33333329629630043,0.0,0.7499998125000469,2025-01-15,11.0,-44.0,8.0,plot_level_next_window
2425,2025-01-15,M24,M,2,4,170660.0,202852.0,202852.0,0.0,8.0,1.0,0.0,0.0,11.0,96,8.561458333333333,1.9,14.4,8.645208333333334,9.85375,66.91677083333333,0.0,2.7433333333333336,68.26197916666666,6553.15,2.328958333333333,0.0,9.636354166666669,8.893482142857142,9.09999255952381,11.14826388888889,10.987276785714286,11.37293898809524,71.78802083333333,70.96653273809524,68.85622023809523,0.37,0.4,0.49,80.10697916666666,103.50331845238097,117.01431547619048,23070.81,69554.23,157267.24,0.3476041666666667,2.048333333333334,7.197291666666667,12.876666666666669,0.49,170818.37,15,1,8,0.0,0.0,0.0,0.0,0.0,3.0,5.0,5.5,5.5,3.5355339059327378,1.0,-1.0,0.5,0.5,0.7071067811865476,1.0,0.0,1.0,1.0,0.0,4.0,-4.0,2.0,2.0,2.8284271247461903,150963.0,19697.0,160811.5,160811.5,13927.882269031426,189900.0,12952.0,196376.0,196376.0,9158.447029928164,189900.0,12952.0,196376.0,196376.0,9158.447029928164,55.0,-44.0,33.0,33.0,31.11269837220809,9.0,0.0,0.8888887901234679,0.0,8000000.0,2025-01-24,0.0,-11.0,9.0,plot_level_next_window
2425,2025-01-24,M24,M,2,4,125626.0,139869.0,139869.0,0.0,0.0,0.0,2.0,1.0,0.0,96,5.2790625,-1.52,12.93,5.436041666666667,7.218958333333333,53.24302083333333,0.0,5.271458333333333,152.44979166666667,14635.18,-4.171458333333333,0.0,4.36,8.432797619047617,8.973690476190475,6.933090277777777,10.506681547619047,10.909903273809524,70.58760416666667,74.32239583333333,73.75555803571429,0.47,2.13,2.5600000000000005,93.41087828947369,87.6885900689223,94.4654334273183,26826.73,58744.68,126779.49,0.0,14.915520833333332,16.36239583333333,28.054895833333333,2.6500000000000004,254683.16,24,1,17,0.0,0.0,0.0,0.0,0.0,8.0,-8.0,4.0,3.6666666666666665,4.041451884327381,0.0,1.0,0.5,0.6666666666666666,0.5773502691896258,1.0,-1.0,0.5,0.6666666666666666,0.5773502691896258,0.0,2.0,1.0,2.0,2.0,170660.0,-45034.0,148143.0,149083.0,22575.785456989088,202852.0,-62983.0,171360.5,177540.33333333334,33260.87179154109,202852.0,-62983.0,171360.5,177540.33333333334,33260.87179154109,11.0,-11.0,5.5,22.0,29.103264421710495,3.0,0.6666664444445185,0.0,0.0,0.0,2025-01-29,0.0,0.0,5.0,plot_level_next_window
2425,2025-01-29,M24,M,2,4,126067.0,148953.0,148953.0,0.0,0.0,0.0,0.0,0.0,0.0,96,14.415208333333332,7.25,24.52,14.628749999999998,15.573125,74.2025,0.0,4.462916666666667,163.29208333333335,15676.04,9.072395833333331,4.415208333333332,14.289791666666666,9.98485119047619,9.8475,14.769826388888887,11.000773809523809,11.290186011904762,75.14916666666667,70.62700892857143,73.9750074404762,0.0,0.0,2.16,151.48711622807016,144.39314348370928,118.44194345238095,43486.26,96814.56,158861.89,12.869374999999998,13.239479166666664,28.41770833333333,41.294375,2.6500000000000004,329680.25999999995,29,1,22,0.0,0.0,0.0,0.0,0.0,0.0,0.0,0.0,2.6666666666666665,4.618802153517007,1.0,-1.0,0.5,0.3333333333333333,0.5773502691896257,0.0,0.0,0.0,0.3333333333333333,0.5773502691896258,2.0,-2.0,1.0,0.6666666666666666,1.1547005383792517,125626.0,441.0,125846.5,140784.33333333334,25874.025862500283,139869.0,9084.0,144411.0,163891.33333333334,34045.262876549124,139869.0,9084.0,144411.0,163891.33333333334,34045.262876549124,0.0,0.0,0.0,3.6666666666666665,6.3508529610858835,0.0,0.0,0.0,0.0,0.0,2025-02-05,14.0,14.0,7.0,plot_level_next_window
2425,2025-02-05,M24,M,2,4,93951.0,112572.0,112572.0,0.0,4.0,1.0,2.0,0.0,14.0,96,18.68520833333333,9.8,29.29,19.00177083333333,20.30958333333333,75.6040625,0.0,3.106875,167.2046875,16051.65,13.6259375,8.685208333333332,18.88020833333333,17.893645833333334,13.93924851190476,20.283715277777777,18.988110119047622,14.994441964285716,82.0129861111111,78.69738095238095,74.6621949404762,0.0,0.0,0.0,142.03729166666665,147.0850148809524,145.73907918233084,40906.74,98841.13,195655.69,26.640625,55.255520833333335,68.49499999999999,96.54989583333332,2.6500000000000004,428521.39,36,2,29,0.0,0.0,0.0,0.0,0.0,0.0,4.0,2.0,1.3333333333333333,2.3094010767585034,0.0,0.0,0.0,0.3333333333333333,0.5773502691896257,0.0,1.0,0.5,0.3333333333333333,0.5773502691896258,0.0,2.0,1.0,1.3333333333333333,1.1547005383792517,126067.0,-32116.0,110009.0,115214.66666666667,18416.195598801998,148953.0,-36381.0,130762.5,133798.0,18935.07515168611,148953.0,-36381.0,130762.5,133798.0,18935.07515168611,0.0,14.0,7.0,4.666666666666667,8.082903768654761,7.0,0.285714244897965,0.57142848979593,0.0,1.9999990000005,2025-02-12,9.0,-5.0,7.0,plot_level_next_window
2425,2025-02-12,M24,M,2,4,149959.0,210686.0,210686.0,2.0,7.0,0.0,2.0,0.0,9.0,96,21.88416666666667,15.34,29.99,22.11552083333333,21.982083333333332,78.26385416666666,0.0,6.814687500000001,152.95354166666667,14683.54,17.333020833333332,11.884166666666667,19.769340277777776,19.184895833333336,18.53927083333333,21.254791666666662,21.140580357142856,20.064345238095235,81.69614583333332,80.93714285714286,79.8172619047619,0.0,0.0,0.0,130.77805555555554,146.5577380952381,146.82137648809524,37664.08,98486.8,197327.93,29.30802083333333,64.29427083333334,119.54979166666666,160.84416666666664,2.6500000000000004,527008.19,43,2,36,0.0,2.0,1.0,0.6666666666666666,1.1547005383792517,4.0,3.0,5.5,3.6666666666666665,3.511884584284246,0.0,0.0,0.0,0.0,0.0,1.0,-1.0,0.5,0.3333333333333333,0.5773502691896258,2.0,0.0,2.0,1.3333333333333333,1.1547005383792517,93951.0,56008.0,121955.0,123325.66666666667,28104.4515572415,112572.0,98114.0,161629.0,157403.66666666666,49599.89490244243,112572.0,98114.0,161629.0,157403.66666666666,49599.89490244243,14.0,-5.0,11.5,7.666666666666667,7.094598884597588,11.0,0.1818181652892577,0.636363578512402,0.285714244897965,3.499998250000875,2025-02-20,6.0,-3.0,8.0,plot_level_next_window
2425,2025-02-20,M24,M,2,4,145957.0,185834.0,185834.0,0.0,11.0,1.0,0.0,0.0,6.0,96,11.767604166666668,6.18,16.81,12.212916666666668,15.488645833333337,75.38729166666667,0.0,7.179583333333333,163.27791666666667,15674.68,7.268020833333334,1.7676041666666666,13.677743055555553,15.813392857142858,17.728125000000002,16.133194444444445,17.899166666666666,19.650431547619046,79.51315972222223,78.89425595238095,80.27756696428571,0.17,0.43,0.6900000000000001,132.67184027777776,133.68846224937343,139.40532487468673,38209.49,89510.31,187032.42,11.033229166666668,40.69375000000001,108.19375,214.7317708333333,3.34,630807.07,51,2,44,2.0,-2.0,1.0,0.6666666666666666,1.1547005383792517,7.0,4.0,9.0,7.333333333333333,3.511884584284246,0.0,0.0,0.0,0.0,0.0,0.0,1.0,0.5,0.6666666666666666,0.5773502691896258,2.0,-2.0,1.0,1.3333333333333333,1.1547005383792517,149959.0,-4002.0,147958.0,129955.66666666667,31245.09589252902,210686.0,-24852.0,198260.0,169697.33333333334,51008.658650599056,210686.0,-24852.0,198260.0,169697.33333333334,51008.658650599056,9.0,-3.0,7.5,9.666666666666666,4.04145188432738,12.0,0.0,0.9166665902777842,0.0,11000000.0,2025-02-26,0.0,-6.0,6.0,plot_level_next_window
2425,2025-02-26,M24,M,2,4,166211.0,198640.0,198640.0,0.0,11.0,0.0,0.0,1.0,0.0,96,17.139062499999998,8.14,26.86,17.257916666666667,17.4190625,66.61020833333333,0.0,2.411875,212.98958333333331,20447.0,9.3134375,7.139062499999998,15.575416666666664,13.179315476190478,15.31251488095238,16.691736111111112,15.332008928571428,17.170074404761902,80.75583333333333,75.14138392857141,77.46912202380952,0.71,0.71,1.4,127.3667649853801,152.13437249373433,141.88008552631578,36531.46,102084.13,190208.33,16.72625,25.188437500000003,77.3084375,238.15260416666663,4.05,717216.5199999999,57,2,50,0.0,0.0,0.0,0.6666666666666666,1.1547005383792517,11.0,0.0,11.0,9.666666666666666,2.3094010767585034,0.0,1.0,0.5,0.3333333333333333,0.5773502691896258,1.0,-1.0,0.5,0.3333333333333333,0.5773502691896257,0.0,0.0,0.0,0.6666666666666666,1.1547005383792517,145957.0,20254.0,156084.0,154042.33333333334,10726.664781437597,185834.0,12806.0,192237.0,198386.66666666666,12427.936648266814,185834.0,12806.0,192237.0,198386.66666666666,12427.936648266814,6.0,-6.0,3.0,5.0,4.582575694955838,12.0,0.0,0.9166665902777842,0.0,11000000.0,2025-03-05,18.0,18.0,7.0,plot_level_next_window
2425,2025-01-07,M25,M,2,5,125770.0,167270.0,167270.0,0.0,2.0,0.0,4.0,0.0,41.0,96,4.62125,-0.12,9.74,4.856145833333334,9.759791666666668,72.216875,0.0,5.543958333333333,135.435,13001.76,-0.1147916666666666,0.0,9.92340277777778,10.599136904761904,10.599136904761904,12.068958333333333,12.918348214285714,12.918348214285714,71.73593749999999,67.33674107142858,67.33674107142858,0.06,0.06,0.06,114.04555555555557,129.81196428571428,129.81196428571428,32845.119999999995,87233.64,87233.64,5.148958333333333,10.828333333333331,10.828333333333331,10.828333333333331,0.06,87233.64,7,1,0,,,0.0,0.0,,,,2.0,2.0,,,,0.0,0.0,,,,0.0,0.0,,,,4.0,4.0,,,,125770.0,125770.0,,,,167270.0,167270.0,,,,167270.0,167270.0,,,,41.0,41.0,,6.0,0.6666665555555741,0.33333327777778704,0.0,0.49999987500003124,2025-01-15,0.0,-41.0,8.0,plot_level_next_window
2425,2025-01-15,M25,M,2,5,163718.0,196614.0,196614.0,0.0,1.0,0.0,7.0,0.0,0.0,96,8.561458333333333,1.9,14.4,8.645208333333334,9.85375,66.91677083333333,0.0,2.7433333333333336,68.26197916666666,6553.15,2.328958333333333,0.0,9.636354166666669,8.893482142857142,9.09999255952381,11.14826388888889,10.987276785714286,11.37293898809524,71.78802083333333,70.96653273809524,68.85622023809523,0.37,0.4,0.49,80.10697916666666,103.50331845238097,117.01431547619048,23070.81,69554.23,157267.24,0.3476041666666667,2.048333333333334,7.197291666666667,12.876666666666669,0.49,170818.37,15,1,8,0.0,0.0,0.0,0.0,0.0,2.0,-1.0,1.5,1.5,0.7071067811865476,0.0,0.0,0.0,0.0,0.0,0.0,0.0,0.0,0.0,0.0,4.0,3.0,5.5,5.5,2.1213203435596424,125770.0,37948.0,144744.0,144744.0,26833.288132467107,167270.0,29344.0,181942.0,181942.0,20749.34138713805,167270.0,29344.0,181942.0,181942.0,20749.34138713805,41.0,-41.0,20.5,20.5,28.991378028648448,8.0,0.8749998906250137,0.12499998437500197,0.0,0.1428571224489825,2025-01-24,8.0,8.0,9.0,plot_level_next_window
2425,2025-01-24,M25,M,2,5,212103.0,251065.0,251065.0,1.0,16.0,0.0,1.0,0.0,8.0,96,5.2790625,-1.52,12.93,5.436041666666667,7.218958333333333,53.24302083333333,0.0,5.271458333333333,152.44979166666667,14635.18,-4.171458333333333,0.0,4.36,8.432797619047617,8.973690476190475,6.933090277777777,10.506681547619047,10.909903273809524,70.58760416666667,74.32239583333333,73.75555803571429,0.47,2.13,2.5600000000000005,93.41087828947369,87.6885900689223,94.4654334273183,26826.73,58744.68,126779.49,0.0,14.915520833333332,16.36239583333333,28.054895833333333,2.6500000000000004,254683.16,24,1,17,0.0,1.0,0.5,0.3333333333333333,0.5773502691896258,1.0,15.0,8.5,6.333333333333333,8.386497083606084,0.0,0.0,0.0,0.0,0.0,0.0,0.0,0.0,0.0,0.0,7.0,-6.0,4.0,4.0,3.0,163718.0,48385.0,187910.5,167197.0,43271.51838103211,196614.0,54451.0,223839.5,204983.0,42519.76748525326,196614.0,54451.0,223839.5,204983.0,42519.76748525326,0.0,8.0,4.0,16.333333333333332,21.73323108360405,18.0,0.055555552469135974,0.8888888395061756,0.06249999609375024,15.999984000016001,2025-01-29,0.0,-8.0,5.0,plot_level_next_window
2425,2025-01-29,M25,M,2,5,106429.0,142237.0,142237.0,0.0,2.0,0.0,0.0,0.0,0.0,96,14.415208333333332,7.25,24.52,14.628749999999998,15.573125,74.2025,0.0,4.462916666666667,163.29208333333335,15676.04,9.072395833333331,4.415208333333332,14.289791666666666,9.98485119047619,9.8475,14.769826388888887,11.000773809523809,11.290186011904762,75.14916666666667,70.62700892857143,73.9750074404762,0.0,0.0,2.16,151.48711622807016,144.39314348370928,118.44194345238095,43486.26,96814.56,158861.89,12.869374999999998,13.239479166666664,28.41770833333333,41.294375,2.6500000000000004,329680.25999999995,29,1,22,1.0,-1.0,0.5,0.3333333333333333,0.5773502691896258,16.0,-14.0,9.0,6.333333333333333,8.386497083606084,0.0,0.0,0.0,0.0,0.0,0.0,0.0,0.0,0.0,0.0,1.0,-1.0,0.5,2.6666666666666665,3.7859388972001824,212103.0,-105674.0,159266.0,160750.0,52899.48333396083,251065.0,-108828.0,196651.0,196638.66666666666,54414.00419316091,251065.0,-108828.0,196651.0,196638.66666666666,54414.00419316091,8.0,-8.0,4.0,2.6666666666666665,4.618802153517,2.0,0.0,0.99999950000025,0.0,2000000.0,2025-02-05,0.0,0.0,7.0,plot_level_next_window
2425,2025-02-05,M25,M,2,5,239569.0,305336.0,305336.0,0.0,3.0,0.0,0.0,0.0,0.0,96,18.68520833333333,9.8,29.29,19.00177083333333,20.30958333333333,75.6040625,0.0,3.106875,167.2046875,16051.65,13.6259375,8.685208333333332,18.88020833333333,17.893645833333334,13.93924851190476,20.283715277777777,18.988110119047622,14.994441964285716,82.0129861111111,78.69738095238095,74.6621949404762,0.0,0.0,0.0,142.03729166666665,147.0850148809524,145.73907918233084,40906.74,98841.13,195655.69,26.640625,55.255520833333335,68.49499999999999,96.54989583333332,2.6500000000000004,428521.39,36,2,29,0.0,0.0,0.0,0.3333333333333333,0.5773502691896258,2.0,1.0,2.5,7.0,7.810249675906655,0.0,0.0,0.0,0.0,0.0,0.0,0.0,0.0,0.0,0.0,0.0,0.0,0.0,0.3333333333333333,0.5773502691896274,106429.0,133140.0,172999.0,186033.66666666666,70294.18543047024,142237.0,163099.0,223786.5,232879.33333333334,83056.36522466734,142237.0,163099.0,223786.5,232879.33333333334,83056.36522466734,0.0,0.0,0.0,2.6666666666666665,4.618802153517,3.0,0.0,0.9999996666667778,0.0,3000000.0,2025-02-12,0.0,0.0,7.0,plot_level_next_window
2425,2025-02-12,M25,M,2,5,173893.0,224074.0,224074.0,1.0,3.0,0.0,0.0,0.0,0.0,96,21.88416666666667,15.34,29.99,22.11552083333333,21.982083333333332,78.26385416666666,0.0,6.814687500000001,152.95354166666667,14683.54,17.333020833333332,11.884166666666667,19.769340277777776,19.184895833333336,18.53927083333333,21.254791666666662,21.140580357142856,20.064345238095235,81.69614583333332,80.93714285714286,79.8172619047619,0.0,0.0,0.0,130.77805555555554,146.5577380952381,146.82137648809524,37664.08,98486.8,197327.93,29.30802083333333,64.29427083333334,119.54979166666666,160.84416666666664,2.6500000000000004,527008.19,43,2,36,0.0,1.0,0.5,0.3333333333333333,0.5773502691896258,3.0,0.0,3.0,2.6666666666666665,0.577350269189632,0.0,0.0,0.0,0.0,0.0,0.0,0.0,0.0,0.0,0.0,0.0,0.0,0.0,0.0,0.0,239569.0,-65676.0,206731.0,173297.0,66572.00096136513,305336.0,-81262.0,264705.0,223882.33333333334,81549.66892841032,305336.0,-81262.0,264705.0,223882.33333333334,81549.66892841032,0.0,0.0,0.0,0.0,0.0,4.0,0.0,0.7499998125000469,0.33333322222225925,3000000.0,2025-02-20,0.0,0.0,8.0,plot_level_next_window
2425,2025-02-20,M25,M,2,5,152745.0,184927.0,184927.0,0.0,9.0,2.0,0.0,0.0,0.0,96,11.767604166666668,6.18,16.81,12.212916666666668,15.488645833333337,75.38729166666667,0.0,7.179583333333333,163.27791666666667,15674.68,7.268020833333334,1.7676041666666666,13.677743055555553,15.813392857142858,17.728125000000002,16.133194444444445,17.899166666666666,19.650431547619046,79.51315972222223,78.89425595238095,80.27756696428571,0.17,0.43,0.6900000000000001,132.67184027777776,133.68846224937343,139.40532487468673,38209.49,89510.31,187032.42,11.033229166666668,40.69375000000001,108.19375,214.7317708333333,3.34,630807.07,51,2,44,1.0,-1.0,0.5,0.3333333333333333,0.5773502691896258,3.0,6.0,6.0,5.0,3.4641016151377544,0.0,0.0,0.0,0.0,0.0,0.0,2.0,1.0,0.6666666666666666,1.1547005383792517,0.0,0.0,0.0,0.0,0.0,173893.0,-21148.0,163319.0,188735.66666666666,45275.05173197854,224074.0,-39147.0,204500.5,238112.33333333334,61419.768172253236,224074.0,-39147.0,204500.5,238112.33333333334,61419.768172253236,0.0,0.0,0.0,0.0,0.0,11.0,0.0,0.8181817438016598,0.0,9000000.0,2025-02-26,15.0,15.0,6.0,plot_level_next_window
2425,2025-02-26,M25,M,2,5,134792.0,150925.0,150925.0,0.0,7.0,0.0,1.0,1.0,15.0,96,17.139062499999998,8.14,26.86,17.257916666666667,17.4190625,66.61020833333333,0.0,2.411875,212.98958333333331,20447.0,9.3134375,7.139062499999998,15.575416666666664,13.179315476190478,15.31251488095238,16.691736111111112,15.332008928571428,17.170074404761902,80.75583333333333,75.14138392857141,77.46912202380952,0.71,0.71,1.4,127.3667649853801,152.13437249373433,141.88008552631578,36531.46,102084.13,190208.33,16.72625,25.188437500000003,77.3084375,238.15260416666663,4.05,717216.5199999999,57,2,50,0.0,0.0,0.0,0.3333333333333333,0.5773502691896258,9.0,-2.0,8.0,6.333333333333333,3.0550504633038935,0.0,1.0,0.5,0.3333333333333333,0.5773502691896258,2.0,-2.0,1.0,0.6666666666666666,1.1547005383792517,0.0,1.0,0.5,0.3333333333333333,0.5773502691896258,152745.0,-17953.0,143768.5,153810.0,19572.243586262644,184927.0,-34002.0,167926.0,186642.0,36604.64409060685,184927.0,-34002.0,167926.0,186642.0,36604.64409060685,0.0,15.0,7.5,5.0,8.660254037844387,9.0,0.11111109876543349,0.7777776913580343,0.0,6.9999930000070005,2025-03-05,9.0,-6.0,7.0,plot_level_next_window
2425,2025-01-07,M41,M,4,1,149607.0,211239.0,211239.0,0.0,10.0,0.0,2.0,0.0,8.0,96,4.62125,-0.12,9.74,4.856145833333334,9.759791666666668,72.216875,0.0,5.543958333333333,135.435,13001.76,-0.1147916666666666,0.0,9.92340277777778,10.599136904761904,10.599136904761904,12.068958333333333,12.918348214285714,12.918348214285714,71.73593749999999,67.33674107142858,67.33674107142858,0.06,0.06,0.06,114.04555555555557,129.81196428571428,129.81196428571428,32845.119999999995,87233.64,87233.64,5.148958333333333,10.828333333333331,10.828333333333331,10.828333333333331,0.06,87233.64,7,1,0,,,0.0,0.0,,,,10.0,10.0,,,,0.0,0.0,,,,0.0,0.0,,,,2.0,2.0,,,,149607.0,149607.0,,,,211239.0,211239.0,,,,211239.0,211239.0,,,,8.0,8.0,,12.0,0.16666665277777895,0.8333332638888947,0.0,4.99999750000125,2025-01-15,0.0,-8.0,8.0,plot_level_next_window
2425,2025-01-15,M41,M,4,1,135308.0,188391.0,188391.0,0.0,9.0,0.0,0.0,2.0,0.0,96,8.561458333333333,1.9,14.4,8.645208333333334,9.85375,66.91677083333333,0.0,2.7433333333333336,68.26197916666666,6553.15,2.328958333333333,0.0,9.636354166666669,8.893482142857142,9.09999255952381,11.14826388888889,10.987276785714286,11.37293898809524,71.78802083333333,70.96653273809524,68.85622023809523,0.37,0.4,0.49,80.10697916666666,103.50331845238097,117.01431547619048,23070.81,69554.23,157267.24,0.3476041666666667,2.048333333333334,7.197291666666667,12.876666666666669,0.49,170818.37,15,1,8,0.0,0.0,0.0,0.0,0.0,10.0,-1.0,9.5,9.5,0.7071067811865476,0.0,2.0,1.0,1.0,1.4142135623730951,0.0,0.0,0.0,0.0,0.0,2.0,-2.0,1.0,1.0,1.4142135623730951,149607.0,-14299.0,142457.5,142457.5,10110.919864186442,211239.0,-22848.0,199815.0,199815.0,16155.975736550237,211239.0,-22848.0,199815.0,199815.0,16155.975736550237,8.0,-8.0,4.0,4.0,5.656854249492381,11.0,0.0,0.8181817438016598,0.0,9000000.0,2025-01-24,0.0,0.0,9.0,plot_level_next_window
2425,2025-01-24,M41,M,4,1,141546.0,169386.0,169386.0,0.0,2.0,0.0,1.0,1.0,0.0,96,5.2790625,-1.52,12.93,5.436041666666667,7.218958333333333,53.24302083333333,0.0,5.271458333333333,152.44979166666667,14635.18,-4.171458333333333,0.0,4.36,8.432797619047617,8.973690476190475,6.933090277777777,10.506681547619047,10.909903273809524,70.58760416666667,74.32239583333333,73.75555803571429,0.47,2.13,2.5600000000000005,93.41087828947369,87.6885900689223,94.4654334273183,26826.73,58744.68,126779.49,0.0,14.915520833333332,16.36239583333333,28.054895833333333,2.6500000000000004,254683.16,24,1,17,0.0,0.0,0.0,0.0,0.0,9.0,-7.0,5.5,7.0,4.358898943540674,2.0,-1.0,1.5,1.0,1.0,0.0,0.0,0.0,0.0,0.0,0.0,1.0,0.5,1.0,1.0,135308.0,6238.0,138427.0,142153.66666666666,7168.841910192561,188391.0,-19005.0,178888.5,189672.0,20955.885163838822,188391.0,-19005.0,178888.5,189672.0,20955.885163838822,0.0,0.0,0.0,2.6666666666666665,4.618802153517007,4.0,0.24999993750001562,0.49999987500003124,0.0,1.9999980000020001,2025-01-29,0.0,0.0,5.0,plot_level_next_window
2425,2025-01-29,M41,M,4,1,140006.0,173963.0,173963.0,0.0,14.0,1.0,0.0,0.0,0.0,96,14.415208333333332,7.25,24.52,14.628749999999998,15.573125,74.2025,0.0,4.462916666666667,163.29208333333335,15676.04,9.072395833333331,4.415208333333332,14.289791666666666,9.98485119047619,9.8475,14.769826388888887,11.000773809523809,11.290186011904762,75.14916666666667,70.62700892857143,73.9750074404762,0.0,0.0,2.16,151.48711622807016,144.39314348370928,118.44194345238095,43486.26,96814.56,158861.89,12.869374999999998,13.239479166666664,28.41770833333333,41.294375,2.6500000000000004,329680.25999999995,29,1,22,0.0,0.0,0.0,0.0,0.0,2.0,12.0,8.0,8.333333333333334,6.027713773341707,1.0,-1.0,0.5,1.0,1.0,0.0,1.0,0.5,0.3333333333333333,0.5773502691896258,1.0,-1.0,0.5,0.3333333333333333,0.5773502691896258,141546.0,-1540.0,140776.0,138953.33333333334,3249.4986279937507,169386.0,4577.0,171674.5,177246.66666666666,9918.888865862613,169386.0,4577.0,171674.5,177246.66666666666,9918.888865862613,0.0,0.0,0.0,0.0,0.0,15.0,0.0,0.9333332711111153,0.0,14000000.0,2025-02-05,4.0,4.0,7.0,plot_level_next_window
2425,2025-02-05,M41,M,4,1,168227.0,209416.0,209416.0,0.0,18.0,0.0,0.0,2.0,4.0,96,18.68520833333333,9.8,29.29,19.00177083333333,20.30958333333333,75.6040625,0.0,3.106875,167.2046875,16051.65,13.6259375,8.685208333333332,18.88020833333333,17.893645833333334,13.93924851190476,20.283715277777777,18.988110119047622,14.994441964285716,82.0129861111111,78.69738095238095,74.6621949404762,0.0,0.0,0.0,142.03729166666665,147.0850148809524,145.73907918233084,40906.74,98841.13,195655.69,26.640625,55.255520833333335,68.49499999999999,96.54989583333332,2.6500000000000004,428521.39,36,2,29,0.0,0.0,0.0,0.0,0.0,14.0,4.0,16.0,11.333333333333334,8.32666399786453,0.0,2.0,1.0,1.0,1.0,1.0,-1.0,0.5,0.3333333333333333,0.5773502691896258,0.0,0.0,0.0,0.3333333333333333,0.5773502691896258,140006.0,28221.0,154116.5,149926.33333333334,15867.536051111814,173963.0,35453.0,191689.5,184255.0,21909.910383203303,173963.0,35453.0,191689.5,184255.0,21909.910383203303,0.0,4.0,2.0,1.3333333333333333,2.3094010767585034,20.0,0.0,0.8999999550000022,0.0,18000000.0,2025-02-12,57.0,53.0,7.0,plot_level_next_window
2425,2025-02-12,M41,M,4,1,295183.0,436488.0,436488.0,6.0,25.0,4.0,6.0,12.0,57.0,96,21.88416666666667,15.34,29.99,22.11552083333333,21.982083333333332,78.26385416666666,0.0,6.814687500000001,152.95354166666667,14683.54,17.333020833333332,11.884166666666667,19.769340277777776,19.184895833333336,18.53927083333333,21.254791666666662,21.140580357142856,20.064345238095235,81.69614583333332,80.93714285714286,79.8172619047619,0.0,0.0,0.0,130.77805555555554,146.5577380952381,146.82137648809524,37664.08,98486.8,197327.93,29.30802083333333,64.29427083333334,119.54979166666666,160.84416666666664,2.6500000000000004,527008.19,43,2,36,0.0,6.0,3.0,2.0,3.4641016151377544,18.0,7.0,21.5,19.0,5.56776436283002,2.0,10.0,7.0,4.666666666666667,6.429100507328637,0.0,4.0,2.0,1.6666666666666667,2.0816659994661326,0.0,6.0,3.0,2.0,3.4641016151377544,168227.0,126956.0,231705.0,201138.66666666666,82658.08299454648,209416.0,227072.0,322952.0,273289.0,142441.7916308272,209416.0,227072.0,322952.0,273289.0,142441.7916308272,4.0,53.0,30.5,20.333333333333332,31.817186131607137,53.0,0.11320754503381991,0.47169810430758297,0.23999999040000036,4.166665972222338,2025-02-20,145.0,88.0,8.0,plot_level_next_window
2425,2025-02-20,M41,M,4,1,309444.0,400139.0,400139.0,0.0,24.0,3.0,10.0,3.0,145.0,96,11.767604166666668,6.18,16.81,12.212916666666668,15.488645833333337,75.38729166666667,0.0,7.179583333333333,163.27791666666667,15674.68,7.268020833333334,1.7676041666666666,13.677743055555553,15.813392857142858,17.728125000000002,16.133194444444445,17.899166666666666,19.650431547619046,79.51315972222223,78.89425595238095,80.27756696428571,0.17,0.43,0.6900000000000001,132.67184027777776,133.68846224937343,139.40532487468673,38209.49,89510.31,187032.42,11.033229166666668,40.69375000000001,108.19375,214.7317708333333,3.34,630807.07,51,2,44,6.0,-6.0,3.0,2.0,3.4641016151377544,25.0,-1.0,24.5,22.333333333333332,3.785938897200179,12.0,-9.0,7.5,5.666666666666667,5.507570547286103,4.0,-1.0,3.5,2.3333333333333335,2.0816659994661326,6.0,4.0,8.0,5.333333333333333,5.033222956847166,295183.0,14261.0,302313.5,257618.0,77742.57000511368,436488.0,-36349.0,418313.5,348681.0,121968.71573891398,436488.0,-36349.0,418313.5,348681.0,121968.71573891398,57.0,88.0,101.0,68.66666666666667,71.22031545376174,40.0,0.24999999375000018,0.5999999850000004,0.0,2.399999760000024,2025-02-26,24.0,-121.0,6.0,plot_level_next_window
2425,2025-02-26,M41,M,4,1,204149.0,238950.0,238950.0,1.0,8.0,2.0,1.0,3.0,24.0,96,17.139062499999998,8.14,26.86,17.257916666666667,17.4190625,66.61020833333333,0.0,2.411875,212.98958333333331,20447.0,9.3134375,7.139062499999998,15.575416666666664,13.179315476190478,15.31251488095238,16.691736111111112,15.332008928571428,17.170074404761902,80.75583333333333,75.14138392857141,77.46912202380952,0.71,0.71,1.4,127.3667649853801,152.13437249373433,141.88008552631578,36531.46,102084.13,190208.33,16.72625,25.188437500000003,77.3084375,238.15260416666663,4.05,717216.5199999999,57,2,50,0.0,1.0,0.5,2.3333333333333335,3.2145502536643185,24.0,-16.0,16.0,19.0,9.539392014169454,3.0,0.0,3.0,6.0,5.196152422706632,3.0,-1.0,2.5,3.0,0.9999999999999996,10.0,-9.0,5.5,5.666666666666667,4.509249752822893,309444.0,-105295.0,256796.5,269592.0,57122.094823281834,400139.0,-161189.0,319544.5,358525.6666666667,105138.32552562997,400139.0,-161189.0,319544.5,358525.6666666667,105138.32552562997,145.0,-121.0,84.5,75.33333333333333,62.5486477338506,15.0,0.06666666222222252,0.5333332977777802,0.12499998437500197,7.9999920000080005,2025-03-05,28.0,4.0,7.0,plot_level_next_window
2425,2025-01-07,M42,M,4,2,101660.0,144555.0,144555.0,1.0,3.0,0.0,5.0,2.0,63.0,96,4.62125,-0.12,9.74,4.856145833333334,9.759791666666668,72.216875,0.0,5.543958333333333,135.435,13001.76,-0.1147916666666666,0.0,9.92340277777778,10.599136904761904,10.599136904761904,12.068958333333333,12.918348214285714,12.918348214285714,71.73593749999999,67.33674107142858,67.33674107142858,0.06,0.06,0.06,114.04555555555557,129.81196428571428,129.81196428571428,32845.119999999995,87233.64,87233.64,5.148958333333333,10.828333333333331,10.828333333333331,10.828333333333331,0.06,87233.64,7,1,0,,,1.0,1.0,,,,3.0,3.0,,,,2.0,2.0,,,,0.0,0.0,,,,5.0,5.0,,,,101660.0,101660.0,,,,144555.0,144555.0,,,,144555.0,144555.0,,,,63.0,63.0,,11.0,0.4545454132231443,0.2727272479338866,0.33333322222225925,0.599999880000024,2025-01-15,0.0,-63.0,8.0,plot_level_next_window
2425,2025-01-15,M42,M,4,2,148327.0,207217.0,207217.0,0.0,10.0,0.0,3.0,1.0,0.0,96,8.561458333333333,1.9,14.4,8.645208333333334,9.85375,66.91677083333333,0.0,2.7433333333333336,68.26197916666666,6553.15,2.328958333333333,0.0,9.636354166666669,8.893482142857142,9.09999255952381,11.14826388888889,10.987276785714286,11.37293898809524,71.78802083333333,70.96653273809524,68.85622023809523,0.37,0.4,0.49,80.10697916666666,103.50331845238097,117.01431547619048,23070.81,69554.23,157267.24,0.3476041666666667,2.048333333333334,7.197291666666667,12.876666666666669,0.49,170818.37,15,1,8,1.0,-1.0,0.5,0.5,0.7071067811865476,3.0,7.0,6.5,6.5,4.949747468305833,2.0,-1.0,1.5,1.5,0.7071067811865476,0.0,0.0,0.0,0.0,0.0,5.0,-2.0,4.0,4.0,1.4142135623730951,101660.0,46667.0,124993.5,124993.5,32998.552157632614,144555.0,62662.0,175886.0,175886.0,44308.72512271144,144555.0,62662.0,175886.0,175886.0,44308.72512271144,63.0,-63.0,31.5,31.5,44.54772721475249,14.0,0.21428569897959293,0.7142856632653098,0.0,3.3333322222225923,2025-01-24,0.0,0.0,9.0,plot_level_next_window
2425,2025-01-24,M42,M,4,2,123335.0,143255.0,143255.0,0.0,2.0,0.0,1.0,0.0,0.0,96,5.2790625,-1.52,12.93,5.436041666666667,7.218958333333333,53.24302083333333,0.0,5.271458333333333,152.44979166666667,14635.18,-4.171458333333333,0.0,4.36,8.432797619047617,8.973690476190475,6.933090277777777,10.506681547619047,10.909903273809524,70.58760416666667,74.32239583333333,73.75555803571429,0.47,2.13,2.5600000000000005,93.41087828947369,87.6885900689223,94.4654334273183,26826.73,58744.68,126779.49,0.0,14.915520833333332,16.36239583333333,28.054895833333333,2.6500000000000004,254683.16,24,1,17,0.0,0.0,0.0,0.3333333333333333,0.5773502691896258,10.0,-8.0,6.0,5.0,4.358898943540674,1.0,-1.0,0.5,1.0,1.0,0.0,0.0,0.0,0.0,0.0,3.0,-2.0,2.0,3.0,2.0,148327.0,-24992.0,135831.0,124440.66666666667,23353.138896802146,207217.0,-63962.0,175236.0,165009.0,36558.97903388441,207217.0,-63962.0,175236.0,165009.0,36558.97903388441,0.0,0.0,0.0,21.0,36.373066958946424,3.0,0.33333322222225925,0.6666664444445185,0.0,1.9999980000020001,2025-01-29,0.0,0.0,5.0,plot_level_next_window
2425,2025-01-29,M42,M,4,2,130144.0,174933.0,174933.0,0.0,5.0,0.0,0.0,0.0,0.0,96,14.415208333333332,7.25,24.52,14.628749999999998,15.573125,74.2025,0.0,4.462916666666667,163.29208333333335,15676.04,9.072395833333331,4.415208333333332,14.289791666666666,9.98485119047619,9.8475,14.769826388888887,11.000773809523809,11.290186011904762,75.14916666666667,70.62700892857143,73.9750074404762,0.0,0.0,2.16,151.48711622807016,144.39314348370928,118.44194345238095,43486.26,96814.56,158861.89,12.869374999999998,13.239479166666664,28.41770833333333,41.294375,2.6500000000000004,329680.25999999995,29,1,22,0.0,0.0,0.0,0.0,0.0,2.0,3.0,3.5,5.666666666666667,4.041451884327381,0.0,0.0,0.0,0.3333333333333333,0.5773502691896258,0.0,0.0,0.0,0.0,0.0,1.0,-1.0,0.5,1.3333333333333333,1.5275252316519468,123335.0,6809.0,126739.5,133935.33333333334,12920.16533691939,143255.0,31678.0,159094.0,175135.0,31981.478452379277,143255.0,31678.0,159094.0,175135.0,31981.478452379277,0.0,0.0,0.0,0.0,0.0,5.0,0.0,0.99999980000004,0.0,5000000.0,2025-02-05,0.0,0.0,7.0,plot_level_next_window
2425,2025-02-05,M42,M,4,2,158696.0,203750.0,203750.0,0.0,12.0,0.0,0.0,2.0,0.0,96,18.68520833333333,9.8,29.29,19.00177083333333,20.30958333333333,75.6040625,0.0,3.106875,167.2046875,16051.65,13.6259375,8.685208333333332,18.88020833333333,17.893645833333334,13.93924851190476,20.283715277777777,18.988110119047622,14.994441964285716,82.0129861111111,78.69738095238095,74.6621949404762,0.0,0.0,0.0,142.03729166666665,147.0850148809524,145.73907918233084,40906.74,98841.13,195655.69,26.640625,55.255520833333335,68.49499999999999,96.54989583333332,2.6500000000000004,428521.39,36,2,29,0.0,0.0,0.0,0.0,0.0,5.0,7.0,8.5,6.333333333333333,5.131601439446884,0.0,2.0,1.0,0.6666666666666666,1.1547005383792517,0.0,0.0,0.0,0.0,0.0,0.0,0.0,0.0,0.3333333333333333,0.5773502691896262,130144.0,28552.0,144420.0,137391.66666666666,18761.572011250366,174933.0,28817.0,189341.5,173979.33333333334,30258.773377870642,174933.0,28817.0,189341.5,173979.33333333334,30258.773377870642,0.0,0.0,0.0,0.0,0.0,14.0,0.0,0.8571427959183717,0.0,12000000.0,2025-02-12,41.0,41.0,7.0,plot_level_next_window
2425,2025-02-12,M42,M,4,2,323372.0,477452.0,477452.0,6.0,11.0,0.0,9.0,2.0,41.0,96,21.88416666666667,15.34,29.99,22.11552083333333,21.982083333333332,78.26385416666666,0.0,6.814687500000001,152.95354166666667,14683.54,17.333020833333332,11.884166666666667,19.769340277777776,19.184895833333336,18.53927083333333,21.254791666666662,21.140580357142856,20.064345238095235,81.69614583333332,80.93714285714286,79.8172619047619,0.0,0.0,0.0,130.77805555555554,146.5577380952381,146.82137648809524,37664.08,98486.8,197327.93,29.30802083333333,64.29427083333334,119.54979166666666,160.84416666666664,2.6500000000000004,527008.19,43,2,36,0.0,6.0,3.0,2.0,3.4641016151377544,12.0,-1.0,11.5,9.333333333333334,3.785938897200182,2.0,0.0,2.0,1.3333333333333333,1.1547005383792517,0.0,0.0,0.0,0.0,0.0,0.0,9.0,4.5,3.0,5.196152422706632,158696.0,164676.0,241034.0,204070.66666666666,104299.61781968968,203750.0,273702.0,340601.0,285378.3333333333,166963.5437523214,203750.0,273702.0,340601.0,285378.3333333333,166963.5437523214,0.0,41.0,20.5,13.666666666666666,23.671361036774655,28.0,0.32142855994898,0.3928571288265311,0.5454544958677732,1.2222220864197684,2025-02-20,45.0,4.0,8.0,plot_level_next_window
2425,2025-02-20,M42,M,4,2,261399.0,330152.0,330152.0,0.0,15.0,0.0,7.0,5.0,45.0,96,11.767604166666668,6.18,16.81,12.212916666666668,15.488645833333337,75.38729166666667,0.0,7.179583333333333,163.27791666666667,15674.68,7.268020833333334,1.7676041666666666,13.677743055555553,15.813392857142858,17.728125000000002,16.133194444444445,17.899166666666666,19.650431547619046,79.51315972222223,78.89425595238095,80.27756696428571,0.17,0.43,0.6900000000000001,132.67184027777776,133.68846224937343,139.40532487468673,38209.49,89510.31,187032.42,11.033229166666668,40.69375000000001,108.19375,214.7317708333333,3.34,630807.07,51,2,44,6.0,-6.0,3.0,2.0,3.4641016151377544,11.0,4.0,13.0,12.666666666666666,2.0816659994661313,2.0,3.0,3.5,3.0,1.7320508075688772,0.0,0.0,0.0,0.0,0.0,9.0,-2.0,8.0,5.333333333333333,4.725815626252609,323372.0,-61973.0,292385.5,247822.33333333334,83173.25683375233,477452.0,-147300.0,403802.0,337118.0,136983.9044121608,477452.0,-147300.0,403802.0,337118.0,136983.9044121608,41.0,4.0,43.0,28.666666666666668,24.906491790963525,27.0,0.2592592496570648,0.5555555349794246,0.0,2.1428568367347376,2025-02-26,0.0,-45.0,6.0,plot_level_next_window
2425,2025-02-26,M42,M,4,2,226758.0,259067.0,259067.0,0.0,19.0,0.0,1.0,4.0,0.0,96,17.139062499999998,8.14,26.86,17.257916666666667,17.4190625,66.61020833333333,0.0,2.411875,212.98958333333331,20447.0,9.3134375,7.139062499999998,15.575416666666664,13.179315476190478,15.31251488095238,16.691736111111112,15.332008928571428,17.170074404761902,80.75583333333333,75.14138392857141,77.46912202380952,0.71,0.71,1.4,127.3667649853801,152.13437249373433,141.88008552631578,36531.46,102084.13,190208.33,16.72625,25.188437500000003,77.3084375,238.15260416666663,4.05,717216.5199999999,57,2,50,0.0,0.0,0.0,2.0,3.4641016151377544,15.0,4.0,17.0,15.0,3.999999999999999,5.0,-1.0,4.5,3.6666666666666665,1.5275252316519468,0.0,0.0,0.0,0.0,0.0,7.0,-6.0,4.0,5.666666666666667,4.163331998932266,261399.0,-34641.0,244078.5,270509.6666666667,48947.10853904781,330152.0,-71085.0,294609.5,355557.0,111386.99464030801,330152.0,-71085.0,294609.5,355557.0,111386.99464030801,45.0,-45.0,22.5,28.666666666666668,24.906491790963525,24.0,0.041666664930555625,0.7916666336805569,0.0,18.999981000019,2025-03-05,5.0,5.0,7.0,plot_level_next_window
2425,2025-01-07,M43,M,4,3,154692.0,214067.0,214067.0,0.0,3.0,1.0,10.0,0.0,91.0,96,4.62125,-0.12,9.74,4.856145833333334,9.759791666666668,72.216875,0.0,5.543958333333333,135.435,13001.76,-0.1147916666666666,0.0,9.92340277777778,10.599136904761904,10.599136904761904,12.068958333333333,12.918348214285714,12.918348214285714,71.73593749999999,67.33674107142858,67.33674107142858,0.06,0.06,0.06,114.04555555555557,129.81196428571428,129.81196428571428,32845.119999999995,87233.64,87233.64,5.148958333333333,10.828333333333331,10.828333333333331,10.828333333333331,0.06,87233.64,7,1,0,,,0.0,0.0,,,,3.0,3.0,,,,0.0,0.0,,,,1.0,1.0,,,,10.0,10.0,,,,154692.0,154692.0,,,,214067.0,214067.0,,,,214067.0,214067.0,,,,91.0,91.0,,14.0,0.7142856632653098,0.21428569897959293,0.0,0.299999970000003,2025-01-15,14.0,-77.0,8.0,plot_level_next_window
2425,2025-01-15,M43,M,4,3,166466.0,236887.0,236887.0,0.0,1.0,0.0,1.0,0.0,14.0,96,8.561458333333333,1.9,14.4,8.645208333333334,9.85375,66.91677083333333,0.0,2.7433333333333336,68.26197916666666,6553.15,2.328958333333333,0.0,9.636354166666669,8.893482142857142,9.09999255952381,11.14826388888889,10.987276785714286,11.37293898809524,71.78802083333333,70.96653273809524,68.85622023809523,0.37,0.4,0.49,80.10697916666666,103.50331845238097,117.01431547619048,23070.81,69554.23,157267.24,0.3476041666666667,2.048333333333334,7.197291666666667,12.876666666666669,0.49,170818.37,15,1,8,0.0,0.0,0.0,0.0,0.0,3.0,-2.0,2.0,2.0,1.4142135623730951,0.0,0.0,0.0,0.0,0.0,1.0,-1.0,0.5,0.5,0.7071067811865476,10.0,-9.0,5.5,5.5,6.363961030678928,154692.0,11774.0,160579.0,160579.0,8325.47524169041,214067.0,22820.0,225477.0,225477.0,16136.176746677014,214067.0,22820.0,225477.0,225477.0,16136.176746677014,91.0,-77.0,52.5,52.5,54.44722215136416,2.0,0.499999750000125,0.499999750000125,0.0,0.9999990000010001,2025-01-24,0.0,-14.0,9.0,plot_level_next_window
2425,2025-01-24,M43,M,4,3,189280.0,218551.0,218551.0,0.0,1.0,0.0,2.0,0.0,0.0,96,5.2790625,-1.52,12.93,5.436041666666667,7.218958333333333,53.24302083333333,0.0,5.271458333333333,152.44979166666667,14635.18,-4.171458333333333,0.0,4.36,8.432797619047617,8.973690476190475,6.933090277777777,10.506681547619047,10.909903273809524,70.58760416666667,74.32239583333333,73.75555803571429,0.47,2.13,2.5600000000000005,93.41087828947369,87.6885900689223,94.4654334273183,26826.73,58744.68,126779.49,0.0,14.915520833333332,16.36239583333333,28.054895833333333,2.6500000000000004,254683.16,24,1,17,0.0,0.0,0.0,0.0,0.0,1.0,0.0,1.0,1.6666666666666667,1.1547005383792517,0.0,0.0,0.0,0.0,0.0,0.0,0.0,0.0,0.3333333333333333,0.5773502691896258,1.0,1.0,1.5,4.333333333333333,4.932882862316247,166466.0,22814.0,177873.0,170146.0,17585.199344903656,236887.0,-18336.0,227719.0,223168.33333333334,12090.406334500647,236887.0,-18336.0,227719.0,223168.33333333334,12090.406334500647,14.0,-14.0,7.0,35.0,49.0,3.0,0.6666664444445185,0.33333322222225925,0.0,0.499999750000125,2025-01-29,0.0,0.0,5.0,plot_level_next_window
2425,2025-01-29,M43,M,4,3,230196.0,288205.0,288205.0,0.0,2.0,0.0,1.0,0.0,0.0,96,14.415208333333332,7.25,24.52,14.628749999999998,15.573125,74.2025,0.0,4.462916666666667,163.29208333333335,15676.04,9.072395833333331,4.415208333333332,14.289791666666666,9.98485119047619,9.8475,14.769826388888887,11.000773809523809,11.290186011904762,75.14916666666667,70.62700892857143,73.9750074404762,0.0,0.0,2.16,151.48711622807016,144.39314348370928,118.44194345238095,43486.26,96814.56,158861.89,12.869374999999998,13.239479166666664,28.41770833333333,41.294375,2.6500000000000004,329680.25999999995,29,1,22,0.0,0.0,0.0,0.0,0.0,1.0,1.0,1.5,1.3333333333333333,0.5773502691896258,0.0,0.0,0.0,0.0,0.0,0.0,0.0,0.0,0.0,0.0,2.0,-1.0,1.5,1.3333333333333333,0.5773502691896226,189280.0,40916.0,209738.0,195314.0,32290.634741361155,218551.0,69654.0,253378.0,247881.0,36104.99904445367,218551.0,69654.0,253378.0,247881.0,36104.99904445367,0.0,0.0,0.0,4.666666666666667,8.082903768654761,3.0,0.33333322222225925,0.6666664444445185,0.0,1.9999980000020001,2025-02-05,0.0,0.0,7.0,plot_level_next_window
2425,2025-02-05,M43,M,4,3,144990.0,178182.0,178182.0,0.0,0.0,0.0,0.0,1.0,0.0,96,18.68520833333333,9.8,29.29,19.00177083333333,20.30958333333333,75.6040625,0.0,3.106875,167.2046875,16051.65,13.6259375,8.685208333333332,18.88020833333333,17.893645833333334,13.93924851190476,20.283715277777777,18.988110119047622,14.994441964285716,82.0129861111111,78.69738095238095,74.6621949404762,0.0,0.0,0.0,142.03729166666665,147.0850148809524,145.73907918233084,40906.74,98841.13,195655.69,26.640625,55.255520833333335,68.49499999999999,96.54989583333332,2.6500000000000004,428521.39,36,2,29,0.0,0.0,0.0,0.0,0.0,2.0,-2.0,1.0,1.0,1.0,0.0,1.0,0.5,0.3333333333333333,0.5773502691896258,0.0,0.0,0.0,0.0,0.0,1.0,-1.0,0.5,1.0,0.999999999999998,230196.0,-85206.0,187593.0,188155.33333333334,42614.132225510984,288205.0,-110023.0,233193.5,228312.66666666666,55657.27925737417,288205.0,-110023.0,233193.5,228312.66666666666,55657.27925737417,0.0,0.0,0.0,0.0,0.0,1.0,0.0,0.0,0.0,0.0,2025-02-12,0.0,0.0,7.0,plot_level_next_window
2425,2025-02-12,M43,M,4,3,286379.0,436240.0,436240.0,7.0,5.0,0.0,0.0,1.0,0.0,96,21.88416666666667,15.34,29.99,22.11552083333333,21.982083333333332,78.26385416666666,0.0,6.814687500000001,152.95354166666667,14683.54,17.333020833333332,11.884166666666667,19.769340277777776,19.184895833333336,18.53927083333333,21.254791666666662,21.140580357142856,20.064345238095235,81.69614583333332,80.93714285714286,79.8172619047619,0.0,0.0,0.0,130.77805555555554,146.5577380952381,146.82137648809524,37664.08,98486.8,197327.93,29.30802083333333,64.29427083333334,119.54979166666666,160.84416666666664,2.6500000000000004,527008.19,43,2,36,0.0,7.0,3.5,2.3333333333333335,4.041451884327381,0.0,5.0,2.5,2.3333333333333335,2.5166114784235836,1.0,0.0,1.0,0.6666666666666666,0.5773502691896258,0.0,0.0,0.0,0.0,0.0,0.0,0.0,0.0,0.3333333333333333,0.577350269189622,144990.0,141389.0,215684.5,220521.66666666666,71189.23285394593,178182.0,258058.0,307211.0,300875.6666666667,129494.75737007013,178182.0,258058.0,307211.0,300875.6666666667,129494.75737007013,0.0,0.0,0.0,0.0,0.0,13.0,0.0,0.3846153550295881,1.399999720000056,5000000.0,2025-02-20,46.0,46.0,8.0,plot_level_next_window
2425,2025-02-20,M43,M,4,3,258678.0,341936.0,341936.0,0.0,8.0,0.0,10.0,1.0,46.0,96,11.767604166666668,6.18,16.81,12.212916666666668,15.488645833333337,75.38729166666667,0.0,7.179583333333333,163.27791666666667,15674.68,7.268020833333334,1.7676041666666666,13.677743055555553,15.813392857142858,17.728125000000002,16.133194444444445,17.899166666666666,19.650431547619046,79.51315972222223,78.89425595238095,80.27756696428571,0.17,0.43,0.6900000000000001,132.67184027777776,133.68846224937343,139.40532487468673,38209.49,89510.31,187032.42,11.033229166666668,40.69375000000001,108.19375,214.7317708333333,3.34,630807.07,51,2,44,7.0,-7.0,3.5,2.3333333333333335,4.041451884327381,5.0,3.0,6.5,4.333333333333333,4.041451884327381,1.0,0.0,1.0,1.0,0.0,0.0,0.0,0.0,0.0,0.0,0.0,10.0,5.0,3.3333333333333335,5.773502691896257,286379.0,-27701.0,272528.5,230015.66666666666,74925.69215117958,436240.0,-94304.0,389088.0,318786.0,130577.2748834957,436240.0,-94304.0,389088.0,318786.0,130577.2748834957,0.0,46.0,23.0,15.333333333333334,26.558112382722783,19.0,0.5263157617728547,0.4210526094182837,0.0,0.7999999200000081,2025-02-26,29.0,-17.0,6.0,plot_level_next_window
2425,2025-02-26,M43,M,4,3,130652.0,151672.0,151672.0,1.0,6.0,0.0,0.0,2.0,29.0,96,17.139062499999998,8.14,26.86,17.257916666666667,17.4190625,66.61020833333333,0.0,2.411875,212.98958333333331,20447.0,9.3134375,7.139062499999998,15.575416666666664,13.179315476190478,15.31251488095238,16.691736111111112,15.332008928571428,17.170074404761902,80.75583333333333,75.14138392857141,77.46912202380952,0.71,0.71,1.4,127.3667649853801,152.13437249373433,141.88008552631578,36531.46,102084.13,190208.33,16.72625,25.188437500000003,77.3084375,238.15260416666663,4.05,717216.5199999999,57,2,50,0.0,1.0,0.5,2.6666666666666665,3.7859388972001824,8.0,-2.0,7.0,6.333333333333333,1.5275252316519476,1.0,1.0,1.5,1.3333333333333333,0.5773502691896258,0.0,0.0,0.0,0.0,0.0,10.0,-10.0,5.0,3.3333333333333335,5.773502691896257,258678.0,-128026.0,194665.0,225236.33333333334,83075.16737469347,341936.0,-190264.0,246804.0,309949.3333333333,144955.49934146454,341936.0,-190264.0,246804.0,309949.3333333333,144955.49934146454,46.0,-17.0,37.5,25.0,23.259406699226012,9.0,0.0,0.6666665925926009,0.16666663888889352,6000000.0,2025-03-05,24.0,-5.0,7.0,plot_level_next_window
2425,2025-01-07,M44,M,4,4,236749.0,330183.0,330183.0,0.0,2.0,1.0,4.0,2.0,52.0,96,4.62125,-0.12,9.74,4.856145833333334,9.759791666666668,72.216875,0.0,5.543958333333333,135.435,13001.76,-0.1147916666666666,0.0,9.92340277777778,10.599136904761904,10.599136904761904,12.068958333333333,12.918348214285714,12.918348214285714,71.73593749999999,67.33674107142858,67.33674107142858,0.06,0.06,0.06,114.04555555555557,129.81196428571428,129.81196428571428,32845.119999999995,87233.64,87233.64,5.148958333333333,10.828333333333331,10.828333333333331,10.828333333333331,0.06,87233.64,7,1,0,,,0.0,0.0,,,,2.0,2.0,,,,2.0,2.0,,,,1.0,1.0,,,,4.0,4.0,,,,236749.0,236749.0,,,,330183.0,330183.0,,,,330183.0,330183.0,,,,52.0,52.0,,9.0,0.44444439506173394,0.22222219753086697,0.0,0.49999987500003124,2025-01-15,32.0,-20.0,8.0,plot_level_next_window
2425,2025-01-15,M44,M,4,4,328674.0,434951.0,434951.0,0.0,3.0,1.0,4.0,1.0,32.0,96,8.561458333333333,1.9,14.4,8.645208333333334,9.85375,66.91677083333333,0.0,2.7433333333333336,68.26197916666666,6553.15,2.328958333333333,0.0,9.636354166666669,8.893482142857142,9.09999255952381,11.14826388888889,10.987276785714286,11.37293898809524,71.78802083333333,70.96653273809524,68.85622023809523,0.37,0.4,0.49,80.10697916666666,103.50331845238097,117.01431547619048,23070.81,69554.23,157267.24,0.3476041666666667,2.048333333333334,7.197291666666667,12.876666666666669,0.49,170818.37,15,1,8,0.0,0.0,0.0,0.0,0.0,2.0,1.0,2.5,2.5,0.7071067811865476,2.0,-1.0,1.5,1.5,0.7071067811865476,1.0,0.0,1.0,1.0,0.0,4.0,0.0,4.0,4.0,0.0,236749.0,91925.0,282711.5,282711.5,65000.79086057338,330183.0,104768.0,382567.0,382567.0,74082.1632513522,330183.0,104768.0,382567.0,382567.0,74082.1632513522,52.0,-20.0,42.0,42.0,14.142135623730951,9.0,0.44444439506173394,0.33333329629630043,0.0,0.7499998125000469,2025-01-24,0.0,-32.0,9.0,plot_level_next_window
2425,2025-01-24,M44,M,4,4,260765.0,325292.0,325292.0,0.0,4.0,1.0,3.0,0.0,0.0,96,5.2790625,-1.52,12.93,5.436041666666667,7.218958333333333,53.24302083333333,0.0,5.271458333333333,152.44979166666667,14635.18,-4.171458333333333,0.0,4.36,8.432797619047617,8.973690476190475,6.933090277777777,10.506681547619047,10.909903273809524,70.58760416666667,74.32239583333333,73.75555803571429,0.47,2.13,2.5600000000000005,93.41087828947369,87.6885900689223,94.4654334273183,26826.73,58744.68,126779.49,0.0,14.915520833333332,16.36239583333333,28.054895833333333,2.6500000000000004,254683.16,24,1,17,0.0,0.0,0.0,0.0,0.0,3.0,1.0,3.5,3.0,1.0,1.0,-1.0,0.5,1.0,1.0,1.0,0.0,1.0,1.0,0.0,4.0,-1.0,3.5,3.6666666666666665,0.5773502691896257,328674.0,-67909.0,294719.5,275396.0,47677.04926901412,434951.0,-109659.0,380121.5,363475.3333333333,61948.03196497313,434951.0,-109659.0,380121.5,363475.3333333333,61948.03196497313,32.0,-32.0,16.0,28.0,26.229754097208,8.0,0.3749999531250059,0.4999999375000079,0.0,1.333332888889037,2025-01-29,0.0,0.0,5.0,plot_level_next_window
2425,2025-01-29,M44,M,4,4,282575.0,373784.0,373784.0,1.0,5.0,0.0,2.0,0.0,0.0,96,14.415208333333332,7.25,24.52,14.628749999999998,15.573125,74.2025,0.0,4.462916666666667,163.29208333333335,15676.04,9.072395833333331,4.415208333333332,14.289791666666666,9.98485119047619,9.8475,14.769826388888887,11.000773809523809,11.290186011904762,75.14916666666667,70.62700892857143,73.9750074404762,0.0,0.0,2.16,151.48711622807016,144.39314348370928,118.44194345238095,43486.26,96814.56,158861.89,12.869374999999998,13.239479166666664,28.41770833333333,41.294375,2.6500000000000004,329680.25999999995,29,1,22,0.0,1.0,0.5,0.3333333333333333,0.5773502691896258,4.0,1.0,4.5,4.0,1.0,0.0,0.0,0.0,0.3333333333333333,0.5773502691896258,1.0,-1.0,0.5,0.6666666666666666,0.5773502691896258,3.0,-1.0,2.5,3.0,0.9999999999999999,260765.0,21810.0,271670.0,290671.3333333333,34670.89601284243,325292.0,48492.0,349538.0,378009.0,54951.45165507459,325292.0,48492.0,349538.0,378009.0,54951.45165507459,0.0,0.0,0.0,10.666666666666666,18.475208614068027,8.0,0.24999996875000394,0.6249999218750099,0.199999960000008,2.499998750000625,2025-02-05,0.0,0.0,7.0,plot_level_next_window
2425,2025-02-05,M44,M,4,4,227288.0,269789.0,269789.0,0.0,5.0,2.0,1.0,0.0,0.0,96,18.68520833333333,9.8,29.29,19.00177083333333,20.30958333333333,75.6040625,0.0,3.106875,167.2046875,16051.65,13.6259375,8.685208333333332,18.88020833333333,17.893645833333334,13.93924851190476,20.283715277777777,18.988110119047622,14.994441964285716,82.0129861111111,78.69738095238095,74.6621949404762,0.0,0.0,0.0,142.03729166666665,147.0850148809524,145.73907918233084,40906.74,98841.13,195655.69,26.640625,55.255520833333335,68.49499999999999,96.54989583333332,2.6500000000000004,428521.39,36,2,29,1.0,-1.0,0.5,0.3333333333333333,0.5773502691896258,5.0,0.0,5.0,4.666666666666667,0.5773502691896257,0.0,0.0,0.0,0.0,0.0,0.0,2.0,1.0,1.0,1.0,2.0,-1.0,1.5,2.0,0.9999999999999999,282575.0,-55287.0,254931.5,256876.0,27847.914338420378,373784.0,-103995.0,321786.5,322955.0,52036.87330153494,373784.0,-103995.0,321786.5,322955.0,52036.87330153494,0.0,0.0,0.0,0.0,0.0,8.0,0.12499998437500197,0.6249999218750099,0.0,4.999995000005001,2025-02-12,0.0,0.0,7.0,plot_level_next_window
2425,2025-02-12,M44,M,4,4,337974.0,485589.0,485589.0,5.0,27.0,3.0,2.0,2.0,0.0,96,21.88416666666667,15.34,29.99,22.11552083333333,21.982083333333332,78.26385416666666,0.0,6.814687500000001,152.95354166666667,14683.54,17.333020833333332,11.884166666666667,19.769340277777776,19.184895833333336,18.53927083333333,21.254791666666662,21.140580357142856,20.064345238095235,81.69614583333332,80.93714285714286,79.8172619047619,0.0,0.0,0.0,130.77805555555554,146.5577380952381,146.82137648809524,37664.08,98486.8,197327.93,29.30802083333333,64.29427083333334,119.54979166666666,160.84416666666664,2.6500000000000004,527008.19,43,2,36,0.0,5.0,2.5,2.0,2.6457513110645907,5.0,22.0,16.0,12.333333333333334,12.701705922171767,0.0,2.0,1.0,0.6666666666666666,1.1547005383792517,2.0,1.0,2.5,1.6666666666666667,1.5275252316519468,1.0,1.0,1.5,1.6666666666666667,0.5773502691896256,227288.0,110686.0,282631.0,282612.3333333333,55343.00944413245,269789.0,215800.0,377689.0,376387.3333333333,107923.55168513188,269789.0,215800.0,377689.0,376387.3333333333,107923.55168513188,0.0,0.0,0.0,0.0,0.0,39.0,0.05128204996712693,0.6923076745562136,0.18518517832647488,13.499993250003374,2025-02-20,98.0,98.0,8.0,plot_level_next_window
2425,2025-02-20,M44,M,4,4,267063.0,349299.0,349299.0,0.0,8.0,2.0,4.0,7.0,98.0,96,11.767604166666668,6.18,16.81,12.212916666666668,15.488645833333337,75.38729166666667,0.0,7.179583333333333,163.27791666666667,15674.68,7.268020833333334,1.7676041666666666,13.677743055555553,15.813392857142858,17.728125000000002,16.133194444444445,17.899166666666666,19.650431547619046,79.51315972222223,78.89425595238095,80.27756696428571,0.17,0.43,0.6900000000000001,132.67184027777776,133.68846224937343,139.40532487468673,38209.49,89510.31,187032.42,11.033229166666668,40.69375000000001,108.19375,214.7317708333333,3.34,630807.07,51,2,44,5.0,-5.0,2.5,1.6666666666666667,2.8867513459481287,27.0,-19.0,17.5,13.333333333333334,11.930353445448855,2.0,5.0,4.5,3.0,3.605551275463989,3.0,-1.0,2.5,2.3333333333333335,0.5773502691896262,2.0,2.0,3.0,2.3333333333333335,1.5275252316519465,337974.0,-70911.0,302518.5,277441.6666666667,56068.12989866287,485589.0,-136290.0,417444.0,368225.6666666667,109137.86709173555,485589.0,-136290.0,417444.0,368225.6666666667,109137.86709173555,0.0,98.0,49.0,32.666666666666664,56.58032638058333,21.0,0.19047618140589612,0.38095236281179223,0.0,1.999999500000125,2025-02-26,40.0,-58.0,6.0,plot_level_next_window
2425,2025-02-26,M44,M,4,4,204445.0,232118.0,232118.0,0.0,4.0,0.0,2.0,3.0,40.0,96,17.139062499999998,8.14,26.86,17.257916666666667,17.4190625,66.61020833333333,0.0,2.411875,212.98958333333331,20447.0,9.3134375,7.139062499999998,15.575416666666664,13.179315476190478,15.31251488095238,16.691736111111112,15.332008928571428,17.170074404761902,80.75583333333333,75.14138392857141,77.46912202380952,0.71,0.71,1.4,127.3667649853801,152.13437249373433,141.88008552631578,36531.46,102084.13,190208.33,16.72625,25.188437500000003,77.3084375,238.15260416666663,4.05,717216.5199999999,57,2,50,0.0,0.0,0.0,1.6666666666666667,2.8867513459481287,8.0,-4.0,6.0,13.0,12.288205727444508,7.0,-4.0,5.0,4.0,2.6457513110645907,2.0,-2.0,1.0,1.6666666666666667,1.5275252316519468,4.0,-2.0,3.0,2.6666666666666665,1.1547005383792512,267063.0,-62618.0,235754.0,269827.3333333333,66807.40688227116,349299.0,-117181.0,290708.5,355668.6666666667,126855.49436399409,349299.0,-117181.0,290708.5,355668.6666666667,126855.49436399409,98.0,-58.0,69.0,46.0,49.274739979019685,9.0,0.22222219753086697,0.44444439506173394,0.0,1.9999990000005,2025-03-05,48.0,8.0,7.0,plot_level_next_window
2425,2025-01-07,M45,M,4,5,121222.0,166207.0,166207.0,0.0,0.0,2.0,1.0,1.0,32.0,96,4.62125,-0.12,9.74,4.856145833333334,9.759791666666668,72.216875,0.0,5.543958333333333,135.435,13001.76,-0.1147916666666666,0.0,9.92340277777778,10.599136904761904,10.599136904761904,12.068958333333333,12.918348214285714,12.918348214285714,71.73593749999999,67.33674107142858,67.33674107142858,0.06,0.06,0.06,114.04555555555557,129.81196428571428,129.81196428571428,32845.119999999995,87233.64,87233.64,5.148958333333333,10.828333333333331,10.828333333333331,10.828333333333331,0.06,87233.64,7,1,0,,,0.0,0.0,,,,0.0,0.0,,,,1.0,1.0,,,,2.0,2.0,,,,1.0,1.0,,,,121222.0,121222.0,,,,166207.0,166207.0,,,,166207.0,166207.0,,,,32.0,32.0,,4.0,0.24999993750001562,0.0,0.0,0.0,2025-01-15,12.0,-20.0,8.0,plot_level_next_window
2425,2025-01-15,M45,M,4,5,195859.0,258066.0,258066.0,0.0,4.0,0.0,0.0,0.0,12.0,96,8.561458333333333,1.9,14.4,8.645208333333334,9.85375,66.91677083333333,0.0,2.7433333333333336,68.26197916666666,6553.15,2.328958333333333,0.0,9.636354166666669,8.893482142857142,9.09999255952381,11.14826388888889,10.987276785714286,11.37293898809524,71.78802083333333,70.96653273809524,68.85622023809523,0.37,0.4,0.49,80.10697916666666,103.50331845238097,117.01431547619048,23070.81,69554.23,157267.24,0.3476041666666667,2.048333333333334,7.197291666666667,12.876666666666669,0.49,170818.37,15,1,8,0.0,0.0,0.0,0.0,0.0,0.0,4.0,2.0,2.0,2.8284271247461903,1.0,-1.0,0.5,0.5,0.7071067811865476,2.0,-2.0,1.0,1.0,1.4142135623730951,1.0,-1.0,0.5,0.5,0.7071067811865476,121222.0,74637.0,158540.5,158540.5,52776.328827420344,166207.0,91859.0,212136.5,212136.5,64954.12181301507,166207.0,91859.0,212136.5,212136.5,64954.12181301507,32.0,-20.0,22.0,22.0,14.142135623730951,4.0,0.0,0.9999997500000625,0.0,4000000.0,2025-01-24,0.0,-12.0,9.0,plot_level_next_window
2425,2025-01-24,M45,M,4,5,128636.0,151908.0,151908.0,0.0,1.0,0.0,0.0,0.0,0.0,96,5.2790625,-1.52,12.93,5.436041666666667,7.218958333333333,53.24302083333333,0.0,5.271458333333333,152.44979166666667,14635.18,-4.171458333333333,0.0,4.36,8.432797619047617,8.973690476190475,6.933090277777777,10.506681547619047,10.909903273809524,70.58760416666667,74.32239583333333,73.75555803571429,0.47,2.13,2.5600000000000005,93.41087828947369,87.6885900689223,94.4654334273183,26826.73,58744.68,126779.49,0.0,14.915520833333332,16.36239583333333,28.054895833333333,2.6500000000000004,254683.16,24,1,17,0.0,0.0,0.0,0.0,0.0,4.0,-3.0,2.5,1.6666666666666667,2.0816659994661326,0.0,0.0,0.0,0.3333333333333333,0.5773502691896258,0.0,0.0,0.0,0.6666666666666666,1.1547005383792517,0.0,0.0,0.0,0.3333333333333333,0.5773502691896258,195859.0,-67223.0,162247.5,148572.33333333334,41118.89446876379,258066.0,-106158.0,204987.0,192060.33333333334,57607.95408911285,258066.0,-106158.0,204987.0,192060.33333333334,57607.95408911285,12.0,-12.0,6.0,14.666666666666666,16.165807537309522,1.0,0.0,0.9999990000010001,0.0,1000000.0,2025-01-29,0.0,0.0,5.0,plot_level_next_window
2425,2025-01-29,M45,M,4,5,177796.0,234820.0,234820.0,0.0,2.0,0.0,1.0,0.0,0.0,96,14.415208333333332,7.25,24.52,14.628749999999998,15.573125,74.2025,0.0,4.462916666666667,163.29208333333335,15676.04,9.072395833333331,4.415208333333332,14.289791666666666,9.98485119047619,9.8475,14.769826388888887,11.000773809523809,11.290186011904762,75.14916666666667,70.62700892857143,73.9750074404762,0.0,0.0,2.16,151.48711622807016,144.39314348370928,118.44194345238095,43486.26,96814.56,158861.89,12.869374999999998,13.239479166666664,28.41770833333333,41.294375,2.6500000000000004,329680.25999999995,29,1,22,0.0,0.0,0.0,0.0,0.0,1.0,1.0,1.5,2.3333333333333335,1.5275252316519465,0.0,0.0,0.0,0.0,0.0,0.0,0.0,0.0,0.0,0.0,0.0,1.0,0.5,0.3333333333333333,0.5773502691896258,128636.0,49160.0,153216.0,167430.33333333334,34789.627999352524,151908.0,82912.0,193364.0,214931.33333333334,55803.669568706086,151908.0,82912.0,193364.0,214931.33333333334,55803.669568706086,0.0,0.0,0.0,4.0,6.928203230275514,3.0,0.33333322222225925,0.6666664444445185,0.0,1.9999980000020001,2025-02-05,0.0,0.0,7.0,plot_level_next_window
2425,2025-02-05,M45,M,4,5,143344.0,167631.0,167631.0,0.0,1.0,0.0,1.0,0.0,0.0,96,18.68520833333333,9.8,29.29,19.00177083333333,20.30958333333333,75.6040625,0.0,3.106875,167.2046875,16051.65,13.6259375,8.685208333333332,18.88020833333333,17.893645833333334,13.93924851190476,20.283715277777777,18.988110119047622,14.994441964285716,82.0129861111111,78.69738095238095,74.6621949404762,0.0,0.0,0.0,142.03729166666665,147.0850148809524,145.73907918233084,40906.74,98841.13,195655.69,26.640625,55.255520833333335,68.49499999999999,96.54989583333332,2.6500000000000004,428521.39,36,2,29,0.0,0.0,0.0,0.0,0.0,2.0,-1.0,1.5,1.3333333333333333,0.5773502691896258,0.0,0.0,0.0,0.0,0.0,0.0,0.0,0.0,0.0,0.0,1.0,0.0,1.0,0.6666666666666666,0.5773502691896258,177796.0,-34452.0,160570.0,149925.33333333334,25232.159268150903,234820.0,-67189.0,201225.5,184786.33333333334,44037.8136643196,234820.0,-67189.0,201225.5,184786.33333333334,44037.8136643196,0.0,0.0,0.0,0.0,0.0,2.0,0.499999750000125,0.499999750000125,0.0,0.9999990000010001,2025-02-12,5.0,5.0,7.0,plot_level_next_window
2425,2025-02-12,M45,M,4,5,218503.0,294148.0,294148.0,1.0,19.0,0.0,0.0,3.0,5.0,96,21.88416666666667,15.34,29.99,22.11552083333333,21.982083333333332,78.26385416666666,0.0,6.814687500000001,152.95354166666667,14683.54,17.333020833333332,11.884166666666667,19.769340277777776,19.184895833333336,18.53927083333333,21.254791666666662,21.140580357142856,20.064345238095235,81.69614583333332,80.93714285714286,79.8172619047619,0.0,0.0,0.0,130.77805555555554,146.5577380952381,146.82137648809524,37664.08,98486.8,197327.93,29.30802083333333,64.29427083333334,119.54979166666666,160.84416666666664,2.6500000000000004,527008.19,43,2,36,0.0,1.0,0.5,0.3333333333333333,0.5773502691896258,1.0,18.0,10.0,7.333333333333333,10.115993936995679,0.0,3.0,1.5,1.0,1.7320508075688772,0.0,0.0,0.0,0.0,0.0,1.0,-1.0,0.5,0.6666666666666666,0.5773502691896258,143344.0,75159.0,180923.5,179881.0,37622.855274420624,167631.0,126517.0,230889.5,232199.66666666666,63299.18982367258,167631.0,126517.0,230889.5,232199.66666666666,63299.18982367258,0.0,5.0,2.5,1.6666666666666667,2.8867513459481287,23.0,0.0,0.8260869206049165,0.05263157617728546,19000000.0,2025-02-20,32.0,27.0,8.0,plot_level_next_window
2425,2025-02-20,M45,M,4,5,292378.0,386293.0,386293.0,0.0,25.0,0.0,7.0,1.0,32.0,96,11.767604166666668,6.18,16.81,12.212916666666668,15.488645833333337,75.38729166666667,0.0,7.179583333333333,163.27791666666667,15674.68,7.268020833333334,1.7676041666666666,13.677743055555553,15.813392857142858,17.728125000000002,16.133194444444445,17.899166666666666,19.650431547619046,79.51315972222223,78.89425595238095,80.27756696428571,0.17,0.43,0.6900000000000001,132.67184027777776,133.68846224937343,139.40532487468673,38209.49,89510.31,187032.42,11.033229166666668,40.69375000000001,108.19375,214.7317708333333,3.34,630807.07,51,2,44,1.0,-1.0,0.5,0.3333333333333333,0.5773502691896258,19.0,6.0,22.0,15.0,12.489995996796797,3.0,-2.0,2.0,1.3333333333333333,1.5275252316519468,0.0,0.0,0.0,0.0,0.0,0.0,7.0,3.5,2.6666666666666665,3.785938897200183,218503.0,73875.0,255440.5,218075.0,74517.9218510554,294148.0,92145.0,340220.5,282690.6666666667,109780.32804803114,294148.0,92145.0,340220.5,282690.6666666667,109780.32804803114,5.0,27.0,18.5,12.333333333333334,17.21433511156714,33.0,0.21212120569329682,0.7575757346189171,0.0,3.571428061224563,2025-02-26,24.0,-8.0,6.0,plot_level_next_window
2425,2025-02-26,M45,M,4,5,193606.0,218624.0,218624.0,0.0,10.0,0.0,0.0,3.0,24.0,96,17.139062499999998,8.14,26.86,17.257916666666667,17.4190625,66.61020833333333,0.0,2.411875,212.98958333333331,20447.0,9.3134375,7.139062499999998,15.575416666666664,13.179315476190478,15.31251488095238,16.691736111111112,15.332008928571428,17.170074404761902,80.75583333333333,75.14138392857141,77.46912202380952,0.71,0.71,1.4,127.3667649853801,152.13437249373433,141.88008552631578,36531.46,102084.13,190208.33,16.72625,25.188437500000003,77.3084375,238.15260416666663,4.05,717216.5199999999,57,2,50,0.0,0.0,0.0,0.3333333333333333,0.5773502691896258,25.0,-15.0,17.5,18.0,7.54983443527075,1.0,2.0,2.0,2.3333333333333335,1.1547005383792517,0.0,0.0,0.0,0.0,0.0,7.0,-7.0,3.5,2.3333333333333335,4.041451884327381,292378.0,-98772.0,242992.0,234829.0,51370.03701575462,386293.0,-167669.0,302458.5,299688.3333333333,83971.69082692885,386293.0,-167669.0,302458.5,299688.3333333333,83971.69082692885,32.0,-8.0,28.0,20.333333333333332,13.868429375143146,13.0,0.0,0.7692307100591762,0.0,10000000.0,2025-03-05,2.0,-22.0,7.0,plot_level_next_window
2425,2025-01-07,M51,M,5,1,178490.0,237719.0,237719.0,0.0,1.0,0.0,1.0,1.0,2.0,96,4.62125,-0.12,9.74,4.856145833333334,9.759791666666668,72.216875,0.0,5.543958333333333,135.435,13001.76,-0.1147916666666666,0.0,9.92340277777778,10.599136904761904,10.599136904761904,12.068958333333333,12.918348214285714,12.918348214285714,71.73593749999999,67.33674107142858,67.33674107142858,0.06,0.06,0.06,114.04555555555557,129.81196428571428,129.81196428571428,32845.119999999995,87233.64,87233.64,5.148958333333333,10.828333333333331,10.828333333333331,10.828333333333331,0.06,87233.64,7,1,0,,,0.0,0.0,,,,1.0,1.0,,,,1.0,1.0,,,,0.0,0.0,,,,1.0,1.0,,,,178490.0,178490.0,,,,237719.0,237719.0,,,,237719.0,237719.0,,,,2.0,2.0,,3.0,0.33333322222225925,0.33333322222225925,0.0,0.9999990000010001,2025-01-15,3.0,1.0,8.0,plot_level_next_window
2425,2025-01-15,M51,M,5,1,254875.0,306737.0,306737.0,0.0,9.0,0.0,2.0,0.0,3.0,96,8.561458333333333,1.9,14.4,8.645208333333334,9.85375,66.91677083333333,0.0,2.7433333333333336,68.26197916666666,6553.15,2.328958333333333,0.0,9.636354166666669,8.893482142857142,9.09999255952381,11.14826388888889,10.987276785714286,11.37293898809524,71.78802083333333,70.96653273809524,68.85622023809523,0.37,0.4,0.49,80.10697916666666,103.50331845238097,117.01431547619048,23070.81,69554.23,157267.24,0.3476041666666667,2.048333333333334,7.197291666666667,12.876666666666669,0.49,170818.37,15,1,8,0.0,0.0,0.0,0.0,0.0,1.0,8.0,5.0,5.0,5.656854249492381,1.0,-1.0,0.5,0.5,0.7071067811865476,0.0,0.0,0.0,0.0,0.0,1.0,1.0,1.5,1.5,0.7071067811865476,178490.0,76385.0,216682.5,216682.5,54012.351480934434,237719.0,69018.0,272228.0,272228.0,48803.09582393314,237719.0,69018.0,272228.0,272228.0,48803.09582393314,2.0,1.0,2.5,2.5,0.7071067811865476,11.0,0.1818181652892577,0.8181817438016598,0.0,4.499997750001125,2025-01-24,0.0,-3.0,9.0,plot_level_next_window
2425,2025-01-24,M51,M,5,1,266131.0,318421.0,318421.0,0.0,3.0,0.0,0.0,0.0,0.0,96,5.2790625,-1.52,12.93,5.436041666666667,7.218958333333333,53.24302083333333,0.0,5.271458333333333,152.44979166666667,14635.18,-4.171458333333333,0.0,4.36,8.432797619047617,8.973690476190475,6.933090277777777,10.506681547619047,10.909903273809524,70.58760416666667,74.32239583333333,73.75555803571429,0.47,2.13,2.5600000000000005,93.41087828947369,87.6885900689223,94.4654334273183,26826.73,58744.68,126779.49,0.0,14.915520833333332,16.36239583333333,28.054895833333333,2.6500000000000004,254683.16,24,1,17,0.0,0.0,0.0,0.0,0.0,9.0,-6.0,6.0,4.333333333333333,4.163331998932265,0.0,0.0,0.0,0.3333333333333333,0.5773502691896258,0.0,0.0,0.0,0.0,0.0,2.0,-2.0,1.0,1.0,1.0,254875.0,11256.0,260503.0,233165.33333333334,47683.5237826792,306737.0,11684.0,312579.0,287625.6666666667,43613.47839066878,306737.0,11684.0,312579.0,287625.6666666667,43613.47839066878,3.0,-3.0,1.5,1.6666666666666667,1.5275252316519465,3.0,0.0,0.9999996666667778,0.0,3000000.0,2025-01-29,0.0,0.0,5.0,plot_level_next_window
2425,2025-01-29,M51,M,5,1,203434.0,225716.0,225716.0,0.0,2.0,0.0,1.0,1.0,0.0,96,14.415208333333332,7.25,24.52,14.628749999999998,15.573125,74.2025,0.0,4.462916666666667,163.29208333333335,15676.04,9.072395833333331,4.415208333333332,14.289791666666666,9.98485119047619,9.8475,14.769826388888887,11.000773809523809,11.290186011904762,75.14916666666667,70.62700892857143,73.9750074404762,0.0,0.0,2.16,151.48711622807016,144.39314348370928,118.44194345238095,43486.26,96814.56,158861.89,12.869374999999998,13.239479166666664,28.41770833333333,41.294375,2.6500000000000004,329680.25999999995,29,1,22,0.0,0.0,0.0,0.0,0.0,3.0,-1.0,2.5,4.666666666666667,3.7859388972001824,0.0,1.0,0.5,0.3333333333333333,0.5773502691896258,0.0,0.0,0.0,0.0,0.0,0.0,1.0,0.5,1.0,1.0,266131.0,-62697.0,234782.5,241480.0,33426.00740441489,318421.0,-92705.0,272068.5,283624.6666666667,50489.496138635935,318421.0,-92705.0,272068.5,283624.6666666667,50489.496138635935,0.0,0.0,0.0,1.0,1.732050807568877,4.0,0.24999993750001562,0.49999987500003124,0.0,1.9999980000020001,2025-02-05,18.0,18.0,7.0,plot_level_next_window
2425,2025-02-05,M51,M,5,1,312258.0,355470.0,355470.0,0.0,8.0,0.0,2.0,8.0,18.0,96,18.68520833333333,9.8,29.29,19.00177083333333,20.30958333333333,75.6040625,0.0,3.106875,167.2046875,16051.65,13.6259375,8.685208333333332,18.88020833333333,17.893645833333334,13.93924851190476,20.283715277777777,18.988110119047622,14.994441964285716,82.0129861111111,78.69738095238095,74.6621949404762,0.0,0.0,0.0,142.03729166666665,147.0850148809524,145.73907918233084,40906.74,98841.13,195655.69,26.640625,55.255520833333335,68.49499999999999,96.54989583333332,2.6500000000000004,428521.39,36,2,29,0.0,0.0,0.0,0.0,0.0,2.0,6.0,5.0,4.333333333333333,3.2145502536643185,1.0,7.0,4.5,3.0,4.358898943540674,0.0,0.0,0.0,0.0,0.0,1.0,1.0,1.5,1.0,1.0,203434.0,108824.0,257846.0,260607.66666666666,54621.84684110684,225716.0,129754.0,290593.0,299869.0,66836.79867408372,225716.0,129754.0,290593.0,299869.0,66836.79867408372,0.0,18.0,9.0,6.0,10.392304845413264,18.0,0.11111110493827195,0.4444444197530878,0.0,3.999998000001,2025-02-12,53.0,35.0,7.0,plot_level_next_window
2425,2025-02-12,M51,M,5,1,350417.0,467214.0,467214.0,7.0,24.0,3.0,7.0,2.0,53.0,96,21.88416666666667,15.34,29.99,22.11552083333333,21.982083333333332,78.26385416666666,0.0,6.814687500000001,152.95354166666667,14683.54,17.333020833333332,11.884166666666667,19.769340277777776,19.184895833333336,18.53927083333333,21.254791666666662,21.140580357142856,20.064345238095235,81.69614583333332,80.93714285714286,79.8172619047619,0.0,0.0,0.0,130.77805555555554,146.5577380952381,146.82137648809524,37664.08,98486.8,197327.93,29.30802083333333,64.29427083333334,119.54979166666666,160.84416666666664,2.6500000000000004,527008.19,43,2,36,0.0,7.0,3.5,2.3333333333333335,4.041451884327381,8.0,16.0,16.0,11.333333333333334,11.372481406154654,8.0,-6.0,5.0,3.6666666666666665,3.7859388972001824,0.0,3.0,1.5,1.0,1.7320508075688772,2.0,5.0,4.5,3.3333333333333335,3.2145502536643185,312258.0,38159.0,331337.5,288703.0,76270.10614257725,355470.0,111744.0,411342.0,349466.6666666667,120860.87460106076,355470.0,111744.0,411342.0,349466.6666666667,120860.87460106076,18.0,35.0,35.5,23.666666666666668,26.950572040929547,43.0,0.16279069388858852,0.5581395219037321,0.2916666545138894,3.42857093877558,2025-02-20,101.0,48.0,8.0,plot_level_next_window
2425,2025-02-20,M51,M,5,1,333276.0,399253.0,399253.0,0.0,17.0,1.0,6.0,5.0,101.0,96,11.767604166666668,6.18,16.81,12.212916666666668,15.488645833333337,75.38729166666667,0.0,7.179583333333333,163.27791666666667,15674.68,7.268020833333334,1.7676041666666666,13.677743055555553,15.813392857142858,17.728125000000002,16.133194444444445,17.899166666666666,19.650431547619046,79.51315972222223,78.89425595238095,80.27756696428571,0.17,0.43,0.6900000000000001,132.67184027777776,133.68846224937343,139.40532487468673,38209.49,89510.31,187032.42,11.033229166666668,40.69375000000001,108.19375,214.7317708333333,3.34,630807.07,51,2,44,7.0,-7.0,3.5,2.3333333333333335,4.041451884327381,24.0,-7.0,20.5,16.333333333333332,8.02080627701064,2.0,3.0,3.5,5.0,3.0,3.0,-2.0,2.0,1.3333333333333333,1.5275252316519468,7.0,-1.0,6.5,5.0,2.6457513110645907,350417.0,-17141.0,341846.5,331983.6666666667,19112.297463500647,467214.0,-67961.0,433233.5,407312.3333333333,56306.26096921486,467214.0,-67961.0,433233.5,407312.3333333333,56306.26096921486,53.0,48.0,77.0,57.333333333333336,41.669333248005465,29.0,0.20689654458977433,0.5862068763376939,0.0,2.83333286111119,2025-02-26,35.0,-66.0,6.0,plot_level_next_window
2425,2025-02-26,M51,M,5,1,253623.0,293614.0,293614.0,1.0,18.0,1.0,4.0,6.0,35.0,96,17.139062499999998,8.14,26.86,17.257916666666667,17.4190625,66.61020833333333,0.0,2.411875,212.98958333333331,20447.0,9.3134375,7.139062499999998,15.575416666666664,13.179315476190478,15.31251488095238,16.691736111111112,15.332008928571428,17.170074404761902,80.75583333333333,75.14138392857141,77.46912202380952,0.71,0.71,1.4,127.3667649853801,152.13437249373433,141.88008552631578,36531.46,102084.13,190208.33,16.72625,25.188437500000003,77.3084375,238.15260416666663,4.05,717216.5199999999,57,2,50,0.0,1.0,0.5,2.6666666666666665,3.7859388972001824,17.0,1.0,17.5,19.666666666666668,3.785938897200179,5.0,1.0,5.5,4.333333333333333,2.081665999466133,1.0,0.0,1.0,1.6666666666666667,1.1547005383792517,6.0,-2.0,5.0,5.666666666666667,1.5275252316519472,333276.0,-79653.0,293449.5,312438.6666666667,51651.86786877444,399253.0,-105639.0,346433.5,386693.6666666667,87478.81252242357,399253.0,-105639.0,346433.5,386693.6666666667,87478.81252242357,101.0,-66.0,68.0,63.0,34.117444218463966,30.0,0.13333332888888902,0.5999999800000007,0.055555552469135974,4.499998875000281,2025-03-05,17.0,-18.0,7.0,plot_level_next_window
2425,2025-01-07,M52,M,5,2,184420.0,253704.0,253704.0,0.0,8.0,0.0,2.0,2.0,28.0,96,4.62125,-0.12,9.74,4.856145833333334,9.759791666666668,72.216875,0.0,5.543958333333333,135.435,13001.76,-0.1147916666666666,0.0,9.92340277777778,10.599136904761904,10.599136904761904,12.068958333333333,12.918348214285714,12.918348214285714,71.73593749999999,67.33674107142858,67.33674107142858,0.06,0.06,0.06,114.04555555555557,129.81196428571428,129.81196428571428,32845.119999999995,87233.64,87233.64,5.148958333333333,10.828333333333331,10.828333333333331,10.828333333333331,0.06,87233.64,7,1,0,,,0.0,0.0,,,,8.0,8.0,,,,2.0,2.0,,,,0.0,0.0,,,,2.0,2.0,,,,184420.0,184420.0,,,,253704.0,253704.0,,,,253704.0,253704.0,,,,28.0,28.0,,12.0,0.16666665277777895,0.6666666111111158,0.0,3.999998000001,2025-01-15,0.0,-28.0,8.0,plot_level_next_window
2425,2025-01-15,M52,M,5,2,175760.0,225636.0,225636.0,0.0,8.0,0.0,0.0,0.0,0.0,96,8.561458333333333,1.9,14.4,8.645208333333334,9.85375,66.91677083333333,0.0,2.7433333333333336,68.26197916666666,6553.15,2.328958333333333,0.0,9.636354166666669,8.893482142857142,9.09999255952381,11.14826388888889,10.987276785714286,11.37293898809524,71.78802083333333,70.96653273809524,68.85622023809523,0.37,0.4,0.49,80.10697916666666,103.50331845238097,117.01431547619048,23070.81,69554.23,157267.24,0.3476041666666667,2.048333333333334,7.197291666666667,12.876666666666669,0.49,170818.37,15,1,8,0.0,0.0,0.0,0.0,0.0,8.0,0.0,8.0,8.0,0.0,2.0,-2.0,1.0,1.0,1.4142135623730951,0.0,0.0,0.0,0.0,0.0,2.0,-2.0,1.0,1.0,1.4142135623730951,184420.0,-8660.0,180090.0,180090.0,6123.544725075501,253704.0,-28068.0,239670.0,239670.0,19847.073134344017,253704.0,-28068.0,239670.0,239670.0,19847.073134344017,28.0,-28.0,14.0,14.0,19.79898987322333,8.0,0.0,0.9999998750000157,0.0,8000000.0,2025-01-24,0.0,0.0,9.0,plot_level_next_window
2425,2025-01-24,M52,M,5,2,211589.0,252440.0,252440.0,0.0,1.0,0.0,0.0,0.0,0.0,96,5.2790625,-1.52,12.93,5.436041666666667,7.218958333333333,53.24302083333333,0.0,5.271458333333333,152.44979166666667,14635.18,-4.171458333333333,0.0,4.36,8.432797619047617,8.973690476190475,6.933090277777777,10.506681547619047,10.909903273809524,70.58760416666667,74.32239583333333,73.75555803571429,0.47,2.13,2.5600000000000005,93.41087828947369,87.6885900689223,94.4654334273183,26826.73,58744.68,126779.49,0.0,14.915520833333332,16.36239583333333,28.054895833333333,2.6500000000000004,254683.16,24,1,17,0.0,0.0,0.0,0.0,0.0,8.0,-7.0,4.5,5.666666666666667,4.041451884327381,0.0,0.0,0.0,0.6666666666666666,1.1547005383792517,0.0,0.0,0.0,0.0,0.0,0.0,0.0,0.0,0.6666666666666666,1.1547005383792517,175760.0,35829.0,193674.5,190589.66666666666,18694.32802572303,225636.0,26804.0,239038.0,243926.66666666666,15852.784907811416,225636.0,26804.0,239038.0,243926.66666666666,15852.784907811416,0.0,0.0,0.0,9.333333333333334,16.165807537309522,1.0,0.0,0.9999990000010001,0.0,1000000.0,2025-01-29,5.0,5.0,5.0,plot_level_next_window
2425,2025-01-29,M52,M,5,2,222639.0,259335.0,259335.0,0.0,3.0,0.0,0.0,0.0,5.0,96,14.415208333333332,7.25,24.52,14.628749999999998,15.573125,74.2025,0.0,4.462916666666667,163.29208333333335,15676.04,9.072395833333331,4.415208333333332,14.289791666666666,9.98485119047619,9.8475,14.769826388888887,11.000773809523809,11.290186011904762,75.14916666666667,70.62700892857143,73.9750074404762,0.0,0.0,2.16,151.48711622807016,144.39314348370928,118.44194345238095,43486.26,96814.56,158861.89,12.869374999999998,13.239479166666664,28.41770833333333,41.294375,2.6500000000000004,329680.25999999995,29,1,22,0.0,0.0,0.0,0.0,0.0,1.0,2.0,2.0,4.0,3.6055512754639887,0.0,0.0,0.0,0.0,0.0,0.0,0.0,0.0,0.0,0.0,0.0,0.0,0.0,0.0,0.0,211589.0,11050.0,217114.0,203329.33333333334,24506.6670588502,252440.0,6895.0,255887.5,245803.66666666666,17802.70598345469,252440.0,6895.0,255887.5,245803.66666666666,17802.70598345469,0.0,5.0,2.5,1.6666666666666667,2.8867513459481287,3.0,0.0,0.9999996666667778,0.0,3000000.0,2025-02-05,0.0,-5.0,7.0,plot_level_next_window
2425,2025-02-05,M52,M,5,2,278424.0,326179.0,326179.0,0.0,2.0,0.0,0.0,1.0,0.0,96,18.68520833333333,9.8,29.29,19.00177083333333,20.30958333333333,75.6040625,0.0,3.106875,167.2046875,16051.65,13.6259375,8.685208333333332,18.88020833333333,17.893645833333334,13.93924851190476,20.283715277777777,18.988110119047622,14.994441964285716,82.0129861111111,78.69738095238095,74.6621949404762,0.0,0.0,0.0,142.03729166666665,147.0850148809524,145.73907918233084,40906.74,98841.13,195655.69,26.640625,55.255520833333335,68.49499999999999,96.54989583333332,2.6500000000000004,428521.39,36,2,29,0.0,0.0,0.0,0.0,0.0,3.0,-1.0,2.5,2.0,0.9999999999999982,0.0,1.0,0.5,0.3333333333333333,0.5773502691896258,0.0,0.0,0.0,0.0,0.0,0.0,0.0,0.0,0.0,0.0,222639.0,55785.0,250531.5,237550.66666666666,35825.935554195,259335.0,66844.0,292757.0,279318.0,40728.985342136875,259335.0,66844.0,292757.0,279318.0,40728.985342136875,5.0,-5.0,2.5,1.6666666666666667,2.8867513459481287,3.0,0.0,0.6666664444445185,0.0,2000000.0,2025-02-12,53.0,53.0,7.0,plot_level_next_window
2425,2025-02-12,M52,M,5,2,228408.0,328155.0,328155.0,8.0,10.0,0.0,1.0,0.0,53.0,96,21.88416666666667,15.34,29.99,22.11552083333333,21.982083333333332,78.26385416666666,0.0,6.814687500000001,152.95354166666667,14683.54,17.333020833333332,11.884166666666667,19.769340277777776,19.184895833333336,18.53927083333333,21.254791666666662,21.140580357142856,20.064345238095235,81.69614583333332,80.93714285714286,79.8172619047619,0.0,0.0,0.0,130.77805555555554,146.5577380952381,146.82137648809524,37664.08,98486.8,197327.93,29.30802083333333,64.29427083333334,119.54979166666666,160.84416666666664,2.6500000000000004,527008.19,43,2,36,0.0,8.0,4.0,2.6666666666666665,4.618802153517007,2.0,8.0,6.0,5.0,4.358898943540673,1.0,-1.0,0.5,0.3333333333333333,0.5773502691896258,0.0,0.0,0.0,0.0,0.0,0.0,1.0,0.5,0.3333333333333333,0.5773502691896258,278424.0,-50016.0,253416.0,243157.0,30678.026452169317,326179.0,1976.0,327167.0,304556.3333333333,39175.284112988054,326179.0,1976.0,327167.0,304556.3333333333,39175.284112988054,0.0,53.0,26.5,19.333333333333332,29.263173671584795,19.0,0.05263157617728546,0.5263157617728547,0.7999999200000081,9.999990000010001,2025-02-20,83.0,30.0,8.0,plot_level_next_window
2425,2025-02-20,M52,M,5,2,239426.0,303942.0,303942.0,1.0,17.0,0.0,1.0,2.0,83.0,96,11.767604166666668,6.18,16.81,12.212916666666668,15.488645833333337,75.38729166666667,0.0,7.179583333333333,163.27791666666667,15674.68,7.268020833333334,1.7676041666666666,13.677743055555553,15.813392857142858,17.728125000000002,16.133194444444445,17.899166666666666,19.650431547619046,79.51315972222223,78.89425595238095,80.27756696428571,0.17,0.43,0.6900000000000001,132.67184027777776,133.68846224937343,139.40532487468673,38209.49,89510.31,187032.42,11.033229166666668,40.69375000000001,108.19375,214.7317708333333,3.34,630807.07,51,2,44,8.0,-7.0,4.5,3.0,4.358898943540674,10.0,7.0,13.5,9.666666666666666,7.505553499465135,0.0,2.0,1.0,1.0,1.0,0.0,0.0,0.0,0.0,0.0,1.0,0.0,1.0,0.6666666666666666,0.5773502691896258,228408.0,11018.0,233917.0,248752.66666666666,26280.03229323232,328155.0,-24213.0,316048.5,319425.3333333333,13445.309677851763,328155.0,-24213.0,316048.5,319425.3333333333,13445.309677851763,53.0,30.0,68.0,45.333333333333336,42.027768598074935,21.0,0.04761904535147403,0.8095237709750585,0.05882352595155729,16.999983000017,2025-02-26,19.0,-64.0,6.0,plot_level_next_window
2425,2025-02-26,M52,M,5,2,242122.0,283891.0,283891.0,0.0,2.0,0.0,0.0,0.0,19.0,96,17.139062499999998,8.14,26.86,17.257916666666667,17.4190625,66.61020833333333,0.0,2.411875,212.98958333333331,20447.0,9.3134375,7.139062499999998,15.575416666666664,13.179315476190478,15.31251488095238,16.691736111111112,15.332008928571428,17.170074404761902,80.75583333333333,75.14138392857141,77.46912202380952,0.71,0.71,1.4,127.3667649853801,152.13437249373433,141.88008552631578,36531.46,102084.13,190208.33,16.72625,25.188437500000003,77.3084375,238.15260416666663,4.05,717216.5199999999,57,2,50,1.0,-1.0,0.5,3.0,4.358898943540674,17.0,-15.0,9.5,9.666666666666666,7.505553499465135,2.0,-2.0,1.0,0.6666666666666666,1.1547005383792517,0.0,0.0,0.0,0.0,0.0,1.0,-1.0,0.5,0.6666666666666666,0.5773502691896258,239426.0,2696.0,240774.0,236652.0,7265.655923590114,303942.0,-20051.0,293916.5,305329.3333333333,22164.58761929339,303942.0,-20051.0,293916.5,305329.3333333333,22164.58761929339,83.0,-64.0,51.0,51.666666666666664,32.02082655606088,2.0,0.0,0.99999950000025,0.0,2000000.0,2025-03-05,26.0,7.0,7.0,plot_level_next_window
2425,2025-01-07,M53,M,5,3,209460.0,275246.0,275246.0,0.0,1.0,1.0,2.0,1.0,50.0,96,4.62125,-0.12,9.74,4.856145833333334,9.759791666666668,72.216875,0.0,5.543958333333333,135.435,13001.76,-0.1147916666666666,0.0,9.92340277777778,10.599136904761904,10.599136904761904,12.068958333333333,12.918348214285714,12.918348214285714,71.73593749999999,67.33674107142858,67.33674107142858,0.06,0.06,0.06,114.04555555555557,129.81196428571428,129.81196428571428,32845.119999999995,87233.64,87233.64,5.148958333333333,10.828333333333331,10.828333333333331,10.828333333333331,0.06,87233.64,7,1,0,,,0.0,0.0,,,,1.0,1.0,,,,1.0,1.0,,,,1.0,1.0,,,,2.0,2.0,,,,209460.0,209460.0,,,,275246.0,275246.0,,,,275246.0,275246.0,,,,50.0,50.0,,5.0,0.399999920000016,0.199999960000008,0.0,0.499999750000125,2025-01-15,51.0,1.0,8.0,plot_level_next_window
2425,2025-01-15,M53,M,5,3,279758.0,365141.0,365141.0,0.0,1.0,3.0,0.0,1.0,51.0,96,8.561458333333333,1.9,14.4,8.645208333333334,9.85375,66.91677083333333,0.0,2.7433333333333336,68.26197916666666,6553.15,2.328958333333333,0.0,9.636354166666669,8.893482142857142,9.09999255952381,11.14826388888889,10.987276785714286,11.37293898809524,71.78802083333333,70.96653273809524,68.85622023809523,0.37,0.4,0.49,80.10697916666666,103.50331845238097,117.01431547619048,23070.81,69554.23,157267.24,0.3476041666666667,2.048333333333334,7.197291666666667,12.876666666666669,0.49,170818.37,15,1,8,0.0,0.0,0.0,0.0,0.0,1.0,0.0,1.0,1.0,0.0,1.0,0.0,1.0,1.0,0.0,1.0,2.0,2.0,2.0,1.4142135623730951,2.0,-2.0,1.0,1.0,1.4142135623730951,209460.0,70298.0,244609.0,244609.0,49708.19250385192,275246.0,89895.0,320193.5,320193.5,63565.36409476469,275246.0,89895.0,320193.5,320193.5,63565.36409476469,50.0,1.0,50.5,50.5,0.7071067811865476,5.0,0.0,0.199999960000008,0.0,1000000.0,2025-01-24,0.0,-51.0,9.0,plot_level_next_window
2425,2025-01-24,M53,M,5,3,283947.0,351716.0,351716.0,0.0,1.0,0.0,6.0,0.0,0.0,96,5.2790625,-1.52,12.93,5.436041666666667,7.218958333333333,53.24302083333333,0.0,5.271458333333333,152.44979166666667,14635.18,-4.171458333333333,0.0,4.36,8.432797619047617,8.973690476190475,6.933090277777777,10.506681547619047,10.909903273809524,70.58760416666667,74.32239583333333,73.75555803571429,0.47,2.13,2.5600000000000005,93.41087828947369,87.6885900689223,94.4654334273183,26826.73,58744.68,126779.49,0.0,14.915520833333332,16.36239583333333,28.054895833333333,2.6500000000000004,254683.16,24,1,17,0.0,0.0,0.0,0.0,0.0,1.0,0.0,1.0,1.0,0.0,1.0,-1.0,0.5,0.6666666666666666,0.5773502691896258,3.0,-3.0,1.5,1.3333333333333333,1.5275252316519468,0.0,6.0,3.0,2.6666666666666665,3.055050463303893,279758.0,4189.0,281852.5,257721.66666666666,41848.27693386352,365141.0,-13425.0,358428.5,330701.0,48492.2718069591,365141.0,-13425.0,358428.5,330701.0,48492.2718069591,51.0,-51.0,25.5,33.666666666666664,29.16047553338823,7.0,0.857142734693895,0.1428571224489825,0.0,0.16666663888889352,2025-01-29,0.0,0.0,5.0,plot_level_next_window
2425,2025-01-29,M53,M,5,3,307029.0,395418.0,395418.0,0.0,1.0,0.0,0.0,0.0,0.0,96,14.415208333333332,7.25,24.52,14.628749999999998,15.573125,74.2025,0.0,4.462916666666667,163.29208333333335,15676.04,9.072395833333331,4.415208333333332,14.289791666666666,9.98485119047619,9.8475,14.769826388888887,11.000773809523809,11.290186011904762,75.14916666666667,70.62700892857143,73.9750074404762,0.0,0.0,2.16,151.48711622807016,144.39314348370928,118.44194345238095,43486.26,96814.56,158861.89,12.869374999999998,13.239479166666664,28.41770833333333,41.294375,2.6500000000000004,329680.25999999995,29,1,22,0.0,0.0,0.0,0.0,0.0,1.0,0.0,1.0,1.0,0.0,0.0,0.0,0.0,0.3333333333333333,0.5773502691896258,0.0,0.0,0.0,1.0,1.7320508075688772,6.0,-6.0,3.0,2.0,3.4641016151377544,283947.0,23082.0,295488.0,290244.6666666667,14685.78613262952,351716.0,43702.0,373567.0,370758.3333333333,22385.978342108116,351716.0,43702.0,373567.0,370758.3333333333,22385.978342108116,0.0,0.0,0.0,17.0,29.44486372867092,1.0,0.0,0.9999990000010001,0.0,1000000.0,2025-02-05,0.0,0.0,7.0,plot_level_next_window
2425,2025-02-05,M53,M,5,3,256196.0,312608.0,312608.0,0.0,2.0,0.0,0.0,0.0,0.0,96,18.68520833333333,9.8,29.29,19.00177083333333,20.30958333333333,75.6040625,0.0,3.106875,167.2046875,16051.65,13.6259375,8.685208333333332,18.88020833333333,17.893645833333334,13.93924851190476,20.283715277777777,18.988110119047622,14.994441964285716,82.0129861111111,78.69738095238095,74.6621949404762,0.0,0.0,0.0,142.03729166666665,147.0850148809524,145.73907918233084,40906.74,98841.13,195655.69,26.640625,55.255520833333335,68.49499999999999,96.54989583333332,2.6500000000000004,428521.39,36,2,29,0.0,0.0,0.0,0.0,0.0,1.0,1.0,1.5,1.3333333333333333,0.5773502691896258,0.0,0.0,0.0,0.0,0.0,0.0,0.0,0.0,0.0,0.0,0.0,0.0,0.0,2.0,3.4641016151377544,307029.0,-50833.0,281612.5,282390.6666666667,25452.212130448184,395418.0,-82810.0,354013.0,353247.3333333333,41426.232767816735,395418.0,-82810.0,354013.0,353247.3333333333,41426.232767816735,0.0,0.0,0.0,0.0,0.0,2.0,0.0,0.99999950000025,0.0,2000000.0,2025-02-12,22.0,22.0,7.0,plot_level_next_window
2425,2025-02-12,M53,M,5,3,342916.0,470063.0,470063.0,5.0,17.0,1.0,4.0,0.0,22.0,96,21.88416666666667,15.34,29.99,22.11552083333333,21.982083333333332,78.26385416666666,0.0,6.814687500000001,152.95354166666667,14683.54,17.333020833333332,11.884166666666667,19.769340277777776,19.184895833333336,18.53927083333333,21.254791666666662,21.140580357142856,20.064345238095235,81.69614583333332,80.93714285714286,79.8172619047619,0.0,0.0,0.0,130.77805555555554,146.5577380952381,146.82137648809524,37664.08,98486.8,197327.93,29.30802083333333,64.29427083333334,119.54979166666666,160.84416666666664,2.6500000000000004,527008.19,43,2,36,0.0,5.0,2.5,1.6666666666666667,2.8867513459481287,2.0,15.0,9.5,6.666666666666667,8.962886439832502,0.0,0.0,0.0,0.0,0.0,0.0,1.0,0.5,0.3333333333333333,0.5773502691896258,0.0,4.0,2.0,1.3333333333333333,2.3094010767585034,256196.0,86720.0,299556.0,302047.0,43574.13043309069,312608.0,157455.0,391335.5,392696.3333333333,78762.77584197585,312608.0,157455.0,391335.5,392696.3333333333,78762.77584197585,0.0,22.0,11.0,7.333333333333333,12.701705922171767,27.0,0.1481481426611799,0.6296296063100145,0.2941176297577865,4.249998937500266,2025-02-20,53.0,31.0,8.0,plot_level_next_window
2425,2025-02-20,M53,M,5,3,201328.0,254171.0,254171.0,0.0,4.0,1.0,0.0,1.0,53.0,96,11.767604166666668,6.18,16.81,12.212916666666668,15.488645833333337,75.38729166666667,0.0,7.179583333333333,163.27791666666667,15674.68,7.268020833333334,1.7676041666666666,13.677743055555553,15.813392857142858,17.728125000000002,16.133194444444445,17.899166666666666,19.650431547619046,79.51315972222223,78.89425595238095,80.27756696428571,0.17,0.43,0.6900000000000001,132.67184027777776,133.68846224937343,139.40532487468673,38209.49,89510.31,187032.42,11.033229166666668,40.69375000000001,108.19375,214.7317708333333,3.34,630807.07,51,2,44,5.0,-5.0,2.5,1.6666666666666667,2.8867513459481287,17.0,-13.0,10.5,7.666666666666667,8.144527815247077,0.0,1.0,0.5,0.3333333333333333,0.5773502691896258,1.0,0.0,1.0,0.6666666666666666,0.5773502691896258,4.0,-4.0,2.0,1.3333333333333333,2.3094010767585034,342916.0,-141588.0,272122.0,266813.3333333333,71388.62837548662,470063.0,-215892.0,362117.0,345614.0,111666.40471959327,470063.0,-215892.0,362117.0,345614.0,111666.40471959327,22.0,31.0,37.5,25.0,26.627053911388696,6.0,0.0,0.6666665555555741,0.0,4000000.0,2025-02-26,27.0,-26.0,6.0,plot_level_next_window
2425,2025-02-26,M53,M,5,3,233426.0,271488.0,271488.0,0.0,11.0,1.0,1.0,1.0,27.0,96,17.139062499999998,8.14,26.86,17.257916666666667,17.4190625,66.61020833333333,0.0,2.411875,212.98958333333331,20447.0,9.3134375,7.139062499999998,15.575416666666664,13.179315476190478,15.31251488095238,16.691736111111112,15.332008928571428,17.170074404761902,80.75583333333333,75.14138392857141,77.46912202380952,0.71,0.71,1.4,127.3667649853801,152.13437249373433,141.88008552631578,36531.46,102084.13,190208.33,16.72625,25.188437500000003,77.3084375,238.15260416666663,4.05,717216.5199999999,57,2,50,0.0,0.0,0.0,1.6666666666666667,2.8867513459481287,4.0,7.0,7.5,10.666666666666666,6.506407098647712,1.0,0.0,1.0,0.6666666666666666,0.5773502691896258,1.0,0.0,1.0,1.0,0.0,0.0,1.0,0.5,1.6666666666666667,2.0816659994661326,201328.0,32098.0,217377.0,259223.33333333334,74235.55240808365,254171.0,17317.0,262829.5,331907.3333333333,119959.20471699258,254171.0,17317.0,262829.5,331907.3333333333,119959.20471699258,53.0,-26.0,40.0,34.0,16.64331697709324,14.0,0.07142856632653098,0.7857142295918408,0.0,10.999989000011,2025-03-05,7.0,-20.0,7.0,plot_level_next_window
2425,2025-01-07,M54,M,5,4,252352.0,324507.0,324507.0,0.0,0.0,0.0,2.0,0.0,2.0,96,4.62125,-0.12,9.74,4.856145833333334,9.759791666666668,72.216875,0.0,5.543958333333333,135.435,13001.76,-0.1147916666666666,0.0,9.92340277777778,10.599136904761904,10.599136904761904,12.068958333333333,12.918348214285714,12.918348214285714,71.73593749999999,67.33674107142858,67.33674107142858,0.06,0.06,0.06,114.04555555555557,129.81196428571428,129.81196428571428,32845.119999999995,87233.64,87233.64,5.148958333333333,10.828333333333331,10.828333333333331,10.828333333333331,0.06,87233.64,7,1,0,,,0.0,0.0,,,,0.0,0.0,,,,0.0,0.0,,,,0.0,0.0,,,,2.0,2.0,,,,252352.0,252352.0,,,,324507.0,324507.0,,,,324507.0,324507.0,,,,2.0,2.0,,2.0,0.99999950000025,0.0,0.0,0.0,2025-01-15,0.0,-2.0,8.0,plot_level_next_window
2425,2025-01-15,M54,M,5,4,199693.0,240884.0,240884.0,0.0,4.0,0.0,0.0,0.0,0.0,96,8.561458333333333,1.9,14.4,8.645208333333334,9.85375,66.91677083333333,0.0,2.7433333333333336,68.26197916666666,6553.15,2.328958333333333,0.0,9.636354166666669,8.893482142857142,9.09999255952381,11.14826388888889,10.987276785714286,11.37293898809524,71.78802083333333,70.96653273809524,68.85622023809523,0.37,0.4,0.49,80.10697916666666,103.50331845238097,117.01431547619048,23070.81,69554.23,157267.24,0.3476041666666667,2.048333333333334,7.197291666666667,12.876666666666669,0.49,170818.37,15,1,8,0.0,0.0,0.0,0.0,0.0,0.0,4.0,2.0,2.0,2.8284271247461903,0.0,0.0,0.0,0.0,0.0,0.0,0.0,0.0,0.0,0.0,2.0,-2.0,1.0,1.0,1.4142135623730951,252352.0,-52659.0,226022.5,226022.5,37235.53599050241,324507.0,-83623.0,282695.5,282695.5,59130.39036316267,324507.0,-83623.0,282695.5,282695.5,59130.39036316267,2.0,-2.0,1.0,1.0,1.4142135623730951,4.0,0.0,0.9999997500000625,0.0,4000000.0,2025-01-24,0.0,0.0,9.0,plot_level_next_window
2425,2025-01-24,M54,M,5,4,186997.0,231762.0,231762.0,0.0,0.0,0.0,0.0,0.0,0.0,96,5.2790625,-1.52,12.93,5.436041666666667,7.218958333333333,53.24302083333333,0.0,5.271458333333333,152.44979166666667,14635.18,-4.171458333333333,0.0,4.36,8.432797619047617,8.973690476190475,6.933090277777777,10.506681547619047,10.909903273809524,70.58760416666667,74.32239583333333,73.75555803571429,0.47,2.13,2.5600000000000005,93.41087828947369,87.6885900689223,94.4654334273183,26826.73,58744.68,126779.49,0.0,14.915520833333332,16.36239583333333,28.054895833333333,2.6500000000000004,254683.16,24,1,17,0.0,0.0,0.0,0.0,0.0,4.0,-4.0,2.0,1.3333333333333333,2.3094010767585034,0.0,0.0,0.0,0.0,0.0,0.0,0.0,0.0,0.0,0.0,0.0,0.0,0.0,0.6666666666666666,1.1547005383792517,199693.0,-12696.0,193345.0,213014.0,34654.08759439498,240884.0,-9122.0,236323.0,265717.6666666667,51116.94441506978,240884.0,-9122.0,236323.0,265717.6666666667,51116.94441506978,0.0,0.0,0.0,0.6666666666666666,1.1547005383792517,0.0,0.0,0.0,0.0,0.0,2025-01-29,0.0,0.0,5.0,plot_level_next_window
2425,2025-01-29,M54,M,5,4,171043.0,204181.0,204181.0,1.0,4.0,0.0,1.0,0.0,0.0,96,14.415208333333332,7.25,24.52,14.628749999999998,15.573125,74.2025,0.0,4.462916666666667,163.29208333333335,15676.04,9.072395833333331,4.415208333333332,14.289791666666666,9.98485119047619,9.8475,14.769826388888887,11.000773809523809,11.290186011904762,75.14916666666667,70.62700892857143,73.9750074404762,0.0,0.0,2.16,151.48711622807016,144.39314348370928,118.44194345238095,43486.26,96814.56,158861.89,12.869374999999998,13.239479166666664,28.41770833333333,41.294375,2.6500000000000004,329680.25999999995,29,1,22,0.0,1.0,0.5,0.3333333333333333,0.5773502691896258,0.0,4.0,2.0,2.6666666666666665,2.3094010767585034,0.0,0.0,0.0,0.0,0.0,0.0,0.0,0.0,0.0,0.0,0.0,1.0,0.5,0.3333333333333333,0.5773502691896258,186997.0,-15954.0,179020.0,185911.0,14355.841041192954,231762.0,-27581.0,217971.5,225609.0,19109.476942083034,231762.0,-27581.0,217971.5,225609.0,19109.476942083034,0.0,0.0,0.0,0.0,0.0,6.0,0.16666663888889352,0.6666665555555741,0.24999993750001562,3.9999960000040002,2025-02-05,0.0,0.0,7.0,plot_level_next_window
2425,2025-02-05,M54,M,5,4,188690.0,232832.0,232832.0,0.0,4.0,0.0,1.0,1.0,0.0,96,18.68520833333333,9.8,29.29,19.00177083333333,20.30958333333333,75.6040625,0.0,3.106875,167.2046875,16051.65,13.6259375,8.685208333333332,18.88020833333333,17.893645833333334,13.93924851190476,20.283715277777777,18.988110119047622,14.994441964285716,82.0129861111111,78.69738095238095,74.6621949404762,0.0,0.0,0.0,142.03729166666665,147.0850148809524,145.73907918233084,40906.74,98841.13,195655.69,26.640625,55.255520833333335,68.49499999999999,96.54989583333332,2.6500000000000004,428521.39,36,2,29,1.0,-1.0,0.5,0.3333333333333333,0.5773502691896258,4.0,0.0,4.0,2.6666666666666665,2.3094010767585034,0.0,1.0,0.5,0.3333333333333333,0.5773502691896258,0.0,0.0,0.0,0.0,0.0,1.0,0.0,1.0,0.6666666666666666,0.5773502691896258,171043.0,17647.0,179866.5,182243.33333333334,9736.640197384993,204181.0,28651.0,218506.5,222925.0,16241.594041226477,204181.0,28651.0,218506.5,222925.0,16241.594041226477,0.0,0.0,0.0,0.0,0.0,6.0,0.16666663888889352,0.6666665555555741,0.0,3.9999960000040002,2025-02-12,3.0,3.0,7.0,plot_level_next_window
2425,2025-02-12,M54,M,5,4,235410.0,326758.0,326758.0,5.0,22.0,1.0,1.0,1.0,3.0,96,21.88416666666667,15.34,29.99,22.11552083333333,21.982083333333332,78.26385416666666,0.0,6.814687500000001,152.95354166666667,14683.54,17.333020833333332,11.884166666666667,19.769340277777776,19.184895833333336,18.53927083333333,21.254791666666662,21.140580357142856,20.064345238095235,81.69614583333332,80.93714285714286,79.8172619047619,0.0,0.0,0.0,130.77805555555554,146.5577380952381,146.82137648809524,37664.08,98486.8,197327.93,29.30802083333333,64.29427083333334,119.54979166666666,160.84416666666664,2.6500000000000004,527008.19,43,2,36,0.0,5.0,2.5,2.0,2.6457513110645907,4.0,18.0,13.0,10.0,10.392304845413264,1.0,0.0,1.0,0.6666666666666666,0.5773502691896258,0.0,1.0,0.5,0.3333333333333333,0.5773502691896258,1.0,0.0,1.0,1.0,0.0,188690.0,46720.0,212050.0,198381.0,33259.79980396755,232832.0,93926.0,279795.0,254590.33333333334,64119.80220129607,232832.0,93926.0,279795.0,254590.33333333334,64119.80220129607,0.0,3.0,1.5,1.0,1.7320508075688772,30.0,0.033333332222222255,0.7333333088888897,0.2272727169421492,21.999978000022,2025-02-20,21.0,18.0,8.0,plot_level_next_window
2425,2025-02-20,M54,M,5,4,289380.0,374321.0,374321.0,0.0,17.0,0.0,2.0,1.0,21.0,96,11.767604166666668,6.18,16.81,12.212916666666668,15.488645833333337,75.38729166666667,0.0,7.179583333333333,163.27791666666667,15674.68,7.268020833333334,1.7676041666666666,13.677743055555553,15.813392857142858,17.728125000000002,16.133194444444445,17.899166666666666,19.650431547619046,79.51315972222223,78.89425595238095,80.27756696428571,0.17,0.43,0.6900000000000001,132.67184027777776,133.68846224937343,139.40532487468673,38209.49,89510.31,187032.42,11.033229166666668,40.69375000000001,108.19375,214.7317708333333,3.34,630807.07,51,2,44,5.0,-5.0,2.5,1.6666666666666667,2.8867513459481287,22.0,-5.0,19.5,14.333333333333334,9.291573243177568,1.0,0.0,1.0,1.0,0.0,1.0,-1.0,0.5,0.3333333333333333,0.5773502691896258,1.0,1.0,1.5,1.3333333333333333,0.5773502691896258,235410.0,53970.0,262395.0,237826.66666666666,50388.483141818564,326758.0,47563.0,350539.5,311303.6666666667,71999.38606914178,326758.0,47563.0,350539.5,311303.6666666667,71999.38606914178,3.0,18.0,12.0,8.0,11.357816691600547,20.0,0.09999999500000024,0.8499999575000021,0.0,8.499995750002125,2025-02-26,40.0,19.0,6.0,plot_level_next_window
2425,2025-02-26,M54,M,5,4,301983.0,346159.0,346159.0,0.0,13.0,0.0,2.0,8.0,40.0,96,17.139062499999998,8.14,26.86,17.257916666666667,17.4190625,66.61020833333333,0.0,2.411875,212.98958333333331,20447.0,9.3134375,7.139062499999998,15.575416666666664,13.179315476190478,15.31251488095238,16.691736111111112,15.332008928571428,17.170074404761902,80.75583333333333,75.14138392857141,77.46912202380952,0.71,0.71,1.4,127.3667649853801,152.13437249373433,141.88008552631578,36531.46,102084.13,190208.33,16.72625,25.188437500000003,77.3084375,238.15260416666663,4.05,717216.5199999999,57,2,50,0.0,0.0,0.0,1.6666666666666667,2.8867513459481287,17.0,-4.0,15.0,17.333333333333332,4.5092497528228925,1.0,7.0,4.5,3.3333333333333335,4.041451884327381,0.0,0.0,0.0,0.3333333333333333,0.5773502691896258,2.0,0.0,2.0,1.6666666666666667,0.5773502691896258,289380.0,12603.0,295681.5,275591.0,35363.73103901794,374321.0,-28162.0,360240.0,349079.3333333333,23915.60165108387,374321.0,-28162.0,360240.0,349079.3333333333,23915.60165108387,21.0,19.0,30.5,21.333333333333332,18.502252115170556,23.0,0.08695651795841226,0.5652173667296797,0.0,6.499996750001625,2025-03-05,47.0,7.0,7.0,plot_level_next_window
2425,2025-01-07,M55,M,5,5,187817.0,234183.0,234183.0,0.0,2.0,0.0,0.0,1.0,0.0,96,4.62125,-0.12,9.74,4.856145833333334,9.759791666666668,72.216875,0.0,5.543958333333333,135.435,13001.76,-0.1147916666666666,0.0,9.92340277777778,10.599136904761904,10.599136904761904,12.068958333333333,12.918348214285714,12.918348214285714,71.73593749999999,67.33674107142858,67.33674107142858,0.06,0.06,0.06,114.04555555555557,129.81196428571428,129.81196428571428,32845.119999999995,87233.64,87233.64,5.148958333333333,10.828333333333331,10.828333333333331,10.828333333333331,0.06,87233.64,7,1,0,,,0.0,0.0,,,,2.0,2.0,,,,1.0,1.0,,,,0.0,0.0,,,,0.0,0.0,,,,187817.0,187817.0,,,,234183.0,234183.0,,,,234183.0,234183.0,,,,0.0,0.0,,3.0,0.0,0.6666664444445185,0.0,2000000.0,2025-01-15,0.0,0.0,8.0,plot_level_next_window
2425,2025-01-15,M55,M,5,5,201903.0,258461.0,258461.0,0.0,4.0,0.0,0.0,1.0,0.0,96,8.561458333333333,1.9,14.4,8.645208333333334,9.85375,66.91677083333333,0.0,2.7433333333333336,68.26197916666666,6553.15,2.328958333333333,0.0,9.636354166666669,8.893482142857142,9.09999255952381,11.14826388888889,10.987276785714286,11.37293898809524,71.78802083333333,70.96653273809524,68.85622023809523,0.37,0.4,0.49,80.10697916666666,103.50331845238097,117.01431547619048,23070.81,69554.23,157267.24,0.3476041666666667,2.048333333333334,7.197291666666667,12.876666666666669,0.49,170818.37,15,1,8,0.0,0.0,0.0,0.0,0.0,2.0,2.0,3.0,3.0,1.4142135623730951,1.0,0.0,1.0,1.0,0.0,0.0,0.0,0.0,0.0,0.0,0.0,0.0,0.0,0.0,0.0,187817.0,14086.0,194860.0,194860.0,9960.306119793708,234183.0,24278.0,246322.0,246322.0,17167.138433647,234183.0,24278.0,246322.0,246322.0,17167.138433647,0.0,0.0,0.0,0.0,0.0,5.0,0.0,0.799999840000032,0.0,4000000.0,2025-01-24,0.0,0.0,9.0,plot_level_next_window
2425,2025-01-24,M55,M,5,5,209186.0,253766.0,253766.0,0.0,3.0,0.0,0.0,0.0,0.0,96,5.2790625,-1.52,12.93,5.436041666666667,7.218958333333333,53.24302083333333,0.0,5.271458333333333,152.44979166666667,14635.18,-4.171458333333333,0.0,4.36,8.432797619047617,8.973690476190475,6.933090277777777,10.506681547619047,10.909903273809524,70.58760416666667,74.32239583333333,73.75555803571429,0.47,2.13,2.5600000000000005,93.41087828947369,87.6885900689223,94.4654334273183,26826.73,58744.68,126779.49,0.0,14.915520833333332,16.36239583333333,28.054895833333333,2.6500000000000004,254683.16,24,1,17,0.0,0.0,0.0,0.0,0.0,4.0,-1.0,3.5,3.0,1.0,1.0,-1.0,0.5,0.6666666666666666,0.5773502691896258,0.0,0.0,0.0,0.0,0.0,0.0,0.0,0.0,0.0,0.0,201903.0,7283.0,205544.5,199635.33333333334,10863.483526628706,258461.0,-4695.0,256113.5,248803.33333333334,12877.358670679841,258461.0,-4695.0,256113.5,248803.33333333334,12877.358670679841,0.0,0.0,0.0,0.0,0.0,3.0,0.0,0.9999996666667778,0.0,3000000.0,2025-01-29,0.0,0.0,5.0,plot_level_next_window
2425,2025-01-29,M55,M,5,5,160725.0,177908.0,177908.0,0.0,2.0,0.0,1.0,1.0,0.0,96,14.415208333333332,7.25,24.52,14.628749999999998,15.573125,74.2025,0.0,4.462916666666667,163.29208333333335,15676.04,9.072395833333331,4.415208333333332,14.289791666666666,9.98485119047619,9.8475,14.769826388888887,11.000773809523809,11.290186011904762,75.14916666666667,70.62700892857143,73.9750074404762,0.0,0.0,2.16,151.48711622807016,144.39314348370928,118.44194345238095,43486.26,96814.56,158861.89,12.869374999999998,13.239479166666664,28.41770833333333,41.294375,2.6500000000000004,329680.25999999995,29,1,22,0.0,0.0,0.0,0.0,0.0,3.0,-1.0,2.5,3.0,1.0,0.0,1.0,0.5,0.6666666666666666,0.5773502691896258,0.0,0.0,0.0,0.0,0.0,0.0,1.0,0.5,0.3333333333333333,0.5773502691896258,209186.0,-48461.0,184955.5,190604.66666666666,26131.52085764112,253766.0,-75858.0,215837.0,230045.0,45212.949837408305,253766.0,-75858.0,215837.0,230045.0,45212.949837408305,0.0,0.0,0.0,0.0,0.0,4.0,0.24999993750001562,0.49999987500003124,0.0,1.9999980000020001,2025-02-05,0.0,0.0,7.0,plot_level_next_window
2425,2025-02-05,M55,M,5,5,195842.0,222544.0,222544.0,0.0,1.0,0.0,0.0,1.0,0.0,96,18.68520833333333,9.8,29.29,19.00177083333333,20.30958333333333,75.6040625,0.0,3.106875,167.2046875,16051.65,13.6259375,8.685208333333332,18.88020833333333,17.893645833333334,13.93924851190476,20.283715277777777,18.988110119047622,14.994441964285716,82.0129861111111,78.69738095238095,74.6621949404762,0.0,0.0,0.0,142.03729166666665,147.0850148809524,145.73907918233084,40906.74,98841.13,195655.69,26.640625,55.255520833333335,68.49499999999999,96.54989583333332,2.6500000000000004,428521.39,36,2,29,0.0,0.0,0.0,0.0,0.0,2.0,-1.0,1.5,2.0,1.0,1.0,0.0,1.0,0.6666666666666666,0.5773502691896258,0.0,0.0,0.0,0.0,0.0,1.0,-1.0,0.5,0.3333333333333333,0.5773502691896258,160725.0,35117.0,178283.5,188584.33333333334,25032.427455868776,177908.0,44636.0,200226.0,218072.66666666666,38126.15450492396,177908.0,44636.0,200226.0,218072.66666666666,38126.15450492396,0.0,0.0,0.0,0.0,0.0,2.0,0.0,0.499999750000125,0.0,1000000.0,2025-02-12,24.0,24.0,7.0,plot_level_next_window
2425,2025-02-12,M55,M,5,5,231103.0,292791.0,292791.0,8.0,19.0,1.0,1.0,4.0,24.0,96,21.88416666666667,15.34,29.99,22.11552083333333,21.982083333333332,78.26385416666666,0.0,6.814687500000001,152.95354166666667,14683.54,17.333020833333332,11.884166666666667,19.769340277777776,19.184895833333336,18.53927083333333,21.254791666666662,21.140580357142856,20.064345238095235,81.69614583333332,80.93714285714286,79.8172619047619,0.0,0.0,0.0,130.77805555555554,146.5577380952381,146.82137648809524,37664.08,98486.8,197327.93,29.30802083333333,64.29427083333334,119.54979166666666,160.84416666666664,2.6500000000000004,527008.19,43,2,36,0.0,8.0,4.0,2.6666666666666665,4.618802153517007,1.0,18.0,10.0,7.333333333333333,10.115993936995679,1.0,3.0,2.5,2.0,1.7320508075688772,0.0,1.0,0.5,0.3333333333333333,0.5773502691896258,0.0,1.0,0.5,0.6666666666666666,0.5773502691896258,195842.0,35261.0,213472.5,195890.0,35189.02455311883,222544.0,70247.0,257667.5,231081.0,57915.33647489238,222544.0,70247.0,257667.5,231081.0,57915.33647489238,0.0,24.0,12.0,8.0,13.856406460551018,33.0,0.030303029384756687,0.5757575583103771,0.4210526094182837,18.999981000019,2025-02-20,76.0,52.0,8.0,plot_level_next_window
2425,2025-02-20,M55,M,5,5,220329.0,255686.0,255686.0,1.0,14.0,0.0,4.0,2.0,76.0,96,11.767604166666668,6.18,16.81,12.212916666666668,15.488645833333337,75.38729166666667,0.0,7.179583333333333,163.27791666666667,15674.68,7.268020833333334,1.7676041666666666,13.677743055555553,15.813392857142858,17.728125000000002,16.133194444444445,17.899166666666666,19.650431547619046,79.51315972222223,78.89425595238095,80.27756696428571,0.17,0.43,0.6900000000000001,132.67184027777776,133.68846224937343,139.40532487468673,38209.49,89510.31,187032.42,11.033229166666668,40.69375000000001,108.19375,214.7317708333333,3.34,630807.07,51,2,44,8.0,-7.0,4.5,3.0,4.358898943540674,19.0,-5.0,16.5,11.333333333333334,9.29157324317757,4.0,-2.0,3.0,2.3333333333333335,1.5275252316519468,1.0,-1.0,0.5,0.3333333333333333,0.5773502691896258,1.0,3.0,2.5,1.6666666666666667,2.0816659994661326,231103.0,-10774.0,225716.0,215758.0,18069.451043128007,292791.0,-37105.0,274238.5,257007.0,35142.12618781054,292791.0,-37105.0,274238.5,257007.0,35142.12618781054,24.0,52.0,50.0,33.333333333333336,38.85013942488924,21.0,0.19047618140589612,0.6666666349206364,0.07142856632653098,3.4999991250002185,2025-02-26,26.0,-50.0,6.0,plot_level_next_window
2425,2025-02-26,M55,M,5,5,202164.0,213613.0,213613.0,0.0,3.0,0.0,0.0,0.0,26.0,96,17.139062499999998,8.14,26.86,17.257916666666667,17.4190625,66.61020833333333,0.0,2.411875,212.98958333333331,20447.0,9.3134375,7.139062499999998,15.575416666666664,13.179315476190478,15.31251488095238,16.691736111111112,15.332008928571428,17.170074404761902,80.75583333333333,75.14138392857141,77.46912202380952,0.71,0.71,1.4,127.3667649853801,152.13437249373433,141.88008552631578,36531.46,102084.13,190208.33,16.72625,25.188437500000003,77.3084375,238.15260416666663,4.05,717216.5199999999,57,2,50,1.0,-1.0,0.5,3.0,4.358898943540674,14.0,-11.0,8.5,12.0,8.18535277187245,2.0,-2.0,1.0,2.0,2.0,0.0,0.0,0.0,0.3333333333333333,0.5773502691896258,4.0,-4.0,2.0,1.6666666666666667,2.0816659994661326,220329.0,-18165.0,211246.5,217865.33333333334,14625.958783386926,255686.0,-42073.0,234649.5,254030.0,39614.96778996544,255686.0,-42073.0,234649.5,254030.0,39614.96778996544,76.0,-50.0,51.0,42.0,29.461839725312476,3.0,0.0,0.9999996666667778,0.0,3000000.0,2025-03-05,29.0,3.0,7.0,plot_level_next_window
