season,observation_date,plot_id,plot_prefix,plot_block,plot_replicate,canopy_area,canopy_depth,canopy_volume,flower_count,green_fruit_count,pink_fruit_count,red_or_ripe_fruit_count,white_fruit_count,yield_g,n_weather_records,tmean_2m_c,tmin_2m_c,tmax_2m_c,tmean_60cm_c,soil_temp_mean_c,rh_mean_pct,rainfall_in,wind_speed_mean_mph,solar_radiation_mean_wm2,solar_radiation_sum_wm2_records,dew_point_mean_c,gdd_base_10_c,tmean_2m_c_3d_mean,tmean_2m_c_7d_mean,tmean_2m_c_14d_mean,soil_temp_mean_c_3d_mean,soil_temp_mean_c_7d_mean,soil_temp_mean_c_14d_mean,rh_mean_pct_3d_mean,rh_mean_pct_7d_mean,rh_mean_pct_14d_mean,rainfall_in_3d_sum,rainfall_in_7d_sum,rainfall_in_14d_sum,solar_radiation_mean_wm2_3d_mean,solar_radiation_mean_wm2_7d_mean,solar_radiation_mean_wm2_14d_mean,solar_radiation_sum_wm2_records_3d_sum,solar_radiation_sum_wm2_records_7d_sum,solar_radiation_sum_wm2_records_14d_sum,gdd_base_10_c_3d_sum,gdd_base_10_c_7d_sum,gdd_base_10_c_14d_sum,cumulative_gdd_base_10_c,cumulative_rainfall_in,cumulative_solar_radiation_sum_wm2_records
2324,2024-01-08,B11,B,1,1,1485317.0,1814427.0,1814427.0,2.0,14.0,4.0,9.0,1.0,84.0,96,12.507083333333334,9.08,16.98,12.696458333333332,13.006875,82.47687499999999,0.02,4.230625,23.1853125,2225.79,9.583958333333333,2.507083333333334,15.0565625,12.9471875,12.8146484375,15.378958333333335,14.320357142857143,14.1809765625,81.66697916666666,79.795625,80.13928385416666,0.8600000000000001,1.02,1.02,80.01430555555557,107.7697619047619,109.93813802083334,23044.120000000003,72421.28,84432.49,15.1696875,20.630312499999995,22.5171875,22.5171875,1.02,84432.48999999999
2324,2024-01-08,B12,B,1,2,2246262.0,2796545.0,2796545.0,8.0,7.0,1.0,6.0,0.0,168.0,96,12.507083333333334,9.08,16.98,12.696458333333332,13.006875,82.47687499999999,0.02,4.230625,23.1853125,2225.79,9.583958333333333,2.507083333333334,15.0565625,12.9471875,12.8146484375,15.378958333333335,14.320357142857143,14.1809765625,81.66697916666666,79.795625,80.13928385416666,0.8600000000000001,1.02,1.02,80.01430555555557,107.7697619047619,109.93813802083334,23044.120000000003,72421.28,84432.49,15.1696875,20.630312499999995,22.5171875,22.5171875,1.02,84432.48999999999
2324,2024-01-08,B13,B,1,3,1612586.0,1956835.0,1956835.0,4.0,10.0,2.0,3.0,1.0,92.0,96,12.507083333333334,9.08,16.98,12.696458333333332,13.006875,82.47687499999999,0.02,4.230625,23.1853125,2225.79,9.583958333333333,2.507083333333334,15.0565625,12.9471875,12.8146484375,15.378958333333335,14.320357142857143,14.1809765625,81.66697916666666,79.795625,80.13928385416666,0.8600000000000001,1.02,1.02,80.01430555555557,107.7697619047619,109.93813802083334,23044.120000000003,72421.28,84432.49,15.1696875,20.630312499999995,22.5171875,22.5171875,1.02,84432.48999999999
2324,2024-01-08,B14,B,1,4,1650347.0,2029757.0,2029757.0,1.0,10.0,0.0,2.0,0.0,48.0,96,12.507083333333334,9.08,16.98,12.696458333333332,13.006875,82.47687499999999,0.02,4.230625,23.1853125,2225.79,9.583958333333333,2.507083333333334,15.0565625,12.9471875,12.8146484375,15.378958333333335,14.320357142857143,14.1809765625,81.66697916666666,79.795625,80.13928385416666,0.8600000000000001,1.02,1.02,80.01430555555557,107.7697619047619,109.93813802083334,23044.120000000003,72421.28,84432.49,15.1696875,20.630312499999995,22.5171875,22.5171875,1.02,84432.48999999999
2324,2024-01-08,B15,B,1,5,1815343.0,2271639.0,2271639.0,6.0,21.0,2.0,9.0,4.0,111.0,96,12.507083333333334,9.08,16.98,12.696458333333332,13.006875,82.47687499999999,0.02,4.230625,23.1853125,2225.79,9.583958333333333,2.507083333333334,15.0565625,12.9471875,12.8146484375,15.378958333333335,14.320357142857143,14.1809765625,81.66697916666666,79.795625,80.13928385416666,0.8600000000000001,1.02,1.02,80.01430555555557,107.7697619047619,109.93813802083334,23044.120000000003,72421.28,84432.49,15.1696875,20.630312499999995,22.5171875,22.5171875,1.02,84432.48999999999
2324,2024-01-08,B21,B,2,1,1332583.0,1586828.0,1586828.0,13.0,17.0,0.0,3.0,3.0,6.0,96,12.507083333333334,9.08,16.98,12.696458333333332,13.006875,82.47687499999999,0.02,4.230625,23.1853125,2225.79,9.583958333333333,2.507083333333334,15.0565625,12.9471875,12.8146484375,15.378958333333335,14.320357142857143,14.1809765625,81.66697916666666,79.795625,80.13928385416666,0.8600000000000001,1.02,1.02,80.01430555555557,107.7697619047619,109.93813802083334,23044.120000000003,72421.28,84432.49,15.1696875,20.630312499999995,22.5171875,22.5171875,1.02,84432.48999999999
2324,2024-01-08,B22,B,2,2,2307485.0,2831933.0,2831933.0,2.0,12.0,1.0,7.0,8.0,97.0,96,12.507083333333334,9.08,16.98,12.696458333333332,13.006875,82.47687499999999,0.02,4.230625,23.1853125,2225.79,9.583958333333333,2.507083333333334,15.0565625,12.9471875,12.8146484375,15.378958333333335,14.320357142857143,14.1809765625,81.66697916666666,79.795625,80.13928385416666,0.8600000000000001,1.02,1.02,80.01430555555557,107.7697619047619,109.93813802083334,23044.120000000003,72421.28,84432.49,15.1696875,20.630312499999995,22.5171875,22.5171875,1.02,84432.48999999999
2324,2024-01-08,B23,B,2,3,1951279.0,2354619.0,2354619.0,1.0,18.0,2.0,12.0,3.0,123.0,96,12.507083333333334,9.08,16.98,12.696458333333332,13.006875,82.47687499999999,0.02,4.230625,23.1853125,2225.79,9.583958333333333,2.507083333333334,15.0565625,12.9471875,12.8146484375,15.378958333333335,14.320357142857143,14.1809765625,81.66697916666666,79.795625,80.13928385416666,0.8600000000000001,1.02,1.02,80.01430555555557,107.7697619047619,109.93813802083334,23044.120000000003,72421.28,84432.49,15.1696875,20.630312499999995,22.5171875,22.5171875,1.02,84432.48999999999
2324,2024-01-08,B24,B,2,4,2601016.0,3133722.0,3133722.0,3.0,13.0,3.0,12.0,6.0,69.0,96,12.507083333333334,9.08,16.98,12.696458333333332,13.006875,82.47687499999999,0.02,4.230625,23.1853125,2225.79,9.583958333333333,2.507083333333334,15.0565625,12.9471875,12.8146484375,15.378958333333335,14.320357142857143,14.1809765625,81.66697916666666,79.795625,80.13928385416666,0.8600000000000001,1.02,1.02,80.01430555555557,107.7697619047619,109.93813802083334,23044.120000000003,72421.28,84432.49,15.1696875,20.630312499999995,22.5171875,22.5171875,1.02,84432.48999999999
2324,2024-01-08,B25,B,2,5,1047240.0,1252123.0,1252123.0,6.0,16.0,0.0,4.0,4.0,47.0,96,12.507083333333334,9.08,16.98,12.696458333333332,13.006875,82.47687499999999,0.02,4.230625,23.1853125,2225.79,9.583958333333333,2.507083333333334,15.0565625,12.9471875,12.8146484375,15.378958333333335,14.320357142857143,14.1809765625,81.66697916666666,79.795625,80.13928385416666,0.8600000000000001,1.02,1.02,80.01430555555557,107.7697619047619,109.93813802083334,23044.120000000003,72421.28,84432.49,15.1696875,20.630312499999995,22.5171875,22.5171875,1.02,84432.48999999999
2324,2024-01-08,B41,B,4,1,1935791.0,2307320.0,2307320.0,10.0,22.0,1.0,10.0,4.0,43.0,96,12.507083333333334,9.08,16.98,12.696458333333332,13.006875,82.47687499999999,0.02,4.230625,23.1853125,2225.79,9.583958333333333,2.507083333333334,15.0565625,12.9471875,12.8146484375,15.378958333333335,14.320357142857143,14.1809765625,81.66697916666666,79.795625,80.13928385416666,0.8600000000000001,1.02,1.02,80.01430555555557,107.7697619047619,109.93813802083334,23044.120000000003,72421.28,84432.49,15.1696875,20.630312499999995,22.5171875,22.5171875,1.02,84432.48999999999
2324,2024-01-08,B42,B,4,2,1891913.0,2265934.0,2265934.0,7.0,17.0,0.0,11.0,2.0,312.0,96,12.507083333333334,9.08,16.98,12.696458333333332,13.006875,82.47687499999999,0.02,4.230625,23.1853125,2225.79,9.583958333333333,2.507083333333334,15.0565625,12.9471875,12.8146484375,15.378958333333335,14.320357142857143,14.1809765625,81.66697916666666,79.795625,80.13928385416666,0.8600000000000001,1.02,1.02,80.01430555555557,107.7697619047619,109.93813802083334,23044.120000000003,72421.28,84432.49,15.1696875,20.630312499999995,22.5171875,22.5171875,1.02,84432.48999999999
2324,2024-01-08,B43,B,4,3,1811113.0,2096432.0,2096432.0,8.0,18.0,1.0,6.0,3.0,144.0,96,12.507083333333334,9.08,16.98,12.696458333333332,13.006875,82.47687499999999,0.02,4.230625,23.1853125,2225.79,9.583958333333333,2.507083333333334,15.0565625,12.9471875,12.8146484375,15.378958333333335,14.320357142857143,14.1809765625,81.66697916666666,79.795625,80.13928385416666,0.8600000000000001,1.02,1.02,80.01430555555557,107.7697619047619,109.93813802083334,23044.120000000003,72421.28,84432.49,15.1696875,20.630312499999995,22.5171875,22.5171875,1.02,84432.48999999999
2324,2024-01-08,B44,B,4,4,1666247.0,1925358.0,1925358.0,2.0,8.0,5.0,9.0,2.0,218.0,96,12.507083333333334,9.08,16.98,12.696458333333332,13.006875,82.47687499999999,0.02,4.230625,23.1853125,2225.79,9.583958333333333,2.507083333333334,15.0565625,12.9471875,12.8146484375,15.378958333333335,14.320357142857143,14.1809765625,81.66697916666666,79.795625,80.13928385416666,0.8600000000000001,1.02,1.02,80.01430555555557,107.7697619047619,109.93813802083334,23044.120000000003,72421.28,84432.49,15.1696875,20.630312499999995,22.5171875,22.5171875,1.02,84432.48999999999
2324,2024-01-08,B45,B,4,5,2809389.0,3564360.0,3564360.0,8.0,25.0,3.0,7.0,4.0,108.0,96,12.507083333333334,9.08,16.98,12.696458333333332,13.006875,82.47687499999999,0.02,4.230625,23.1853125,2225.79,9.583958333333333,2.507083333333334,15.0565625,12.9471875,12.8146484375,15.378958333333335,14.320357142857143,14.1809765625,81.66697916666666,79.795625,80.13928385416666,0.8600000000000001,1.02,1.02,80.01430555555557,107.7697619047619,109.93813802083334,23044.120000000003,72421.28,84432.49,15.1696875,20.630312499999995,22.5171875,22.5171875,1.02,84432.48999999999
2324,2024-01-08,B51,B,5,1,2449690.0,2988987.0,2988987.0,8.0,22.0,1.0,5.0,4.0,78.0,96,12.507083333333334,9.08,16.98,12.696458333333332,13.006875,82.47687499999999,0.02,4.230625,23.1853125,2225.79,9.583958333333333,2.507083333333334,15.0565625,12.9471875,12.8146484375,15.378958333333335,14.320357142857143,14.1809765625,81.66697916666666,79.795625,80.13928385416666,0.8600000000000001,1.02,1.02,80.01430555555557,107.7697619047619,109.93813802083334,23044.120000000003,72421.28,84432.49,15.1696875,20.630312499999995,22.5171875,22.5171875,1.02,84432.48999999999
2324,2024-01-08,B52,B,5,2,2039544.0,2437573.0,2437573.0,4.0,13.0,0.0,10.0,1.0,114.0,96,12.507083333333334,9.08,16.98,12.696458333333332,13.006875,82.47687499999999,0.02,4.230625,23.1853125,2225.79,9.583958333333333,2.507083333333334,15.0565625,12.9471875,12.8146484375,15.378958333333335,14.320357142857143,14.1809765625,81.66697916666666,79.795625,80.13928385416666,0.8600000000000001,1.02,1.02,80.01430555555557,107.7697619047619,109.93813802083334,23044.120000000003,72421.28,84432.49,15.1696875,20.630312499999995,22.5171875,22.5171875,1.02,84432.48999999999
2324,2024-01-08,B53,B,5,3,1656132.0,2060072.0,2060072.0,9.0,19.0,0.0,16.0,2.0,243.0,96,12.507083333333334,9.08,16.98,12.696458333333332,13.006875,82.47687499999999,0.02,4.230625,23.1853125,2225.79,9.583958333333333,2.507083333333334,15.0565625,12.9471875,12.8146484375,15.378958333333335,14.320357142857143,14.1809765625,81.66697916666666,79.795625,80.13928385416666,0.8600000000000001,1.02,1.02,80.01430555555557,107.7697619047619,109.93813802083334,23044.120000000003,72421.28,84432.49,15.1696875,20.630312499999995,22.5171875,22.5171875,1.02,84432.48999999999
2324,2024-01-08,B54,B,5,4,1533992.0,1905513.0,1905513.0,0.0,15.0,1.0,3.0,2.0,48.0,96,12.507083333333334,9.08,16.98,12.696458333333332,13.006875,82.47687499999999,0.02,4.230625,23.1853125,2225.79,9.583958333333333,2.507083333333334,15.0565625,12.9471875,12.8146484375,15.378958333333335,14.320357142857143,14.1809765625,81.66697916666666,79.795625,80.13928385416666,0.8600000000000001,1.02,1.02,80.01430555555557,107.7697619047619,109.93813802083334,23044.120000000003,72421.28,84432.49,15.1696875,20.630312499999995,22.5171875,22.5171875,1.02,84432.48999999999
2324,2024-01-08,B55,B,5,5,1723326.0,2123484.0,2123484.0,6.0,9.0,1.0,4.0,3.0,113.0,96,12.507083333333334,9.08,16.98,12.696458333333332,13.006875,82.47687499999999,0.02,4.230625,23.1853125,2225.79,9.583958333333333,2.507083333333334,15.0565625,12.9471875,12.8146484375,15.378958333333335,14.320357142857143,14.1809765625,81.66697916666666,79.795625,80.13928385416666,0.8600000000000001,1.02,1.02,80.01430555555557,107.7697619047619,109.93813802083334,23044.120000000003,72421.28,84432.49,15.1696875,20.630312499999995,22.5171875,22.5171875,1.02,84432.48999999999
2324,2024-01-08,M11,M,1,1,933485.0,1127367.0,1127367.0,1.0,5.0,4.0,3.0,4.0,92.0,96,12.507083333333334,9.08,16.98,12.696458333333332,13.006875,82.47687499999999,0.02,4.230625,23.1853125,2225.79,9.583958333333333,2.507083333333334,15.0565625,12.9471875,12.8146484375,15.378958333333335,14.320357142857143,14.1809765625,81.66697916666666,79.795625,80.13928385416666,0.8600000000000001,1.02,1.02,80.01430555555557,107.7697619047619,109.93813802083334,23044.120000000003,72421.28,84432.49,15.1696875,20.630312499999995,22.5171875,22.5171875,1.02,84432.48999999999
2324,2024-01-08,M12,M,1,2,1729863.0,2075031.0,2075031.0,0.0,8.0,1.0,6.0,5.0,148.0,96,12.507083333333334,9.08,16.98,12.696458333333332,13.006875,82.47687499999999,0.02,4.230625,23.1853125,2225.79,9.583958333333333,2.507083333333334,15.0565625,12.9471875,12.8146484375,15.378958333333335,14.320357142857143,14.1809765625,81.66697916666666,79.795625,80.13928385416666,0.8600000000000001,1.02,1.02,80.01430555555557,107.7697619047619,109.93813802083334,23044.120000000003,72421.28,84432.49,15.1696875,20.630312499999995,22.5171875,22.5171875,1.02,84432.48999999999
2324,2024-01-08,M13,M,1,3,1971739.0,2330008.0,2330008.0,4.0,3.0,1.0,4.0,1.0,223.0,96,12.507083333333334,9.08,16.98,12.696458333333332,13.006875,82.47687499999999,0.02,4.230625,23.1853125,2225.79,9.583958333333333,2.507083333333334,15.0565625,12.9471875,12.8146484375,15.378958333333335,14.320357142857143,14.1809765625,81.66697916666666,79.795625,80.13928385416666,0.8600000000000001,1.02,1.02,80.01430555555557,107.7697619047619,109.93813802083334,23044.120000000003,72421.28,84432.49,15.1696875,20.630312499999995,22.5171875,22.5171875,1.02,84432.48999999999
2324,2024-01-08,M14,M,1,4,1886957.0,2425922.0,2425922.0,1.0,20.0,4.0,10.0,1.0,156.0,96,12.507083333333334,9.08,16.98,12.696458333333332,13.006875,82.47687499999999,0.02,4.230625,23.1853125,2225.79,9.583958333333333,2.507083333333334,15.0565625,12.9471875,12.8146484375,15.378958333333335,14.320357142857143,14.1809765625,81.66697916666666,79.795625,80.13928385416666,0.8600000000000001,1.02,1.02,80.01430555555557,107.7697619047619,109.93813802083334,23044.120000000003,72421.28,84432.49,15.1696875,20.630312499999995,22.5171875,22.5171875,1.02,84432.48999999999
2324,2024-01-08,M15,M,1,5,2151987.0,2654949.0,2654949.0,2.0,15.0,7.0,9.0,7.0,124.0,96,12.507083333333334,9.08,16.98,12.696458333333332,13.006875,82.47687499999999,0.02,4.230625,23.1853125,2225.79,9.583958333333333,2.507083333333334,15.0565625,12.9471875,12.8146484375,15.378958333333335,14.320357142857143,14.1809765625,81.66697916666666,79.795625,80.13928385416666,0.8600000000000001,1.02,1.02,80.01430555555557,107.7697619047619,109.93813802083334,23044.120000000003,72421.28,84432.49,15.1696875,20.630312499999995,22.5171875,22.5171875,1.02,84432.48999999999
2324,2024-01-08,M21,M,2,1,1393556.0,1627549.0,1627549.0,1.0,8.0,1.0,5.0,1.0,120.0,96,12.507083333333334,9.08,16.98,12.696458333333332,13.006875,82.47687499999999,0.02,4.230625,23.1853125,2225.79,9.583958333333333,2.507083333333334,15.0565625,12.9471875,12.8146484375,15.378958333333335,14.320357142857143,14.1809765625,81.66697916666666,79.795625,80.13928385416666,0.8600000000000001,1.02,1.02,80.01430555555557,107.7697619047619,109.93813802083334,23044.120000000003,72421.28,84432.49,15.1696875,20.630312499999995,22.5171875,22.5171875,1.02,84432.48999999999
2324,2024-01-08,M22,M,2,2,2063732.0,2561521.0,2561521.0,5.0,19.0,3.0,5.0,3.0,11.0,96,12.507083333333334,9.08,16.98,12.696458333333332,13.006875,82.47687499999999,0.02,4.230625,23.1853125,2225.79,9.583958333333333,2.507083333333334,15.0565625,12.9471875,12.8146484375,15.378958333333335,14.320357142857143,14.1809765625,81.66697916666666,79.795625,80.13928385416666,0.8600000000000001,1.02,1.02,80.01430555555557,107.7697619047619,109.93813802083334,23044.120000000003,72421.28,84432.49,15.1696875,20.630312499999995,22.5171875,22.5171875,1.02,84432.48999999999
2324,2024-01-08,M23,M,2,3,1111792.0,1316699.0,1316699.0,0.0,15.0,0.0,2.0,2.0,87.0,96,12.507083333333334,9.08,16.98,12.696458333333332,13.006875,82.47687499999999,0.02,4.230625,23.1853125,2225.79,9.583958333333333,2.507083333333334,15.0565625,12.9471875,12.8146484375,15.378958333333335,14.320357142857143,14.1809765625,81.66697916666666,79.795625,80.13928385416666,0.8600000000000001,1.02,1.02,80.01430555555557,107.7697619047619,109.93813802083334,23044.120000000003,72421.28,84432.49,15.1696875,20.630312499999995,22.5171875,22.5171875,1.02,84432.48999999999
2324,2024-01-08,M24,M,2,4,1070731.0,1267893.0,1267893.0,0.0,6.0,8.0,9.0,1.0,106.0,96,12.507083333333334,9.08,16.98,12.696458333333332,13.006875,82.47687499999999,0.02,4.230625,23.1853125,2225.79,9.583958333333333,2.507083333333334,15.0565625,12.9471875,12.8146484375,15.378958333333335,14.320357142857143,14.1809765625,81.66697916666666,79.795625,80.13928385416666,0.8600000000000001,1.02,1.02,80.01430555555557,107.7697619047619,109.93813802083334,23044.120000000003,72421.28,84432.49,15.1696875,20.630312499999995,22.5171875,22.5171875,1.02,84432.48999999999
2324,2024-01-08,M25,M,2,5,1758896.0,2140634.0,2140634.0,2.0,16.0,3.0,6.0,1.0,5.0,96,12.507083333333334,9.08,16.98,12.696458333333332,13.006875,82.47687499999999,0.02,4.230625,23.1853125,2225.79,9.583958333333333,2.507083333333334,15.0565625,12.9471875,12.8146484375,15.378958333333335,14.320357142857143,14.1809765625,81.66697916666666,79.795625,80.13928385416666,0.8600000000000001,1.02,1.02,80.01430555555557,107.7697619047619,109.93813802083334,23044.120000000003,72421.28,84432.49,15.1696875,20.630312499999995,22.5171875,22.5171875,1.02,84432.48999999999
2324,2024-01-08,M41,M,4,1,1762482.0,2130835.0,2130835.0,4.0,13.0,0.0,2.0,4.0,47.0,96,12.507083333333334,9.08,16.98,12.696458333333332,13.006875,82.47687499999999,0.02,4.230625,23.1853125,2225.79,9.583958333333333,2.507083333333334,15.0565625,12.9471875,12.8146484375,15.378958333333335,14.320357142857143,14.1809765625,81.66697916666666,79.795625,80.13928385416666,0.8600000000000001,1.02,1.02,80.01430555555557,107.7697619047619,109.93813802083334,23044.120000000003,72421.28,84432.49,15.1696875,20.630312499999995,22.5171875,22.5171875,1.02,84432.48999999999
2324,2024-01-08,M42,M,4,2,2089560.0,2436805.0,2436805.0,2.0,18.0,6.0,11.0,1.0,86.0,96,12.507083333333334,9.08,16.98,12.696458333333332,13.006875,82.47687499999999,0.02,4.230625,23.1853125,2225.79,9.583958333333333,2.507083333333334,15.0565625,12.9471875,12.8146484375,15.378958333333335,14.320357142857143,14.1809765625,81.66697916666666,79.795625,80.13928385416666,0.8600000000000001,1.02,1.02,80.01430555555557,107.7697619047619,109.93813802083334,23044.120000000003,72421.28,84432.49,15.1696875,20.630312499999995,22.5171875,22.5171875,1.02,84432.48999999999
2324,2024-01-08,M43,M,4,3,1781377.0,2125256.0,2125256.0,4.0,8.0,0.0,0.0,5.0,112.0,96,12.507083333333334,9.08,16.98,12.696458333333332,13.006875,82.47687499999999,0.02,4.230625,23.1853125,2225.79,9.583958333333333,2.507083333333334,15.0565625,12.9471875,12.8146484375,15.378958333333335,14.320357142857143,14.1809765625,81.66697916666666,79.795625,80.13928385416666,0.8600000000000001,1.02,1.02,80.01430555555557,107.7697619047619,109.93813802083334,23044.120000000003,72421.28,84432.49,15.1696875,20.630312499999995,22.5171875,22.5171875,1.02,84432.48999999999
2324,2024-01-08,M44,M,4,4,2475307.0,2974668.0,2974668.0,6.0,2.0,0.0,5.0,1.0,164.0,96,12.507083333333334,9.08,16.98,12.696458333333332,13.006875,82.47687499999999,0.02,4.230625,23.1853125,2225.79,9.583958333333333,2.507083333333334,15.0565625,12.9471875,12.8146484375,15.378958333333335,14.320357142857143,14.1809765625,81.66697916666666,79.795625,80.13928385416666,0.8600000000000001,1.02,1.02,80.01430555555557,107.7697619047619,109.93813802083334,23044.120000000003,72421.28,84432.49,15.1696875,20.630312499999995,22.5171875,22.5171875,1.02,84432.48999999999
2324,2024-01-08,M45,M,4,5,1873639.0,2242891.0,2242891.0,0.0,4.0,2.0,0.0,0.0,113.0,96,12.507083333333334,9.08,16.98,12.696458333333332,13.006875,82.47687499999999,0.02,4.230625,23.1853125,2225.79,9.583958333333333,2.507083333333334,15.0565625,12.9471875,12.8146484375,15.378958333333335,14.320357142857143,14.1809765625,81.66697916666666,79.795625,80.13928385416666,0.8600000000000001,1.02,1.02,80.01430555555557,107.7697619047619,109.93813802083334,23044.120000000003,72421.28,84432.49,15.1696875,20.630312499999995,22.5171875,22.5171875,1.02,84432.48999999999
2324,2024-01-08,M51,M,5,1,1759416.0,2090375.0,2090375.0,2.0,14.0,0.0,3.0,2.0,0.0,96,12.507083333333334,9.08,16.98,12.696458333333332,13.006875,82.47687499999999,0.02,4.230625,23.1853125,2225.79,9.583958333333333,2.507083333333334,15.0565625,12.9471875,12.8146484375,15.378958333333335,14.320357142857143,14.1809765625,81.66697916666666,79.795625,80.13928385416666,0.8600000000000001,1.02,1.02,80.01430555555557,107.7697619047619,109.93813802083334,23044.120000000003,72421.28,84432.49,15.1696875,20.630312499999995,22.5171875,22.5171875,1.02,84432.48999999999
2324,2024-01-08,M52,M,5,2,3015812.0,3574247.0,3574247.0,9.0,33.0,3.0,5.0,5.0,138.0,96,12.507083333333334,9.08,16.98,12.696458333333332,13.006875,82.47687499999999,0.02,4.230625,23.1853125,2225.79,9.583958333333333,2.507083333333334,15.0565625,12.9471875,12.8146484375,15.378958333333335,14.320357142857143,14.1809765625,81.66697916666666,79.795625,80.13928385416666,0.8600000000000001,1.02,1.02,80.01430555555557,107.7697619047619,109.93813802083334,23044.120000000003,72421.28,84432.49,15.1696875,20.630312499999995,22.5171875,22.5171875,1.02,84432.48999999999
2324,2024-01-08,M53,M,5,3,1458183.0,1796975.0,1796975.0,1.0,9.0,4.0,4.0,0.0,45.0,96,12.507083333333334,9.08,16.98,12.696458333333332,13.006875,82.47687499999999,0.02,4.230625,23.1853125,2225.79,9.583958333333333,2.507083333333334,15.0565625,12.9471875,12.8146484375,15.378958333333335,14.320357142857143,14.1809765625,81.66697916666666,79.795625,80.13928385416666,0.8600000000000001,1.02,1.02,80.01430555555557,107.7697619047619,109.93813802083334,23044.120000000003,72421.28,84432.49,15.1696875,20.630312499999995,22.5171875,22.5171875,1.02,84432.48999999999
2324,2024-01-08,M54,M,5,4,1472602.0,1781971.0,1781971.0,1.0,10.0,0.0,0.0,0.0,7.0,96,12.507083333333334,9.08,16.98,12.696458333333332,13.006875,82.47687499999999,0.02,4.230625,23.1853125,2225.79,9.583958333333333,2.507083333333334,15.0565625,12.9471875,12.8146484375,15.378958333333335,14.320357142857143,14.1809765625,81.66697916666666,79.795625,80.13928385416666,0.8600000000000001,1.02,1.02,80.01430555555557,107.7697619047619,109.93813802083334,23044.120000000003,72421.28,84432.49,15.1696875,20.630312499999995,22.5171875,22.5171875,1.02,84432.48999999999
2324,2024-01-08,M55,M,5,5,1651125.0,2024686.0,2024686.0,9.0,16.0,0.0,4.0,1.0,154.0,96,12.507083333333334,9.08,16.98,12.696458333333332,13.006875,82.47687499999999,0.02,4.230625,23.1853125,2225.79,9.583958333333333,2.507083333333334,15.0565625,12.9471875,12.8146484375,15.378958333333335,14.320357142857143,14.1809765625,81.66697916666666,79.795625,80.13928385416666,0.8600000000000001,1.02,1.02,80.01430555555557,107.7697619047619,109.93813802083334,23044.120000000003,72421.28,84432.49,15.1696875,20.630312499999995,22.5171875,22.5171875,1.02,84432.48999999999
2324,2024-01-16,B11,B,1,1,1598939.0,2076444.0,2076444.0,2.0,31.0,7.0,4.0,13.0,103.0,96,17.04854166666667,8.58,21.94,17.396041666666665,17.473125,94.94791666666667,1.45,6.029062499999999,32.909479166666664,3159.31,16.2309375,7.048541666666669,13.644305555555556,13.661636904761906,13.879151785714287,14.52145833333333,14.597038690476191,14.684375000000001,84.365,79.36620535714285,80.94207589285713,1.45,1.53,3.8200000000000003,62.448541666666664,82.54610119047618,86.86925595238095,17985.18,55470.979999999996,116752.28,11.472291666666669,26.170833333333338,54.8475,56.8509375,3.88,142552.69999999998
2324,2024-01-16,B12,B,1,2,1912826.0,2472454.0,2472454.0,8.0,19.0,1.0,2.0,2.0,149.0,96,17.04854166666667,8.58,21.94,17.396041666666665,17.473125,94.94791666666667,1.45,6.029062499999999,32.909479166666664,3159.31,16.2309375,7.048541666666669,13.644305555555556,13.661636904761906,13.879151785714287,14.52145833333333,14.597038690476191,14.684375000000001,84.365,79.36620535714285,80.94207589285713,1.45,1.53,3.8200000000000003,62.448541666666664,82.54610119047618,86.86925595238095,17985.18,55470.979999999996,116752.28,11.472291666666669,26.170833333333338,54.8475,56.8509375,3.88,142552.69999999998
2324,2024-01-16,B13,B,1,3,1468714.0,1885551.0,1885551.0,1.0,23.0,1.0,12.0,6.0,66.0,96,17.04854166666667,8.58,21.94,17.396041666666665,17.473125,94.94791666666667,1.45,6.029062499999999,32.909479166666664,3159.31,16.2309375,7.048541666666669,13.644305555555556,13.661636904761906,13.879151785714287,14.52145833333333,14.597038690476191,14.684375000000001,84.365,79.36620535714285,80.94207589285713,1.45,1.53,3.8200000000000003,62.448541666666664,82.54610119047618,86.86925595238095,17985.18,55470.979999999996,116752.28,11.472291666666669,26.170833333333338,54.8475,56.8509375,3.88,142552.69999999998
2324,2024-01-16,B14,B,1,4,2037911.0,2681639.0,2681639.0,8.0,26.0,3.0,11.0,7.0,27.0,96,17.04854166666667,8.58,21.94,17.396041666666665,17.473125,94.94791666666667,1.45,6.029062499999999,32.909479166666664,3159.31,16.2309375,7.048541666666669,13.644305555555556,13.661636904761906,13.879151785714287,14.52145833333333,14.597038690476191,14.684375000000001,84.365,79.36620535714285,80.94207589285713,1.45,1.53,3.8200000000000003,62.448541666666664,82.54610119047618,86.86925595238095,17985.18,55470.979999999996,116752.28,11.472291666666669,26.170833333333338,54.8475,56.8509375,3.88,142552.69999999998
2324,2024-01-16,B15,B,1,5,,,,,,,,,32.0,96,17.04854166666667,8.58,21.94,17.396041666666665,17.473125,94.94791666666667,1.45,6.029062499999999,32.909479166666664,3159.31,16.2309375,7.048541666666669,13.644305555555556,13.661636904761906,13.879151785714287,14.52145833333333,14.597038690476191,14.684375000000001,84.365,79.36620535714285,80.94207589285713,1.45,1.53,3.8200000000000003,62.448541666666664,82.54610119047618,86.86925595238095,17985.18,55470.979999999996,116752.28,11.472291666666669,26.170833333333338,54.8475,56.8509375,3.88,142552.69999999998
2324,2024-01-16,B21,B,2,1,962967.0,1207906.0,1207906.0,6.0,19.0,0.0,4.0,2.0,65.0,96,17.04854166666667,8.58,21.94,17.396041666666665,17.473125,94.94791666666667,1.45,6.029062499999999,32.909479166666664,3159.31,16.2309375,7.048541666666669,13.644305555555556,13.661636904761906,13.879151785714287,14.52145833333333,14.597038690476191,14.684375000000001,84.365,79.36620535714285,80.94207589285713,1.45,1.53,3.8200000000000003,62.448541666666664,82.54610119047618,86.86925595238095,17985.18,55470.979999999996,116752.28,11.472291666666669,26.170833333333338,54.8475,56.8509375,3.88,142552.69999999998
2324,2024-01-16,B22,B,2,2,2126202.0,2685135.0,2685135.0,5.0,15.0,0.0,19.0,4.0,223.0,96,17.04854166666667,8.58,21.94,17.396041666666665,17.473125,94.94791666666667,1.45,6.029062499999999,32.909479166666664,3159.31,16.2309375,7.048541666666669,13.644305555555556,13.661636904761906,13.879151785714287,14.52145833333333,14.597038690476191,14.684375000000001,84.365,79.36620535714285,80.94207589285713,1.45,1.53,3.8200000000000003,62.448541666666664,82.54610119047618,86.86925595238095,17985.18,55470.979999999996,116752.28,11.472291666666669,26.170833333333338,54.8475,56.8509375,3.88,142552.69999999998
2324,2024-01-16,B23,B,2,3,1389806.0,1738349.0,1738349.0,7.0,16.0,3.0,3.0,2.0,84.0,96,17.04854166666667,8.58,21.94,17.396041666666665,17.473125,94.94791666666667,1.45,6.029062499999999,32.909479166666664,3159.31,16.2309375,7.048541666666669,13.644305555555556,13.661636904761906,13.879151785714287,14.52145833333333,14.597038690476191,14.684375000000001,84.365,79.36620535714285,80.94207589285713,1.45,1.53,3.8200000000000003,62.448541666666664,82.54610119047618,86.86925595238095,17985.18,55470.979999999996,116752.28,11.472291666666669,26.170833333333338,54.8475,56.8509375,3.88,142552.69999999998
2324,2024-01-16,B24,B,2,4,1841009.0,2331360.0,2331360.0,19.0,24.0,1.0,14.0,5.0,138.0,96,17.04854166666667,8.58,21.94,17.396041666666665,17.473125,94.94791666666667,1.45,6.029062499999999,32.909479166666664,3159.31,16.2309375,7.048541666666669,13.644305555555556,13.661636904761906,13.879151785714287,14.52145833333333,14.597038690476191,14.684375000000001,84.365,79.36620535714285,80.94207589285713,1.45,1.53,3.8200000000000003,62.448541666666664,82.54610119047618,86.86925595238095,17985.18,55470.979999999996,116752.28,11.472291666666669,26.170833333333338,54.8475,56.8509375,3.88,142552.69999999998
2324,2024-01-16,B25,B,2,5,1436915.0,1904293.0,1904293.0,6.0,15.0,0.0,0.0,10.0,27.0,96,17.04854166666667,8.58,21.94,17.396041666666665,17.473125,94.94791666666667,1.45,6.029062499999999,32.909479166666664,3159.31,16.2309375,7.048541666666669,13.644305555555556,13.661636904761906,13.879151785714287,14.52145833333333,14.597038690476191,14.684375000000001,84.365,79.36620535714285,80.94207589285713,1.45,1.53,3.8200000000000003,62.448541666666664,82.54610119047618,86.86925595238095,17985.18,55470.979999999996,116752.28,11.472291666666669,26.170833333333338,54.8475,56.8509375,3.88,142552.69999999998
2324,2024-01-16,B41,B,4,1,1179211.0,1524401.0,1524401.0,7.0,26.0,1.0,5.0,3.0,89.0,96,17.04854166666667,8.58,21.94,17.396041666666665,17.473125,94.94791666666667,1.45,6.029062499999999,32.909479166666664,3159.31,16.2309375,7.048541666666669,13.644305555555556,13.661636904761906,13.879151785714287,14.52145833333333,14.597038690476191,14.684375000000001,84.365,79.36620535714285,80.94207589285713,1.45,1.53,3.8200000000000003,62.448541666666664,82.54610119047618,86.86925595238095,17985.18,55470.979999999996,116752.28,11.472291666666669,26.170833333333338,54.8475,56.8509375,3.88,142552.69999999998
2324,2024-01-16,B42,B,4,2,2717522.0,3588226.0,3588226.0,15.0,36.0,1.0,9.0,12.0,177.0,96,17.04854166666667,8.58,21.94,17.396041666666665,17.473125,94.94791666666667,1.45,6.029062499999999,32.909479166666664,3159.31,16.2309375,7.048541666666669,13.644305555555556,13.661636904761906,13.879151785714287,14.52145833333333,14.597038690476191,14.684375000000001,84.365,79.36620535714285,80.94207589285713,1.45,1.53,3.8200000000000003,62.448541666666664,82.54610119047618,86.86925595238095,17985.18,55470.979999999996,116752.28,11.472291666666669,26.170833333333338,54.8475,56.8509375,3.88,142552.69999999998
2324,2024-01-16,B43,B,4,3,2050732.0,2707623.0,2707623.0,10.0,21.0,2.0,6.0,6.0,143.0,96,17.04854166666667,8.58,21.94,17.396041666666665,17.473125,94.94791666666667,1.45,6.029062499999999,32.909479166666664,3159.31,16.2309375,7.048541666666669,13.644305555555556,13.661636904761906,13.879151785714287,14.52145833333333,14.597038690476191,14.684375000000001,84.365,79.36620535714285,80.94207589285713,1.45,1.53,3.8200000000000003,62.448541666666664,82.54610119047618,86.86925595238095,17985.18,55470.979999999996,116752.28,11.472291666666669,26.170833333333338,54.8475,56.8509375,3.88,142552.69999999998
2324,2024-01-16,B44,B,4,4,1892827.0,2464683.0,2464683.0,9.0,18.0,3.0,5.0,3.0,149.0,96,17.04854166666667,8.58,21.94,17.396041666666665,17.473125,94.94791666666667,1.45,6.029062499999999,32.909479166666664,3159.31,16.2309375,7.048541666666669,13.644305555555556,13.661636904761906,13.879151785714287,14.52145833333333,14.597038690476191,14.684375000000001,84.365,79.36620535714285,80.94207589285713,1.45,1.53,3.8200000000000003,62.448541666666664,82.54610119047618,86.86925595238095,17985.18,55470.979999999996,116752.28,11.472291666666669,26.170833333333338,54.8475,56.8509375,3.88,142552.69999999998
2324,2024-01-16,B45,B,4,5,2271147.0,3069001.0,3069001.0,7.0,31.0,6.0,7.0,8.0,200.0,96,17.04854166666667,8.58,21.94,17.396041666666665,17.473125,94.94791666666667,1.45,6.029062499999999,32.909479166666664,3159.31,16.2309375,7.048541666666669,13.644305555555556,13.661636904761906,13.879151785714287,14.52145833333333,14.597038690476191,14.684375000000001,84.365,79.36620535714285,80.94207589285713,1.45,1.53,3.8200000000000003,62.448541666666664,82.54610119047618,86.86925595238095,17985.18,55470.979999999996,116752.28,11.472291666666669,26.170833333333338,54.8475,56.8509375,3.88,142552.69999999998
2324,2024-01-16,B51,B,5,1,2036892.0,2716446.0,2716446.0,12.0,38.0,2.0,4.0,5.0,78.0,96,17.04854166666667,8.58,21.94,17.396041666666665,17.473125,94.94791666666667,1.45,6.029062499999999,32.909479166666664,3159.31,16.2309375,7.048541666666669,13.644305555555556,13.661636904761906,13.879151785714287,14.52145833333333,14.597038690476191,14.684375000000001,84.365,79.36620535714285,80.94207589285713,1.45,1.53,3.8200000000000003,62.448541666666664,82.54610119047618,86.86925595238095,17985.18,55470.979999999996,116752.28,11.472291666666669,26.170833333333338,54.8475,56.8509375,3.88,142552.69999999998
2324,2024-01-16,B52,B,5,2,1964789.0,2572204.0,2572204.0,13.0,17.0,0.0,3.0,6.0,116.0,96,17.04854166666667,8.58,21.94,17.396041666666665,17.473125,94.94791666666667,1.45,6.029062499999999,32.909479166666664,3159.31,16.2309375,7.048541666666669,13.644305555555556,13.661636904761906,13.879151785714287,14.52145833333333,14.597038690476191,14.684375000000001,84.365,79.36620535714285,80.94207589285713,1.45,1.53,3.8200000000000003,62.448541666666664,82.54610119047618,86.86925595238095,17985.18,55470.979999999996,116752.28,11.472291666666669,26.170833333333338,54.8475,56.8509375,3.88,142552.69999999998
2324,2024-01-16,B53,B,5,3,1686819.0,2229063.0,2229063.0,7.0,20.0,0.0,3.0,6.0,111.0,96,17.04854166666667,8.58,21.94,17.396041666666665,17.473125,94.94791666666667,1.45,6.029062499999999,32.909479166666664,3159.31,16.2309375,7.048541666666669,13.644305555555556,13.661636904761906,13.879151785714287,14.52145833333333,14.597038690476191,14.684375000000001,84.365,79.36620535714285,80.94207589285713,1.45,1.53,3.8200000000000003,62.448541666666664,82.54610119047618,86.86925595238095,17985.18,55470.979999999996,116752.28,11.472291666666669,26.170833333333338,54.8475,56.8509375,3.88,142552.69999999998
2324,2024-01-16,B54,B,5,4,1307714.0,1714193.0,1714193.0,3.0,20.0,2.0,6.0,6.0,65.0,96,17.04854166666667,8.58,21.94,17.396041666666665,17.473125,94.94791666666667,1.45,6.029062499999999,32.909479166666664,3159.31,16.2309375,7.048541666666669,13.644305555555556,13.661636904761906,13.879151785714287,14.52145833333333,14.597038690476191,14.684375000000001,84.365,79.36620535714285,80.94207589285713,1.45,1.53,3.8200000000000003,62.448541666666664,82.54610119047618,86.86925595238095,17985.18,55470.979999999996,116752.28,11.472291666666669,26.170833333333338,54.8475,56.8509375,3.88,142552.69999999998
2324,2024-01-16,B55,B,5,5,1193338.0,1565388.0,1565388.0,9.0,11.0,0.0,1.0,9.0,69.0,96,17.04854166666667,8.58,21.94,17.396041666666665,17.473125,94.94791666666667,1.45,6.029062499999999,32.909479166666664,3159.31,16.2309375,7.048541666666669,13.644305555555556,13.661636904761906,13.879151785714287,14.52145833333333,14.597038690476191,14.684375000000001,84.365,79.36620535714285,80.94207589285713,1.45,1.53,3.8200000000000003,62.448541666666664,82.54610119047618,86.86925595238095,17985.18,55470.979999999996,116752.28,11.472291666666669,26.170833333333338,54.8475,56.8509375,3.88,142552.69999999998
2324,2024-01-16,M11,M,1,1,1084519.0,1357397.0,1357397.0,2.0,8.0,0.0,3.0,1.0,44.0,96,17.04854166666667,8.58,21.94,17.396041666666665,17.473125,94.94791666666667,1.45,6.029062499999999,32.909479166666664,3159.31,16.2309375,7.048541666666669,13.644305555555556,13.661636904761906,13.879151785714287,14.52145833333333,14.597038690476191,14.684375000000001,84.365,79.36620535714285,80.94207589285713,1.45,1.53,3.8200000000000003,62.448541666666664,82.54610119047618,86.86925595238095,17985.18,55470.979999999996,116752.28,11.472291666666669,26.170833333333338,54.8475,56.8509375,3.88,142552.69999999998
2324,2024-01-16,M12,M,1,2,2469226.0,3233716.0,3233716.0,6.0,10.0,1.0,3.0,4.0,282.0,96,17.04854166666667,8.58,21.94,17.396041666666665,17.473125,94.94791666666667,1.45,6.029062499999999,32.909479166666664,3159.31,16.2309375,7.048541666666669,13.644305555555556,13.661636904761906,13.879151785714287,14.52145833333333,14.597038690476191,14.684375000000001,84.365,79.36620535714285,80.94207589285713,1.45,1.53,3.8200000000000003,62.448541666666664,82.54610119047618,86.86925595238095,17985.18,55470.979999999996,116752.28,11.472291666666669,26.170833333333338,54.8475,56.8509375,3.88,142552.69999999998
2324,2024-01-16,M13,M,1,3,2066473.0,2656230.0,2656230.0,3.0,14.0,0.0,0.0,1.0,27.0,96,17.04854166666667,8.58,21.94,17.396041666666665,17.473125,94.94791666666667,1.45,6.029062499999999,32.909479166666664,3159.31,16.2309375,7.048541666666669,13.644305555555556,13.661636904761906,13.879151785714287,14.52145833333333,14.597038690476191,14.684375000000001,84.365,79.36620535714285,80.94207589285713,1.45,1.53,3.8200000000000003,62.448541666666664,82.54610119047618,86.86925595238095,17985.18,55470.979999999996,116752.28,11.472291666666669,26.170833333333338,54.8475,56.8509375,3.88,142552.69999999998
2324,2024-01-16,M14,M,1,4,2421671.0,3276347.0,3276347.0,2.0,10.0,0.0,3.0,5.0,162.0,96,17.04854166666667,8.58,21.94,17.396041666666665,17.473125,94.94791666666667,1.45,6.029062499999999,32.909479166666664,3159.31,16.2309375,7.048541666666669,13.644305555555556,13.661636904761906,13.879151785714287,14.52145833333333,14.597038690476191,14.684375000000001,84.365,79.36620535714285,80.94207589285713,1.45,1.53,3.8200000000000003,62.448541666666664,82.54610119047618,86.86925595238095,17985.18,55470.979999999996,116752.28,11.472291666666669,26.170833333333338,54.8475,56.8509375,3.88,142552.69999999998
2324,2024-01-16,M15,M,1,5,2148935.0,2842705.0,2842705.0,1.0,12.0,4.0,8.0,10.0,187.0,96,17.04854166666667,8.58,21.94,17.396041666666665,17.473125,94.94791666666667,1.45,6.029062499999999,32.909479166666664,3159.31,16.2309375,7.048541666666669,13.644305555555556,13.661636904761906,13.879151785714287,14.52145833333333,14.597038690476191,14.684375000000001,84.365,79.36620535714285,80.94207589285713,1.45,1.53,3.8200000000000003,62.448541666666664,82.54610119047618,86.86925595238095,17985.18,55470.979999999996,116752.28,11.472291666666669,26.170833333333338,54.8475,56.8509375,3.88,142552.69999999998
2324,2024-01-16,M21,M,2,1,1646653.0,1969743.0,1969743.0,4.0,19.0,1.0,2.0,11.0,97.0,96,17.04854166666667,8.58,21.94,17.396041666666665,17.473125,94.94791666666667,1.45,6.029062499999999,32.909479166666664,3159.31,16.2309375,7.048541666666669,13.644305555555556,13.661636904761906,13.879151785714287,14.52145833333333,14.597038690476191,14.684375000000001,84.365,79.36620535714285,80.94207589285713,1.45,1.53,3.8200000000000003,62.448541666666664,82.54610119047618,86.86925595238095,17985.18,55470.979999999996,116752.28,11.472291666666669,26.170833333333338,54.8475,56.8509375,3.88,142552.69999999998
2324,2024-01-16,M22,M,2,2,1610671.0,1980548.0,1980548.0,8.0,18.0,1.0,8.0,9.0,194.0,96,17.04854166666667,8.58,21.94,17.396041666666665,17.473125,94.94791666666667,1.45,6.029062499999999,32.909479166666664,3159.31,16.2309375,7.048541666666669,13.644305555555556,13.661636904761906,13.879151785714287,14.52145833333333,14.597038690476191,14.684375000000001,84.365,79.36620535714285,80.94207589285713,1.45,1.53,3.8200000000000003,62.448541666666664,82.54610119047618,86.86925595238095,17985.18,55470.979999999996,116752.28,11.472291666666669,26.170833333333338,54.8475,56.8509375,3.88,142552.69999999998
2324,2024-01-16,M23,M,2,3,1288030.0,1597450.0,1597450.0,2.0,8.0,2.0,2.0,4.0,63.0,96,17.04854166666667,8.58,21.94,17.396041666666665,17.473125,94.94791666666667,1.45,6.029062499999999,32.909479166666664,3159.31,16.2309375,7.048541666666669,13.644305555555556,13.661636904761906,13.879151785714287,14.52145833333333,14.597038690476191,14.684375000000001,84.365,79.36620535714285,80.94207589285713,1.45,1.53,3.8200000000000003,62.448541666666664,82.54610119047618,86.86925595238095,17985.18,55470.979999999996,116752.28,11.472291666666669,26.170833333333338,54.8475,56.8509375,3.88,142552.69999999998
2324,2024-01-16,M24,M,2,4,1038430.0,1307607.0,1307607.0,1.0,6.0,0.0,4.0,3.0,38.0,96,17.04854166666667,8.58,21.94,17.396041666666665,17.473125,94.94791666666667,1.45,6.029062499999999,32.909479166666664,3159.31,16.2309375,7.048541666666669,13.644305555555556,13.661636904761906,13.879151785714287,14.52145833333333,14.597038690476191,14.684375000000001,84.365,79.36620535714285,80.94207589285713,1.45,1.53,3.8200000000000003,62.448541666666664,82.54610119047618,86.86925595238095,17985.18,55470.979999999996,116752.28,11.472291666666669,26.170833333333338,54.8475,56.8509375,3.88,142552.69999999998
2324,2024-01-16,M25,M,2,5,1320506.0,1661987.0,1661987.0,0.0,11.0,3.0,3.0,6.0,49.0,96,17.04854166666667,8.58,21.94,17.396041666666665,17.473125,94.94791666666667,1.45,6.029062499999999,32.909479166666664,3159.31,16.2309375,7.048541666666669,13.644305555555556,13.661636904761906,13.879151785714287,14.52145833333333,14.597038690476191,14.684375000000001,84.365,79.36620535714285,80.94207589285713,1.45,1.53,3.8200000000000003,62.448541666666664,82.54610119047618,86.86925595238095,17985.18,55470.979999999996,116752.28,11.472291666666669,26.170833333333338,54.8475,56.8509375,3.88,142552.69999999998
2324,2024-01-16,M41,M,4,1,1879005.0,2478055.0,2478055.0,3.0,25.0,0.0,10.0,5.0,113.0,96,17.04854166666667,8.58,21.94,17.396041666666665,17.473125,94.94791666666667,1.45,6.029062499999999,32.909479166666664,3159.31,16.2309375,7.048541666666669,13.644305555555556,13.661636904761906,13.879151785714287,14.52145833333333,14.597038690476191,14.684375000000001,84.365,79.36620535714285,80.94207589285713,1.45,1.53,3.8200000000000003,62.448541666666664,82.54610119047618,86.86925595238095,17985.18,55470.979999999996,116752.28,11.472291666666669,26.170833333333338,54.8475,56.8509375,3.88,142552.69999999998
2324,2024-01-16,M42,M,4,2,1662087.0,2135373.0,2135373.0,5.0,18.0,1.0,4.0,7.0,36.0,96,17.04854166666667,8.58,21.94,17.396041666666665,17.473125,94.94791666666667,1.45,6.029062499999999,32.909479166666664,3159.31,16.2309375,7.048541666666669,13.644305555555556,13.661636904761906,13.879151785714287,14.52145833333333,14.597038690476191,14.684375000000001,84.365,79.36620535714285,80.94207589285713,1.45,1.53,3.8200000000000003,62.448541666666664,82.54610119047618,86.86925595238095,17985.18,55470.979999999996,116752.28,11.472291666666669,26.170833333333338,54.8475,56.8509375,3.88,142552.69999999998
2324,2024-01-16,M43,M,4,3,2465573.0,3124464.0,3124464.0,9.0,31.0,1.0,7.0,2.0,250.0,96,17.04854166666667,8.58,21.94,17.396041666666665,17.473125,94.94791666666667,1.45,6.029062499999999,32.909479166666664,3159.31,16.2309375,7.048541666666669,13.644305555555556,13.661636904761906,13.879151785714287,14.52145833333333,14.597038690476191,14.684375000000001,84.365,79.36620535714285,80.94207589285713,1.45,1.53,3.8200000000000003,62.448541666666664,82.54610119047618,86.86925595238095,17985.18,55470.979999999996,116752.28,11.472291666666669,26.170833333333338,54.8475,56.8509375,3.88,142552.69999999998
2324,2024-01-16,M44,M,4,4,2666965.0,3521699.0,3521699.0,4.0,22.0,0.0,6.0,1.0,100.0,96,17.04854166666667,8.58,21.94,17.396041666666665,17.473125,94.94791666666667,1.45,6.029062499999999,32.909479166666664,3159.31,16.2309375,7.048541666666669,13.644305555555556,13.661636904761906,13.879151785714287,14.52145833333333,14.597038690476191,14.684375000000001,84.365,79.36620535714285,80.94207589285713,1.45,1.53,3.8200000000000003,62.448541666666664,82.54610119047618,86.86925595238095,17985.18,55470.979999999996,116752.28,11.472291666666669,26.170833333333338,54.8475,56.8509375,3.88,142552.69999999998
2324,2024-01-16,M45,M,4,5,1876868.0,2413242.0,2413242.0,2.0,14.0,1.0,1.0,3.0,21.0,96,17.04854166666667,8.58,21.94,17.396041666666665,17.473125,94.94791666666667,1.45,6.029062499999999,32.909479166666664,3159.31,16.2309375,7.048541666666669,13.644305555555556,13.661636904761906,13.879151785714287,14.52145833333333,14.597038690476191,14.684375000000001,84.365,79.36620535714285,80.94207589285713,1.45,1.53,3.8200000000000003,62.448541666666664,82.54610119047618,86.86925595238095,17985.18,55470.979999999996,116752.28,11.472291666666669,26.170833333333338,54.8475,56.8509375,3.88,142552.69999999998
2324,2024-01-16,M51,M,5,1,1919279.0,2478581.0,2478581.0,3.0,32.0,0.0,3.0,4.0,0.0,96,17.04854166666667,8.58,21.94,17.396041666666665,17.473125,94.94791666666667,1.45,6.029062499999999,32.909479166666664,3159.31,16.2309375,7.048541666666669,13.644305555555556,13.661636904761906,13.879151785714287,14.52145833333333,14.597038690476191,14.684375000000001,84.365,79.36620535714285,80.94207589285713,1.45,1.53,3.8200000000000003,62.448541666666664,82.54610119047618,86.86925595238095,17985.18,55470.979999999996,116752.28,11.472291666666669,26.170833333333338,54.8475,56.8509375,3.88,142552.69999999998
2324,2024-01-16,M52,M,5,2,1989489.0,2572175.0,2572175.0,9.0,31.0,0.0,2.0,10.0,60.0,96,17.04854166666667,8.58,21.94,17.396041666666665,17.473125,94.94791666666667,1.45,6.029062499999999,32.909479166666664,3159.31,16.2309375,7.048541666666669,13.644305555555556,13.661636904761906,13.879151785714287,14.52145833333333,14.597038690476191,14.684375000000001,84.365,79.36620535714285,80.94207589285713,1.45,1.53,3.8200000000000003,62.448541666666664,82.54610119047618,86.86925595238095,17985.18,55470.979999999996,116752.28,11.472291666666669,26.170833333333338,54.8475,56.8509375,3.88,142552.69999999998
2324,2024-01-16,M53,M,5,3,2289336.0,3013968.0,3013968.0,1.0,17.0,0.0,0.0,4.0,54.0,96,17.04854166666667,8.58,21.94,17.396041666666665,17.473125,94.94791666666667,1.45,6.029062499999999,32.909479166666664,3159.31,16.2309375,7.048541666666669,13.644305555555556,13.661636904761906,13.879151785714287,14.52145833333333,14.597038690476191,14.684375000000001,84.365,79.36620535714285,80.94207589285713,1.45,1.53,3.8200000000000003,62.448541666666664,82.54610119047618,86.86925595238095,17985.18,55470.979999999996,116752.28,11.472291666666669,26.170833333333338,54.8475,56.8509375,3.88,142552.69999999998
2324,2024-01-16,M54,M,5,4,1251767.0,1621149.0,1621149.0,2.0,17.0,2.0,2.0,2.0,35.0,96,17.04854166666667,8.58,21.94,17.396041666666665,17.473125,94.94791666666667,1.45,6.029062499999999,32.909479166666664,3159.31,16.2309375,7.048541666666669,13.644305555555556,13.661636904761906,13.879151785714287,14.52145833333333,14.597038690476191,14.684375000000001,84.365,79.36620535714285,80.94207589285713,1.45,1.53,3.8200000000000003,62.448541666666664,82.54610119047618,86.86925595238095,17985.18,55470.979999999996,116752.28,11.472291666666669,26.170833333333338,54.8475,56.8509375,3.88,142552.69999999998
2324,2024-01-16,M55,M,5,5,2593845.0,3293639.0,3293639.0,5.0,22.0,1.0,9.0,2.0,117.0,96,17.04854166666667,8.58,21.94,17.396041666666665,17.473125,94.94791666666667,1.45,6.029062499999999,32.909479166666664,3159.31,16.2309375,7.048541666666669,13.644305555555556,13.661636904761906,13.879151785714287,14.52145833333333,14.597038690476191,14.684375000000001,84.365,79.36620535714285,80.94207589285713,1.45,1.53,3.8200000000000003,62.448541666666664,82.54610119047618,86.86925595238095,17985.18,55470.979999999996,116752.28,11.472291666666669,26.170833333333338,54.8475,56.8509375,3.88,142552.69999999998
2324,2024-01-23,B11,B,1,1,1461191.0,1870595.0,1870595.0,2.0,14.0,0.0,4.0,3.0,22.0,96,18.293645833333333,13.57,22.75,18.577604166666667,16.361250000000002,82.23156250000001,0.0,4.235833333333333,93.22572916666667,8949.67,15.061666666666667,8.293645833333333,11.875763888888889,10.462544642857143,12.062090773809524,12.589374999999999,12.273392857142856,13.435215773809523,73.98114583333334,70.53050595238095,74.94835565476191,0.0,0.0,1.53,114.10902777777778,117.54267308897242,100.04438713972432,32863.4,78938.71,134409.69,10.359999999999998,14.51927083333333,40.69010416666667,71.37020833333332,3.88,221491.41
2324,2024-01-23,B12,B,1,2,2031794.0,2652563.0,2652563.0,10.0,23.0,2.0,5.0,3.0,38.0,96,18.293645833333333,13.57,22.75,18.577604166666667,16.361250000000002,82.23156250000001,0.0,4.235833333333333,93.22572916666667,8949.67,15.061666666666667,8.293645833333333,11.875763888888889,10.462544642857143,12.062090773809524,12.589374999999999,12.273392857142856,13.435215773809523,73.98114583333334,70.53050595238095,74.94835565476191,0.0,0.0,1.53,114.10902777777778,117.54267308897242,100.04438713972432,32863.4,78938.71,134409.69,10.359999999999998,14.51927083333333,40.69010416666667,71.37020833333332,3.88,221491.41
2324,2024-01-23,B13,B,1,3,1464854.0,1853038.0,1853038.0,3.0,17.0,1.0,7.0,7.0,39.0,96,18.293645833333333,13.57,22.75,18.577604166666667,16.361250000000002,82.23156250000001,0.0,4.235833333333333,93.22572916666667,8949.67,15.061666666666667,8.293645833333333,11.875763888888889,10.462544642857143,12.062090773809524,12.589374999999999,12.273392857142856,13.435215773809523,73.98114583333334,70.53050595238095,74.94835565476191,0.0,0.0,1.53,114.10902777777778,117.54267308897242,100.04438713972432,32863.4,78938.71,134409.69,10.359999999999998,14.51927083333333,40.69010416666667,71.37020833333332,3.88,221491.41
2324,2024-01-23,B14,B,1,4,1976058.0,2604767.0,2604767.0,6.0,12.0,4.0,2.0,3.0,33.0,96,18.293645833333333,13.57,22.75,18.577604166666667,16.361250000000002,82.23156250000001,0.0,4.235833333333333,93.22572916666667,8949.67,15.061666666666667,8.293645833333333,11.875763888888889,10.462544642857143,12.062090773809524,12.589374999999999,12.273392857142856,13.435215773809523,73.98114583333334,70.53050595238095,74.94835565476191,0.0,0.0,1.53,114.10902777777778,117.54267308897242,100.04438713972432,32863.4,78938.71,134409.69,10.359999999999998,14.51927083333333,40.69010416666667,71.37020833333332,3.88,221491.41
2324,2024-01-23,B15,B,1,5,2080340.0,2689427.0,2689427.0,5.0,18.0,6.0,7.0,14.0,61.0,96,18.293645833333333,13.57,22.75,18.577604166666667,16.361250000000002,82.23156250000001,0.0,4.235833333333333,93.22572916666667,8949.67,15.061666666666667,8.293645833333333,11.875763888888889,10.462544642857143,12.062090773809524,12.589374999999999,12.273392857142856,13.435215773809523,73.98114583333334,70.53050595238095,74.94835565476191,0.0,0.0,1.53,114.10902777777778,117.54267308897242,100.04438713972432,32863.4,78938.71,134409.69,10.359999999999998,14.51927083333333,40.69010416666667,71.37020833333332,3.88,221491.41
2324,2024-01-23,B21,B,2,1,1147547.0,1430744.0,1430744.0,1.0,23.0,1.0,1.0,8.0,0.0,96,18.293645833333333,13.57,22.75,18.577604166666667,16.361250000000002,82.23156250000001,0.0,4.235833333333333,93.22572916666667,8949.67,15.061666666666667,8.293645833333333,11.875763888888889,10.462544642857143,12.062090773809524,12.589374999999999,12.273392857142856,13.435215773809523,73.98114583333334,70.53050595238095,74.94835565476191,0.0,0.0,1.53,114.10902777777778,117.54267308897242,100.04438713972432,32863.4,78938.71,134409.69,10.359999999999998,14.51927083333333,40.69010416666667,71.37020833333332,3.88,221491.41
2324,2024-01-23,B22,B,2,2,2144608.0,2776582.0,2776582.0,2.0,22.0,3.0,3.0,4.0,57.0,96,18.293645833333333,13.57,22.75,18.577604166666667,16.361250000000002,82.23156250000001,0.0,4.235833333333333,93.22572916666667,8949.67,15.061666666666667,8.293645833333333,11.875763888888889,10.462544642857143,12.062090773809524,12.589374999999999,12.273392857142856,13.435215773809523,73.98114583333334,70.53050595238095,74.94835565476191,0.0,0.0,1.53,114.10902777777778,117.54267308897242,100.04438713972432,32863.4,78938.71,134409.69,10.359999999999998,14.51927083333333,40.69010416666667,71.37020833333332,3.88,221491.41
2324,2024-01-23,B23,B,2,3,1882756.0,2375370.0,2375370.0,3.0,18.0,5.0,3.0,8.0,99.0,96,18.293645833333333,13.57,22.75,18.577604166666667,16.361250000000002,82.23156250000001,0.0,4.235833333333333,93.22572916666667,8949.67,15.061666666666667,8.293645833333333,11.875763888888889,10.462544642857143,12.062090773809524,12.589374999999999,12.273392857142856,13.435215773809523,73.98114583333334,70.53050595238095,74.94835565476191,0.0,0.0,1.53,114.10902777777778,117.54267308897242,100.04438713972432,32863.4,78938.71,134409.69,10.359999999999998,14.51927083333333,40.69010416666667,71.37020833333332,3.88,221491.41
2324,2024-01-23,B24,B,2,4,2155452.0,2727257.0,2727257.0,4.0,36.0,6.0,12.0,4.0,127.0,96,18.293645833333333,13.57,22.75,18.577604166666667,16.361250000000002,82.23156250000001,0.0,4.235833333333333,93.22572916666667,8949.67,15.061666666666667,8.293645833333333,11.875763888888889,10.462544642857143,12.062090773809524,12.589374999999999,12.273392857142856,13.435215773809523,73.98114583333334,70.53050595238095,74.94835565476191,0.0,0.0,1.53,114.10902777777778,117.54267308897242,100.04438713972432,32863.4,78938.71,134409.69,10.359999999999998,14.51927083333333,40.69010416666667,71.37020833333332,3.88,221491.41
2324,2024-01-23,B25,B,2,5,3398859.0,4538543.0,4538543.0,13.0,32.0,8.0,4.0,22.0,57.0,96,18.293645833333333,13.57,22.75,18.577604166666667,16.361250000000002,82.23156250000001,0.0,4.235833333333333,93.22572916666667,8949.67,15.061666666666667,8.293645833333333,11.875763888888889,10.462544642857143,12.062090773809524,12.589374999999999,12.273392857142856,13.435215773809523,73.98114583333334,70.53050595238095,74.94835565476191,0.0,0.0,1.53,114.10902777777778,117.54267308897242,100.04438713972432,32863.4,78938.71,134409.69,10.359999999999998,14.51927083333333,40.69010416666667,71.37020833333332,3.88,221491.41
2324,2024-01-23,B41,B,4,1,1857036.0,2386267.0,2386267.0,3.0,34.0,5.0,4.0,4.0,26.0,96,18.293645833333333,13.57,22.75,18.577604166666667,16.361250000000002,82.23156250000001,0.0,4.235833333333333,93.22572916666667,8949.67,15.061666666666667,8.293645833333333,11.875763888888889,10.462544642857143,12.062090773809524,12.589374999999999,12.273392857142856,13.435215773809523,73.98114583333334,70.53050595238095,74.94835565476191,0.0,0.0,1.53,114.10902777777778,117.54267308897242,100.04438713972432,32863.4,78938.71,134409.69,10.359999999999998,14.51927083333333,40.69010416666667,71.37020833333332,3.88,221491.41
2324,2024-01-23,B42,B,4,2,2449341.0,3198508.0,3198508.0,9.0,29.0,4.0,3.0,17.0,184.0,96,18.293645833333333,13.57,22.75,18.577604166666667,16.361250000000002,82.23156250000001,0.0,4.235833333333333,93.22572916666667,8949.67,15.061666666666667,8.293645833333333,11.875763888888889,10.462544642857143,12.062090773809524,12.589374999999999,12.273392857142856,13.435215773809523,73.98114583333334,70.53050595238095,74.94835565476191,0.0,0.0,1.53,114.10902777777778,117.54267308897242,100.04438713972432,32863.4,78938.71,134409.69,10.359999999999998,14.51927083333333,40.69010416666667,71.37020833333332,3.88,221491.41
2324,2024-01-23,B43,B,4,3,2172776.0,2894598.0,2894598.0,6.0,27.0,1.0,6.0,13.0,76.0,96,18.293645833333333,13.57,22.75,18.577604166666667,16.361250000000002,82.23156250000001,0.0,4.235833333333333,93.22572916666667,8949.67,15.061666666666667,8.293645833333333,11.875763888888889,10.462544642857143,12.062090773809524,12.589374999999999,12.273392857142856,13.435215773809523,73.98114583333334,70.53050595238095,74.94835565476191,0.0,0.0,1.53,114.10902777777778,117.54267308897242,100.04438713972432,32863.4,78938.71,134409.69,10.359999999999998,14.51927083333333,40.69010416666667,71.37020833333332,3.88,221491.41
2324,2024-01-23,B44,B,4,4,1331857.0,1752271.0,1752271.0,1.0,9.0,0.0,2.0,1.0,26.0,96,18.293645833333333,13.57,22.75,18.577604166666667,16.361250000000002,82.23156250000001,0.0,4.235833333333333,93.22572916666667,8949.67,15.061666666666667,8.293645833333333,11.875763888888889,10.462544642857143,12.062090773809524,12.589374999999999,12.273392857142856,13.435215773809523,73.98114583333334,70.53050595238095,74.94835565476191,0.0,0.0,1.53,114.10902777777778,117.54267308897242,100.04438713972432,32863.4,78938.71,134409.69,10.359999999999998,14.51927083333333,40.69010416666667,71.37020833333332,3.88,221491.41
2324,2024-01-23,B45,B,4,5,2493014.0,3383726.0,3383726.0,5.0,14.0,4.0,9.0,4.0,113.0,96,18.293645833333333,13.57,22.75,18.577604166666667,16.361250000000002,82.23156250000001,0.0,4.235833333333333,93.22572916666667,8949.67,15.061666666666667,8.293645833333333,11.875763888888889,10.462544642857143,12.062090773809524,12.589374999999999,12.273392857142856,13.435215773809523,73.98114583333334,70.53050595238095,74.94835565476191,0.0,0.0,1.53,114.10902777777778,117.54267308897242,100.04438713972432,32863.4,78938.71,134409.69,10.359999999999998,14.51927083333333,40.69010416666667,71.37020833333332,3.88,221491.41
2324,2024-01-23,B51,B,5,1,2267515.0,3101045.0,3101045.0,7.0,36.0,4.0,4.0,18.0,71.0,96,18.293645833333333,13.57,22.75,18.577604166666667,16.361250000000002,82.23156250000001,0.0,4.235833333333333,93.22572916666667,8949.67,15.061666666666667,8.293645833333333,11.875763888888889,10.462544642857143,12.062090773809524,12.589374999999999,12.273392857142856,13.435215773809523,73.98114583333334,70.53050595238095,74.94835565476191,0.0,0.0,1.53,114.10902777777778,117.54267308897242,100.04438713972432,32863.4,78938.71,134409.69,10.359999999999998,14.51927083333333,40.69010416666667,71.37020833333332,3.88,221491.41
2324,2024-01-23,B52,B,5,2,2332854.0,2983013.0,2983013.0,10.0,14.0,3.0,4.0,11.0,90.0,96,18.293645833333333,13.57,22.75,18.577604166666667,16.361250000000002,82.23156250000001,0.0,4.235833333333333,93.22572916666667,8949.67,15.061666666666667,8.293645833333333,11.875763888888889,10.462544642857143,12.062090773809524,12.589374999999999,12.273392857142856,13.435215773809523,73.98114583333334,70.53050595238095,74.94835565476191,0.0,0.0,1.53,114.10902777777778,117.54267308897242,100.04438713972432,32863.4,78938.71,134409.69,10.359999999999998,14.51927083333333,40.69010416666667,71.37020833333332,3.88,221491.41
2324,2024-01-23,B53,B,5,3,1670204.0,2094648.0,2094648.0,1.0,26.0,0.0,6.0,12.0,68.0,96,18.293645833333333,13.57,22.75,18.577604166666667,16.361250000000002,82.23156250000001,0.0,4.235833333333333,93.22572916666667,8949.67,15.061666666666667,8.293645833333333,11.875763888888889,10.462544642857143,12.062090773809524,12.589374999999999,12.273392857142856,13.435215773809523,73.98114583333334,70.53050595238095,74.94835565476191,0.0,0.0,1.53,114.10902777777778,117.54267308897242,100.04438713972432,32863.4,78938.71,134409.69,10.359999999999998,14.51927083333333,40.69010416666667,71.37020833333332,3.88,221491.41
2324,2024-01-23,B54,B,5,4,1694943.0,2121306.0,2121306.0,8.0,12.0,3.0,2.0,11.0,73.0,96,18.293645833333333,13.57,22.75,18.577604166666667,16.361250000000002,82.23156250000001,0.0,4.235833333333333,93.22572916666667,8949.67,15.061666666666667,8.293645833333333,11.875763888888889,10.462544642857143,12.062090773809524,12.589374999999999,12.273392857142856,13.435215773809523,73.98114583333334,70.53050595238095,74.94835565476191,0.0,0.0,1.53,114.10902777777778,117.54267308897242,100.04438713972432,32863.4,78938.71,134409.69,10.359999999999998,14.51927083333333,40.69010416666667,71.37020833333332,3.88,221491.41
2324,2024-01-23,B55,B,5,5,2467571.0,3151725.0,3151725.0,18.0,14.0,2.0,0.0,18.0,40.0,96,18.293645833333333,13.57,22.75,18.577604166666667,16.361250000000002,82.23156250000001,0.0,4.235833333333333,93.22572916666667,8949.67,15.061666666666667,8.293645833333333,11.875763888888889,10.462544642857143,12.062090773809524,12.589374999999999,12.273392857142856,13.435215773809523,73.98114583333334,70.53050595238095,74.94835565476191,0.0,0.0,1.53,114.10902777777778,117.54267308897242,100.04438713972432,32863.4,78938.71,134409.69,10.359999999999998,14.51927083333333,40.69010416666667,71.37020833333332,3.88,221491.41
2324,2024-01-23,M11,M,1,1,1353902.0,1705535.0,1705535.0,1.0,5.0,1.0,3.0,4.0,48.0,96,18.293645833333333,13.57,22.75,18.577604166666667,16.361250000000002,82.23156250000001,0.0,4.235833333333333,93.22572916666667,8949.67,15.061666666666667,8.293645833333333,11.875763888888889,10.462544642857143,12.062090773809524,12.589374999999999,12.273392857142856,13.435215773809523,73.98114583333334,70.53050595238095,74.94835565476191,0.0,0.0,1.53,114.10902777777778,117.54267308897242,100.04438713972432,32863.4,78938.71,134409.69,10.359999999999998,14.51927083333333,40.69010416666667,71.37020833333332,3.88,221491.41
2324,2024-01-23,M12,M,1,2,3257167.0,4165859.0,4165859.0,3.0,26.0,0.0,4.0,10.0,98.0,96,18.293645833333333,13.57,22.75,18.577604166666667,16.361250000000002,82.23156250000001,0.0,4.235833333333333,93.22572916666667,8949.67,15.061666666666667,8.293645833333333,11.875763888888889,10.462544642857143,12.062090773809524,12.589374999999999,12.273392857142856,13.435215773809523,73.98114583333334,70.53050595238095,74.94835565476191,0.0,0.0,1.53,114.10902777777778,117.54267308897242,100.04438713972432,32863.4,78938.71,134409.69,10.359999999999998,14.51927083333333,40.69010416666667,71.37020833333332,3.88,221491.41
2324,2024-01-23,M13,M,1,3,3282222.0,4179304.0,4179304.0,1.0,22.0,0.0,2.0,8.0,30.0,96,18.293645833333333,13.57,22.75,18.577604166666667,16.361250000000002,82.23156250000001,0.0,4.235833333333333,93.22572916666667,8949.67,15.061666666666667,8.293645833333333,11.875763888888889,10.462544642857143,12.062090773809524,12.589374999999999,12.273392857142856,13.435215773809523,73.98114583333334,70.53050595238095,74.94835565476191,0.0,0.0,1.53,114.10902777777778,117.54267308897242,100.04438713972432,32863.4,78938.71,134409.69,10.359999999999998,14.51927083333333,40.69010416666667,71.37020833333332,3.88,221491.41
2324,2024-01-23,M14,M,1,4,2411181.0,3128538.0,3128538.0,1.0,14.0,1.0,9.0,9.0,201.0,96,18.293645833333333,13.57,22.75,18.577604166666667,16.361250000000002,82.23156250000001,0.0,4.235833333333333,93.22572916666667,8949.67,15.061666666666667,8.293645833333333,11.875763888888889,10.462544642857143,12.062090773809524,12.589374999999999,12.273392857142856,13.435215773809523,73.98114583333334,70.53050595238095,74.94835565476191,0.0,0.0,1.53,114.10902777777778,117.54267308897242,100.04438713972432,32863.4,78938.71,134409.69,10.359999999999998,14.51927083333333,40.69010416666667,71.37020833333332,3.88,221491.41
2324,2024-01-23,M15,M,1,5,2929539.0,3838075.0,3838075.0,1.0,18.0,2.0,12.0,23.0,110.0,96,18.293645833333333,13.57,22.75,18.577604166666667,16.361250000000002,82.23156250000001,0.0,4.235833333333333,93.22572916666667,8949.67,15.061666666666667,8.293645833333333,11.875763888888889,10.462544642857143,12.062090773809524,12.589374999999999,12.273392857142856,13.435215773809523,73.98114583333334,70.53050595238095,74.94835565476191,0.0,0.0,1.53,114.10902777777778,117.54267308897242,100.04438713972432,32863.4,78938.71,134409.69,10.359999999999998,14.51927083333333,40.69010416666667,71.37020833333332,3.88,221491.41
2324,2024-01-23,M21,M,2,1,1588240.0,1997874.0,1997874.0,3.0,28.0,1.0,0.0,9.0,40.0,96,18.293645833333333,13.57,22.75,18.577604166666667,16.361250000000002,82.23156250000001,0.0,4.235833333333333,93.22572916666667,8949.67,15.061666666666667,8.293645833333333,11.875763888888889,10.462544642857143,12.062090773809524,12.589374999999999,12.273392857142856,13.435215773809523,73.98114583333334,70.53050595238095,74.94835565476191,0.0,0.0,1.53,114.10902777777778,117.54267308897242,100.04438713972432,32863.4,78938.71,134409.69,10.359999999999998,14.51927083333333,40.69010416666667,71.37020833333332,3.88,221491.41
2324,2024-01-23,M22,M,2,2,2727361.0,3455003.0,3455003.0,6.0,46.0,0.0,5.0,15.0,47.0,96,18.293645833333333,13.57,22.75,18.577604166666667,16.361250000000002,82.23156250000001,0.0,4.235833333333333,93.22572916666667,8949.67,15.061666666666667,8.293645833333333,11.875763888888889,10.462544642857143,12.062090773809524,12.589374999999999,12.273392857142856,13.435215773809523,73.98114583333334,70.53050595238095,74.94835565476191,0.0,0.0,1.53,114.10902777777778,117.54267308897242,100.04438713972432,32863.4,78938.71,134409.69,10.359999999999998,14.51927083333333,40.69010416666667,71.37020833333332,3.88,221491.41
2324,2024-01-23,M23,M,2,3,1459433.0,1801531.0,1801531.0,2.0,9.0,2.0,3.0,6.0,56.0,96,18.293645833333333,13.57,22.75,18.577604166666667,16.361250000000002,82.23156250000001,0.0,4.235833333333333,93.22572916666667,8949.67,15.061666666666667,8.293645833333333,11.875763888888889,10.462544642857143,12.062090773809524,12.589374999999999,12.273392857142856,13.435215773809523,73.98114583333334,70.53050595238095,74.94835565476191,0.0,0.0,1.53,114.10902777777778,117.54267308897242,100.04438713972432,32863.4,78938.71,134409.69,10.359999999999998,14.51927083333333,40.69010416666667,71.37020833333332,3.88,221491.41
2324,2024-01-23,M24,M,2,4,1575469.0,1937455.0,1937455.0,3.0,6.0,2.0,2.0,4.0,33.0,96,18.293645833333333,13.57,22.75,18.577604166666667,16.361250000000002,82.23156250000001,0.0,4.235833333333333,93.22572916666667,8949.67,15.061666666666667,8.293645833333333,11.875763888888889,10.462544642857143,12.062090773809524,12.589374999999999,12.273392857142856,13.435215773809523,73.98114583333334,70.53050595238095,74.94835565476191,0.0,0.0,1.53,114.10902777777778,117.54267308897242,100.04438713972432,32863.4,78938.71,134409.69,10.359999999999998,14.51927083333333,40.69010416666667,71.37020833333332,3.88,221491.41
2324,2024-01-23,M25,M,2,5,1874982.0,2368299.0,2368299.0,3.0,14.0,0.0,5.0,10.0,53.0,96,18.293645833333333,13.57,22.75,18.577604166666667,16.361250000000002,82.23156250000001,0.0,4.235833333333333,93.22572916666667,8949.67,15.061666666666667,8.293645833333333,11.875763888888889,10.462544642857143,12.062090773809524,12.589374999999999,12.273392857142856,13.435215773809523,73.98114583333334,70.53050595238095,74.94835565476191,0.0,0.0,1.53,114.10902777777778,117.54267308897242,100.04438713972432,32863.4,78938.71,134409.69,10.359999999999998,14.51927083333333,40.69010416666667,71.37020833333332,3.88,221491.41
2324,2024-01-23,M41,M,4,1,2502748.0,3161310.0,3161310.0,7.0,23.0,0.0,2.0,6.0,45.0,96,18.293645833333333,13.57,22.75,18.577604166666667,16.361250000000002,82.23156250000001,0.0,4.235833333333333,93.22572916666667,8949.67,15.061666666666667,8.293645833333333,11.875763888888889,10.462544642857143,12.062090773809524,12.589374999999999,12.273392857142856,13.435215773809523,73.98114583333334,70.53050595238095,74.94835565476191,0.0,0.0,1.53,114.10902777777778,117.54267308897242,100.04438713972432,32863.4,78938.71,134409.69,10.359999999999998,14.51927083333333,40.69010416666667,71.37020833333332,3.88,221491.41
2324,2024-01-23,M42,M,4,2,1932465.0,2428217.0,2428217.0,5.0,20.0,0.0,1.0,8.0,31.0,96,18.293645833333333,13.57,22.75,18.577604166666667,16.361250000000002,82.23156250000001,0.0,4.235833333333333,93.22572916666667,8949.67,15.061666666666667,8.293645833333333,11.875763888888889,10.462544642857143,12.062090773809524,12.589374999999999,12.273392857142856,13.435215773809523,73.98114583333334,70.53050595238095,74.94835565476191,0.0,0.0,1.53,114.10902777777778,117.54267308897242,100.04438713972432,32863.4,78938.71,134409.69,10.359999999999998,14.51927083333333,40.69010416666667,71.37020833333332,3.88,221491.41
2324,2024-01-23,M43,M,4,3,2056244.0,2576101.0,2576101.0,1.0,24.0,0.0,2.0,10.0,28.0,96,18.293645833333333,13.57,22.75,18.577604166666667,16.361250000000002,82.23156250000001,0.0,4.235833333333333,93.22572916666667,8949.67,15.061666666666667,8.293645833333333,11.875763888888889,10.462544642857143,12.062090773809524,12.589374999999999,12.273392857142856,13.435215773809523,73.98114583333334,70.53050595238095,74.94835565476191,0.0,0.0,1.53,114.10902777777778,117.54267308897242,100.04438713972432,32863.4,78938.71,134409.69,10.359999999999998,14.51927083333333,40.69010416666667,71.37020833333332,3.88,221491.41
2324,2024-01-23,M44,M,4,4,3081605.0,3913718.0,3913718.0,7.0,23.0,0.0,2.0,10.0,93.0,96,18.293645833333333,13.57,22.75,18.577604166666667,16.361250000000002,82.23156250000001,0.0,4.235833333333333,93.22572916666667,8949.67,15.061666666666667,8.293645833333333,11.875763888888889,10.462544642857143,12.062090773809524,12.589374999999999,12.273392857142856,13.435215773809523,73.98114583333334,70.53050595238095,74.94835565476191,0.0,0.0,1.53,114.10902777777778,117.54267308897242,100.04438713972432,32863.4,78938.71,134409.69,10.359999999999998,14.51927083333333,40.69010416666667,71.37020833333332,3.88,221491.41
2324,2024-01-23,M45,M,4,5,2847955.0,3593140.0,3593140.0,4.0,12.0,0.0,2.0,3.0,35.0,96,18.293645833333333,13.57,22.75,18.577604166666667,16.361250000000002,82.23156250000001,0.0,4.235833333333333,93.22572916666667,8949.67,15.061666666666667,8.293645833333333,11.875763888888889,10.462544642857143,12.062090773809524,12.589374999999999,12.273392857142856,13.435215773809523,73.98114583333334,70.53050595238095,74.94835565476191,0.0,0.0,1.53,114.10902777777778,117.54267308897242,100.04438713972432,32863.4,78938.71,134409.69,10.359999999999998,14.51927083333333,40.69010416666667,71.37020833333332,3.88,221491.41
2324,2024-01-23,M51,M,5,1,2831025.0,3563332.0,3563332.0,9.0,35.0,4.0,3.0,12.0,173.0,96,18.293645833333333,13.57,22.75,18.577604166666667,16.361250000000002,82.23156250000001,0.0,4.235833333333333,93.22572916666667,8949.67,15.061666666666667,8.293645833333333,11.875763888888889,10.462544642857143,12.062090773809524,12.589374999999999,12.273392857142856,13.435215773809523,73.98114583333334,70.53050595238095,74.94835565476191,0.0,0.0,1.53,114.10902777777778,117.54267308897242,100.04438713972432,32863.4,78938.71,134409.69,10.359999999999998,14.51927083333333,40.69010416666667,71.37020833333332,3.88,221491.41
2324,2024-01-23,M52,M,5,2,2507065.0,3211732.0,3211732.0,5.0,32.0,3.0,3.0,15.0,218.0,96,18.293645833333333,13.57,22.75,18.577604166666667,16.361250000000002,82.23156250000001,0.0,4.235833333333333,93.22572916666667,8949.67,15.061666666666667,8.293645833333333,11.875763888888889,10.462544642857143,12.062090773809524,12.589374999999999,12.273392857142856,13.435215773809523,73.98114583333334,70.53050595238095,74.94835565476191,0.0,0.0,1.53,114.10902777777778,117.54267308897242,100.04438713972432,32863.4,78938.71,134409.69,10.359999999999998,14.51927083333333,40.69010416666667,71.37020833333332,3.88,221491.41
2324,2024-01-23,M53,M,5,3,2130183.0,2738520.0,2738520.0,1.0,31.0,2.0,1.0,4.0,34.0,96,18.293645833333333,13.57,22.75,18.577604166666667,16.361250000000002,82.23156250000001,0.0,4.235833333333333,93.22572916666667,8949.67,15.061666666666667,8.293645833333333,11.875763888888889,10.462544642857143,12.062090773809524,12.589374999999999,12.273392857142856,13.435215773809523,73.98114583333334,70.53050595238095,74.94835565476191,0.0,0.0,1.53,114.10902777777778,117.54267308897242,100.04438713972432,32863.4,78938.71,134409.69,10.359999999999998,14.51927083333333,40.69010416666667,71.37020833333332,3.88,221491.41
2324,2024-01-23,M54,M,5,4,2023885.0,2547629.0,2547629.0,7.0,24.0,0.0,7.0,6.0,116.0,96,18.293645833333333,13.57,22.75,18.577604166666667,16.361250000000002,82.23156250000001,0.0,4.235833333333333,93.22572916666667,8949.67,15.061666666666667,8.293645833333333,11.875763888888889,10.462544642857143,12.062090773809524,12.589374999999999,12.273392857142856,13.435215773809523,73.98114583333334,70.53050595238095,74.94835565476191,0.0,0.0,1.53,114.10902777777778,117.54267308897242,100.04438713972432,32863.4,78938.71,134409.69,10.359999999999998,14.51927083333333,40.69010416666667,71.37020833333332,3.88,221491.41
2324,2024-01-23,M55,M,5,5,3044367.0,3782451.0,3782451.0,3.0,40.0,0.0,3.0,1.0,46.0,96,18.293645833333333,13.57,22.75,18.577604166666667,16.361250000000002,82.23156250000001,0.0,4.235833333333333,93.22572916666667,8949.67,15.061666666666667,8.293645833333333,11.875763888888889,10.462544642857143,12.062090773809524,12.589374999999999,12.273392857142856,13.435215773809523,73.98114583333334,70.53050595238095,74.94835565476191,0.0,0.0,1.53,114.10902777777778,117.54267308897242,100.04438713972432,32863.4,78938.71,134409.69,10.359999999999998,14.51927083333333,40.69010416666667,71.37020833333332,3.88,221491.41
2324,2024-01-30,B11,B,1,1,1164576.0,1522782.0,1522782.0,0.0,11.0,1.0,6.0,4.0,192.0,96,10.5378125,3.12,18.94,10.706666666666665,14.528229166666668,73.83979166666667,0.0,3.8611702127659573,173.69726315789475,16501.24,5.218229166666666,0.5378124999999994,12.958368055555555,18.03215773809524,14.247351190476191,16.604305555555552,19.05563988095238,15.664516369047618,73.60635416666666,79.72150297619046,75.12600446428573,0.03,0.22,0.22,167.08516410818714,138.16929652255638,127.85598480576441,47946.83,92676.07,171614.78,8.875104166666668,56.22510416666667,70.744375,127.59531249999998,4.1,314167.48000000004
2324,2024-01-30,B12,B,1,2,1153588.0,1536945.0,1536945.0,2.0,12.0,3.0,5.0,2.0,278.0,96,10.5378125,3.12,18.94,10.706666666666665,14.528229166666668,73.83979166666667,0.0,3.8611702127659573,173.69726315789475,16501.24,5.218229166666666,0.5378124999999994,12.958368055555555,18.03215773809524,14.247351190476191,16.604305555555552,19.05563988095238,15.664516369047618,73.60635416666666,79.72150297619046,75.12600446428573,0.03,0.22,0.22,167.08516410818714,138.16929652255638,127.85598480576441,47946.83,92676.07,171614.78,8.875104166666668,56.22510416666667,70.744375,127.59531249999998,4.1,314167.48000000004
2324,2024-01-30,B13,B,1,3,1817692.0,2338553.0,2338553.0,0.0,15.0,1.0,6.0,0.0,112.0,96,10.5378125,3.12,18.94,10.706666666666665,14.528229166666668,73.83979166666667,0.0,3.8611702127659573,173.69726315789475,16501.24,5.218229166666666,0.5378124999999994,12.958368055555555,18.03215773809524,14.247351190476191,16.604305555555552,19.05563988095238,15.664516369047618,73.60635416666666,79.72150297619046,75.12600446428573,0.03,0.22,0.22,167.08516410818714,138.16929652255638,127.85598480576441,47946.83,92676.07,171614.78,8.875104166666668,56.22510416666667,70.744375,127.59531249999998,4.1,314167.48000000004
2324,2024-01-30,B14,B,1,4,1800916.0,2315472.0,2315472.0,0.0,8.0,2.0,12.0,1.0,238.0,96,10.5378125,3.12,18.94,10.706666666666665,14.528229166666668,73.83979166666667,0.0,3.8611702127659573,173.69726315789475,16501.24,5.218229166666666,0.5378124999999994,12.958368055555555,18.03215773809524,14.247351190476191,16.604305555555552,19.05563988095238,15.664516369047618,73.60635416666666,79.72150297619046,75.12600446428573,0.03,0.22,0.22,167.08516410818714,138.16929652255638,127.85598480576441,47946.83,92676.07,171614.78,8.875104166666668,56.22510416666667,70.744375,127.59531249999998,4.1,314167.48000000004
2324,2024-01-30,B15,B,1,5,1587893.0,2179108.0,2179108.0,0.0,15.0,2.0,8.0,5.0,199.0,96,10.5378125,3.12,18.94,10.706666666666665,14.528229166666668,73.83979166666667,0.0,3.8611702127659573,173.69726315789475,16501.24,5.218229166666666,0.5378124999999994,12.958368055555555,18.03215773809524,14.247351190476191,16.604305555555552,19.05563988095238,15.664516369047618,73.60635416666666,79.72150297619046,75.12600446428573,0.03,0.22,0.22,167.08516410818714,138.16929652255638,127.85598480576441,47946.83,92676.07,171614.78,8.875104166666668,56.22510416666667,70.744375,127.59531249999998,4.1,314167.48000000004
2324,2024-01-30,B21,B,2,1,1159351.0,1382994.0,1382994.0,4.0,14.0,2.0,8.0,8.0,105.0,96,10.5378125,3.12,18.94,10.706666666666665,14.528229166666668,73.83979166666667,0.0,3.8611702127659573,173.69726315789475,16501.24,5.218229166666666,0.5378124999999994,12.958368055555555,18.03215773809524,14.247351190476191,16.604305555555552,19.05563988095238,15.664516369047618,73.60635416666666,79.72150297619046,75.12600446428573,0.03,0.22,0.22,167.08516410818714,138.16929652255638,127.85598480576441,47946.83,92676.07,171614.78,8.875104166666668,56.22510416666667,70.744375,127.59531249999998,4.1,314167.48000000004
2324,2024-01-30,B22,B,2,2,1786667.0,2229476.0,2229476.0,0.0,12.0,2.0,4.0,8.0,224.0,96,10.5378125,3.12,18.94,10.706666666666665,14.528229166666668,73.83979166666667,0.0,3.8611702127659573,173.69726315789475,16501.24,5.218229166666666,0.5378124999999994,12.958368055555555,18.03215773809524,14.247351190476191,16.604305555555552,19.05563988095238,15.664516369047618,73.60635416666666,79.72150297619046,75.12600446428573,0.03,0.22,0.22,167.08516410818714,138.16929652255638,127.85598480576441,47946.83,92676.07,171614.78,8.875104166666668,56.22510416666667,70.744375,127.59531249999998,4.1,314167.48000000004
2324,2024-01-30,B23,B,2,3,1859986.0,2308209.0,2308209.0,0.0,7.0,5.0,9.0,12.0,376.0,96,10.5378125,3.12,18.94,10.706666666666665,14.528229166666668,73.83979166666667,0.0,3.8611702127659573,173.69726315789475,16501.24,5.218229166666666,0.5378124999999994,12.958368055555555,18.03215773809524,14.247351190476191,16.604305555555552,19.05563988095238,15.664516369047618,73.60635416666666,79.72150297619046,75.12600446428573,0.03,0.22,0.22,167.08516410818714,138.16929652255638,127.85598480576441,47946.83,92676.07,171614.78,8.875104166666668,56.22510416666667,70.744375,127.59531249999998,4.1,314167.48000000004
2324,2024-01-30,B24,B,2,4,1720700.0,2068772.0,2068772.0,3.0,18.0,1.0,12.0,9.0,443.0,96,10.5378125,3.12,18.94,10.706666666666665,14.528229166666668,73.83979166666667,0.0,3.8611702127659573,173.69726315789475,16501.24,5.218229166666666,0.5378124999999994,12.958368055555555,18.03215773809524,14.247351190476191,16.604305555555552,19.05563988095238,15.664516369047618,73.60635416666666,79.72150297619046,75.12600446428573,0.03,0.22,0.22,167.08516410818714,138.16929652255638,127.85598480576441,47946.83,92676.07,171614.78,8.875104166666668,56.22510416666667,70.744375,127.59531249999998,4.1,314167.48000000004
2324,2024-01-30,B25,B,2,5,2762852.0,3405581.0,3405581.0,5.0,18.0,2.0,47.0,12.0,814.0,96,10.5378125,3.12,18.94,10.706666666666665,14.528229166666668,73.83979166666667,0.0,3.8611702127659573,173.69726315789475,16501.24,5.218229166666666,0.5378124999999994,12.958368055555555,18.03215773809524,14.247351190476191,16.604305555555552,19.05563988095238,15.664516369047618,73.60635416666666,79.72150297619046,75.12600446428573,0.03,0.22,0.22,167.08516410818714,138.16929652255638,127.85598480576441,47946.83,92676.07,171614.78,8.875104166666668,56.22510416666667,70.744375,127.59531249999998,4.1,314167.48000000004
2324,2024-01-30,B41,B,4,1,2284100.0,3088865.0,3088865.0,2.0,36.0,3.0,16.0,13.0,201.0,96,10.5378125,3.12,18.94,10.706666666666665,14.528229166666668,73.83979166666667,0.0,3.8611702127659573,173.69726315789475,16501.24,5.218229166666666,0.5378124999999994,12.958368055555555,18.03215773809524,14.247351190476191,16.604305555555552,19.05563988095238,15.664516369047618,73.60635416666666,79.72150297619046,75.12600446428573,0.03,0.22,0.22,167.08516410818714,138.16929652255638,127.85598480576441,47946.83,92676.07,171614.78,8.875104166666668,56.22510416666667,70.744375,127.59531249999998,4.1,314167.48000000004
2324,2024-01-30,B42,B,4,2,1498275.0,2052314.0,2052314.0,3.0,28.0,2.0,21.0,10.0,562.0,96,10.5378125,3.12,18.94,10.706666666666665,14.528229166666668,73.83979166666667,0.0,3.8611702127659573,173.69726315789475,16501.24,5.218229166666666,0.5378124999999994,12.958368055555555,18.03215773809524,14.247351190476191,16.604305555555552,19.05563988095238,15.664516369047618,73.60635416666666,79.72150297619046,75.12600446428573,0.03,0.22,0.22,167.08516410818714,138.16929652255638,127.85598480576441,47946.83,92676.07,171614.78,8.875104166666668,56.22510416666667,70.744375,127.59531249999998,4.1,314167.48000000004
2324,2024-01-30,B43,B,4,3,2169074.0,2929767.0,2929767.0,3.0,18.0,1.0,16.0,5.0,211.0,96,10.5378125,3.12,18.94,10.706666666666665,14.528229166666668,73.83979166666667,0.0,3.8611702127659573,173.69726315789475,16501.24,5.218229166666666,0.5378124999999994,12.958368055555555,18.03215773809524,14.247351190476191,16.604305555555552,19.05563988095238,15.664516369047618,73.60635416666666,79.72150297619046,75.12600446428573,0.03,0.22,0.22,167.08516410818714,138.16929652255638,127.85598480576441,47946.83,92676.07,171614.78,8.875104166666668,56.22510416666667,70.744375,127.59531249999998,4.1,314167.48000000004
2324,2024-01-30,B44,B,4,4,2522133.0,3430122.0,3430122.0,4.0,20.0,4.0,21.0,4.0,380.0,96,10.5378125,3.12,18.94,10.706666666666665,14.528229166666668,73.83979166666667,0.0,3.8611702127659573,173.69726315789475,16501.24,5.218229166666666,0.5378124999999994,12.958368055555555,18.03215773809524,14.247351190476191,16.604305555555552,19.05563988095238,15.664516369047618,73.60635416666666,79.72150297619046,75.12600446428573,0.03,0.22,0.22,167.08516410818714,138.16929652255638,127.85598480576441,47946.83,92676.07,171614.78,8.875104166666668,56.22510416666667,70.744375,127.59531249999998,4.1,314167.48000000004
2324,2024-01-30,B45,B,4,5,2159551.0,2953527.0,2953527.0,1.0,14.0,3.0,29.0,9.0,986.0,96,10.5378125,3.12,18.94,10.706666666666665,14.528229166666668,73.83979166666667,0.0,3.8611702127659573,173.69726315789475,16501.24,5.218229166666666,0.5378124999999994,12.958368055555555,18.03215773809524,14.247351190476191,16.604305555555552,19.05563988095238,15.664516369047618,73.60635416666666,79.72150297619046,75.12600446428573,0.03,0.22,0.22,167.08516410818714,138.16929652255638,127.85598480576441,47946.83,92676.07,171614.78,8.875104166666668,56.22510416666667,70.744375,127.59531249999998,4.1,314167.48000000004
2324,2024-01-30,B51,B,5,1,2264273.0,2895392.0,2895392.0,3.0,22.0,2.0,18.0,7.0,284.0,96,10.5378125,3.12,18.94,10.706666666666665,14.528229166666668,73.83979166666667,0.0,3.8611702127659573,173.69726315789475,16501.24,5.218229166666666,0.5378124999999994,12.958368055555555,18.03215773809524,14.247351190476191,16.604305555555552,19.05563988095238,15.664516369047618,73.60635416666666,79.72150297619046,75.12600446428573,0.03,0.22,0.22,167.08516410818714,138.16929652255638,127.85598480576441,47946.83,92676.07,171614.78,8.875104166666668,56.22510416666667,70.744375,127.59531249999998,4.1,314167.48000000004
2324,2024-01-30,B52,B,5,2,1617231.0,2001646.0,2001646.0,0.0,7.0,2.0,5.0,4.0,333.0,96,10.5378125,3.12,18.94,10.706666666666665,14.528229166666668,73.83979166666667,0.0,3.8611702127659573,173.69726315789475,16501.24,5.218229166666666,0.5378124999999994,12.958368055555555,18.03215773809524,14.247351190476191,16.604305555555552,19.05563988095238,15.664516369047618,73.60635416666666,79.72150297619046,75.12600446428573,0.03,0.22,0.22,167.08516410818714,138.16929652255638,127.85598480576441,47946.83,92676.07,171614.78,8.875104166666668,56.22510416666667,70.744375,127.59531249999998,4.1,314167.48000000004
2324,2024-01-30,B53,B,5,3,1609125.0,1998477.0,1998477.0,1.0,8.0,3.0,13.0,10.0,222.0,96,10.5378125,3.12,18.94,10.706666666666665,14.528229166666668,73.83979166666667,0.0,3.8611702127659573,173.69726315789475,16501.24,5.218229166666666,0.5378124999999994,12.958368055555555,18.03215773809524,14.247351190476191,16.604305555555552,19.05563988095238,15.664516369047618,73.60635416666666,79.72150297619046,75.12600446428573,0.03,0.22,0.22,167.08516410818714,138.16929652255638,127.85598480576441,47946.83,92676.07,171614.78,8.875104166666668,56.22510416666667,70.744375,127.59531249999998,4.1,314167.48000000004
2324,2024-01-30,B54,B,5,4,2134097.0,2658467.0,2658467.0,1.0,33.0,2.0,18.0,7.0,655.0,96,10.5378125,3.12,18.94,10.706666666666665,14.528229166666668,73.83979166666667,0.0,3.8611702127659573,173.69726315789475,16501.24,5.218229166666666,0.5378124999999994,12.958368055555555,18.03215773809524,14.247351190476191,16.604305555555552,19.05563988095238,15.664516369047618,73.60635416666666,79.72150297619046,75.12600446428573,0.03,0.22,0.22,167.08516410818714,138.16929652255638,127.85598480576441,47946.83,92676.07,171614.78,8.875104166666668,56.22510416666667,70.744375,127.59531249999998,4.1,314167.48000000004
2324,2024-01-30,B55,B,5,5,2530572.0,3169903.0,3169903.0,1.0,16.0,2.0,24.0,13.0,424.0,96,10.5378125,3.12,18.94,10.706666666666665,14.528229166666668,73.83979166666667,0.0,3.8611702127659573,173.69726315789475,16501.24,5.218229166666666,0.5378124999999994,12.958368055555555,18.03215773809524,14.247351190476191,16.604305555555552,19.05563988095238,15.664516369047618,73.60635416666666,79.72150297619046,75.12600446428573,0.03,0.22,0.22,167.08516410818714,138.16929652255638,127.85598480576441,47946.83,92676.07,171614.78,8.875104166666668,56.22510416666667,70.744375,127.59531249999998,4.1,314167.48000000004
2324,2024-01-30,M11,M,1,1,1471900.0,1864444.0,1864444.0,0.0,8.0,0.0,5.0,4.0,39.0,96,10.5378125,3.12,18.94,10.706666666666665,14.528229166666668,73.83979166666667,0.0,3.8611702127659573,173.69726315789475,16501.24,5.218229166666666,0.5378124999999994,12.958368055555555,18.03215773809524,14.247351190476191,16.604305555555552,19.05563988095238,15.664516369047618,73.60635416666666,79.72150297619046,75.12600446428573,0.03,0.22,0.22,167.08516410818714,138.16929652255638,127.85598480576441,47946.83,92676.07,171614.78,8.875104166666668,56.22510416666667,70.744375,127.59531249999998,4.1,314167.48000000004
2324,2024-01-30,M12,M,1,2,1792300.0,2292182.0,2292182.0,0.0,14.0,5.0,4.0,4.0,341.0,96,10.5378125,3.12,18.94,10.706666666666665,14.528229166666668,73.83979166666667,0.0,3.8611702127659573,173.69726315789475,16501.24,5.218229166666666,0.5378124999999994,12.958368055555555,18.03215773809524,14.247351190476191,16.604305555555552,19.05563988095238,15.664516369047618,73.60635416666666,79.72150297619046,75.12600446428573,0.03,0.22,0.22,167.08516410818714,138.16929652255638,127.85598480576441,47946.83,92676.07,171614.78,8.875104166666668,56.22510416666667,70.744375,127.59531249999998,4.1,314167.48000000004
2324,2024-01-30,M13,M,1,3,2103086.0,2703482.0,2703482.0,0.0,2.0,0.0,4.0,15.0,190.0,96,10.5378125,3.12,18.94,10.706666666666665,14.528229166666668,73.83979166666667,0.0,3.8611702127659573,173.69726315789475,16501.24,5.218229166666666,0.5378124999999994,12.958368055555555,18.03215773809524,14.247351190476191,16.604305555555552,19.05563988095238,15.664516369047618,73.60635416666666,79.72150297619046,75.12600446428573,0.03,0.22,0.22,167.08516410818714,138.16929652255638,127.85598480576441,47946.83,92676.07,171614.78,8.875104166666668,56.22510416666667,70.744375,127.59531249999998,4.1,314167.48000000004
2324,2024-01-30,M14,M,1,4,2506991.0,3349503.0,3349503.0,0.0,2.0,2.0,12.0,4.0,844.0,96,10.5378125,3.12,18.94,10.706666666666665,14.528229166666668,73.83979166666667,0.0,3.8611702127659573,173.69726315789475,16501.24,5.218229166666666,0.5378124999999994,12.958368055555555,18.03215773809524,14.247351190476191,16.604305555555552,19.05563988095238,15.664516369047618,73.60635416666666,79.72150297619046,75.12600446428573,0.03,0.22,0.22,167.08516410818714,138.16929652255638,127.85598480576441,47946.83,92676.07,171614.78,8.875104166666668,56.22510416666667,70.744375,127.59531249999998,4.1,314167.48000000004
2324,2024-01-30,M15,M,1,5,3286818.0,4434088.0,4434088.0,4.0,9.0,7.0,24.0,10.0,555.0,96,10.5378125,3.12,18.94,10.706666666666665,14.528229166666668,73.83979166666667,0.0,3.8611702127659573,173.69726315789475,16501.24,5.218229166666666,0.5378124999999994,12.958368055555555,18.03215773809524,14.247351190476191,16.604305555555552,19.05563988095238,15.664516369047618,73.60635416666666,79.72150297619046,75.12600446428573,0.03,0.22,0.22,167.08516410818714,138.16929652255638,127.85598480576441,47946.83,92676.07,171614.78,8.875104166666668,56.22510416666667,70.744375,127.59531249999998,4.1,314167.48000000004
2324,2024-01-30,M21,M,2,1,1644294.0,1978344.0,1978344.0,0.0,7.0,2.0,11.0,10.0,204.0,96,10.5378125,3.12,18.94,10.706666666666665,14.528229166666668,73.83979166666667,0.0,3.8611702127659573,173.69726315789475,16501.24,5.218229166666666,0.5378124999999994,12.958368055555555,18.03215773809524,14.247351190476191,16.604305555555552,19.05563988095238,15.664516369047618,73.60635416666666,79.72150297619046,75.12600446428573,0.03,0.22,0.22,167.08516410818714,138.16929652255638,127.85598480576441,47946.83,92676.07,171614.78,8.875104166666668,56.22510416666667,70.744375,127.59531249999998,4.1,314167.48000000004
2324,2024-01-30,M22,M,2,2,2130344.0,2557511.0,2557511.0,0.0,25.0,1.0,12.0,10.0,487.0,96,10.5378125,3.12,18.94,10.706666666666665,14.528229166666668,73.83979166666667,0.0,3.8611702127659573,173.69726315789475,16501.24,5.218229166666666,0.5378124999999994,12.958368055555555,18.03215773809524,14.247351190476191,16.604305555555552,19.05563988095238,15.664516369047618,73.60635416666666,79.72150297619046,75.12600446428573,0.03,0.22,0.22,167.08516410818714,138.16929652255638,127.85598480576441,47946.83,92676.07,171614.78,8.875104166666668,56.22510416666667,70.744375,127.59531249999998,4.1,314167.48000000004
2324,2024-01-30,M23,M,2,3,962332.0,1125022.0,1125022.0,0.0,4.0,1.0,2.0,3.0,113.0,96,10.5378125,3.12,18.94,10.706666666666665,14.528229166666668,73.83979166666667,0.0,3.8611702127659573,173.69726315789475,16501.24,5.218229166666666,0.5378124999999994,12.958368055555555,18.03215773809524,14.247351190476191,16.604305555555552,19.05563988095238,15.664516369047618,73.60635416666666,79.72150297619046,75.12600446428573,0.03,0.22,0.22,167.08516410818714,138.16929652255638,127.85598480576441,47946.83,92676.07,171614.78,8.875104166666668,56.22510416666667,70.744375,127.59531249999998,4.1,314167.48000000004
2324,2024-01-30,M24,M,2,4,937658.0,1107633.0,1107633.0,0.0,1.0,0.0,1.0,0.0,51.0,96,10.5378125,3.12,18.94,10.706666666666665,14.528229166666668,73.83979166666667,0.0,3.8611702127659573,173.69726315789475,16501.24,5.218229166666666,0.5378124999999994,12.958368055555555,18.03215773809524,14.247351190476191,16.604305555555552,19.05563988095238,15.664516369047618,73.60635416666666,79.72150297619046,75.12600446428573,0.03,0.22,0.22,167.08516410818714,138.16929652255638,127.85598480576441,47946.83,92676.07,171614.78,8.875104166666668,56.22510416666667,70.744375,127.59531249999998,4.1,314167.48000000004
2324,2024-01-30,M25,M,2,5,1522467.0,1824445.0,1824445.0,0.0,13.0,4.0,6.0,7.0,88.0,96,10.5378125,3.12,18.94,10.706666666666665,14.528229166666668,73.83979166666667,0.0,3.8611702127659573,173.69726315789475,16501.24,5.218229166666666,0.5378124999999994,12.958368055555555,18.03215773809524,14.247351190476191,16.604305555555552,19.05563988095238,15.664516369047618,73.60635416666666,79.72150297619046,75.12600446428573,0.03,0.22,0.22,167.08516410818714,138.16929652255638,127.85598480576441,47946.83,92676.07,171614.78,8.875104166666668,56.22510416666667,70.744375,127.59531249999998,4.1,314167.48000000004
2324,2024-01-30,M41,M,4,1,2766959.0,3401481.0,3401481.0,3.0,9.0,3.0,13.0,16.0,316.0,96,10.5378125,3.12,18.94,10.706666666666665,14.528229166666668,73.83979166666667,0.0,3.8611702127659573,173.69726315789475,16501.24,5.218229166666666,0.5378124999999994,12.958368055555555,18.03215773809524,14.247351190476191,16.604305555555552,19.05563988095238,15.664516369047618,73.60635416666666,79.72150297619046,75.12600446428573,0.03,0.22,0.22,167.08516410818714,138.16929652255638,127.85598480576441,47946.83,92676.07,171614.78,8.875104166666668,56.22510416666667,70.744375,127.59531249999998,4.1,314167.48000000004
2324,2024-01-30,M42,M,4,2,1745978.0,2223422.0,2223422.0,1.0,16.0,3.0,12.0,13.0,595.0,96,10.5378125,3.12,18.94,10.706666666666665,14.528229166666668,73.83979166666667,0.0,3.8611702127659573,173.69726315789475,16501.24,5.218229166666666,0.5378124999999994,12.958368055555555,18.03215773809524,14.247351190476191,16.604305555555552,19.05563988095238,15.664516369047618,73.60635416666666,79.72150297619046,75.12600446428573,0.03,0.22,0.22,167.08516410818714,138.16929652255638,127.85598480576441,47946.83,92676.07,171614.78,8.875104166666668,56.22510416666667,70.744375,127.59531249999998,4.1,314167.48000000004
2324,2024-01-30,M43,M,4,3,2194715.0,2751879.0,2751879.0,0.0,15.0,0.0,7.0,9.0,269.0,96,10.5378125,3.12,18.94,10.706666666666665,14.528229166666668,73.83979166666667,0.0,3.8611702127659573,173.69726315789475,16501.24,5.218229166666666,0.5378124999999994,12.958368055555555,18.03215773809524,14.247351190476191,16.604305555555552,19.05563988095238,15.664516369047618,73.60635416666666,79.72150297619046,75.12600446428573,0.03,0.22,0.22,167.08516410818714,138.16929652255638,127.85598480576441,47946.83,92676.07,171614.78,8.875104166666668,56.22510416666667,70.744375,127.59531249999998,4.1,314167.48000000004
2324,2024-01-30,M44,M,4,4,2219755.0,2624150.0,2624150.0,3.0,6.0,2.0,5.0,8.0,405.0,96,10.5378125,3.12,18.94,10.706666666666665,14.528229166666668,73.83979166666667,0.0,3.8611702127659573,173.69726315789475,16501.24,5.218229166666666,0.5378124999999994,12.958368055555555,18.03215773809524,14.247351190476191,16.604305555555552,19.05563988095238,15.664516369047618,73.60635416666666,79.72150297619046,75.12600446428573,0.03,0.22,0.22,167.08516410818714,138.16929652255638,127.85598480576441,47946.83,92676.07,171614.78,8.875104166666668,56.22510416666667,70.744375,127.59531249999998,4.1,314167.48000000004
2324,2024-01-30,M45,M,4,5,1562180.0,1824354.0,1824354.0,0.0,5.0,0.0,7.0,7.0,449.0,96,10.5378125,3.12,18.94,10.706666666666665,14.528229166666668,73.83979166666667,0.0,3.8611702127659573,173.69726315789475,16501.24,5.218229166666666,0.5378124999999994,12.958368055555555,18.03215773809524,14.247351190476191,16.604305555555552,19.05563988095238,15.664516369047618,73.60635416666666,79.72150297619046,75.12600446428573,0.03,0.22,0.22,167.08516410818714,138.16929652255638,127.85598480576441,47946.83,92676.07,171614.78,8.875104166666668,56.22510416666667,70.744375,127.59531249999998,4.1,314167.48000000004
2324,2024-01-30,M51,M,5,1,2167859.0,2562598.0,2562598.0,3.0,21.0,1.0,9.0,15.0,443.0,96,10.5378125,3.12,18.94,10.706666666666665,14.528229166666668,73.83979166666667,0.0,3.8611702127659573,173.69726315789475,16501.24,5.218229166666666,0.5378124999999994,12.958368055555555,18.03215773809524,14.247351190476191,16.604305555555552,19.05563988095238,15.664516369047618,73.60635416666666,79.72150297619046,75.12600446428573,0.03,0.22,0.22,167.08516410818714,138.16929652255638,127.85598480576441,47946.83,92676.07,171614.78,8.875104166666668,56.22510416666667,70.744375,127.59531249999998,4.1,314167.48000000004
2324,2024-01-30,M52,M,5,2,2170845.0,2566667.0,2566667.0,3.0,18.0,2.0,12.0,12.0,663.0,96,10.5378125,3.12,18.94,10.706666666666665,14.528229166666668,73.83979166666667,0.0,3.8611702127659573,173.69726315789475,16501.24,5.218229166666666,0.5378124999999994,12.958368055555555,18.03215773809524,14.247351190476191,16.604305555555552,19.05563988095238,15.664516369047618,73.60635416666666,79.72150297619046,75.12600446428573,0.03,0.22,0.22,167.08516410818714,138.16929652255638,127.85598480576441,47946.83,92676.07,171614.78,8.875104166666668,56.22510416666667,70.744375,127.59531249999998,4.1,314167.48000000004
2324,2024-01-30,M53,M,5,3,2063245.0,2399067.0,2399067.0,0.0,10.0,3.0,5.0,10.0,303.0,96,10.5378125,3.12,18.94,10.706666666666665,14.528229166666668,73.83979166666667,0.0,3.8611702127659573,173.69726315789475,16501.24,5.218229166666666,0.5378124999999994,12.958368055555555,18.03215773809524,14.247351190476191,16.604305555555552,19.05563988095238,15.664516369047618,73.60635416666666,79.72150297619046,75.12600446428573,0.03,0.22,0.22,167.08516410818714,138.16929652255638,127.85598480576441,47946.83,92676.07,171614.78,8.875104166666668,56.22510416666667,70.744375,127.59531249999998,4.1,314167.48000000004
2324,2024-01-30,M54,M,5,4,1547478.0,1790785.0,1790785.0,1.0,5.0,0.0,6.0,5.0,266.0,96,10.5378125,3.12,18.94,10.706666666666665,14.528229166666668,73.83979166666667,0.0,3.8611702127659573,173.69726315789475,16501.24,5.218229166666666,0.5378124999999994,12.958368055555555,18.03215773809524,14.247351190476191,16.604305555555552,19.05563988095238,15.664516369047618,73.60635416666666,79.72150297619046,75.12600446428573,0.03,0.22,0.22,167.08516410818714,138.16929652255638,127.85598480576441,47946.83,92676.07,171614.78,8.875104166666668,56.22510416666667,70.744375,127.59531249999998,4.1,314167.48000000004
2324,2024-01-30,M55,M,5,5,2144943.0,2552227.0,2552227.0,0.0,9.0,1.0,4.0,10.0,366.0,96,10.5378125,3.12,18.94,10.706666666666665,14.528229166666668,73.83979166666667,0.0,3.8611702127659573,173.69726315789475,16501.24,5.218229166666666,0.5378124999999994,12.958368055555555,18.03215773809524,14.247351190476191,16.604305555555552,19.05563988095238,15.664516369047618,73.60635416666666,79.72150297619046,75.12600446428573,0.03,0.22,0.22,167.08516410818714,138.16929652255638,127.85598480576441,47946.83,92676.07,171614.78,8.875104166666668,56.22510416666667,70.744375,127.59531249999998,4.1,314167.48000000004
2324,2024-02-06,B11,B,1,1,1239286.0,1465912.0,1465912.0,8.0,10.0,3.0,14.0,2.0,264.0,96,13.478645833333333,9.5,18.78,13.831145833333332,15.071458333333332,62.14927083333333,0.0,8.390520833333333,182.83562500000002,17552.22,5.745729166666667,3.478645833333333,14.113784722222222,13.057708333333334,15.544933035714285,15.41753472222222,15.240416666666667,17.148028273809523,79.00041666666665,74.52035714285715,77.12093005952381,0.09,0.09,0.31,108.05861111111112,143.0740625,140.6216795112782,31120.880000000005,96145.77,188821.84000000003,12.341354166666667,21.403958333333335,77.6290625,148.99927083333333,4.1899999999999995,410313.25
2324,2024-02-06,B12,B,1,2,1807223.0,2260070.0,2260070.0,7.0,20.0,2.0,23.0,6.0,431.0,96,13.478645833333333,9.5,18.78,13.831145833333332,15.071458333333332,62.14927083333333,0.0,8.390520833333333,182.83562500000002,17552.22,5.745729166666667,3.478645833333333,14.113784722222222,13.057708333333334,15.544933035714285,15.41753472222222,15.240416666666667,17.148028273809523,79.00041666666665,74.52035714285715,77.12093005952381,0.09,0.09,0.31,108.05861111111112,143.0740625,140.6216795112782,31120.880000000005,96145.77,188821.84000000003,12.341354166666667,21.403958333333335,77.6290625,148.99927083333333,4.1899999999999995,410313.25
2324,2024-02-06,B13,B,1,3,1194247.0,1398211.0,1398211.0,4.0,13.0,3.0,11.0,4.0,209.0,96,13.478645833333333,9.5,18.78,13.831145833333332,15.071458333333332,62.14927083333333,0.0,8.390520833333333,182.83562500000002,17552.22,5.745729166666667,3.478645833333333,14.113784722222222,13.057708333333334,15.544933035714285,15.41753472222222,15.240416666666667,17.148028273809523,79.00041666666665,74.52035714285715,77.12093005952381,0.09,0.09,0.31,108.05861111111112,143.0740625,140.6216795112782,31120.880000000005,96145.77,188821.84000000003,12.341354166666667,21.403958333333335,77.6290625,148.99927083333333,4.1899999999999995,410313.25
2324,2024-02-06,B14,B,1,4,1572563.0,1900448.0,1900448.0,7.0,32.0,2.0,17.0,2.0,188.0,96,13.478645833333333,9.5,18.78,13.831145833333332,15.071458333333332,62.14927083333333,0.0,8.390520833333333,182.83562500000002,17552.22,5.745729166666667,3.478645833333333,14.113784722222222,13.057708333333334,15.544933035714285,15.41753472222222,15.240416666666667,17.148028273809523,79.00041666666665,74.52035714285715,77.12093005952381,0.09,0.09,0.31,108.05861111111112,143.0740625,140.6216795112782,31120.880000000005,96145.77,188821.84000000003,12.341354166666667,21.403958333333335,77.6290625,148.99927083333333,4.1899999999999995,410313.25
2324,2024-02-06,B15,B,1,5,1940381.0,2391068.0,2391068.0,8.0,27.0,3.0,15.0,7.0,294.0,96,13.478645833333333,9.5,18.78,13.831145833333332,15.071458333333332,62.14927083333333,0.0,8.390520833333333,182.83562500000002,17552.22,5.745729166666667,3.478645833333333,14.113784722222222,13.057708333333334,15.544933035714285,15.41753472222222,15.240416666666667,17.148028273809523,79.00041666666665,74.52035714285715,77.12093005952381,0.09,0.09,0.31,108.05861111111112,143.0740625,140.6216795112782,31120.880000000005,96145.77,188821.84000000003,12.341354166666667,21.403958333333335,77.6290625,148.99927083333333,4.1899999999999995,410313.25
2324,2024-02-06,B21,B,2,1,1083034.0,1382474.0,1382474.0,0.0,21.0,2.0,25.0,2.0,237.0,96,13.478645833333333,9.5,18.78,13.831145833333332,15.071458333333332,62.14927083333333,0.0,8.390520833333333,182.83562500000002,17552.22,5.745729166666667,3.478645833333333,14.113784722222222,13.057708333333334,15.544933035714285,15.41753472222222,15.240416666666667,17.148028273809523,79.00041666666665,74.52035714285715,77.12093005952381,0.09,0.09,0.31,108.05861111111112,143.0740625,140.6216795112782,31120.880000000005,96145.77,188821.84000000003,12.341354166666667,21.403958333333335,77.6290625,148.99927083333333,4.1899999999999995,410313.25
2324,2024-02-06,B22,B,2,2,1499466.0,1867014.0,1867014.0,0.0,13.0,0.0,8.0,1.0,236.0,96,13.478645833333333,9.5,18.78,13.831145833333332,15.071458333333332,62.14927083333333,0.0,8.390520833333333,182.83562500000002,17552.22,5.745729166666667,3.478645833333333,14.113784722222222,13.057708333333334,15.544933035714285,15.41753472222222,15.240416666666667,17.148028273809523,79.00041666666665,74.52035714285715,77.12093005952381,0.09,0.09,0.31,108.05861111111112,143.0740625,140.6216795112782,31120.880000000005,96145.77,188821.84000000003,12.341354166666667,21.403958333333335,77.6290625,148.99927083333333,4.1899999999999995,410313.25
2324,2024-02-06,B23,B,2,3,1070029.0,1329449.0,1329449.0,4.0,6.0,0.0,11.0,1.0,228.0,96,13.478645833333333,9.5,18.78,13.831145833333332,15.071458333333332,62.14927083333333,0.0,8.390520833333333,182.83562500000002,17552.22,5.745729166666667,3.478645833333333,14.113784722222222,13.057708333333334,15.544933035714285,15.41753472222222,15.240416666666667,17.148028273809523,79.00041666666665,74.52035714285715,77.12093005952381,0.09,0.09,0.31,108.05861111111112,143.0740625,140.6216795112782,31120.880000000005,96145.77,188821.84000000003,12.341354166666667,21.403958333333335,77.6290625,148.99927083333333,4.1899999999999995,410313.25
2324,2024-02-06,B24,B,2,4,1558647.0,1972081.0,1972081.0,1.0,23.0,0.0,17.0,6.0,343.0,96,13.478645833333333,9.5,18.78,13.831145833333332,15.071458333333332,62.14927083333333,0.0,8.390520833333333,182.83562500000002,17552.22,5.745729166666667,3.478645833333333,14.113784722222222,13.057708333333334,15.544933035714285,15.41753472222222,15.240416666666667,17.148028273809523,79.00041666666665,74.52035714285715,77.12093005952381,0.09,0.09,0.31,108.05861111111112,143.0740625,140.6216795112782,31120.880000000005,96145.77,188821.84000000003,12.341354166666667,21.403958333333335,77.6290625,148.99927083333333,4.1899999999999995,410313.25
2324,2024-02-06,B25,B,2,5,2530524.0,3376876.0,3376876.0,10.0,31.0,4.0,35.0,2.0,507.0,96,13.478645833333333,9.5,18.78,13.831145833333332,15.071458333333332,62.14927083333333,0.0,8.390520833333333,182.83562500000002,17552.22,5.745729166666667,3.478645833333333,14.113784722222222,13.057708333333334,15.544933035714285,15.41753472222222,15.240416666666667,17.148028273809523,79.00041666666665,74.52035714285715,77.12093005952381,0.09,0.09,0.31,108.05861111111112,143.0740625,140.6216795112782,31120.880000000005,96145.77,188821.84000000003,12.341354166666667,21.403958333333335,77.6290625,148.99927083333333,4.1899999999999995,410313.25
2324,2024-02-06,B41,B,4,1,1623170.0,1855041.0,1855041.0,2.0,17.0,6.0,23.0,9.0,707.0,96,13.478645833333333,9.5,18.78,13.831145833333332,15.071458333333332,62.14927083333333,0.0,8.390520833333333,182.83562500000002,17552.22,5.745729166666667,3.478645833333333,14.113784722222222,13.057708333333334,15.544933035714285,15.41753472222222,15.240416666666667,17.148028273809523,79.00041666666665,74.52035714285715,77.12093005952381,0.09,0.09,0.31,108.05861111111112,143.0740625,140.6216795112782,31120.880000000005,96145.77,188821.84000000003,12.341354166666667,21.403958333333335,77.6290625,148.99927083333333,4.1899999999999995,410313.25
2324,2024-02-06,B42,B,4,2,2167097.0,2646976.0,2646976.0,0.0,28.0,4.0,34.0,17.0,651.0,96,13.478645833333333,9.5,18.78,13.831145833333332,15.071458333333332,62.14927083333333,0.0,8.390520833333333,182.83562500000002,17552.22,5.745729166666667,3.478645833333333,14.113784722222222,13.057708333333334,15.544933035714285,15.41753472222222,15.240416666666667,17.148028273809523,79.00041666666665,74.52035714285715,77.12093005952381,0.09,0.09,0.31,108.05861111111112,143.0740625,140.6216795112782,31120.880000000005,96145.77,188821.84000000003,12.341354166666667,21.403958333333335,77.6290625,148.99927083333333,4.1899999999999995,410313.25
2324,2024-02-06,B43,B,4,3,2203760.0,2655929.0,2655929.0,2.0,16.0,2.0,13.0,6.0,285.0,96,13.478645833333333,9.5,18.78,13.831145833333332,15.071458333333332,62.14927083333333,0.0,8.390520833333333,182.83562500000002,17552.22,5.745729166666667,3.478645833333333,14.113784722222222,13.057708333333334,15.544933035714285,15.41753472222222,15.240416666666667,17.148028273809523,79.00041666666665,74.52035714285715,77.12093005952381,0.09,0.09,0.31,108.05861111111112,143.0740625,140.6216795112782,31120.880000000005,96145.77,188821.84000000003,12.341354166666667,21.403958333333335,77.6290625,148.99927083333333,4.1899999999999995,410313.25
2324,2024-02-06,B44,B,4,4,2352861.0,2922467.0,2922467.0,6.0,20.0,6.0,18.0,10.0,303.0,96,13.478645833333333,9.5,18.78,13.831145833333332,15.071458333333332,62.14927083333333,0.0,8.390520833333333,182.83562500000002,17552.22,5.745729166666667,3.478645833333333,14.113784722222222,13.057708333333334,15.544933035714285,15.41753472222222,15.240416666666667,17.148028273809523,79.00041666666665,74.52035714285715,77.12093005952381,0.09,0.09,0.31,108.05861111111112,143.0740625,140.6216795112782,31120.880000000005,96145.77,188821.84000000003,12.341354166666667,21.403958333333335,77.6290625,148.99927083333333,4.1899999999999995,410313.25
2324,2024-02-06,B45,B,4,5,2719036.0,3404144.0,3404144.0,7.0,16.0,2.0,33.0,13.0,589.0,96,13.478645833333333,9.5,18.78,13.831145833333332,15.071458333333332,62.14927083333333,0.0,8.390520833333333,182.83562500000002,17552.22,5.745729166666667,3.478645833333333,14.113784722222222,13.057708333333334,15.544933035714285,15.41753472222222,15.240416666666667,17.148028273809523,79.00041666666665,74.52035714285715,77.12093005952381,0.09,0.09,0.31,108.05861111111112,143.0740625,140.6216795112782,31120.880000000005,96145.77,188821.84000000003,12.341354166666667,21.403958333333335,77.6290625,148.99927083333333,4.1899999999999995,410313.25
2324,2024-02-06,B51,B,5,1,2080235.0,2716254.0,2716254.0,3.0,28.0,4.0,23.0,12.0,216.0,96,13.478645833333333,9.5,18.78,13.831145833333332,15.071458333333332,62.14927083333333,0.0,8.390520833333333,182.83562500000002,17552.22,5.745729166666667,3.478645833333333,14.113784722222222,13.057708333333334,15.544933035714285,15.41753472222222,15.240416666666667,17.148028273809523,79.00041666666665,74.52035714285715,77.12093005952381,0.09,0.09,0.31,108.05861111111112,143.0740625,140.6216795112782,31120.880000000005,96145.77,188821.84000000003,12.341354166666667,21.403958333333335,77.6290625,148.99927083333333,4.1899999999999995,410313.25
2324,2024-02-06,B52,B,5,2,1659358.0,2123483.0,2123483.0,7.0,14.0,0.0,15.0,7.0,472.0,96,13.478645833333333,9.5,18.78,13.831145833333332,15.071458333333332,62.14927083333333,0.0,8.390520833333333,182.83562500000002,17552.22,5.745729166666667,3.478645833333333,14.113784722222222,13.057708333333334,15.544933035714285,15.41753472222222,15.240416666666667,17.148028273809523,79.00041666666665,74.52035714285715,77.12093005952381,0.09,0.09,0.31,108.05861111111112,143.0740625,140.6216795112782,31120.880000000005,96145.77,188821.84000000003,12.341354166666667,21.403958333333335,77.6290625,148.99927083333333,4.1899999999999995,410313.25
2324,2024-02-06,B53,B,5,3,1513613.0,1964001.0,1964001.0,2.0,16.0,5.0,16.0,0.0,391.0,96,13.478645833333333,9.5,18.78,13.831145833333332,15.071458333333332,62.14927083333333,0.0,8.390520833333333,182.83562500000002,17552.22,5.745729166666667,3.478645833333333,14.113784722222222,13.057708333333334,15.544933035714285,15.41753472222222,15.240416666666667,17.148028273809523,79.00041666666665,74.52035714285715,77.12093005952381,0.09,0.09,0.31,108.05861111111112,143.0740625,140.6216795112782,31120.880000000005,96145.77,188821.84000000003,12.341354166666667,21.403958333333335,77.6290625,148.99927083333333,4.1899999999999995,410313.25
2324,2024-02-06,B54,B,5,4,2044372.0,2777053.0,2777053.0,4.0,21.0,6.0,29.0,7.0,454.0,96,13.478645833333333,9.5,18.78,13.831145833333332,15.071458333333332,62.14927083333333,0.0,8.390520833333333,182.83562500000002,17552.22,5.745729166666667,3.478645833333333,14.113784722222222,13.057708333333334,15.544933035714285,15.41753472222222,15.240416666666667,17.148028273809523,79.00041666666665,74.52035714285715,77.12093005952381,0.09,0.09,0.31,108.05861111111112,143.0740625,140.6216795112782,31120.880000000005,96145.77,188821.84000000003,12.341354166666667,21.403958333333335,77.6290625,148.99927083333333,4.1899999999999995,410313.25
2324,2024-02-06,B55,B,5,5,1728360.0,2361554.0,2361554.0,3.0,28.0,2.0,18.0,5.0,348.0,96,13.478645833333333,9.5,18.78,13.831145833333332,15.071458333333332,62.14927083333333,0.0,8.390520833333333,182.83562500000002,17552.22,5.745729166666667,3.478645833333333,14.113784722222222,13.057708333333334,15.544933035714285,15.41753472222222,15.240416666666667,17.148028273809523,79.00041666666665,74.52035714285715,77.12093005952381,0.09,0.09,0.31,108.05861111111112,143.0740625,140.6216795112782,31120.880000000005,96145.77,188821.84000000003,12.341354166666667,21.403958333333335,77.6290625,148.99927083333333,4.1899999999999995,410313.25
2324,2024-02-06,M11,M,1,1,926988.0,1073421.0,1073421.0,2.0,5.0,2.0,4.0,1.0,125.0,96,13.478645833333333,9.5,18.78,13.831145833333332,15.071458333333332,62.14927083333333,0.0,8.390520833333333,182.83562500000002,17552.22,5.745729166666667,3.478645833333333,14.113784722222222,13.057708333333334,15.544933035714285,15.41753472222222,15.240416666666667,17.148028273809523,79.00041666666665,74.52035714285715,77.12093005952381,0.09,0.09,0.31,108.05861111111112,143.0740625,140.6216795112782,31120.880000000005,96145.77,188821.84000000003,12.341354166666667,21.403958333333335,77.6290625,148.99927083333333,4.1899999999999995,410313.25
2324,2024-02-06,M12,M,1,2,1956851.0,2285724.0,2285724.0,1.0,15.0,3.0,6.0,4.0,484.0,96,13.478645833333333,9.5,18.78,13.831145833333332,15.071458333333332,62.14927083333333,0.0,8.390520833333333,182.83562500000002,17552.22,5.745729166666667,3.478645833333333,14.113784722222222,13.057708333333334,15.544933035714285,15.41753472222222,15.240416666666667,17.148028273809523,79.00041666666665,74.52035714285715,77.12093005952381,0.09,0.09,0.31,108.05861111111112,143.0740625,140.6216795112782,31120.880000000005,96145.77,188821.84000000003,12.341354166666667,21.403958333333335,77.6290625,148.99927083333333,4.1899999999999995,410313.25
2324,2024-02-06,M13,M,1,3,2024804.0,2410573.0,2410573.0,2.0,6.0,3.0,9.0,2.0,400.0,96,13.478645833333333,9.5,18.78,13.831145833333332,15.071458333333332,62.14927083333333,0.0,8.390520833333333,182.83562500000002,17552.22,5.745729166666667,3.478645833333333,14.113784722222222,13.057708333333334,15.544933035714285,15.41753472222222,15.240416666666667,17.148028273809523,79.00041666666665,74.52035714285715,77.12093005952381,0.09,0.09,0.31,108.05861111111112,143.0740625,140.6216795112782,31120.880000000005,96145.77,188821.84000000003,12.341354166666667,21.403958333333335,77.6290625,148.99927083333333,4.1899999999999995,410313.25
2324,2024-02-06,M14,M,1,4,2278131.0,2790279.0,2790279.0,1.0,11.0,8.0,19.0,8.0,562.0,96,13.478645833333333,9.5,18.78,13.831145833333332,15.071458333333332,62.14927083333333,0.0,8.390520833333333,182.83562500000002,17552.22,5.745729166666667,3.478645833333333,14.113784722222222,13.057708333333334,15.544933035714285,15.41753472222222,15.240416666666667,17.148028273809523,79.00041666666665,74.52035714285715,77.12093005952381,0.09,0.09,0.31,108.05861111111112,143.0740625,140.6216795112782,31120.880000000005,96145.77,188821.84000000003,12.341354166666667,21.403958333333335,77.6290625,148.99927083333333,4.1899999999999995,410313.25
2324,2024-02-06,M15,M,1,5,2597414.0,3267544.0,3267544.0,4.0,10.0,1.0,10.0,3.0,477.0,96,13.478645833333333,9.5,18.78,13.831145833333332,15.071458333333332,62.14927083333333,0.0,8.390520833333333,182.83562500000002,17552.22,5.745729166666667,3.478645833333333,14.113784722222222,13.057708333333334,15.544933035714285,15.41753472222222,15.240416666666667,17.148028273809523,79.00041666666665,74.52035714285715,77.12093005952381,0.09,0.09,0.31,108.05861111111112,143.0740625,140.6216795112782,31120.880000000005,96145.77,188821.84000000003,12.341354166666667,21.403958333333335,77.6290625,148.99927083333333,4.1899999999999995,410313.25
2324,2024-02-06,M21,M,2,1,1377206.0,1668066.0,1668066.0,2.0,12.0,1.0,18.0,9.0,375.0,96,13.478645833333333,9.5,18.78,13.831145833333332,15.071458333333332,62.14927083333333,0.0,8.390520833333333,182.83562500000002,17552.22,5.745729166666667,3.478645833333333,14.113784722222222,13.057708333333334,15.544933035714285,15.41753472222222,15.240416666666667,17.148028273809523,79.00041666666665,74.52035714285715,77.12093005952381,0.09,0.09,0.31,108.05861111111112,143.0740625,140.6216795112782,31120.880000000005,96145.77,188821.84000000003,12.341354166666667,21.403958333333335,77.6290625,148.99927083333333,4.1899999999999995,410313.25
2324,2024-02-06,M22,M,2,2,2263521.0,2733312.0,2733312.0,2.0,22.0,1.0,18.0,11.0,558.0,96,13.478645833333333,9.5,18.78,13.831145833333332,15.071458333333332,62.14927083333333,0.0,8.390520833333333,182.83562500000002,17552.22,5.745729166666667,3.478645833333333,14.113784722222222,13.057708333333334,15.544933035714285,15.41753472222222,15.240416666666667,17.148028273809523,79.00041666666665,74.52035714285715,77.12093005952381,0.09,0.09,0.31,108.05861111111112,143.0740625,140.6216795112782,31120.880000000005,96145.77,188821.84000000003,12.341354166666667,21.403958333333335,77.6290625,148.99927083333333,4.1899999999999995,410313.25
2324,2024-02-06,M23,M,2,3,1179530.0,1416861.0,1416861.0,8.0,21.0,2.0,3.0,3.0,139.0,96,13.478645833333333,9.5,18.78,13.831145833333332,15.071458333333332,62.14927083333333,0.0,8.390520833333333,182.83562500000002,17552.22,5.745729166666667,3.478645833333333,14.113784722222222,13.057708333333334,15.544933035714285,15.41753472222222,15.240416666666667,17.148028273809523,79.00041666666665,74.52035714285715,77.12093005952381,0.09,0.09,0.31,108.05861111111112,143.0740625,140.6216795112782,31120.880000000005,96145.77,188821.84000000003,12.341354166666667,21.403958333333335,77.6290625,148.99927083333333,4.1899999999999995,410313.25
2324,2024-02-06,M24,M,2,4,1252469.0,1551997.0,1551997.0,0.0,5.0,0.0,11.0,0.0,238.0,96,13.478645833333333,9.5,18.78,13.831145833333332,15.071458333333332,62.14927083333333,0.0,8.390520833333333,182.83562500000002,17552.22,5.745729166666667,3.478645833333333,14.113784722222222,13.057708333333334,15.544933035714285,15.41753472222222,15.240416666666667,17.148028273809523,79.00041666666665,74.52035714285715,77.12093005952381,0.09,0.09,0.31,108.05861111111112,143.0740625,140.6216795112782,31120.880000000005,96145.77,188821.84000000003,12.341354166666667,21.403958333333335,77.6290625,148.99927083333333,4.1899999999999995,410313.25
2324,2024-02-06,M25,M,2,5,1204885.0,1604842.0,1604842.0,0.0,8.0,0.0,12.0,1.0,365.0,96,13.478645833333333,9.5,18.78,13.831145833333332,15.071458333333332,62.14927083333333,0.0,8.390520833333333,182.83562500000002,17552.22,5.745729166666667,3.478645833333333,14.113784722222222,13.057708333333334,15.544933035714285,15.41753472222222,15.240416666666667,17.148028273809523,79.00041666666665,74.52035714285715,77.12093005952381,0.09,0.09,0.31,108.05861111111112,143.0740625,140.6216795112782,31120.880000000005,96145.77,188821.84000000003,12.341354166666667,21.403958333333335,77.6290625,148.99927083333333,4.1899999999999995,410313.25
2324,2024-02-06,M41,M,4,1,2430133.0,2904089.0,2904089.0,6.0,15.0,7.0,8.0,12.0,298.0,96,13.478645833333333,9.5,18.78,13.831145833333332,15.071458333333332,62.14927083333333,0.0,8.390520833333333,182.83562500000002,17552.22,5.745729166666667,3.478645833333333,14.113784722222222,13.057708333333334,15.544933035714285,15.41753472222222,15.240416666666667,17.148028273809523,79.00041666666665,74.52035714285715,77.12093005952381,0.09,0.09,0.31,108.05861111111112,143.0740625,140.6216795112782,31120.880000000005,96145.77,188821.84000000003,12.341354166666667,21.403958333333335,77.6290625,148.99927083333333,4.1899999999999995,410313.25
2324,2024-02-06,M42,M,4,2,2033147.0,2326030.0,2326030.0,9.0,12.0,4.0,14.0,9.0,506.0,96,13.478645833333333,9.5,18.78,13.831145833333332,15.071458333333332,62.14927083333333,0.0,8.390520833333333,182.83562500000002,17552.22,5.745729166666667,3.478645833333333,14.113784722222222,13.057708333333334,15.544933035714285,15.41753472222222,15.240416666666667,17.148028273809523,79.00041666666665,74.52035714285715,77.12093005952381,0.09,0.09,0.31,108.05861111111112,143.0740625,140.6216795112782,31120.880000000005,96145.77,188821.84000000003,12.341354166666667,21.403958333333335,77.6290625,148.99927083333333,4.1899999999999995,410313.25
2324,2024-02-06,M43,M,4,3,2021185.0,2345384.0,2345384.0,5.0,11.0,2.0,10.0,13.0,225.0,96,13.478645833333333,9.5,18.78,13.831145833333332,15.071458333333332,62.14927083333333,0.0,8.390520833333333,182.83562500000002,17552.22,5.745729166666667,3.478645833333333,14.113784722222222,13.057708333333334,15.544933035714285,15.41753472222222,15.240416666666667,17.148028273809523,79.00041666666665,74.52035714285715,77.12093005952381,0.09,0.09,0.31,108.05861111111112,143.0740625,140.6216795112782,31120.880000000005,96145.77,188821.84000000003,12.341354166666667,21.403958333333335,77.6290625,148.99927083333333,4.1899999999999995,410313.25
2324,2024-02-06,M44,M,4,4,2200407.0,2708827.0,2708827.0,3.0,12.0,2.0,1.0,8.0,357.0,96,13.478645833333333,9.5,18.78,13.831145833333332,15.071458333333332,62.14927083333333,0.0,8.390520833333333,182.83562500000002,17552.22,5.745729166666667,3.478645833333333,14.113784722222222,13.057708333333334,15.544933035714285,15.41753472222222,15.240416666666667,17.148028273809523,79.00041666666665,74.52035714285715,77.12093005952381,0.09,0.09,0.31,108.05861111111112,143.0740625,140.6216795112782,31120.880000000005,96145.77,188821.84000000003,12.341354166666667,21.403958333333335,77.6290625,148.99927083333333,4.1899999999999995,410313.25
2324,2024-02-06,M45,M,4,5,2093650.0,2503342.0,2503342.0,3.0,28.0,3.0,13.0,1.0,441.0,96,13.478645833333333,9.5,18.78,13.831145833333332,15.071458333333332,62.14927083333333,0.0,8.390520833333333,182.83562500000002,17552.22,5.745729166666667,3.478645833333333,14.113784722222222,13.057708333333334,15.544933035714285,15.41753472222222,15.240416666666667,17.148028273809523,79.00041666666665,74.52035714285715,77.12093005952381,0.09,0.09,0.31,108.05861111111112,143.0740625,140.6216795112782,31120.880000000005,96145.77,188821.84000000003,12.341354166666667,21.403958333333335,77.6290625,148.99927083333333,4.1899999999999995,410313.25
2324,2024-02-06,M51,M,5,1,1629604.0,1998699.0,1998699.0,14.0,26.0,4.0,6.0,5.0,511.0,96,13.478645833333333,9.5,18.78,13.831145833333332,15.071458333333332,62.14927083333333,0.0,8.390520833333333,182.83562500000002,17552.22,5.745729166666667,3.478645833333333,14.113784722222222,13.057708333333334,15.544933035714285,15.41753472222222,15.240416666666667,17.148028273809523,79.00041666666665,74.52035714285715,77.12093005952381,0.09,0.09,0.31,108.05861111111112,143.0740625,140.6216795112782,31120.880000000005,96145.77,188821.84000000003,12.341354166666667,21.403958333333335,77.6290625,148.99927083333333,4.1899999999999995,410313.25
2324,2024-02-06,M52,M,5,2,2342651.0,3003407.0,3003407.0,2.0,29.0,3.0,27.0,9.0,1077.0,96,13.478645833333333,9.5,18.78,13.831145833333332,15.071458333333332,62.14927083333333,0.0,8.390520833333333,182.83562500000002,17552.22,5.745729166666667,3.478645833333333,14.113784722222222,13.057708333333334,15.544933035714285,15.41753472222222,15.240416666666667,17.148028273809523,79.00041666666665,74.52035714285715,77.12093005952381,0.09,0.09,0.31,108.05861111111112,143.0740625,140.6216795112782,31120.880000000005,96145.77,188821.84000000003,12.341354166666667,21.403958333333335,77.6290625,148.99927083333333,4.1899999999999995,410313.25
2324,2024-02-06,M53,M,5,3,2184883.0,2725622.0,2725622.0,7.0,21.0,8.0,25.0,7.0,435.0,96,13.478645833333333,9.5,18.78,13.831145833333332,15.071458333333332,62.14927083333333,0.0,8.390520833333333,182.83562500000002,17552.22,5.745729166666667,3.478645833333333,14.113784722222222,13.057708333333334,15.544933035714285,15.41753472222222,15.240416666666667,17.148028273809523,79.00041666666665,74.52035714285715,77.12093005952381,0.09,0.09,0.31,108.05861111111112,143.0740625,140.6216795112782,31120.880000000005,96145.77,188821.84000000003,12.341354166666667,21.403958333333335,77.6290625,148.99927083333333,4.1899999999999995,410313.25
2324,2024-02-06,M54,M,5,4,1448359.0,1802954.0,1802954.0,8.0,37.0,1.0,10.0,5.0,328.0,96,13.478645833333333,9.5,18.78,13.831145833333332,15.071458333333332,62.14927083333333,0.0,8.390520833333333,182.83562500000002,17552.22,5.745729166666667,3.478645833333333,14.113784722222222,13.057708333333334,15.544933035714285,15.41753472222222,15.240416666666667,17.148028273809523,79.00041666666665,74.52035714285715,77.12093005952381,0.09,0.09,0.31,108.05861111111112,143.0740625,140.6216795112782,31120.880000000005,96145.77,188821.84000000003,12.341354166666667,21.403958333333335,77.6290625,148.99927083333333,4.1899999999999995,410313.25
2324,2024-02-06,M55,M,5,5,2093730.0,2614577.0,2614577.0,6.0,24.0,0.0,19.0,8.0,537.0,96,13.478645833333333,9.5,18.78,13.831145833333332,15.071458333333332,62.14927083333333,0.0,8.390520833333333,182.83562500000002,17552.22,5.745729166666667,3.478645833333333,14.113784722222222,13.057708333333334,15.544933035714285,15.41753472222222,15.240416666666667,17.148028273809523,79.00041666666665,74.52035714285715,77.12093005952381,0.09,0.09,0.31,108.05861111111112,143.0740625,140.6216795112782,31120.880000000005,96145.77,188821.84000000003,12.341354166666667,21.403958333333335,77.6290625,148.99927083333333,4.1899999999999995,410313.25
2324,2024-02-13,B11,B,1,1,1286893.0,1630823.0,1630823.0,6.0,24.0,2.0,6.0,4.0,99.0,96,14.7740625,7.31,18.6,15.086666666666666,17.811770833333334,71.40114583333333,0.0,6.378020833333333,155.10177083333335,14889.77,9.432604166666666,4.774062499999999,19.057222222222222,16.359627976190474,14.708668154761906,19.697187499999995,17.70922619047619,16.474821428571428,75.94555555555554,75.6334375,75.07689732142856,0.43000000000000005,0.43000000000000005,0.52,134.2196875,150.30565648496238,146.68985949248122,38655.270000000004,100867.95999999999,197013.73,27.171666666666667,44.51739583333334,65.92135416666667,193.51666666666665,4.619999999999999,511181.20999999996
2324,2024-02-13,B12,B,1,2,1820059.0,2337719.0,2337719.0,5.0,36.0,3.0,21.0,4.0,433.0,96,14.7740625,7.31,18.6,15.086666666666666,17.811770833333334,71.40114583333333,0.0,6.378020833333333,155.10177083333335,14889.77,9.432604166666666,4.774062499999999,19.057222222222222,16.359627976190474,14.708668154761906,19.697187499999995,17.70922619047619,16.474821428571428,75.94555555555554,75.6334375,75.07689732142856,0.43000000000000005,0.43000000000000005,0.52,134.2196875,150.30565648496238,146.68985949248122,38655.270000000004,100867.95999999999,197013.73,27.171666666666667,44.51739583333334,65.92135416666667,193.51666666666665,4.619999999999999,511181.20999999996
2324,2024-02-13,B13,B,1,3,1305443.0,1649943.0,1649943.0,0.0,27.0,2.0,11.0,7.0,182.0,96,14.7740625,7.31,18.6,15.086666666666666,17.811770833333334,71.40114583333333,0.0,6.378020833333333,155.10177083333335,14889.77,9.432604166666666,4.774062499999999,19.057222222222222,16.359627976190474,14.708668154761906,19.697187499999995,17.70922619047619,16.474821428571428,75.94555555555554,75.6334375,75.07689732142856,0.43000000000000005,0.43000000000000005,0.52,134.2196875,150.30565648496238,146.68985949248122,38655.270000000004,100867.95999999999,197013.73,27.171666666666667,44.51739583333334,65.92135416666667,193.51666666666665,4.619999999999999,511181.20999999996
2324,2024-02-13,B14,B,1,4,2367712.0,3027854.0,3027854.0,8.0,61.0,0.0,34.0,12.0,293.0,96,14.7740625,7.31,18.6,15.086666666666666,17.811770833333334,71.40114583333333,0.0,6.378020833333333,155.10177083333335,14889.77,9.432604166666666,4.774062499999999,19.057222222222222,16.359627976190474,14.708668154761906,19.697187499999995,17.70922619047619,16.474821428571428,75.94555555555554,75.6334375,75.07689732142856,0.43000000000000005,0.43000000000000005,0.52,134.2196875,150.30565648496238,146.68985949248122,38655.270000000004,100867.95999999999,197013.73,27.171666666666667,44.51739583333334,65.92135416666667,193.51666666666665,4.619999999999999,511181.20999999996
2324,2024-02-13,B15,B,1,5,2012491.0,2599540.0,2599540.0,4.0,66.0,2.0,19.0,11.0,299.0,96,14.7740625,7.31,18.6,15.086666666666666,17.811770833333334,71.40114583333333,0.0,6.378020833333333,155.10177083333335,14889.77,9.432604166666666,4.774062499999999,19.057222222222222,16.359627976190474,14.708668154761906,19.697187499999995,17.70922619047619,16.474821428571428,75.94555555555554,75.6334375,75.07689732142856,0.43000000000000005,0.43000000000000005,0.52,134.2196875,150.30565648496238,146.68985949248122,38655.270000000004,100867.95999999999,197013.73,27.171666666666667,44.51739583333334,65.92135416666667,193.51666666666665,4.619999999999999,511181.20999999996
2324,2024-02-13,B21,B,2,1,1675565.0,2147289.0,2147289.0,3.0,47.0,2.0,16.0,5.0,135.0,96,14.7740625,7.31,18.6,15.086666666666666,17.811770833333334,71.40114583333333,0.0,6.378020833333333,155.10177083333335,14889.77,9.432604166666666,4.774062499999999,19.057222222222222,16.359627976190474,14.708668154761906,19.697187499999995,17.70922619047619,16.474821428571428,75.94555555555554,75.6334375,75.07689732142856,0.43000000000000005,0.43000000000000005,0.52,134.2196875,150.30565648496238,146.68985949248122,38655.270000000004,100867.95999999999,197013.73,27.171666666666667,44.51739583333334,65.92135416666667,193.51666666666665,4.619999999999999,511181.20999999996
2324,2024-02-13,B22,B,2,2,2612813.0,3486192.0,3486192.0,1.0,31.0,0.0,30.0,11.0,134.0,96,14.7740625,7.31,18.6,15.086666666666666,17.811770833333334,71.40114583333333,0.0,6.378020833333333,155.10177083333335,14889.77,9.432604166666666,4.774062499999999,19.057222222222222,16.359627976190474,14.708668154761906,19.697187499999995,17.70922619047619,16.474821428571428,75.94555555555554,75.6334375,75.07689732142856,0.43000000000000005,0.43000000000000005,0.52,134.2196875,150.30565648496238,146.68985949248122,38655.270000000004,100867.95999999999,197013.73,27.171666666666667,44.51739583333334,65.92135416666667,193.51666666666665,4.619999999999999,511181.20999999996
2324,2024-02-13,B23,B,2,3,1700802.0,2244490.0,2244490.0,4.0,45.0,3.0,13.0,15.0,266.0,96,14.7740625,7.31,18.6,15.086666666666666,17.811770833333334,71.40114583333333,0.0,6.378020833333333,155.10177083333335,14889.77,9.432604166666666,4.774062499999999,19.057222222222222,16.359627976190474,14.708668154761906,19.697187499999995,17.70922619047619,16.474821428571428,75.94555555555554,75.6334375,75.07689732142856,0.43000000000000005,0.43000000000000005,0.52,134.2196875,150.30565648496238,146.68985949248122,38655.270000000004,100867.95999999999,197013.73,27.171666666666667,44.51739583333334,65.92135416666667,193.51666666666665,4.619999999999999,511181.20999999996
2324,2024-02-13,B24,B,2,4,1921776.0,2531211.0,2531211.0,7.0,34.0,0.0,31.0,6.0,490.0,96,14.7740625,7.31,18.6,15.086666666666666,17.811770833333334,71.40114583333333,0.0,6.378020833333333,155.10177083333335,14889.77,9.432604166666666,4.774062499999999,19.057222222222222,16.359627976190474,14.708668154761906,19.697187499999995,17.70922619047619,16.474821428571428,75.94555555555554,75.6334375,75.07689732142856,0.43000000000000005,0.43000000000000005,0.52,134.2196875,150.30565648496238,146.68985949248122,38655.270000000004,100867.95999999999,197013.73,27.171666666666667,44.51739583333334,65.92135416666667,193.51666666666665,4.619999999999999,511181.20999999996
2324,2024-02-13,B25,B,2,5,2615658.0,3489115.0,3489115.0,12.0,93.0,5.0,28.0,12.0,633.0,96,14.7740625,7.31,18.6,15.086666666666666,17.811770833333334,71.40114583333333,0.0,6.378020833333333,155.10177083333335,14889.77,9.432604166666666,4.774062499999999,19.057222222222222,16.359627976190474,14.708668154761906,19.697187499999995,17.70922619047619,16.474821428571428,75.94555555555554,75.6334375,75.07689732142856,0.43000000000000005,0.43000000000000005,0.52,134.2196875,150.30565648496238,146.68985949248122,38655.270000000004,100867.95999999999,197013.73,27.171666666666667,44.51739583333334,65.92135416666667,193.51666666666665,4.619999999999999,511181.20999999996
2324,2024-02-13,B41,B,4,1,1854315.0,2456449.0,2456449.0,1.0,47.0,2.0,38.0,4.0,351.0,96,14.7740625,7.31,18.6,15.086666666666666,17.811770833333334,71.40114583333333,0.0,6.378020833333333,155.10177083333335,14889.77,9.432604166666666,4.774062499999999,19.057222222222222,16.359627976190474,14.708668154761906,19.697187499999995,17.70922619047619,16.474821428571428,75.94555555555554,75.6334375,75.07689732142856,0.43000000000000005,0.43000000000000005,0.52,134.2196875,150.30565648496238,146.68985949248122,38655.270000000004,100867.95999999999,197013.73,27.171666666666667,44.51739583333334,65.92135416666667,193.51666666666665,4.619999999999999,511181.20999999996
2324,2024-02-13,B42,B,4,2,1867265.0,2541350.0,2541350.0,9.0,42.0,5.0,26.0,16.0,455.0,96,14.7740625,7.31,18.6,15.086666666666666,17.811770833333334,71.40114583333333,0.0,6.378020833333333,155.10177083333335,14889.77,9.432604166666666,4.774062499999999,19.057222222222222,16.359627976190474,14.708668154761906,19.697187499999995,17.70922619047619,16.474821428571428,75.94555555555554,75.6334375,75.07689732142856,0.43000000000000005,0.43000000000000005,0.52,134.2196875,150.30565648496238,146.68985949248122,38655.270000000004,100867.95999999999,197013.73,27.171666666666667,44.51739583333334,65.92135416666667,193.51666666666665,4.619999999999999,511181.20999999996
2324,2024-02-13,B43,B,4,3,2275160.0,3081467.0,3081467.0,8.0,40.0,3.0,29.0,7.0,464.0,96,14.7740625,7.31,18.6,15.086666666666666,17.811770833333334,71.40114583333333,0.0,6.378020833333333,155.10177083333335,14889.77,9.432604166666666,4.774062499999999,19.057222222222222,16.359627976190474,14.708668154761906,19.697187499999995,17.70922619047619,16.474821428571428,75.94555555555554,75.6334375,75.07689732142856,0.43000000000000005,0.43000000000000005,0.52,134.2196875,150.30565648496238,146.68985949248122,38655.270000000004,100867.95999999999,197013.73,27.171666666666667,44.51739583333334,65.92135416666667,193.51666666666665,4.619999999999999,511181.20999999996
2324,2024-02-13,B44,B,4,4,1997239.0,2696432.0,2696432.0,8.0,40.0,0.0,19.0,10.0,275.0,96,14.7740625,7.31,18.6,15.086666666666666,17.811770833333334,71.40114583333333,0.0,6.378020833333333,155.10177083333335,14889.77,9.432604166666666,4.774062499999999,19.057222222222222,16.359627976190474,14.708668154761906,19.697187499999995,17.70922619047619,16.474821428571428,75.94555555555554,75.6334375,75.07689732142856,0.43000000000000005,0.43000000000000005,0.52,134.2196875,150.30565648496238,146.68985949248122,38655.270000000004,100867.95999999999,197013.73,27.171666666666667,44.51739583333334,65.92135416666667,193.51666666666665,4.619999999999999,511181.20999999996
2324,2024-02-13,B45,B,4,5,2545340.0,3453625.0,3453625.0,11.0,45.0,0.0,34.0,13.0,512.0,96,14.7740625,7.31,18.6,15.086666666666666,17.811770833333334,71.40114583333333,0.0,6.378020833333333,155.10177083333335,14889.77,9.432604166666666,4.774062499999999,19.057222222222222,16.359627976190474,14.708668154761906,19.697187499999995,17.70922619047619,16.474821428571428,75.94555555555554,75.6334375,75.07689732142856,0.43000000000000005,0.43000000000000005,0.52,134.2196875,150.30565648496238,146.68985949248122,38655.270000000004,100867.95999999999,197013.73,27.171666666666667,44.51739583333334,65.92135416666667,193.51666666666665,4.619999999999999,511181.20999999996
2324,2024-02-13,B51,B,5,1,2231779.0,3038378.0,3038378.0,3.0,38.0,4.0,36.0,5.0,420.0,96,14.7740625,7.31,18.6,15.086666666666666,17.811770833333334,71.40114583333333,0.0,6.378020833333333,155.10177083333335,14889.77,9.432604166666666,4.774062499999999,19.057222222222222,16.359627976190474,14.708668154761906,19.697187499999995,17.70922619047619,16.474821428571428,75.94555555555554,75.6334375,75.07689732142856,0.43000000000000005,0.43000000000000005,0.52,134.2196875,150.30565648496238,146.68985949248122,38655.270000000004,100867.95999999999,197013.73,27.171666666666667,44.51739583333334,65.92135416666667,193.51666666666665,4.619999999999999,511181.20999999996
2324,2024-02-13,B52,B,5,2,2356477.0,3181870.0,3181870.0,6.0,34.0,2.0,23.0,8.0,425.0,96,14.7740625,7.31,18.6,15.086666666666666,17.811770833333334,71.40114583333333,0.0,6.378020833333333,155.10177083333335,14889.77,9.432604166666666,4.774062499999999,19.057222222222222,16.359627976190474,14.708668154761906,19.697187499999995,17.70922619047619,16.474821428571428,75.94555555555554,75.6334375,75.07689732142856,0.43000000000000005,0.43000000000000005,0.52,134.2196875,150.30565648496238,146.68985949248122,38655.270000000004,100867.95999999999,197013.73,27.171666666666667,44.51739583333334,65.92135416666667,193.51666666666665,4.619999999999999,511181.20999999996
2324,2024-02-13,B53,B,5,3,1699894.0,2228498.0,2228498.0,4.0,35.0,1.0,14.0,2.0,451.0,96,14.7740625,7.31,18.6,15.086666666666666,17.811770833333334,71.40114583333333,0.0,6.378020833333333,155.10177083333335,14889.77,9.432604166666666,4.774062499999999,19.057222222222222,16.359627976190474,14.708668154761906,19.697187499999995,17.70922619047619,16.474821428571428,75.94555555555554,75.6334375,75.07689732142856,0.43000000000000005,0.43000000000000005,0.52,134.2196875,150.30565648496238,146.68985949248122,38655.270000000004,100867.95999999999,197013.73,27.171666666666667,44.51739583333334,65.92135416666667,193.51666666666665,4.619999999999999,511181.20999999996
2324,2024-02-13,B54,B,5,4,2150214.0,2878290.0,2878290.0,3.0,59.0,4.0,29.0,9.0,493.0,96,14.7740625,7.31,18.6,15.086666666666666,17.811770833333334,71.40114583333333,0.0,6.378020833333333,155.10177083333335,14889.77,9.432604166666666,4.774062499999999,19.057222222222222,16.359627976190474,14.708668154761906,19.697187499999995,17.70922619047619,16.474821428571428,75.94555555555554,75.6334375,75.07689732142856,0.43000000000000005,0.43000000000000005,0.52,134.2196875,150.30565648496238,146.68985949248122,38655.270000000004,100867.95999999999,197013.73,27.171666666666667,44.51739583333334,65.92135416666667,193.51666666666665,4.619999999999999,511181.20999999996
2324,2024-02-13,B55,B,5,5,1624343.0,2172978.0,2172978.0,5.0,29.0,0.0,20.0,5.0,566.0,96,14.7740625,7.31,18.6,15.086666666666666,17.811770833333334,71.40114583333333,0.0,6.378020833333333,155.10177083333335,14889.77,9.432604166666666,4.774062499999999,19.057222222222222,16.359627976190474,14.708668154761906,19.697187499999995,17.70922619047619,16.474821428571428,75.94555555555554,75.6334375,75.07689732142856,0.43000000000000005,0.43000000000000005,0.52,134.2196875,150.30565648496238,146.68985949248122,38655.270000000004,100867.95999999999,197013.73,27.171666666666667,44.51739583333334,65.92135416666667,193.51666666666665,4.619999999999999,511181.20999999996
2324,2024-02-13,M11,M,1,1,1239504.0,1466331.0,1466331.0,3.0,18.0,1.0,5.0,0.0,110.0,96,14.7740625,7.31,18.6,15.086666666666666,17.811770833333334,71.40114583333333,0.0,6.378020833333333,155.10177083333335,14889.77,9.432604166666666,4.774062499999999,19.057222222222222,16.359627976190474,14.708668154761906,19.697187499999995,17.70922619047619,16.474821428571428,75.94555555555554,75.6334375,75.07689732142856,0.43000000000000005,0.43000000000000005,0.52,134.2196875,150.30565648496238,146.68985949248122,38655.270000000004,100867.95999999999,197013.73,27.171666666666667,44.51739583333334,65.92135416666667,193.51666666666665,4.619999999999999,511181.20999999996
2324,2024-02-13,M12,M,1,2,2340492.0,2934036.0,2934036.0,4.0,14.0,2.0,17.0,3.0,729.0,96,14.7740625,7.31,18.6,15.086666666666666,17.811770833333334,71.40114583333333,0.0,6.378020833333333,155.10177083333335,14889.77,9.432604166666666,4.774062499999999,19.057222222222222,16.359627976190474,14.708668154761906,19.697187499999995,17.70922619047619,16.474821428571428,75.94555555555554,75.6334375,75.07689732142856,0.43000000000000005,0.43000000000000005,0.52,134.2196875,150.30565648496238,146.68985949248122,38655.270000000004,100867.95999999999,197013.73,27.171666666666667,44.51739583333334,65.92135416666667,193.51666666666665,4.619999999999999,511181.20999999996
2324,2024-02-13,M13,M,1,3,2490590.0,3065630.0,3065630.0,3.0,23.0,1.0,23.0,1.0,736.0,96,14.7740625,7.31,18.6,15.086666666666666,17.811770833333334,71.40114583333333,0.0,6.378020833333333,155.10177083333335,14889.77,9.432604166666666,4.774062499999999,19.057222222222222,16.359627976190474,14.708668154761906,19.697187499999995,17.70922619047619,16.474821428571428,75.94555555555554,75.6334375,75.07689732142856,0.43000000000000005,0.43000000000000005,0.52,134.2196875,150.30565648496238,146.68985949248122,38655.270000000004,100867.95999999999,197013.73,27.171666666666667,44.51739583333334,65.92135416666667,193.51666666666665,4.619999999999999,511181.20999999996
2324,2024-02-13,M14,M,1,4,2455794.0,3206249.0,3206249.0,2.0,25.0,4.0,17.0,4.0,581.0,96,14.7740625,7.31,18.6,15.086666666666666,17.811770833333334,71.40114583333333,0.0,6.378020833333333,155.10177083333335,14889.77,9.432604166666666,4.774062499999999,19.057222222222222,16.359627976190474,14.708668154761906,19.697187499999995,17.70922619047619,16.474821428571428,75.94555555555554,75.6334375,75.07689732142856,0.43000000000000005,0.43000000000000005,0.52,134.2196875,150.30565648496238,146.68985949248122,38655.270000000004,100867.95999999999,197013.73,27.171666666666667,44.51739583333334,65.92135416666667,193.51666666666665,4.619999999999999,511181.20999999996
2324,2024-02-13,M15,M,1,5,2351349.0,3061718.0,3061718.0,11.0,35.0,1.0,12.0,3.0,634.0,96,14.7740625,7.31,18.6,15.086666666666666,17.811770833333334,71.40114583333333,0.0,6.378020833333333,155.10177083333335,14889.77,9.432604166666666,4.774062499999999,19.057222222222222,16.359627976190474,14.708668154761906,19.697187499999995,17.70922619047619,16.474821428571428,75.94555555555554,75.6334375,75.07689732142856,0.43000000000000005,0.43000000000000005,0.52,134.2196875,150.30565648496238,146.68985949248122,38655.270000000004,100867.95999999999,197013.73,27.171666666666667,44.51739583333334,65.92135416666667,193.51666666666665,4.619999999999999,511181.20999999996
2324,2024-02-13,M21,M,2,1,1380215.0,1681600.0,1681600.0,3.0,48.0,1.0,20.0,5.0,431.0,96,14.7740625,7.31,18.6,15.086666666666666,17.811770833333334,71.40114583333333,0.0,6.378020833333333,155.10177083333335,14889.77,9.432604166666666,4.774062499999999,19.057222222222222,16.359627976190474,14.708668154761906,19.697187499999995,17.70922619047619,16.474821428571428,75.94555555555554,75.6334375,75.07689732142856,0.43000000000000005,0.43000000000000005,0.52,134.2196875,150.30565648496238,146.68985949248122,38655.270000000004,100867.95999999999,197013.73,27.171666666666667,44.51739583333334,65.92135416666667,193.51666666666665,4.619999999999999,511181.20999999996
2324,2024-02-13,M22,M,2,2,2168796.0,2728560.0,2728560.0,1.0,55.0,8.0,47.0,4.0,626.0,96,14.7740625,7.31,18.6,15.086666666666666,17.811770833333334,71.40114583333333,0.0,6.378020833333333,155.10177083333335,14889.77,9.432604166666666,4.774062499999999,19.057222222222222,16.359627976190474,14.708668154761906,19.697187499999995,17.70922619047619,16.474821428571428,75.94555555555554,75.6334375,75.07689732142856,0.43000000000000005,0.43000000000000005,0.52,134.2196875,150.30565648496238,146.68985949248122,38655.270000000004,100867.95999999999,197013.73,27.171666666666667,44.51739583333334,65.92135416666667,193.51666666666665,4.619999999999999,511181.20999999996
2324,2024-02-13,M23,M,2,3,950433.0,1157625.0,1157625.0,0.0,19.0,0.0,12.0,3.0,140.0,96,14.7740625,7.31,18.6,15.086666666666666,17.811770833333334,71.40114583333333,0.0,6.378020833333333,155.10177083333335,14889.77,9.432604166666666,4.774062499999999,19.057222222222222,16.359627976190474,14.708668154761906,19.697187499999995,17.70922619047619,16.474821428571428,75.94555555555554,75.6334375,75.07689732142856,0.43000000000000005,0.43000000000000005,0.52,134.2196875,150.30565648496238,146.68985949248122,38655.270000000004,100867.95999999999,197013.73,27.171666666666667,44.51739583333334,65.92135416666667,193.51666666666665,4.619999999999999,511181.20999999996
2324,2024-02-13,M24,M,2,4,1968140.0,2495278.0,2495278.0,5.0,5.0,1.0,13.0,7.0,116.0,96,14.7740625,7.31,18.6,15.086666666666666,17.811770833333334,71.40114583333333,0.0,6.378020833333333,155.10177083333335,14889.77,9.432604166666666,4.774062499999999,19.057222222222222,16.359627976190474,14.708668154761906,19.697187499999995,17.70922619047619,16.474821428571428,75.94555555555554,75.6334375,75.07689732142856,0.43000000000000005,0.43000000000000005,0.52,134.2196875,150.30565648496238,146.68985949248122,38655.270000000004,100867.95999999999,197013.73,27.171666666666667,44.51739583333334,65.92135416666667,193.51666666666665,4.619999999999999,511181.20999999996
2324,2024-02-13,M25,M,2,5,1639913.0,2076793.0,2076793.0,3.0,21.0,2.0,16.0,4.0,361.0,96,14.7740625,7.31,18.6,15.086666666666666,17.811770833333334,71.40114583333333,0.0,6.378020833333333,155.10177083333335,14889.77,9.432604166666666,4.774062499999999,19.057222222222222,16.359627976190474,14.708668154761906,19.697187499999995,17.70922619047619,16.474821428571428,75.94555555555554,75.6334375,75.07689732142856,0.43000000000000005,0.43000000000000005,0.52,134.2196875,150.30565648496238,146.68985949248122,38655.270000000004,100867.95999999999,197013.73,27.171666666666667,44.51739583333334,65.92135416666667,193.51666666666665,4.619999999999999,511181.20999999996
2324,2024-02-13,M41,M,4,1,2523805.0,3213352.0,3213352.0,10.0,50.0,7.0,10.0,2.0,269.0,96,14.7740625,7.31,18.6,15.086666666666666,17.811770833333334,71.40114583333333,0.0,6.378020833333333,155.10177083333335,14889.77,9.432604166666666,4.774062499999999,19.057222222222222,16.359627976190474,14.708668154761906,19.697187499999995,17.70922619047619,16.474821428571428,75.94555555555554,75.6334375,75.07689732142856,0.43000000000000005,0.43000000000000005,0.52,134.2196875,150.30565648496238,146.68985949248122,38655.270000000004,100867.95999999999,197013.73,27.171666666666667,44.51739583333334,65.92135416666667,193.51666666666665,4.619999999999999,511181.20999999996
2324,2024-02-13,M42,M,4,2,2148058.0,2703643.0,2703643.0,1.0,66.0,4.0,19.0,15.0,470.0,96,14.7740625,7.31,18.6,15.086666666666666,17.811770833333334,71.40114583333333,0.0,6.378020833333333,155.10177083333335,14889.77,9.432604166666666,4.774062499999999,19.057222222222222,16.359627976190474,14.708668154761906,19.697187499999995,17.70922619047619,16.474821428571428,75.94555555555554,75.6334375,75.07689732142856,0.43000000000000005,0.43000000000000005,0.52,134.2196875,150.30565648496238,146.68985949248122,38655.270000000004,100867.95999999999,197013.73,27.171666666666667,44.51739583333334,65.92135416666667,193.51666666666665,4.619999999999999,511181.20999999996
2324,2024-02-13,M43,M,4,3,2262959.0,2934604.0,2934604.0,8.0,41.0,3.0,30.0,5.0,635.0,96,14.7740625,7.31,18.6,15.086666666666666,17.811770833333334,71.40114583333333,0.0,6.378020833333333,155.10177083333335,14889.77,9.432604166666666,4.774062499999999,19.057222222222222,16.359627976190474,14.708668154761906,19.697187499999995,17.70922619047619,16.474821428571428,75.94555555555554,75.6334375,75.07689732142856,0.43000000000000005,0.43000000000000005,0.52,134.2196875,150.30565648496238,146.68985949248122,38655.270000000004,100867.95999999999,197013.73,27.171666666666667,44.51739583333334,65.92135416666667,193.51666666666665,4.619999999999999,511181.20999999996
2324,2024-02-13,M44,M,4,4,2153312.0,2865786.0,2865786.0,0.0,21.0,0.0,26.0,1.0,520.0,96,14.7740625,7.31,18.6,15.086666666666666,17.811770833333334,71.40114583333333,0.0,6.378020833333333,155.10177083333335,14889.77,9.432604166666666,4.774062499999999,19.057222222222222,16.359627976190474,14.708668154761906,19.697187499999995,17.70922619047619,16.474821428571428,75.94555555555554,75.6334375,75.07689732142856,0.43000000000000005,0.43000000000000005,0.52,134.2196875,150.30565648496238,146.68985949248122,38655.270000000004,100867.95999999999,197013.73,27.171666666666667,44.51739583333334,65.92135416666667,193.51666666666665,4.619999999999999,511181.20999999996
2324,2024-02-13,M45,M,4,5,2731286.0,3584897.0,3584897.0,4.0,56.0,1.0,17.0,12.0,229.0,96,14.7740625,7.31,18.6,15.086666666666666,17.811770833333334,71.40114583333333,0.0,6.378020833333333,155.10177083333335,14889.77,9.432604166666666,4.774062499999999,19.057222222222222,16.359627976190474,14.708668154761906,19.697187499999995,17.70922619047619,16.474821428571428,75.94555555555554,75.6334375,75.07689732142856,0.43000000000000005,0.43000000000000005,0.52,134.2196875,150.30565648496238,146.68985949248122,38655.270000000004,100867.95999999999,197013.73,27.171666666666667,44.51739583333334,65.92135416666667,193.51666666666665,4.619999999999999,511181.20999999996
2324,2024-02-13,M51,M,5,1,2524552.0,3289145.0,3289145.0,6.0,110.0,2.0,10.0,11.0,750.0,96,14.7740625,7.31,18.6,15.086666666666666,17.811770833333334,71.40114583333333,0.0,6.378020833333333,155.10177083333335,14889.77,9.432604166666666,4.774062499999999,19.057222222222222,16.359627976190474,14.708668154761906,19.697187499999995,17.70922619047619,16.474821428571428,75.94555555555554,75.6334375,75.07689732142856,0.43000000000000005,0.43000000000000005,0.52,134.2196875,150.30565648496238,146.68985949248122,38655.270000000004,100867.95999999999,197013.73,27.171666666666667,44.51739583333334,65.92135416666667,193.51666666666665,4.619999999999999,511181.20999999996
2324,2024-02-13,M52,M,5,2,2454691.0,3189928.0,3189928.0,4.0,70.0,3.0,25.0,15.0,734.0,96,14.7740625,7.31,18.6,15.086666666666666,17.811770833333334,71.40114583333333,0.0,6.378020833333333,155.10177083333335,14889.77,9.432604166666666,4.774062499999999,19.057222222222222,16.359627976190474,14.708668154761906,19.697187499999995,17.70922619047619,16.474821428571428,75.94555555555554,75.6334375,75.07689732142856,0.43000000000000005,0.43000000000000005,0.52,134.2196875,150.30565648496238,146.68985949248122,38655.270000000004,100867.95999999999,197013.73,27.171666666666667,44.51739583333334,65.92135416666667,193.51666666666665,4.619999999999999,511181.20999999996
2324,2024-02-13,M53,M,5,3,1987723.0,2623681.0,2623681.0,3.0,47.0,4.0,25.0,6.0,594.0,96,14.7740625,7.31,18.6,15.086666666666666,17.811770833333334,71.40114583333333,0.0,6.378020833333333,155.10177083333335,14889.77,9.432604166666666,4.774062499999999,19.057222222222222,16.359627976190474,14.708668154761906,19.697187499999995,17.70922619047619,16.474821428571428,75.94555555555554,75.6334375,75.07689732142856,0.43000000000000005,0.43000000000000005,0.52,134.2196875,150.30565648496238,146.68985949248122,38655.270000000004,100867.95999999999,197013.73,27.171666666666667,44.51739583333334,65.92135416666667,193.51666666666665,4.619999999999999,511181.20999999996
2324,2024-02-13,M54,M,5,4,1967084.0,2605133.0,2605133.0,6.0,71.0,2.0,17.0,17.0,325.0,96,14.7740625,7.31,18.6,15.086666666666666,17.811770833333334,71.40114583333333,0.0,6.378020833333333,155.10177083333335,14889.77,9.432604166666666,4.774062499999999,19.057222222222222,16.359627976190474,14.708668154761906,19.697187499999995,17.70922619047619,16.474821428571428,75.94555555555554,75.6334375,75.07689732142856,0.43000000000000005,0.43000000000000005,0.52,134.2196875,150.30565648496238,146.68985949248122,38655.270000000004,100867.95999999999,197013.73,27.171666666666667,44.51739583333334,65.92135416666667,193.51666666666665,4.619999999999999,511181.20999999996
2324,2024-02-13,M55,M,5,5,2553101.0,3277202.0,3277202.0,4.0,51.0,1.0,19.0,8.0,622.0,96,14.7740625,7.31,18.6,15.086666666666666,17.811770833333334,71.40114583333333,0.0,6.378020833333333,155.10177083333335,14889.77,9.432604166666666,4.774062499999999,19.057222222222222,16.359627976190474,14.708668154761906,19.697187499999995,17.70922619047619,16.474821428571428,75.94555555555554,75.6334375,75.07689732142856,0.43000000000000005,0.43000000000000005,0.52,134.2196875,150.30565648496238,146.68985949248122,38655.270000000004,100867.95999999999,197013.73,27.171666666666667,44.51739583333334,65.92135416666667,193.51666666666665,4.619999999999999,511181.20999999996
2324,2024-02-20,B11,B,1,1,1301226.0,1574215.0,1574215.0,7.0,23.0,2.0,10.0,5.0,143.0,96,10.565729166666666,1.1,21.25,10.805833333333332,13.518125,64.6725,0.0,2.3884374999999998,210.61,20218.56,2.3240624999999997,0.5657291666666655,11.053576388888887,12.920684523809525,14.64015625,13.979131944444442,15.29784226190476,16.503534226190474,77.66104166666666,77.97973214285715,76.80658482142857,1.25,1.96,2.39,145.33520833333333,126.33980654761906,138.32273151629073,41856.54000000001,84900.35,185768.31,3.1607291666666644,20.444791666666664,64.9621875,213.9614583333333,6.579999999999999,596081.56
2324,2024-02-20,B12,B,1,2,1383141.0,1820530.0,1820530.0,6.0,26.0,4.0,15.0,8.0,169.0,96,10.565729166666666,1.1,21.25,10.805833333333332,13.518125,64.6725,0.0,2.3884374999999998,210.61,20218.56,2.3240624999999997,0.5657291666666655,11.053576388888887,12.920684523809525,14.64015625,13.979131944444442,15.29784226190476,16.503534226190474,77.66104166666666,77.97973214285715,76.80658482142857,1.25,1.96,2.39,145.33520833333333,126.33980654761906,138.32273151629073,41856.54000000001,84900.35,185768.31,3.1607291666666644,20.444791666666664,64.9621875,213.9614583333333,6.579999999999999,596081.56
2324,2024-02-20,B13,B,1,3,1405416.0,1759875.0,1759875.0,1.0,29.0,6.0,11.0,11.0,199.0,96,10.565729166666666,1.1,21.25,10.805833333333332,13.518125,64.6725,0.0,2.3884374999999998,210.61,20218.56,2.3240624999999997,0.5657291666666655,11.053576388888887,12.920684523809525,14.64015625,13.979131944444442,15.29784226190476,16.503534226190474,77.66104166666666,77.97973214285715,76.80658482142857,1.25,1.96,2.39,145.33520833333333,126.33980654761906,138.32273151629073,41856.54000000001,84900.35,185768.31,3.1607291666666644,20.444791666666664,64.9621875,213.9614583333333,6.579999999999999,596081.56
2324,2024-02-20,B14,B,1,4,1571661.0,2028573.0,2028573.0,3.0,46.0,0.0,7.0,19.0,100.0,96,10.565729166666666,1.1,21.25,10.805833333333332,13.518125,64.6725,0.0,2.3884374999999998,210.61,20218.56,2.3240624999999997,0.5657291666666655,11.053576388888887,12.920684523809525,14.64015625,13.979131944444442,15.29784226190476,16.503534226190474,77.66104166666666,77.97973214285715,76.80658482142857,1.25,1.96,2.39,145.33520833333333,126.33980654761906,138.32273151629073,41856.54000000001,84900.35,185768.31,3.1607291666666644,20.444791666666664,64.9621875,213.9614583333333,6.579999999999999,596081.56
2324,2024-02-20,B15,B,1,5,1751014.0,2007253.0,2007253.0,13.0,34.0,2.0,12.0,8.0,67.0,96,10.565729166666666,1.1,21.25,10.805833333333332,13.518125,64.6725,0.0,2.3884374999999998,210.61,20218.56,2.3240624999999997,0.5657291666666655,11.053576388888887,12.920684523809525,14.64015625,13.979131944444442,15.29784226190476,16.503534226190474,77.66104166666666,77.97973214285715,76.80658482142857,1.25,1.96,2.39,145.33520833333333,126.33980654761906,138.32273151629073,41856.54000000001,84900.35,185768.31,3.1607291666666644,20.444791666666664,64.9621875,213.9614583333333,6.579999999999999,596081.56
2324,2024-02-20,B21,B,2,1,1561167.0,2038181.0,2038181.0,3.0,44.0,1.0,10.0,9.0,144.0,96,10.565729166666666,1.1,21.25,10.805833333333332,13.518125,64.6725,0.0,2.3884374999999998,210.61,20218.56,2.3240624999999997,0.5657291666666655,11.053576388888887,12.920684523809525,14.64015625,13.979131944444442,15.29784226190476,16.503534226190474,77.66104166666666,77.97973214285715,76.80658482142857,1.25,1.96,2.39,145.33520833333333,126.33980654761906,138.32273151629073,41856.54000000001,84900.35,185768.31,3.1607291666666644,20.444791666666664,64.9621875,213.9614583333333,6.579999999999999,596081.56
2324,2024-02-20,B22,B,2,2,2177713.0,2963776.0,2963776.0,8.0,23.0,3.0,22.0,11.0,264.0,96,10.565729166666666,1.1,21.25,10.805833333333332,13.518125,64.6725,0.0,2.3884374999999998,210.61,20218.56,2.3240624999999997,0.5657291666666655,11.053576388888887,12.920684523809525,14.64015625,13.979131944444442,15.29784226190476,16.503534226190474,77.66104166666666,77.97973214285715,76.80658482142857,1.25,1.96,2.39,145.33520833333333,126.33980654761906,138.32273151629073,41856.54000000001,84900.35,185768.31,3.1607291666666644,20.444791666666664,64.9621875,213.9614583333333,6.579999999999999,596081.56
2324,2024-02-20,B23,B,2,3,1453428.0,1964901.0,1964901.0,4.0,40.0,0.0,25.0,11.0,279.0,96,10.565729166666666,1.1,21.25,10.805833333333332,13.518125,64.6725,0.0,2.3884374999999998,210.61,20218.56,2.3240624999999997,0.5657291666666655,11.053576388888887,12.920684523809525,14.64015625,13.979131944444442,15.29784226190476,16.503534226190474,77.66104166666666,77.97973214285715,76.80658482142857,1.25,1.96,2.39,145.33520833333333,126.33980654761906,138.32273151629073,41856.54000000001,84900.35,185768.31,3.1607291666666644,20.444791666666664,64.9621875,213.9614583333333,6.579999999999999,596081.56
2324,2024-02-20,B24,B,2,4,1867007.0,2582304.0,2582304.0,3.0,34.0,8.0,24.0,13.0,398.0,96,10.565729166666666,1.1,21.25,10.805833333333332,13.518125,64.6725,0.0,2.3884374999999998,210.61,20218.56,2.3240624999999997,0.5657291666666655,11.053576388888887,12.920684523809525,14.64015625,13.979131944444442,15.29784226190476,16.503534226190474,77.66104166666666,77.97973214285715,76.80658482142857,1.25,1.96,2.39,145.33520833333333,126.33980654761906,138.32273151629073,41856.54000000001,84900.35,185768.31,3.1607291666666644,20.444791666666664,64.9621875,213.9614583333333,6.579999999999999,596081.56
2324,2024-02-20,B25,B,2,5,2408139.0,3462813.0,3462813.0,3.0,48.0,4.0,16.0,16.0,266.0,96,10.565729166666666,1.1,21.25,10.805833333333332,13.518125,64.6725,0.0,2.3884374999999998,210.61,20218.56,2.3240624999999997,0.5657291666666655,11.053576388888887,12.920684523809525,14.64015625,13.979131944444442,15.29784226190476,16.503534226190474,77.66104166666666,77.97973214285715,76.80658482142857,1.25,1.96,2.39,145.33520833333333,126.33980654761906,138.32273151629073,41856.54000000001,84900.35,185768.31,3.1607291666666644,20.444791666666664,64.9621875,213.9614583333333,6.579999999999999,596081.56
2324,2024-02-20,B41,B,4,1,1326328.0,1451214.0,1451214.0,6.0,18.0,4.0,12.0,7.0,256.0,96,10.565729166666666,1.1,21.25,10.805833333333332,13.518125,64.6725,0.0,2.3884374999999998,210.61,20218.56,2.3240624999999997,0.5657291666666655,11.053576388888887,12.920684523809525,14.64015625,13.979131944444442,15.29784226190476,16.503534226190474,77.66104166666666,77.97973214285715,76.80658482142857,1.25,1.96,2.39,145.33520833333333,126.33980654761906,138.32273151629073,41856.54000000001,84900.35,185768.31,3.1607291666666644,20.444791666666664,64.9621875,213.9614583333333,6.579999999999999,596081.56
2324,2024-02-20,B42,B,4,2,1654635.0,1978619.0,1978619.0,17.0,39.0,4.0,18.0,15.0,356.0,96,10.565729166666666,1.1,21.25,10.805833333333332,13.518125,64.6725,0.0,2.3884374999999998,210.61,20218.56,2.3240624999999997,0.5657291666666655,11.053576388888887,12.920684523809525,14.64015625,13.979131944444442,15.29784226190476,16.503534226190474,77.66104166666666,77.97973214285715,76.80658482142857,1.25,1.96,2.39,145.33520833333333,126.33980654761906,138.32273151629073,41856.54000000001,84900.35,185768.31,3.1607291666666644,20.444791666666664,64.9621875,213.9614583333333,6.579999999999999,596081.56
2324,2024-02-20,B43,B,4,3,1670250.0,1999876.0,1999876.0,13.0,18.0,1.0,8.0,7.0,318.0,96,10.565729166666666,1.1,21.25,10.805833333333332,13.518125,64.6725,0.0,2.3884374999999998,210.61,20218.56,2.3240624999999997,0.5657291666666655,11.053576388888887,12.920684523809525,14.64015625,13.979131944444442,15.29784226190476,16.503534226190474,77.66104166666666,77.97973214285715,76.80658482142857,1.25,1.96,2.39,145.33520833333333,126.33980654761906,138.32273151629073,41856.54000000001,84900.35,185768.31,3.1607291666666644,20.444791666666664,64.9621875,213.9614583333333,6.579999999999999,596081.56
2324,2024-02-20,B44,B,4,4,1794078.0,2125372.0,2125372.0,16.0,20.0,3.0,16.0,9.0,507.0,96,10.565729166666666,1.1,21.25,10.805833333333332,13.518125,64.6725,0.0,2.3884374999999998,210.61,20218.56,2.3240624999999997,0.5657291666666655,11.053576388888887,12.920684523809525,14.64015625,13.979131944444442,15.29784226190476,16.503534226190474,77.66104166666666,77.97973214285715,76.80658482142857,1.25,1.96,2.39,145.33520833333333,126.33980654761906,138.32273151629073,41856.54000000001,84900.35,185768.31,3.1607291666666644,20.444791666666664,64.9621875,213.9614583333333,6.579999999999999,596081.56
2324,2024-02-20,B45,B,4,5,2853549.0,3368194.0,3368194.0,20.0,29.0,9.0,20.0,13.0,258.0,96,10.565729166666666,1.1,21.25,10.805833333333332,13.518125,64.6725,0.0,2.3884374999999998,210.61,20218.56,2.3240624999999997,0.5657291666666655,11.053576388888887,12.920684523809525,14.64015625,13.979131944444442,15.29784226190476,16.503534226190474,77.66104166666666,77.97973214285715,76.80658482142857,1.25,1.96,2.39,145.33520833333333,126.33980654761906,138.32273151629073,41856.54000000001,84900.35,185768.31,3.1607291666666644,20.444791666666664,64.9621875,213.9614583333333,6.579999999999999,596081.56
2324,2024-02-20,B51,B,5,1,1492638.0,2039540.0,2039540.0,1.0,31.0,5.0,22.0,13.0,424.0,96,10.565729166666666,1.1,21.25,10.805833333333332,13.518125,64.6725,0.0,2.3884374999999998,210.61,20218.56,2.3240624999999997,0.5657291666666655,11.053576388888887,12.920684523809525,14.64015625,13.979131944444442,15.29784226190476,16.503534226190474,77.66104166666666,77.97973214285715,76.80658482142857,1.25,1.96,2.39,145.33520833333333,126.33980654761906,138.32273151629073,41856.54000000001,84900.35,185768.31,3.1607291666666644,20.444791666666664,64.9621875,213.9614583333333,6.579999999999999,596081.56
2324,2024-02-20,B52,B,5,2,2141931.0,2885186.0,2885186.0,10.0,21.0,4.0,15.0,3.0,407.0,96,10.565729166666666,1.1,21.25,10.805833333333332,13.518125,64.6725,0.0,2.3884374999999998,210.61,20218.56,2.3240624999999997,0.5657291666666655,11.053576388888887,12.920684523809525,14.64015625,13.979131944444442,15.29784226190476,16.503534226190474,77.66104166666666,77.97973214285715,76.80658482142857,1.25,1.96,2.39,145.33520833333333,126.33980654761906,138.32273151629073,41856.54000000001,84900.35,185768.31,3.1607291666666644,20.444791666666664,64.9621875,213.9614583333333,6.579999999999999,596081.56
2324,2024-02-20,B53,B,5,3,1583519.0,2160728.0,2160728.0,1.0,23.0,1.0,7.0,6.0,166.0,96,10.565729166666666,1.1,21.25,10.805833333333332,13.518125,64.6725,0.0,2.3884374999999998,210.61,20218.56,2.3240624999999997,0.5657291666666655,11.053576388888887,12.920684523809525,14.64015625,13.979131944444442,15.29784226190476,16.503534226190474,77.66104166666666,77.97973214285715,76.80658482142857,1.25,1.96,2.39,145.33520833333333,126.33980654761906,138.32273151629073,41856.54000000001,84900.35,185768.31,3.1607291666666644,20.444791666666664,64.9621875,213.9614583333333,6.579999999999999,596081.56
2324,2024-02-20,B54,B,5,4,1711563.0,2385060.0,2385060.0,5.0,39.0,3.0,22.0,18.0,473.0,96,10.565729166666666,1.1,21.25,10.805833333333332,13.518125,64.6725,0.0,2.3884374999999998,210.61,20218.56,2.3240624999999997,0.5657291666666655,11.053576388888887,12.920684523809525,14.64015625,13.979131944444442,15.29784226190476,16.503534226190474,77.66104166666666,77.97973214285715,76.80658482142857,1.25,1.96,2.39,145.33520833333333,126.33980654761906,138.32273151629073,41856.54000000001,84900.35,185768.31,3.1607291666666644,20.444791666666664,64.9621875,213.9614583333333,6.579999999999999,596081.56
2324,2024-02-20,B55,B,5,5,1792085.0,2394735.0,2394735.0,1.0,47.0,3.0,23.0,8.0,289.0,96,10.565729166666666,1.1,21.25,10.805833333333332,13.518125,64.6725,0.0,2.3884374999999998,210.61,20218.56,2.3240624999999997,0.5657291666666655,11.053576388888887,12.920684523809525,14.64015625,13.979131944444442,15.29784226190476,16.503534226190474,77.66104166666666,77.97973214285715,76.80658482142857,1.25,1.96,2.39,145.33520833333333,126.33980654761906,138.32273151629073,41856.54000000001,84900.35,185768.31,3.1607291666666644,20.444791666666664,64.9621875,213.9614583333333,6.579999999999999,596081.56
2324,2024-02-20,M11,M,1,1,1151588.0,1260309.0,1260309.0,2.0,33.0,0.0,2.0,1.0,84.0,96,10.565729166666666,1.1,21.25,10.805833333333332,13.518125,64.6725,0.0,2.3884374999999998,210.61,20218.56,2.3240624999999997,0.5657291666666655,11.053576388888887,12.920684523809525,14.64015625,13.979131944444442,15.29784226190476,16.503534226190474,77.66104166666666,77.97973214285715,76.80658482142857,1.25,1.96,2.39,145.33520833333333,126.33980654761906,138.32273151629073,41856.54000000001,84900.35,185768.31,3.1607291666666644,20.444791666666664,64.9621875,213.9614583333333,6.579999999999999,596081.56
2324,2024-02-20,M12,M,1,2,2066717.0,2372836.0,2372836.0,6.0,18.0,5.0,13.0,0.0,479.0,96,10.565729166666666,1.1,21.25,10.805833333333332,13.518125,64.6725,0.0,2.3884374999999998,210.61,20218.56,2.3240624999999997,0.5657291666666655,11.053576388888887,12.920684523809525,14.64015625,13.979131944444442,15.29784226190476,16.503534226190474,77.66104166666666,77.97973214285715,76.80658482142857,1.25,1.96,2.39,145.33520833333333,126.33980654761906,138.32273151629073,41856.54000000001,84900.35,185768.31,3.1607291666666644,20.444791666666664,64.9621875,213.9614583333333,6.579999999999999,596081.56
2324,2024-02-20,M13,M,1,3,1282571.0,1483418.0,1483418.0,5.0,21.0,3.0,11.0,2.0,341.0,96,10.565729166666666,1.1,21.25,10.805833333333332,13.518125,64.6725,0.0,2.3884374999999998,210.61,20218.56,2.3240624999999997,0.5657291666666655,11.053576388888887,12.920684523809525,14.64015625,13.979131944444442,15.29784226190476,16.503534226190474,77.66104166666666,77.97973214285715,76.80658482142857,1.25,1.96,2.39,145.33520833333333,126.33980654761906,138.32273151629073,41856.54000000001,84900.35,185768.31,3.1607291666666644,20.444791666666664,64.9621875,213.9614583333333,6.579999999999999,596081.56
2324,2024-02-20,M14,M,1,4,1619588.0,1898060.0,1898060.0,6.0,17.0,1.0,3.0,7.0,421.0,96,10.565729166666666,1.1,21.25,10.805833333333332,13.518125,64.6725,0.0,2.3884374999999998,210.61,20218.56,2.3240624999999997,0.5657291666666655,11.053576388888887,12.920684523809525,14.64015625,13.979131944444442,15.29784226190476,16.503534226190474,77.66104166666666,77.97973214285715,76.80658482142857,1.25,1.96,2.39,145.33520833333333,126.33980654761906,138.32273151629073,41856.54000000001,84900.35,185768.31,3.1607291666666644,20.444791666666664,64.9621875,213.9614583333333,6.579999999999999,596081.56
2324,2024-02-20,M15,M,1,5,2682084.0,3169485.0,3169485.0,4.0,26.0,2.0,9.0,5.0,445.0,96,10.565729166666666,1.1,21.25,10.805833333333332,13.518125,64.6725,0.0,2.3884374999999998,210.61,20218.56,2.3240624999999997,0.5657291666666655,11.053576388888887,12.920684523809525,14.64015625,13.979131944444442,15.29784226190476,16.503534226190474,77.66104166666666,77.97973214285715,76.80658482142857,1.25,1.96,2.39,145.33520833333333,126.33980654761906,138.32273151629073,41856.54000000001,84900.35,185768.31,3.1607291666666644,20.444791666666664,64.9621875,213.9614583333333,6.579999999999999,596081.56
2324,2024-02-20,M21,M,2,1,1490193.0,1852604.0,1852604.0,0.0,39.0,1.0,8.0,6.0,77.0,96,10.565729166666666,1.1,21.25,10.805833333333332,13.518125,64.6725,0.0,2.3884374999999998,210.61,20218.56,2.3240624999999997,0.5657291666666655,11.053576388888887,12.920684523809525,14.64015625,13.979131944444442,15.29784226190476,16.503534226190474,77.66104166666666,77.97973214285715,76.80658482142857,1.25,1.96,2.39,145.33520833333333,126.33980654761906,138.32273151629073,41856.54000000001,84900.35,185768.31,3.1607291666666644,20.444791666666664,64.9621875,213.9614583333333,6.579999999999999,596081.56
2324,2024-02-20,M22,M,2,2,1605358.0,2062198.0,2062198.0,0.0,27.0,2.0,13.0,7.0,517.0,96,10.565729166666666,1.1,21.25,10.805833333333332,13.518125,64.6725,0.0,2.3884374999999998,210.61,20218.56,2.3240624999999997,0.5657291666666655,11.053576388888887,12.920684523809525,14.64015625,13.979131944444442,15.29784226190476,16.503534226190474,77.66104166666666,77.97973214285715,76.80658482142857,1.25,1.96,2.39,145.33520833333333,126.33980654761906,138.32273151629073,41856.54000000001,84900.35,185768.31,3.1607291666666644,20.444791666666664,64.9621875,213.9614583333333,6.579999999999999,596081.56
2324,2024-02-20,M23,M,2,3,1434420.0,1809608.0,1809608.0,1.0,49.0,1.0,6.0,10.0,106.0,96,10.565729166666666,1.1,21.25,10.805833333333332,13.518125,64.6725,0.0,2.3884374999999998,210.61,20218.56,2.3240624999999997,0.5657291666666655,11.053576388888887,12.920684523809525,14.64015625,13.979131944444442,15.29784226190476,16.503534226190474,77.66104166666666,77.97973214285715,76.80658482142857,1.25,1.96,2.39,145.33520833333333,126.33980654761906,138.32273151629073,41856.54000000001,84900.35,185768.31,3.1607291666666644,20.444791666666664,64.9621875,213.9614583333333,6.579999999999999,596081.56
2324,2024-02-20,M24,M,2,4,1216883.0,1518132.0,1518132.0,0.0,23.0,0.0,5.0,2.0,192.0,96,10.565729166666666,1.1,21.25,10.805833333333332,13.518125,64.6725,0.0,2.3884374999999998,210.61,20218.56,2.3240624999999997,0.5657291666666655,11.053576388888887,12.920684523809525,14.64015625,13.979131944444442,15.29784226190476,16.503534226190474,77.66104166666666,77.97973214285715,76.80658482142857,1.25,1.96,2.39,145.33520833333333,126.33980654761906,138.32273151629073,41856.54000000001,84900.35,185768.31,3.1607291666666644,20.444791666666664,64.9621875,213.9614583333333,6.579999999999999,596081.56
2324,2024-02-20,M25,M,2,5,1440549.0,1792956.0,1792956.0,0.0,27.0,0.0,8.0,3.0,194.0,96,10.565729166666666,1.1,21.25,10.805833333333332,13.518125,64.6725,0.0,2.3884374999999998,210.61,20218.56,2.3240624999999997,0.5657291666666655,11.053576388888887,12.920684523809525,14.64015625,13.979131944444442,15.29784226190476,16.503534226190474,77.66104166666666,77.97973214285715,76.80658482142857,1.25,1.96,2.39,145.33520833333333,126.33980654761906,138.32273151629073,41856.54000000001,84900.35,185768.31,3.1607291666666644,20.444791666666664,64.9621875,213.9614583333333,6.579999999999999,596081.56
2324,2024-02-20,M41,M,4,1,2209413.0,2575909.0,2575909.0,12.0,49.0,2.0,8.0,10.0,232.0,96,10.565729166666666,1.1,21.25,10.805833333333332,13.518125,64.6725,0.0,2.3884374999999998,210.61,20218.56,2.3240624999999997,0.5657291666666655,11.053576388888887,12.920684523809525,14.64015625,13.979131944444442,15.29784226190476,16.503534226190474,77.66104166666666,77.97973214285715,76.80658482142857,1.25,1.96,2.39,145.33520833333333,126.33980654761906,138.32273151629073,41856.54000000001,84900.35,185768.31,3.1607291666666644,20.444791666666664,64.9621875,213.9614583333333,6.579999999999999,596081.56
2324,2024-02-20,M42,M,4,2,1848193.0,2089726.0,2089726.0,4.0,41.0,1.0,7.0,7.0,451.0,96,10.565729166666666,1.1,21.25,10.805833333333332,13.518125,64.6725,0.0,2.3884374999999998,210.61,20218.56,2.3240624999999997,0.5657291666666655,11.053576388888887,12.920684523809525,14.64015625,13.979131944444442,15.29784226190476,16.503534226190474,77.66104166666666,77.97973214285715,76.80658482142857,1.25,1.96,2.39,145.33520833333333,126.33980654761906,138.32273151629073,41856.54000000001,84900.35,185768.31,3.1607291666666644,20.444791666666664,64.9621875,213.9614583333333,6.579999999999999,596081.56
2324,2024-02-20,M43,M,4,3,1694807.0,1921773.0,1921773.0,2.0,49.0,2.0,18.0,12.0,394.0,96,10.565729166666666,1.1,21.25,10.805833333333332,13.518125,64.6725,0.0,2.3884374999999998,210.61,20218.56,2.3240624999999997,0.5657291666666655,11.053576388888887,12.920684523809525,14.64015625,13.979131944444442,15.29784226190476,16.503534226190474,77.66104166666666,77.97973214285715,76.80658482142857,1.25,1.96,2.39,145.33520833333333,126.33980654761906,138.32273151629073,41856.54000000001,84900.35,185768.31,3.1607291666666644,20.444791666666664,64.9621875,213.9614583333333,6.579999999999999,596081.56
2324,2024-02-20,M44,M,4,4,2042917.0,2402457.0,2402457.0,3.0,29.0,0.0,7.0,5.0,297.0,96,10.565729166666666,1.1,21.25,10.805833333333332,13.518125,64.6725,0.0,2.3884374999999998,210.61,20218.56,2.3240624999999997,0.5657291666666655,11.053576388888887,12.920684523809525,14.64015625,13.979131944444442,15.29784226190476,16.503534226190474,77.66104166666666,77.97973214285715,76.80658482142857,1.25,1.96,2.39,145.33520833333333,126.33980654761906,138.32273151629073,41856.54000000001,84900.35,185768.31,3.1607291666666644,20.444791666666664,64.9621875,213.9614583333333,6.579999999999999,596081.56
2324,2024-02-20,M45,M,4,5,,,,,,,,,417.0,96,10.565729166666666,1.1,21.25,10.805833333333332,13.518125,64.6725,0.0,2.3884374999999998,210.61,20218.56,2.3240624999999997,0.5657291666666655,11.053576388888887,12.920684523809525,14.64015625,13.979131944444442,15.29784226190476,16.503534226190474,77.66104166666666,77.97973214285715,76.80658482142857,1.25,1.96,2.39,145.33520833333333,126.33980654761906,138.32273151629073,41856.54000000001,84900.35,185768.31,3.1607291666666644,20.444791666666664,64.9621875,213.9614583333333,6.579999999999999,596081.56
2324,2024-02-20,M51,M,5,1,1837661.0,2303186.0,2303186.0,0.0,88.0,1.0,10.0,15.0,278.0,96,10.565729166666666,1.1,21.25,10.805833333333332,13.518125,64.6725,0.0,2.3884374999999998,210.61,20218.56,2.3240624999999997,0.5657291666666655,11.053576388888887,12.920684523809525,14.64015625,13.979131944444442,15.29784226190476,16.503534226190474,77.66104166666666,77.97973214285715,76.80658482142857,1.25,1.96,2.39,145.33520833333333,126.33980654761906,138.32273151629073,41856.54000000001,84900.35,185768.31,3.1607291666666644,20.444791666666664,64.9621875,213.9614583333333,6.579999999999999,596081.56
2324,2024-02-20,M52,M,5,2,2111028.0,2745716.0,2745716.0,5.0,67.0,2.0,5.0,11.0,305.0,96,10.565729166666666,1.1,21.25,10.805833333333332,13.518125,64.6725,0.0,2.3884374999999998,210.61,20218.56,2.3240624999999997,0.5657291666666655,11.053576388888887,12.920684523809525,14.64015625,13.979131944444442,15.29784226190476,16.503534226190474,77.66104166666666,77.97973214285715,76.80658482142857,1.25,1.96,2.39,145.33520833333333,126.33980654761906,138.32273151629073,41856.54000000001,84900.35,185768.31,3.1607291666666644,20.444791666666664,64.9621875,213.9614583333333,6.579999999999999,596081.56
2324,2024-02-20,M53,M,5,3,3287658.0,4210924.0,4210924.0,3.0,76.0,3.0,14.0,21.0,340.0,96,10.565729166666666,1.1,21.25,10.805833333333332,13.518125,64.6725,0.0,2.3884374999999998,210.61,20218.56,2.3240624999999997,0.5657291666666655,11.053576388888887,12.920684523809525,14.64015625,13.979131944444442,15.29784226190476,16.503534226190474,77.66104166666666,77.97973214285715,76.80658482142857,1.25,1.96,2.39,145.33520833333333,126.33980654761906,138.32273151629073,41856.54000000001,84900.35,185768.31,3.1607291666666644,20.444791666666664,64.9621875,213.9614583333333,6.579999999999999,596081.56
2324,2024-02-20,M54,M,5,4,1905805.0,2432382.0,2432382.0,5.0,87.0,2.0,8.0,17.0,156.0,96,10.565729166666666,1.1,21.25,10.805833333333332,13.518125,64.6725,0.0,2.3884374999999998,210.61,20218.56,2.3240624999999997,0.5657291666666655,11.053576388888887,12.920684523809525,14.64015625,13.979131944444442,15.29784226190476,16.503534226190474,77.66104166666666,77.97973214285715,76.80658482142857,1.25,1.96,2.39,145.33520833333333,126.33980654761906,138.32273151629073,41856.54000000001,84900.35,185768.31,3.1607291666666644,20.444791666666664,64.9621875,213.9614583333333,6.579999999999999,596081.56
2324,2024-02-20,M55,M,5,5,1812272.0,2126088.0,2126088.0,0.0,35.0,0.0,6.0,10.0,303.0,96,10.565729166666666,1.1,21.25,10.805833333333332,13.518125,64.6725,0.0,2.3884374999999998,210.61,20218.56,2.3240624999999997,0.5657291666666655,11.053576388888887,12.920684523809525,14.64015625,13.979131944444442,15.29784226190476,16.503534226190474,77.66104166666666,77.97973214285715,76.80658482142857,1.25,1.96,2.39,145.33520833333333,126.33980654761906,138.32273151629073,41856.54000000001,84900.35,185768.31,3.1607291666666644,20.444791666666664,64.9621875,213.9614583333333,6.579999999999999,596081.56
2324,2024-02-27,B11,B,1,1,1117411.0,1234958.0,1234958.0,6.0,26.0,2.0,14.0,9.0,128.0,96,15.918020833333335,5.97,25.95,16.0459375,17.839791666666667,71.44239583333334,0.0,4.804895833333333,211.05989583333334,20261.75,9.81375,5.918020833333335,14.669791666666669,14.049583333333333,13.485133928571427,16.733263888888885,15.802559523809524,15.550200892857143,65.21548611111112,65.81476190476191,71.89724702380953,0.0,0.18999999999999978,2.15,215.73944444444444,198.0160119047619,162.17790922619048,62132.96000000001,133066.76,217967.11000000002,14.009375000000002,28.347083333333337,48.791875,242.30854166666663,6.77,729148.32
2324,2024-02-27,B12,B,1,2,1619015.0,1820198.0,1820198.0,14.0,31.0,4.0,23.0,11.0,402.0,96,15.918020833333335,5.97,25.95,16.0459375,17.839791666666667,71.44239583333334,0.0,4.804895833333333,211.05989583333334,20261.75,9.81375,5.918020833333335,14.669791666666669,14.049583333333333,13.485133928571427,16.733263888888885,15.802559523809524,15.550200892857143,65.21548611111112,65.81476190476191,71.89724702380953,0.0,0.18999999999999978,2.15,215.73944444444444,198.0160119047619,162.17790922619048,62132.96000000001,133066.76,217967.11000000002,14.009375000000002,28.347083333333337,48.791875,242.30854166666663,6.77,729148.32
2324,2024-02-27,B13,B,1,3,1312331.0,1400494.0,1400494.0,10.0,38.0,5.0,24.0,7.0,253.0,96,15.918020833333335,5.97,25.95,16.0459375,17.839791666666667,71.44239583333334,0.0,4.804895833333333,211.05989583333334,20261.75,9.81375,5.918020833333335,14.669791666666669,14.049583333333333,13.485133928571427,16.733263888888885,15.802559523809524,15.550200892857143,65.21548611111112,65.81476190476191,71.89724702380953,0.0,0.18999999999999978,2.15,215.73944444444444,198.0160119047619,162.17790922619048,62132.96000000001,133066.76,217967.11000000002,14.009375000000002,28.347083333333337,48.791875,242.30854166666663,6.77,729148.32
2324,2024-02-27,B14,B,1,4,1289002.0,1430691.0,1430691.0,9.0,41.0,4.0,32.0,6.0,359.0,96,15.918020833333335,5.97,25.95,16.0459375,17.839791666666667,71.44239583333334,0.0,4.804895833333333,211.05989583333334,20261.75,9.81375,5.918020833333335,14.669791666666669,14.049583333333333,13.485133928571427,16.733263888888885,15.802559523809524,15.550200892857143,65.21548611111112,65.81476190476191,71.89724702380953,0.0,0.18999999999999978,2.15,215.73944444444444,198.0160119047619,162.17790922619048,62132.96000000001,133066.76,217967.11000000002,14.009375000000002,28.347083333333337,48.791875,242.30854166666663,6.77,729148.32
2324,2024-02-27,B15,B,1,5,1410026.0,1489303.0,1489303.0,4.0,39.0,4.0,15.0,11.0,165.0,96,15.918020833333335,5.97,25.95,16.0459375,17.839791666666667,71.44239583333334,0.0,4.804895833333333,211.05989583333334,20261.75,9.81375,5.918020833333335,14.669791666666669,14.049583333333333,13.485133928571427,16.733263888888885,15.802559523809524,15.550200892857143,65.21548611111112,65.81476190476191,71.89724702380953,0.0,0.18999999999999978,2.15,215.73944444444444,198.0160119047619,162.17790922619048,62132.96000000001,133066.76,217967.11000000002,14.009375000000002,28.347083333333337,48.791875,242.30854166666663,6.77,729148.32
2324,2024-02-27,B21,B,2,1,1118348.0,1406586.0,1406586.0,4.0,46.0,4.0,14.0,13.0,300.0,96,15.918020833333335,5.97,25.95,16.0459375,17.839791666666667,71.44239583333334,0.0,4.804895833333333,211.05989583333334,20261.75,9.81375,5.918020833333335,14.669791666666669,14.049583333333333,13.485133928571427,16.733263888888885,15.802559523809524,15.550200892857143,65.21548611111112,65.81476190476191,71.89724702380953,0.0,0.18999999999999978,2.15,215.73944444444444,198.0160119047619,162.17790922619048,62132.96000000001,133066.76,217967.11000000002,14.009375000000002,28.347083333333337,48.791875,242.30854166666663,6.77,729148.32
2324,2024-02-27,B22,B,2,2,1526140.0,2068477.0,2068477.0,0.0,12.0,0.0,10.0,0.0,430.0,96,15.918020833333335,5.97,25.95,16.0459375,17.839791666666667,71.44239583333334,0.0,4.804895833333333,211.05989583333334,20261.75,9.81375,5.918020833333335,14.669791666666669,14.049583333333333,13.485133928571427,16.733263888888885,15.802559523809524,15.550200892857143,65.21548611111112,65.81476190476191,71.89724702380953,0.0,0.18999999999999978,2.15,215.73944444444444,198.0160119047619,162.17790922619048,62132.96000000001,133066.76,217967.11000000002,14.009375000000002,28.347083333333337,48.791875,242.30854166666663,6.77,729148.32
2324,2024-02-27,B23,B,2,3,1148459.0,1544615.0,1544615.0,1.0,39.0,4.0,21.0,7.0,468.0,96,15.918020833333335,5.97,25.95,16.0459375,17.839791666666667,71.44239583333334,0.0,4.804895833333333,211.05989583333334,20261.75,9.81375,5.918020833333335,14.669791666666669,14.049583333333333,13.485133928571427,16.733263888888885,15.802559523809524,15.550200892857143,65.21548611111112,65.81476190476191,71.89724702380953,0.0,0.18999999999999978,2.15,215.73944444444444,198.0160119047619,162.17790922619048,62132.96000000001,133066.76,217967.11000000002,14.009375000000002,28.347083333333337,48.791875,242.30854166666663,6.77,729148.32
2324,2024-02-27,B24,B,2,4,1806644.0,2357032.0,2357032.0,2.0,30.0,7.0,44.0,4.0,659.0,96,15.918020833333335,5.97,25.95,16.0459375,17.839791666666667,71.44239583333334,0.0,4.804895833333333,211.05989583333334,20261.75,9.81375,5.918020833333335,14.669791666666669,14.049583333333333,13.485133928571427,16.733263888888885,15.802559523809524,15.550200892857143,65.21548611111112,65.81476190476191,71.89724702380953,0.0,0.18999999999999978,2.15,215.73944444444444,198.0160119047619,162.17790922619048,62132.96000000001,133066.76,217967.11000000002,14.009375000000002,28.347083333333337,48.791875,242.30854166666663,6.77,729148.32
2324,2024-02-27,B25,B,2,5,2020896.0,2777401.0,2777401.0,6.0,58.0,7.0,28.0,9.0,616.0,96,15.918020833333335,5.97,25.95,16.0459375,17.839791666666667,71.44239583333334,0.0,4.804895833333333,211.05989583333334,20261.75,9.81375,5.918020833333335,14.669791666666669,14.049583333333333,13.485133928571427,16.733263888888885,15.802559523809524,15.550200892857143,65.21548611111112,65.81476190476191,71.89724702380953,0.0,0.18999999999999978,2.15,215.73944444444444,198.0160119047619,162.17790922619048,62132.96000000001,133066.76,217967.11000000002,14.009375000000002,28.347083333333337,48.791875,242.30854166666663,6.77,729148.32
2324,2024-02-27,B41,B,4,1,1291962.0,1332948.0,1332948.0,11.0,18.0,1.0,23.0,5.0,673.0,96,15.918020833333335,5.97,25.95,16.0459375,17.839791666666667,71.44239583333334,0.0,4.804895833333333,211.05989583333334,20261.75,9.81375,5.918020833333335,14.669791666666669,14.049583333333333,13.485133928571427,16.733263888888885,15.802559523809524,15.550200892857143,65.21548611111112,65.81476190476191,71.89724702380953,0.0,0.18999999999999978,2.15,215.73944444444444,198.0160119047619,162.17790922619048,62132.96000000001,133066.76,217967.11000000002,14.009375000000002,28.347083333333337,48.791875,242.30854166666663,6.77,729148.32
2324,2024-02-27,B42,B,4,2,1928425.0,2137282.0,2137282.0,18.0,32.0,9.0,31.0,9.0,471.0,96,15.918020833333335,5.97,25.95,16.0459375,17.839791666666667,71.44239583333334,0.0,4.804895833333333,211.05989583333334,20261.75,9.81375,5.918020833333335,14.669791666666669,14.049583333333333,13.485133928571427,16.733263888888885,15.802559523809524,15.550200892857143,65.21548611111112,65.81476190476191,71.89724702380953,0.0,0.18999999999999978,2.15,215.73944444444444,198.0160119047619,162.17790922619048,62132.96000000001,133066.76,217967.11000000002,14.009375000000002,28.347083333333337,48.791875,242.30854166666663,6.77,729148.32
2324,2024-02-27,B43,B,4,3,1906021.0,2074641.0,2074641.0,4.0,19.0,2.0,16.0,2.0,352.0,96,15.918020833333335,5.97,25.95,16.0459375,17.839791666666667,71.44239583333334,0.0,4.804895833333333,211.05989583333334,20261.75,9.81375,5.918020833333335,14.669791666666669,14.049583333333333,13.485133928571427,16.733263888888885,15.802559523809524,15.550200892857143,65.21548611111112,65.81476190476191,71.89724702380953,0.0,0.18999999999999978,2.15,215.73944444444444,198.0160119047619,162.17790922619048,62132.96000000001,133066.76,217967.11000000002,14.009375000000002,28.347083333333337,48.791875,242.30854166666663,6.77,729148.32
2324,2024-02-27,B44,B,4,4,1796746.0,1962989.0,1962989.0,13.0,19.0,2.0,29.0,10.0,636.0,96,15.918020833333335,5.97,25.95,16.0459375,17.839791666666667,71.44239583333334,0.0,4.804895833333333,211.05989583333334,20261.75,9.81375,5.918020833333335,14.669791666666669,14.049583333333333,13.485133928571427,16.733263888888885,15.802559523809524,15.550200892857143,65.21548611111112,65.81476190476191,71.89724702380953,0.0,0.18999999999999978,2.15,215.73944444444444,198.0160119047619,162.17790922619048,62132.96000000001,133066.76,217967.11000000002,14.009375000000002,28.347083333333337,48.791875,242.30854166666663,6.77,729148.32
2324,2024-02-27,B45,B,4,5,2139222.0,2282344.0,2282344.0,14.0,27.0,4.0,24.0,3.0,275.0,96,15.918020833333335,5.97,25.95,16.0459375,17.839791666666667,71.44239583333334,0.0,4.804895833333333,211.05989583333334,20261.75,9.81375,5.918020833333335,14.669791666666669,14.049583333333333,13.485133928571427,16.733263888888885,15.802559523809524,15.550200892857143,65.21548611111112,65.81476190476191,71.89724702380953,0.0,0.18999999999999978,2.15,215.73944444444444,198.0160119047619,162.17790922619048,62132.96000000001,133066.76,217967.11000000002,14.009375000000002,28.347083333333337,48.791875,242.30854166666663,6.77,729148.32
2324,2024-02-27,B51,B,5,1,2006164.0,2611304.0,2611304.0,1.0,16.0,0.0,26.0,5.0,485.0,96,15.918020833333335,5.97,25.95,16.0459375,17.839791666666667,71.44239583333334,0.0,4.804895833333333,211.05989583333334,20261.75,9.81375,5.918020833333335,14.669791666666669,14.049583333333333,13.485133928571427,16.733263888888885,15.802559523809524,15.550200892857143,65.21548611111112,65.81476190476191,71.89724702380953,0.0,0.18999999999999978,2.15,215.73944444444444,198.0160119047619,162.17790922619048,62132.96000000001,133066.76,217967.11000000002,14.009375000000002,28.347083333333337,48.791875,242.30854166666663,6.77,729148.32
2324,2024-02-27,B52,B,5,2,1451246.0,1616676.0,1616676.0,4.0,31.0,2.0,17.0,1.0,283.0,96,15.918020833333335,5.97,25.95,16.0459375,17.839791666666667,71.44239583333334,0.0,4.804895833333333,211.05989583333334,20261.75,9.81375,5.918020833333335,14.669791666666669,14.049583333333333,13.485133928571427,16.733263888888885,15.802559523809524,15.550200892857143,65.21548611111112,65.81476190476191,71.89724702380953,0.0,0.18999999999999978,2.15,215.73944444444444,198.0160119047619,162.17790922619048,62132.96000000001,133066.76,217967.11000000002,14.009375000000002,28.347083333333337,48.791875,242.30854166666663,6.77,729148.32
2324,2024-02-27,B53,B,5,3,1480356.0,2028143.0,2028143.0,2.0,41.0,4.0,14.0,9.0,299.0,96,15.918020833333335,5.97,25.95,16.0459375,17.839791666666667,71.44239583333334,0.0,4.804895833333333,211.05989583333334,20261.75,9.81375,5.918020833333335,14.669791666666669,14.049583333333333,13.485133928571427,16.733263888888885,15.802559523809524,15.550200892857143,65.21548611111112,65.81476190476191,71.89724702380953,0.0,0.18999999999999978,2.15,215.73944444444444,198.0160119047619,162.17790922619048,62132.96000000001,133066.76,217967.11000000002,14.009375000000002,28.347083333333337,48.791875,242.30854166666663,6.77,729148.32
2324,2024-02-27,B54,B,5,4,1433175.0,1922969.0,1922969.0,3.0,36.0,0.0,33.0,11.0,490.0,96,15.918020833333335,5.97,25.95,16.0459375,17.839791666666667,71.44239583333334,0.0,4.804895833333333,211.05989583333334,20261.75,9.81375,5.918020833333335,14.669791666666669,14.049583333333333,13.485133928571427,16.733263888888885,15.802559523809524,15.550200892857143,65.21548611111112,65.81476190476191,71.89724702380953,0.0,0.18999999999999978,2.15,215.73944444444444,198.0160119047619,162.17790922619048,62132.96000000001,133066.76,217967.11000000002,14.009375000000002,28.347083333333337,48.791875,242.30854166666663,6.77,729148.32
2324,2024-02-27,B55,B,5,5,1308444.0,1704815.0,1704815.0,1.0,22.0,4.0,19.0,7.0,233.0,96,15.918020833333335,5.97,25.95,16.0459375,17.839791666666667,71.44239583333334,0.0,4.804895833333333,211.05989583333334,20261.75,9.81375,5.918020833333335,14.669791666666669,14.049583333333333,13.485133928571427,16.733263888888885,15.802559523809524,15.550200892857143,65.21548611111112,65.81476190476191,71.89724702380953,0.0,0.18999999999999978,2.15,215.73944444444444,198.0160119047619,162.17790922619048,62132.96000000001,133066.76,217967.11000000002,14.009375000000002,28.347083333333337,48.791875,242.30854166666663,6.77,729148.32
2324,2024-02-27,M11,M,1,1,567390.0,613527.0,613527.0,1.0,12.0,0.0,4.0,2.0,176.0,96,15.918020833333335,5.97,25.95,16.0459375,17.839791666666667,71.44239583333334,0.0,4.804895833333333,211.05989583333334,20261.75,9.81375,5.918020833333335,14.669791666666669,14.049583333333333,13.485133928571427,16.733263888888885,15.802559523809524,15.550200892857143,65.21548611111112,65.81476190476191,71.89724702380953,0.0,0.18999999999999978,2.15,215.73944444444444,198.0160119047619,162.17790922619048,62132.96000000001,133066.76,217967.11000000002,14.009375000000002,28.347083333333337,48.791875,242.30854166666663,6.77,729148.32
2324,2024-02-27,M12,M,1,2,1536841.0,1825671.0,1825671.0,10.0,35.0,1.0,10.0,5.0,617.0,96,15.918020833333335,5.97,25.95,16.0459375,17.839791666666667,71.44239583333334,0.0,4.804895833333333,211.05989583333334,20261.75,9.81375,5.918020833333335,14.669791666666669,14.049583333333333,13.485133928571427,16.733263888888885,15.802559523809524,15.550200892857143,65.21548611111112,65.81476190476191,71.89724702380953,0.0,0.18999999999999978,2.15,215.73944444444444,198.0160119047619,162.17790922619048,62132.96000000001,133066.76,217967.11000000002,14.009375000000002,28.347083333333337,48.791875,242.30854166666663,6.77,729148.32
2324,2024-02-27,M13,M,1,3,1858698.0,2184032.0,2184032.0,6.0,22.0,0.0,2.0,7.0,305.0,96,15.918020833333335,5.97,25.95,16.0459375,17.839791666666667,71.44239583333334,0.0,4.804895833333333,211.05989583333334,20261.75,9.81375,5.918020833333335,14.669791666666669,14.049583333333333,13.485133928571427,16.733263888888885,15.802559523809524,15.550200892857143,65.21548611111112,65.81476190476191,71.89724702380953,0.0,0.18999999999999978,2.15,215.73944444444444,198.0160119047619,162.17790922619048,62132.96000000001,133066.76,217967.11000000002,14.009375000000002,28.347083333333337,48.791875,242.30854166666663,6.77,729148.32
2324,2024-02-27,M14,M,1,4,1631926.0,1877000.0,1877000.0,3.0,17.0,1.0,8.0,14.0,566.0,96,15.918020833333335,5.97,25.95,16.0459375,17.839791666666667,71.44239583333334,0.0,4.804895833333333,211.05989583333334,20261.75,9.81375,5.918020833333335,14.669791666666669,14.049583333333333,13.485133928571427,16.733263888888885,15.802559523809524,15.550200892857143,65.21548611111112,65.81476190476191,71.89724702380953,0.0,0.18999999999999978,2.15,215.73944444444444,198.0160119047619,162.17790922619048,62132.96000000001,133066.76,217967.11000000002,14.009375000000002,28.347083333333337,48.791875,242.30854166666663,6.77,729148.32
2324,2024-02-27,M15,M,1,5,2221837.0,2686361.0,2686361.0,6.0,28.0,0.0,13.0,16.0,502.0,96,15.918020833333335,5.97,25.95,16.0459375,17.839791666666667,71.44239583333334,0.0,4.804895833333333,211.05989583333334,20261.75,9.81375,5.918020833333335,14.669791666666669,14.049583333333333,13.485133928571427,16.733263888888885,15.802559523809524,15.550200892857143,65.21548611111112,65.81476190476191,71.89724702380953,0.0,0.18999999999999978,2.15,215.73944444444444,198.0160119047619,162.17790922619048,62132.96000000001,133066.76,217967.11000000002,14.009375000000002,28.347083333333337,48.791875,242.30854166666663,6.77,729148.32
2324,2024-02-27,M21,M,2,1,1186437.0,1433723.0,1433723.0,1.0,33.0,4.0,3.0,11.0,242.0,96,15.918020833333335,5.97,25.95,16.0459375,17.839791666666667,71.44239583333334,0.0,4.804895833333333,211.05989583333334,20261.75,9.81375,5.918020833333335,14.669791666666669,14.049583333333333,13.485133928571427,16.733263888888885,15.802559523809524,15.550200892857143,65.21548611111112,65.81476190476191,71.89724702380953,0.0,0.18999999999999978,2.15,215.73944444444444,198.0160119047619,162.17790922619048,62132.96000000001,133066.76,217967.11000000002,14.009375000000002,28.347083333333337,48.791875,242.30854166666663,6.77,729148.32
2324,2024-02-27,M22,M,2,2,1342482.0,1628226.0,1628226.0,2.0,35.0,3.0,10.0,3.0,272.0,96,15.918020833333335,5.97,25.95,16.0459375,17.839791666666667,71.44239583333334,0.0,4.804895833333333,211.05989583333334,20261.75,9.81375,5.918020833333335,14.669791666666669,14.049583333333333,13.485133928571427,16.733263888888885,15.802559523809524,15.550200892857143,65.21548611111112,65.81476190476191,71.89724702380953,0.0,0.18999999999999978,2.15,215.73944444444444,198.0160119047619,162.17790922619048,62132.96000000001,133066.76,217967.11000000002,14.009375000000002,28.347083333333337,48.791875,242.30854166666663,6.77,729148.32
2324,2024-02-27,M23,M,2,3,792800.0,964207.0,964207.0,0.0,23.0,3.0,8.0,4.0,151.0,96,15.918020833333335,5.97,25.95,16.0459375,17.839791666666667,71.44239583333334,0.0,4.804895833333333,211.05989583333334,20261.75,9.81375,5.918020833333335,14.669791666666669,14.049583333333333,13.485133928571427,16.733263888888885,15.802559523809524,15.550200892857143,65.21548611111112,65.81476190476191,71.89724702380953,0.0,0.18999999999999978,2.15,215.73944444444444,198.0160119047619,162.17790922619048,62132.96000000001,133066.76,217967.11000000002,14.009375000000002,28.347083333333337,48.791875,242.30854166666663,6.77,729148.32
2324,2024-02-27,M24,M,2,4,1062199.0,1294260.0,1294260.0,1.0,20.0,2.0,4.0,3.0,157.0,96,15.918020833333335,5.97,25.95,16.0459375,17.839791666666667,71.44239583333334,0.0,4.804895833333333,211.05989583333334,20261.75,9.81375,5.918020833333335,14.669791666666669,14.049583333333333,13.485133928571427,16.733263888888885,15.802559523809524,15.550200892857143,65.21548611111112,65.81476190476191,71.89724702380953,0.0,0.18999999999999978,2.15,215.73944444444444,198.0160119047619,162.17790922619048,62132.96000000001,133066.76,217967.11000000002,14.009375000000002,28.347083333333337,48.791875,242.30854166666663,6.77,729148.32
2324,2024-02-27,M25,M,2,5,1149520.0,1440969.0,1440969.0,1.0,14.0,3.0,2.0,10.0,114.0,96,15.918020833333335,5.97,25.95,16.0459375,17.839791666666667,71.44239583333334,0.0,4.804895833333333,211.05989583333334,20261.75,9.81375,5.918020833333335,14.669791666666669,14.049583333333333,13.485133928571427,16.733263888888885,15.802559523809524,15.550200892857143,65.21548611111112,65.81476190476191,71.89724702380953,0.0,0.18999999999999978,2.15,215.73944444444444,198.0160119047619,162.17790922619048,62132.96000000001,133066.76,217967.11000000002,14.009375000000002,28.347083333333337,48.791875,242.30854166666663,6.77,729148.32
2324,2024-02-27,M41,M,4,1,2062512.0,2519892.0,2519892.0,2.0,67.0,1.0,11.0,25.0,283.0,96,15.918020833333335,5.97,25.95,16.0459375,17.839791666666667,71.44239583333334,0.0,4.804895833333333,211.05989583333334,20261.75,9.81375,5.918020833333335,14.669791666666669,14.049583333333333,13.485133928571427,16.733263888888885,15.802559523809524,15.550200892857143,65.21548611111112,65.81476190476191,71.89724702380953,0.0,0.18999999999999978,2.15,215.73944444444444,198.0160119047619,162.17790922619048,62132.96000000001,133066.76,217967.11000000002,14.009375000000002,28.347083333333337,48.791875,242.30854166666663,6.77,729148.32
2324,2024-02-27,M42,M,4,2,1690377.0,2058356.0,2058356.0,3.0,48.0,6.0,12.0,24.0,461.0,96,15.918020833333335,5.97,25.95,16.0459375,17.839791666666667,71.44239583333334,0.0,4.804895833333333,211.05989583333334,20261.75,9.81375,5.918020833333335,14.669791666666669,14.049583333333333,13.485133928571427,16.733263888888885,15.802559523809524,15.550200892857143,65.21548611111112,65.81476190476191,71.89724702380953,0.0,0.18999999999999978,2.15,215.73944444444444,198.0160119047619,162.17790922619048,62132.96000000001,133066.76,217967.11000000002,14.009375000000002,28.347083333333337,48.791875,242.30854166666663,6.77,729148.32
2324,2024-02-27,M43,M,4,3,1687897.0,1955451.0,1955451.0,3.0,32.0,0.0,9.0,17.0,390.0,96,15.918020833333335,5.97,25.95,16.0459375,17.839791666666667,71.44239583333334,0.0,4.804895833333333,211.05989583333334,20261.75,9.81375,5.918020833333335,14.669791666666669,14.049583333333333,13.485133928571427,16.733263888888885,15.802559523809524,15.550200892857143,65.21548611111112,65.81476190476191,71.89724702380953,0.0,0.18999999999999978,2.15,215.73944444444444,198.0160119047619,162.17790922619048,62132.96000000001,133066.76,217967.11000000002,14.009375000000002,28.347083333333337,48.791875,242.30854166666663,6.77,729148.32
2324,2024-02-27,M44,M,4,4,1464199.0,1673806.0,1673806.0,2.0,30.0,0.0,2.0,5.0,236.0,96,15.918020833333335,5.97,25.95,16.0459375,17.839791666666667,71.44239583333334,0.0,4.804895833333333,211.05989583333334,20261.75,9.81375,5.918020833333335,14.669791666666669,14.049583333333333,13.485133928571427,16.733263888888885,15.802559523809524,15.550200892857143,65.21548611111112,65.81476190476191,71.89724702380953,0.0,0.18999999999999978,2.15,215.73944444444444,198.0160119047619,162.17790922619048,62132.96000000001,133066.76,217967.11000000002,14.009375000000002,28.347083333333337,48.791875,242.30854166666663,6.77,729148.32
2324,2024-02-27,M45,M,4,5,1722480.0,1966304.0,1966304.0,4.0,19.0,1.0,7.0,9.0,530.0,96,15.918020833333335,5.97,25.95,16.0459375,17.839791666666667,71.44239583333334,0.0,4.804895833333333,211.05989583333334,20261.75,9.81375,5.918020833333335,14.669791666666669,14.049583333333333,13.485133928571427,16.733263888888885,15.802559523809524,15.550200892857143,65.21548611111112,65.81476190476191,71.89724702380953,0.0,0.18999999999999978,2.15,215.73944444444444,198.0160119047619,162.17790922619048,62132.96000000001,133066.76,217967.11000000002,14.009375000000002,28.347083333333337,48.791875,242.30854166666663,6.77,729148.32
2324,2024-02-27,M51,M,5,1,1640232.0,2055877.0,2055877.0,3.0,54.0,3.0,25.0,25.0,568.0,96,15.918020833333335,5.97,25.95,16.0459375,17.839791666666667,71.44239583333334,0.0,4.804895833333333,211.05989583333334,20261.75,9.81375,5.918020833333335,14.669791666666669,14.049583333333333,13.485133928571427,16.733263888888885,15.802559523809524,15.550200892857143,65.21548611111112,65.81476190476191,71.89724702380953,0.0,0.18999999999999978,2.15,215.73944444444444,198.0160119047619,162.17790922619048,62132.96000000001,133066.76,217967.11000000002,14.009375000000002,28.347083333333337,48.791875,242.30854166666663,6.77,729148.32
2324,2024-02-27,M52,M,5,2,2102125.0,2731575.0,2731575.0,2.0,50.0,11.0,17.0,15.0,474.0,96,15.918020833333335,5.97,25.95,16.0459375,17.839791666666667,71.44239583333334,0.0,4.804895833333333,211.05989583333334,20261.75,9.81375,5.918020833333335,14.669791666666669,14.049583333333333,13.485133928571427,16.733263888888885,15.802559523809524,15.550200892857143,65.21548611111112,65.81476190476191,71.89724702380953,0.0,0.18999999999999978,2.15,215.73944444444444,198.0160119047619,162.17790922619048,62132.96000000001,133066.76,217967.11000000002,14.009375000000002,28.347083333333337,48.791875,242.30854166666663,6.77,729148.32
2324,2024-02-27,M53,M,5,3,1759679.0,2187584.0,2187584.0,2.0,29.0,0.0,6.0,18.0,426.0,96,15.918020833333335,5.97,25.95,16.0459375,17.839791666666667,71.44239583333334,0.0,4.804895833333333,211.05989583333334,20261.75,9.81375,5.918020833333335,14.669791666666669,14.049583333333333,13.485133928571427,16.733263888888885,15.802559523809524,15.550200892857143,65.21548611111112,65.81476190476191,71.89724702380953,0.0,0.18999999999999978,2.15,215.73944444444444,198.0160119047619,162.17790922619048,62132.96000000001,133066.76,217967.11000000002,14.009375000000002,28.347083333333337,48.791875,242.30854166666663,6.77,729148.32
2324,2024-02-27,M54,M,5,4,1336988.0,1688720.0,1688720.0,1.0,58.0,0.0,16.0,25.0,299.0,96,15.918020833333335,5.97,25.95,16.0459375,17.839791666666667,71.44239583333334,0.0,4.804895833333333,211.05989583333334,20261.75,9.81375,5.918020833333335,14.669791666666669,14.049583333333333,13.485133928571427,16.733263888888885,15.802559523809524,15.550200892857143,65.21548611111112,65.81476190476191,71.89724702380953,0.0,0.18999999999999978,2.15,215.73944444444444,198.0160119047619,162.17790922619048,62132.96000000001,133066.76,217967.11000000002,14.009375000000002,28.347083333333337,48.791875,242.30854166666663,6.77,729148.32
2324,2024-02-27,M55,M,5,5,1919298.0,2385847.0,2385847.0,0.0,31.0,4.0,11.0,9.0,339.0,96,15.918020833333335,5.97,25.95,16.0459375,17.839791666666667,71.44239583333334,0.0,4.804895833333333,211.05989583333334,20261.75,9.81375,5.918020833333335,14.669791666666669,14.049583333333333,13.485133928571427,16.733263888888885,15.802559523809524,15.550200892857143,65.21548611111112,65.81476190476191,71.89724702380953,0.0,0.18999999999999978,2.15,215.73944444444444,198.0160119047619,162.17790922619048,62132.96000000001,133066.76,217967.11000000002,14.009375000000002,28.347083333333337,48.791875,242.30854166666663,6.77,729148.32
2425,2025-01-07,B11,B,1,1,134477.0,165366.0,165366.0,0.0,3.0,1.0,3.0,1.0,27.0,96,4.62125,-0.12,9.74,4.856145833333334,9.759791666666667,72.216875,0.0,5.543958333333333,135.435,13001.76,-0.11479166666666667,0.0,9.92340277777778,10.599136904761904,10.599136904761904,12.068958333333333,12.918348214285714,12.918348214285714,71.73593749999999,67.33674107142858,67.33674107142858,0.06,0.06,0.06,114.04555555555555,129.81196428571428,129.81196428571428,32845.119999999995,87233.64,87233.64,5.148958333333333,10.828333333333333,10.828333333333333,10.828333333333333,0.06,87233.64
2425,2025-01-07,B12,B,1,2,106466.0,130434.0,130434.0,0.0,1.0,0.0,2.0,2.0,11.0,96,4.62125,-0.12,9.74,4.856145833333334,9.759791666666667,72.216875,0.0,5.543958333333333,135.435,13001.76,-0.11479166666666667,0.0,9.92340277777778,10.599136904761904,10.599136904761904,12.068958333333333,12.918348214285714,12.918348214285714,71.73593749999999,67.33674107142858,67.33674107142858,0.06,0.06,0.06,114.04555555555555,129.81196428571428,129.81196428571428,32845.119999999995,87233.64,87233.64,5.148958333333333,10.828333333333333,10.828333333333333,10.828333333333333,0.06,87233.64
2425,2025-01-07,B13,B,1,3,232853.0,320032.0,320032.0,0.0,5.0,2.0,15.0,0.0,47.0,96,4.62125,-0.12,9.74,4.856145833333334,9.759791666666667,72.216875,0.0,5.543958333333333,135.435,13001.76,-0.11479166666666667,0.0,9.92340277777778,10.599136904761904,10.599136904761904,12.068958333333333,12.918348214285714,12.918348214285714,71.73593749999999,67.33674107142858,67.33674107142858,0.06,0.06,0.06,114.04555555555555,129.81196428571428,129.81196428571428,32845.119999999995,87233.64,87233.64,5.148958333333333,10.828333333333333,10.828333333333333,10.828333333333333,0.06,87233.64
2425,2025-01-07,B14,B,1,4,148111.0,181303.0,181303.0,0.0,1.0,2.0,2.0,0.0,31.0,96,4.62125,-0.12,9.74,4.856145833333334,9.759791666666667,72.216875,0.0,5.543958333333333,135.435,13001.76,-0.11479166666666667,0.0,9.92340277777778,10.599136904761904,10.599136904761904,12.068958333333333,12.918348214285714,12.918348214285714,71.73593749999999,67.33674107142858,67.33674107142858,0.06,0.06,0.06,114.04555555555555,129.81196428571428,129.81196428571428,32845.119999999995,87233.64,87233.64,5.148958333333333,10.828333333333333,10.828333333333333,10.828333333333333,0.06,87233.64
2425,2025-01-07,B15,B,1,5,257351.0,328185.0,328185.0,3.0,6.0,0.0,5.0,0.0,15.0,96,4.62125,-0.12,9.74,4.856145833333334,9.759791666666667,72.216875,0.0,5.543958333333333,135.435,13001.76,-0.11479166666666667,0.0,9.92340277777778,10.599136904761904,10.599136904761904,12.068958333333333,12.918348214285714,12.918348214285714,71.73593749999999,67.33674107142858,67.33674107142858,0.06,0.06,0.06,114.04555555555555,129.81196428571428,129.81196428571428,32845.119999999995,87233.64,87233.64,5.148958333333333,10.828333333333333,10.828333333333333,10.828333333333333,0.06,87233.64
2425,2025-01-07,B21,B,2,1,204519.0,264938.0,264938.0,0.0,1.0,0.0,1.0,0.0,11.0,96,4.62125,-0.12,9.74,4.856145833333334,9.759791666666667,72.216875,0.0,5.543958333333333,135.435,13001.76,-0.11479166666666667,0.0,9.92340277777778,10.599136904761904,10.599136904761904,12.068958333333333,12.918348214285714,12.918348214285714,71.73593749999999,67.33674107142858,67.33674107142858,0.06,0.06,0.06,114.04555555555555,129.81196428571428,129.81196428571428,32845.119999999995,87233.64,87233.64,5.148958333333333,10.828333333333333,10.828333333333333,10.828333333333333,0.06,87233.64
2425,2025-01-07,B22,B,2,2,174361.0,242032.0,242032.0,0.0,2.0,1.0,4.0,0.0,35.0,96,4.62125,-0.12,9.74,4.856145833333334,9.759791666666667,72.216875,0.0,5.543958333333333,135.435,13001.76,-0.11479166666666667,0.0,9.92340277777778,10.599136904761904,10.599136904761904,12.068958333333333,12.918348214285714,12.918348214285714,71.73593749999999,67.33674107142858,67.33674107142858,0.06,0.06,0.06,114.04555555555555,129.81196428571428,129.81196428571428,32845.119999999995,87233.64,87233.64,5.148958333333333,10.828333333333333,10.828333333333333,10.828333333333333,0.06,87233.64
2425,2025-01-07,B23,B,2,3,214192.0,285550.0,285550.0,0.0,4.0,0.0,3.0,0.0,31.0,96,4.62125,-0.12,9.74,4.856145833333334,9.759791666666667,72.216875,0.0,5.543958333333333,135.435,13001.76,-0.11479166666666667,0.0,9.92340277777778,10.599136904761904,10.599136904761904,12.068958333333333,12.918348214285714,12.918348214285714,71.73593749999999,67.33674107142858,67.33674107142858,0.06,0.06,0.06,114.04555555555555,129.81196428571428,129.81196428571428,32845.119999999995,87233.64,87233.64,5.148958333333333,10.828333333333333,10.828333333333333,10.828333333333333,0.06,87233.64
2425,2025-01-07,B24,B,2,4,236697.0,326519.0,326519.0,0.0,3.0,3.0,1.0,0.0,75.0,96,4.62125,-0.12,9.74,4.856145833333334,9.759791666666667,72.216875,0.0,5.543958333333333,135.435,13001.76,-0.11479166666666667,0.0,9.92340277777778,10.599136904761904,10.599136904761904,12.068958333333333,12.918348214285714,12.918348214285714,71.73593749999999,67.33674107142858,67.33674107142858,0.06,0.06,0.06,114.04555555555555,129.81196428571428,129.81196428571428,32845.119999999995,87233.64,87233.64,5.148958333333333,10.828333333333333,10.828333333333333,10.828333333333333,0.06,87233.64
2425,2025-01-07,B25,B,2,5,174927.0,251821.0,251821.0,1.0,6.0,2.0,0.0,0.0,14.0,96,4.62125,-0.12,9.74,4.856145833333334,9.759791666666667,72.216875,0.0,5.543958333333333,135.435,13001.76,-0.11479166666666667,0.0,9.92340277777778,10.599136904761904,10.599136904761904,12.068958333333333,12.918348214285714,12.918348214285714,71.73593749999999,67.33674107142858,67.33674107142858,0.06,0.06,0.06,114.04555555555555,129.81196428571428,129.81196428571428,32845.119999999995,87233.64,87233.64,5.148958333333333,10.828333333333333,10.828333333333333,10.828333333333333,0.06,87233.64
2425,2025-01-07,B41,B,4,1,130598.0,156761.0,156761.0,0.0,1.0,0.0,0.0,0.0,0.0,96,4.62125,-0.12,9.74,4.856145833333334,9.759791666666667,72.216875,0.0,5.543958333333333,135.435,13001.76,-0.11479166666666667,0.0,9.92340277777778,10.599136904761904,10.599136904761904,12.068958333333333,12.918348214285714,12.918348214285714,71.73593749999999,67.33674107142858,67.33674107142858,0.06,0.06,0.06,114.04555555555555,129.81196428571428,129.81196428571428,32845.119999999995,87233.64,87233.64,5.148958333333333,10.828333333333333,10.828333333333333,10.828333333333333,0.06,87233.64
2425,2025-01-07,B42,B,4,2,136309.0,182826.0,182826.0,0.0,2.0,2.0,2.0,1.0,29.0,96,4.62125,-0.12,9.74,4.856145833333334,9.759791666666667,72.216875,0.0,5.543958333333333,135.435,13001.76,-0.11479166666666667,0.0,9.92340277777778,10.599136904761904,10.599136904761904,12.068958333333333,12.918348214285714,12.918348214285714,71.73593749999999,67.33674107142858,67.33674107142858,0.06,0.06,0.06,114.04555555555555,129.81196428571428,129.81196428571428,32845.119999999995,87233.64,87233.64,5.148958333333333,10.828333333333333,10.828333333333333,10.828333333333333,0.06,87233.64
2425,2025-01-07,B43,B,4,3,123412.0,185602.0,185602.0,0.0,1.0,0.0,4.0,0.0,22.0,96,4.62125,-0.12,9.74,4.856145833333334,9.759791666666667,72.216875,0.0,5.543958333333333,135.435,13001.76,-0.11479166666666667,0.0,9.92340277777778,10.599136904761904,10.599136904761904,12.068958333333333,12.918348214285714,12.918348214285714,71.73593749999999,67.33674107142858,67.33674107142858,0.06,0.06,0.06,114.04555555555555,129.81196428571428,129.81196428571428,32845.119999999995,87233.64,87233.64,5.148958333333333,10.828333333333333,10.828333333333333,10.828333333333333,0.06,87233.64
2425,2025-01-07,B44,B,4,4,185900.0,260121.0,260121.0,1.0,2.0,2.0,9.0,3.0,33.0,96,4.62125,-0.12,9.74,4.856145833333334,9.759791666666667,72.216875,0.0,5.543958333333333,135.435,13001.76,-0.11479166666666667,0.0,9.92340277777778,10.599136904761904,10.599136904761904,12.068958333333333,12.918348214285714,12.918348214285714,71.73593749999999,67.33674107142858,67.33674107142858,0.06,0.06,0.06,114.04555555555555,129.81196428571428,129.81196428571428,32845.119999999995,87233.64,87233.64,5.148958333333333,10.828333333333333,10.828333333333333,10.828333333333333,0.06,87233.64
2425,2025-01-07,B45,B,4,5,174417.0,251876.0,251876.0,1.0,4.0,0.0,0.0,0.0,1.0,96,4.62125,-0.12,9.74,4.856145833333334,9.759791666666667,72.216875,0.0,5.543958333333333,135.435,13001.76,-0.11479166666666667,0.0,9.92340277777778,10.599136904761904,10.599136904761904,12.068958333333333,12.918348214285714,12.918348214285714,71.73593749999999,67.33674107142858,67.33674107142858,0.06,0.06,0.06,114.04555555555555,129.81196428571428,129.81196428571428,32845.119999999995,87233.64,87233.64,5.148958333333333,10.828333333333333,10.828333333333333,10.828333333333333,0.06,87233.64
2425,2025-01-07,B51,B,5,1,170171.0,254422.0,254422.0,0.0,4.0,2.0,9.0,1.0,23.0,96,4.62125,-0.12,9.74,4.856145833333334,9.759791666666667,72.216875,0.0,5.543958333333333,135.435,13001.76,-0.11479166666666667,0.0,9.92340277777778,10.599136904761904,10.599136904761904,12.068958333333333,12.918348214285714,12.918348214285714,71.73593749999999,67.33674107142858,67.33674107142858,0.06,0.06,0.06,114.04555555555555,129.81196428571428,129.81196428571428,32845.119999999995,87233.64,87233.64,5.148958333333333,10.828333333333333,10.828333333333333,10.828333333333333,0.06,87233.64
2425,2025-01-07,B52,B,5,2,313115.0,397891.0,397891.0,3.0,4.0,0.0,0.0,0.0,4.0,96,4.62125,-0.12,9.74,4.856145833333334,9.759791666666667,72.216875,0.0,5.543958333333333,135.435,13001.76,-0.11479166666666667,0.0,9.92340277777778,10.599136904761904,10.599136904761904,12.068958333333333,12.918348214285714,12.918348214285714,71.73593749999999,67.33674107142858,67.33674107142858,0.06,0.06,0.06,114.04555555555555,129.81196428571428,129.81196428571428,32845.119999999995,87233.64,87233.64,5.148958333333333,10.828333333333333,10.828333333333333,10.828333333333333,0.06,87233.64
2425,2025-01-07,B53,B,5,3,330248.0,477407.0,477407.0,1.0,2.0,1.0,0.0,2.0,10.0,96,4.62125,-0.12,9.74,4.856145833333334,9.759791666666667,72.216875,0.0,5.543958333333333,135.435,13001.76,-0.11479166666666667,0.0,9.92340277777778,10.599136904761904,10.599136904761904,12.068958333333333,12.918348214285714,12.918348214285714,71.73593749999999,67.33674107142858,67.33674107142858,0.06,0.06,0.06,114.04555555555555,129.81196428571428,129.81196428571428,32845.119999999995,87233.64,87233.64,5.148958333333333,10.828333333333333,10.828333333333333,10.828333333333333,0.06,87233.64
2425,2025-01-07,B54,B,5,4,216917.0,299791.0,299791.0,0.0,2.0,2.0,7.0,1.0,14.0,96,4.62125,-0.12,9.74,4.856145833333334,9.759791666666667,72.216875,0.0,5.543958333333333,135.435,13001.76,-0.11479166666666667,0.0,9.92340277777778,10.599136904761904,10.599136904761904,12.068958333333333,12.918348214285714,12.918348214285714,71.73593749999999,67.33674107142858,67.33674107142858,0.06,0.06,0.06,114.04555555555555,129.81196428571428,129.81196428571428,32845.119999999995,87233.64,87233.64,5.148958333333333,10.828333333333333,10.828333333333333,10.828333333333333,0.06,87233.64
2425,2025-01-07,B55,B,5,5,237160.0,332335.0,332335.0,0.0,5.0,0.0,4.0,1.0,26.0,96,4.62125,-0.12,9.74,4.856145833333334,9.759791666666667,72.216875,0.0,5.543958333333333,135.435,13001.76,-0.11479166666666667,0.0,9.92340277777778,10.599136904761904,10.599136904761904,12.068958333333333,12.918348214285714,12.918348214285714,71.73593749999999,67.33674107142858,67.33674107142858,0.06,0.06,0.06,114.04555555555555,129.81196428571428,129.81196428571428,32845.119999999995,87233.64,87233.64,5.148958333333333,10.828333333333333,10.828333333333333,10.828333333333333,0.06,87233.64
2425,2025-01-07,M11,M,1,1,133455.0,163177.0,163177.0,0.0,3.0,0.0,9.0,1.0,76.0,96,4.62125,-0.12,9.74,4.856145833333334,9.759791666666667,72.216875,0.0,5.543958333333333,135.435,13001.76,-0.11479166666666667,0.0,9.92340277777778,10.599136904761904,10.599136904761904,12.068958333333333,12.918348214285714,12.918348214285714,71.73593749999999,67.33674107142858,67.33674107142858,0.06,0.06,0.06,114.04555555555555,129.81196428571428,129.81196428571428,32845.119999999995,87233.64,87233.64,5.148958333333333,10.828333333333333,10.828333333333333,10.828333333333333,0.06,87233.64
2425,2025-01-07,M12,M,1,2,280290.0,358031.0,358031.0,0.0,2.0,0.0,3.0,0.0,24.0,96,4.62125,-0.12,9.74,4.856145833333334,9.759791666666667,72.216875,0.0,5.543958333333333,135.435,13001.76,-0.11479166666666667,0.0,9.92340277777778,10.599136904761904,10.599136904761904,12.068958333333333,12.918348214285714,12.918348214285714,71.73593749999999,67.33674107142858,67.33674107142858,0.06,0.06,0.06,114.04555555555555,129.81196428571428,129.81196428571428,32845.119999999995,87233.64,87233.64,5.148958333333333,10.828333333333333,10.828333333333333,10.828333333333333,0.06,87233.64
2425,2025-01-07,M13,M,1,3,222543.0,293829.0,293829.0,0.0,12.0,0.0,2.0,4.0,27.0,96,4.62125,-0.12,9.74,4.856145833333334,9.759791666666667,72.216875,0.0,5.543958333333333,135.435,13001.76,-0.11479166666666667,0.0,9.92340277777778,10.599136904761904,10.599136904761904,12.068958333333333,12.918348214285714,12.918348214285714,71.73593749999999,67.33674107142858,67.33674107142858,0.06,0.06,0.06,114.04555555555555,129.81196428571428,129.81196428571428,32845.119999999995,87233.64,87233.64,5.148958333333333,10.828333333333333,10.828333333333333,10.828333333333333,0.06,87233.64
2425,2025-01-07,M14,M,1,4,249334.0,340922.0,340922.0,0.0,4.0,1.0,1.0,1.0,35.0,96,4.62125,-0.12,9.74,4.856145833333334,9.759791666666667,72.216875,0.0,5.543958333333333,135.435,13001.76,-0.11479166666666667,0.0,9.92340277777778,10.599136904761904,10.599136904761904,12.068958333333333,12.918348214285714,12.918348214285714,71.73593749999999,67.33674107142858,67.33674107142858,0.06,0.06,0.06,114.04555555555555,129.81196428571428,129.81196428571428,32845.119999999995,87233.64,87233.64,5.148958333333333,10.828333333333333,10.828333333333333,10.828333333333333,0.06,87233.64
2425,2025-01-07,M15,M,1,5,158348.0,205179.0,205179.0,0.0,2.0,0.0,1.0,0.0,42.0,96,4.62125,-0.12,9.74,4.856145833333334,9.759791666666667,72.216875,0.0,5.543958333333333,135.435,13001.76,-0.11479166666666667,0.0,9.92340277777778,10.599136904761904,10.599136904761904,12.068958333333333,12.918348214285714,12.918348214285714,71.73593749999999,67.33674107142858,67.33674107142858,0.06,0.06,0.06,114.04555555555555,129.81196428571428,129.81196428571428,32845.119999999995,87233.64,87233.64,5.148958333333333,10.828333333333333,10.828333333333333,10.828333333333333,0.06,87233.64
2425,2025-01-07,M21,M,2,1,172367.0,241743.0,241743.0,0.0,1.0,1.0,4.0,5.0,30.0,96,4.62125,-0.12,9.74,4.856145833333334,9.759791666666667,72.216875,0.0,5.543958333333333,135.435,13001.76,-0.11479166666666667,0.0,9.92340277777778,10.599136904761904,10.599136904761904,12.068958333333333,12.918348214285714,12.918348214285714,71.73593749999999,67.33674107142858,67.33674107142858,0.06,0.06,0.06,114.04555555555555,129.81196428571428,129.81196428571428,32845.119999999995,87233.64,87233.64,5.148958333333333,10.828333333333333,10.828333333333333,10.828333333333333,0.06,87233.64
2425,2025-01-07,M22,M,2,2,179325.0,222023.0,222023.0,1.0,12.0,0.0,4.0,6.0,30.0,96,4.62125,-0.12,9.74,4.856145833333334,9.759791666666667,72.216875,0.0,5.543958333333333,135.435,13001.76,-0.11479166666666667,0.0,9.92340277777778,10.599136904761904,10.599136904761904,12.068958333333333,12.918348214285714,12.918348214285714,71.73593749999999,67.33674107142858,67.33674107142858,0.06,0.06,0.06,114.04555555555555,129.81196428571428,129.81196428571428,32845.119999999995,87233.64,87233.64,5.148958333333333,10.828333333333333,10.828333333333333,10.828333333333333,0.06,87233.64
2425,2025-01-07,M23,M,2,3,133924.0,170665.0,170665.0,0.0,4.0,1.0,4.0,2.0,63.0,96,4.62125,-0.12,9.74,4.856145833333334,9.759791666666667,72.216875,0.0,5.543958333333333,135.435,13001.76,-0.11479166666666667,0.0,9.92340277777778,10.599136904761904,10.599136904761904,12.068958333333333,12.918348214285714,12.918348214285714,71.73593749999999,67.33674107142858,67.33674107142858,0.06,0.06,0.06,114.04555555555555,129.81196428571428,129.81196428571428,32845.119999999995,87233.64,87233.64,5.148958333333333,10.828333333333333,10.828333333333333,10.828333333333333,0.06,87233.64
2425,2025-01-07,M24,M,2,4,150963.0,189900.0,189900.0,0.0,3.0,1.0,4.0,1.0,55.0,96,4.62125,-0.12,9.74,4.856145833333334,9.759791666666667,72.216875,0.0,5.543958333333333,135.435,13001.76,-0.11479166666666667,0.0,9.92340277777778,10.599136904761904,10.599136904761904,12.068958333333333,12.918348214285714,12.918348214285714,71.73593749999999,67.33674107142858,67.33674107142858,0.06,0.06,0.06,114.04555555555555,129.81196428571428,129.81196428571428,32845.119999999995,87233.64,87233.64,5.148958333333333,10.828333333333333,10.828333333333333,10.828333333333333,0.06,87233.64
2425,2025-01-07,M25,M,2,5,125770.0,167270.0,167270.0,0.0,2.0,0.0,4.0,0.0,41.0,96,4.62125,-0.12,9.74,4.856145833333334,9.759791666666667,72.216875,0.0,5.543958333333333,135.435,13001.76,-0.11479166666666667,0.0,9.92340277777778,10.599136904761904,10.599136904761904,12.068958333333333,12.918348214285714,12.918348214285714,71.73593749999999,67.33674107142858,67.33674107142858,0.06,0.06,0.06,114.04555555555555,129.81196428571428,129.81196428571428,32845.119999999995,87233.64,87233.64,5.148958333333333,10.828333333333333,10.828333333333333,10.828333333333333,0.06,87233.64
2425,2025-01-07,M41,M,4,1,149607.0,211239.0,211239.0,0.0,10.0,0.0,2.0,0.0,8.0,96,4.62125,-0.12,9.74,4.856145833333334,9.759791666666667,72.216875,0.0,5.543958333333333,135.435,13001.76,-0.11479166666666667,0.0,9.92340277777778,10.599136904761904,10.599136904761904,12.068958333333333,12.918348214285714,12.918348214285714,71.73593749999999,67.33674107142858,67.33674107142858,0.06,0.06,0.06,114.04555555555555,129.81196428571428,129.81196428571428,32845.119999999995,87233.64,87233.64,5.148958333333333,10.828333333333333,10.828333333333333,10.828333333333333,0.06,87233.64
2425,2025-01-07,M42,M,4,2,101660.0,144555.0,144555.0,1.0,3.0,0.0,5.0,2.0,63.0,96,4.62125,-0.12,9.74,4.856145833333334,9.759791666666667,72.216875,0.0,5.543958333333333,135.435,13001.76,-0.11479166666666667,0.0,9.92340277777778,10.599136904761904,10.599136904761904,12.068958333333333,12.918348214285714,12.918348214285714,71.73593749999999,67.33674107142858,67.33674107142858,0.06,0.06,0.06,114.04555555555555,129.81196428571428,129.81196428571428,32845.119999999995,87233.64,87233.64,5.148958333333333,10.828333333333333,10.828333333333333,10.828333333333333,0.06,87233.64
2425,2025-01-07,M43,M,4,3,154692.0,214067.0,214067.0,0.0,3.0,1.0,10.0,0.0,91.0,96,4.62125,-0.12,9.74,4.856145833333334,9.759791666666667,72.216875,0.0,5.543958333333333,135.435,13001.76,-0.11479166666666667,0.0,9.92340277777778,10.599136904761904,10.599136904761904,12.068958333333333,12.918348214285714,12.918348214285714,71.73593749999999,67.33674107142858,67.33674107142858,0.06,0.06,0.06,114.04555555555555,129.81196428571428,129.81196428571428,32845.119999999995,87233.64,87233.64,5.148958333333333,10.828333333333333,10.828333333333333,10.828333333333333,0.06,87233.64
2425,2025-01-07,M44,M,4,4,236749.0,330183.0,330183.0,0.0,2.0,1.0,4.0,2.0,52.0,96,4.62125,-0.12,9.74,4.856145833333334,9.759791666666667,72.216875,0.0,5.543958333333333,135.435,13001.76,-0.11479166666666667,0.0,9.92340277777778,10.599136904761904,10.599136904761904,12.068958333333333,12.918348214285714,12.918348214285714,71.73593749999999,67.33674107142858,67.33674107142858,0.06,0.06,0.06,114.04555555555555,129.81196428571428,129.81196428571428,32845.119999999995,87233.64,87233.64,5.148958333333333,10.828333333333333,10.828333333333333,10.828333333333333,0.06,87233.64
2425,2025-01-07,M45,M,4,5,121222.0,166207.0,166207.0,0.0,0.0,2.0,1.0,1.0,32.0,96,4.62125,-0.12,9.74,4.856145833333334,9.759791666666667,72.216875,0.0,5.543958333333333,135.435,13001.76,-0.11479166666666667,0.0,9.92340277777778,10.599136904761904,10.599136904761904,12.068958333333333,12.918348214285714,12.918348214285714,71.73593749999999,67.33674107142858,67.33674107142858,0.06,0.06,0.06,114.04555555555555,129.81196428571428,129.81196428571428,32845.119999999995,87233.64,87233.64,5.148958333333333,10.828333333333333,10.828333333333333,10.828333333333333,0.06,87233.64
2425,2025-01-07,M51,M,5,1,178490.0,237719.0,237719.0,0.0,1.0,0.0,1.0,1.0,2.0,96,4.62125,-0.12,9.74,4.856145833333334,9.759791666666667,72.216875,0.0,5.543958333333333,135.435,13001.76,-0.11479166666666667,0.0,9.92340277777778,10.599136904761904,10.599136904761904,12.068958333333333,12.918348214285714,12.918348214285714,71.73593749999999,67.33674107142858,67.33674107142858,0.06,0.06,0.06,114.04555555555555,129.81196428571428,129.81196428571428,32845.119999999995,87233.64,87233.64,5.148958333333333,10.828333333333333,10.828333333333333,10.828333333333333,0.06,87233.64
2425,2025-01-07,M52,M,5,2,184420.0,253704.0,253704.0,0.0,8.0,0.0,2.0,2.0,28.0,96,4.62125,-0.12,9.74,4.856145833333334,9.759791666666667,72.216875,0.0,5.543958333333333,135.435,13001.76,-0.11479166666666667,0.0,9.92340277777778,10.599136904761904,10.599136904761904,12.068958333333333,12.918348214285714,12.918348214285714,71.73593749999999,67.33674107142858,67.33674107142858,0.06,0.06,0.06,114.04555555555555,129.81196428571428,129.81196428571428,32845.119999999995,87233.64,87233.64,5.148958333333333,10.828333333333333,10.828333333333333,10.828333333333333,0.06,87233.64
2425,2025-01-07,M53,M,5,3,209460.0,275246.0,275246.0,0.0,1.0,1.0,2.0,1.0,50.0,96,4.62125,-0.12,9.74,4.856145833333334,9.759791666666667,72.216875,0.0,5.543958333333333,135.435,13001.76,-0.11479166666666667,0.0,9.92340277777778,10.599136904761904,10.599136904761904,12.068958333333333,12.918348214285714,12.918348214285714,71.73593749999999,67.33674107142858,67.33674107142858,0.06,0.06,0.06,114.04555555555555,129.81196428571428,129.81196428571428,32845.119999999995,87233.64,87233.64,5.148958333333333,10.828333333333333,10.828333333333333,10.828333333333333,0.06,87233.64
2425,2025-01-07,M54,M,5,4,252352.0,324507.0,324507.0,0.0,0.0,0.0,2.0,0.0,2.0,96,4.62125,-0.12,9.74,4.856145833333334,9.759791666666667,72.216875,0.0,5.543958333333333,135.435,13001.76,-0.11479166666666667,0.0,9.92340277777778,10.599136904761904,10.599136904761904,12.068958333333333,12.918348214285714,12.918348214285714,71.73593749999999,67.33674107142858,67.33674107142858,0.06,0.06,0.06,114.04555555555555,129.81196428571428,129.81196428571428,32845.119999999995,87233.64,87233.64,5.148958333333333,10.828333333333333,10.828333333333333,10.828333333333333,0.06,87233.64
2425,2025-01-07,M55,M,5,5,187817.0,234183.0,234183.0,0.0,2.0,0.0,0.0,1.0,0.0,96,4.62125,-0.12,9.74,4.856145833333334,9.759791666666667,72.216875,0.0,5.543958333333333,135.435,13001.76,-0.11479166666666667,0.0,9.92340277777778,10.599136904761904,10.599136904761904,12.068958333333333,12.918348214285714,12.918348214285714,71.73593749999999,67.33674107142858,67.33674107142858,0.06,0.06,0.06,114.04555555555555,129.81196428571428,129.81196428571428,32845.119999999995,87233.64,87233.64,5.148958333333333,10.828333333333333,10.828333333333333,10.828333333333333,0.06,87233.64
2425,2025-01-15,B11,B,1,1,88391.0,104676.0,104676.0,0.0,1.0,1.0,0.0,0.0,0.0,96,8.561458333333333,1.9,14.4,8.645208333333334,9.85375,66.91677083333333,0.0,2.7433333333333336,68.26197916666666,6553.15,2.3289583333333335,0.0,9.636354166666667,8.893482142857142,9.09999255952381,11.14826388888889,10.987276785714286,11.372938988095239,71.78802083333333,70.96653273809524,68.85622023809523,0.37,0.4,0.49,80.10697916666666,103.50331845238095,117.01431547619048,23070.809999999998,69554.23,157267.24,0.3476041666666667,2.048333333333334,7.197291666666667,12.876666666666667,0.49,170818.37
2425,2025-01-15,B12,B,1,2,171859.0,190795.0,190795.0,0.0,8.0,0.0,0.0,1.0,0.0,96,8.561458333333333,1.9,14.4,8.645208333333334,9.85375,66.91677083333333,0.0,2.7433333333333336,68.26197916666666,6553.15,2.3289583333333335,0.0,9.636354166666667,8.893482142857142,9.09999255952381,11.14826388888889,10.987276785714286,11.372938988095239,71.78802083333333,70.96653273809524,68.85622023809523,0.37,0.4,0.49,80.10697916666666,103.50331845238095,117.01431547619048,23070.809999999998,69554.23,157267.24,0.3476041666666667,2.048333333333334,7.197291666666667,12.876666666666667,0.49,170818.37
2425,2025-01-15,B13,B,1,3,159914.0,185623.0,185623.0,0.0,2.0,0.0,1.0,0.0,0.0,96,8.561458333333333,1.9,14.4,8.645208333333334,9.85375,66.91677083333333,0.0,2.7433333333333336,68.26197916666666,6553.15,2.3289583333333335,0.0,9.636354166666667,8.893482142857142,9.09999255952381,11.14826388888889,10.987276785714286,11.372938988095239,71.78802083333333,70.96653273809524,68.85622023809523,0.37,0.4,0.49,80.10697916666666,103.50331845238095,117.01431547619048,23070.809999999998,69554.23,157267.24,0.3476041666666667,2.048333333333334,7.197291666666667,12.876666666666667,0.49,170818.37
2425,2025-01-15,B14,B,1,4,165724.0,188480.0,188480.0,0.0,7.0,1.0,0.0,1.0,0.0,96,8.561458333333333,1.9,14.4,8.645208333333334,9.85375,66.91677083333333,0.0,2.7433333333333336,68.26197916666666,6553.15,2.3289583333333335,0.0,9.636354166666667,8.893482142857142,9.09999255952381,11.14826388888889,10.987276785714286,11.372938988095239,71.78802083333333,70.96653273809524,68.85622023809523,0.37,0.4,0.49,80.10697916666666,103.50331845238095,117.01431547619048,23070.809999999998,69554.23,157267.24,0.3476041666666667,2.048333333333334,7.197291666666667,12.876666666666667,0.49,170818.37
2425,2025-01-15,B15,B,1,5,246232.0,304692.0,304692.0,1.0,2.0,0.0,1.0,1.0,0.0,96,8.561458333333333,1.9,14.4,8.645208333333334,9.85375,66.91677083333333,0.0,2.7433333333333336,68.26197916666666,6553.15,2.3289583333333335,0.0,9.636354166666667,8.893482142857142,9.09999255952381,11.14826388888889,10.987276785714286,11.372938988095239,71.78802083333333,70.96653273809524,68.85622023809523,0.37,0.4,0.49,80.10697916666666,103.50331845238095,117.01431547619048,23070.809999999998,69554.23,157267.24,0.3476041666666667,2.048333333333334,7.197291666666667,12.876666666666667,0.49,170818.37
2425,2025-01-15,B21,B,2,1,184373.0,216331.0,216331.0,0.0,1.0,0.0,0.0,2.0,0.0,96,8.561458333333333,1.9,14.4,8.645208333333334,9.85375,66.91677083333333,0.0,2.7433333333333336,68.26197916666666,6553.15,2.3289583333333335,0.0,9.636354166666667,8.893482142857142,9.09999255952381,11.14826388888889,10.987276785714286,11.372938988095239,71.78802083333333,70.96653273809524,68.85622023809523,0.37,0.4,0.49,80.10697916666666,103.50331845238095,117.01431547619048,23070.809999999998,69554.23,157267.24,0.3476041666666667,2.048333333333334,7.197291666666667,12.876666666666667,0.49,170818.37
2425,2025-01-15,B22,B,2,2,247850.0,303443.0,303443.0,0.0,3.0,0.0,0.0,2.0,0.0,96,8.561458333333333,1.9,14.4,8.645208333333334,9.85375,66.91677083333333,0.0,2.7433333333333336,68.26197916666666,6553.15,2.3289583333333335,0.0,9.636354166666667,8.893482142857142,9.09999255952381,11.14826388888889,10.987276785714286,11.372938988095239,71.78802083333333,70.96653273809524,68.85622023809523,0.37,0.4,0.49,80.10697916666666,103.50331845238095,117.01431547619048,23070.809999999998,69554.23,157267.24,0.3476041666666667,2.048333333333334,7.197291666666667,12.876666666666667,0.49,170818.37
2425,2025-01-15,B23,B,2,3,196009.0,231905.0,231905.0,0.0,5.0,0.0,1.0,0.0,0.0,96,8.561458333333333,1.9,14.4,8.645208333333334,9.85375,66.91677083333333,0.0,2.7433333333333336,68.26197916666666,6553.15,2.3289583333333335,0.0,9.636354166666667,8.893482142857142,9.09999255952381,11.14826388888889,10.987276785714286,11.372938988095239,71.78802083333333,70.96653273809524,68.85622023809523,0.37,0.4,0.49,80.10697916666666,103.50331845238095,117.01431547619048,23070.809999999998,69554.23,157267.24,0.3476041666666667,2.048333333333334,7.197291666666667,12.876666666666667,0.49,170818.37
2425,2025-01-15,B24,B,2,4,313222.0,365496.0,365496.0,0.0,1.0,2.0,0.0,0.0,9.0,96,8.561458333333333,1.9,14.4,8.645208333333334,9.85375,66.91677083333333,0.0,2.7433333333333336,68.26197916666666,6553.15,2.3289583333333335,0.0,9.636354166666667,8.893482142857142,9.09999255952381,11.14826388888889,10.987276785714286,11.372938988095239,71.78802083333333,70.96653273809524,68.85622023809523,0.37,0.4,0.49,80.10697916666666,103.50331845238095,117.01431547619048,23070.809999999998,69554.23,157267.24,0.3476041666666667,2.048333333333334,7.197291666666667,12.876666666666667,0.49,170818.37
2425,2025-01-15,B25,B,2,5,197125.0,231249.0,231249.0,0.0,4.0,0.0,0.0,0.0,0.0,96,8.561458333333333,1.9,14.4,8.645208333333334,9.85375,66.91677083333333,0.0,2.7433333333333336,68.26197916666666,6553.15,2.3289583333333335,0.0,9.636354166666667,8.893482142857142,9.09999255952381,11.14826388888889,10.987276785714286,11.372938988095239,71.78802083333333,70.96653273809524,68.85622023809523,0.37,0.4,0.49,80.10697916666666,103.50331845238095,117.01431547619048,23070.809999999998,69554.23,157267.24,0.3476041666666667,2.048333333333334,7.197291666666667,12.876666666666667,0.49,170818.37
2425,2025-01-15,B41,B,4,1,115857.0,134995.0,134995.0,0.0,2.0,0.0,2.0,0.0,0.0,96,8.561458333333333,1.9,14.4,8.645208333333334,9.85375,66.91677083333333,0.0,2.7433333333333336,68.26197916666666,6553.15,2.3289583333333335,0.0,9.636354166666667,8.893482142857142,9.09999255952381,11.14826388888889,10.987276785714286,11.372938988095239,71.78802083333333,70.96653273809524,68.85622023809523,0.37,0.4,0.49,80.10697916666666,103.50331845238095,117.01431547619048,23070.809999999998,69554.23,157267.24,0.3476041666666667,2.048333333333334,7.197291666666667,12.876666666666667,0.49,170818.37
2425,2025-01-15,B42,B,4,2,199834.0,255071.0,255071.0,0.0,7.0,1.0,3.0,3.0,16.0,96,8.561458333333333,1.9,14.4,8.645208333333334,9.85375,66.91677083333333,0.0,2.7433333333333336,68.26197916666666,6553.15,2.3289583333333335,0.0,9.636354166666667,8.893482142857142,9.09999255952381,11.14826388888889,10.987276785714286,11.372938988095239,71.78802083333333,70.96653273809524,68.85622023809523,0.37,0.4,0.49,80.10697916666666,103.50331845238095,117.01431547619048,23070.809999999998,69554.23,157267.24,0.3476041666666667,2.048333333333334,7.197291666666667,12.876666666666667,0.49,170818.37
2425,2025-01-15,B43,B,4,3,80778.0,102904.0,102904.0,0.0,0.0,0.0,0.0,0.0,3.0,96,8.561458333333333,1.9,14.4,8.645208333333334,9.85375,66.91677083333333,0.0,2.7433333333333336,68.26197916666666,6553.15,2.3289583333333335,0.0,9.636354166666667,8.893482142857142,9.09999255952381,11.14826388888889,10.987276785714286,11.372938988095239,71.78802083333333,70.96653273809524,68.85622023809523,0.37,0.4,0.49,80.10697916666666,103.50331845238095,117.01431547619048,23070.809999999998,69554.23,157267.24,0.3476041666666667,2.048333333333334,7.197291666666667,12.876666666666667,0.49,170818.37
2425,2025-01-15,B44,B,4,4,137616.0,178088.0,178088.0,2.0,4.0,0.0,2.0,1.0,0.0,96,8.561458333333333,1.9,14.4,8.645208333333334,9.85375,66.91677083333333,0.0,2.7433333333333336,68.26197916666666,6553.15,2.3289583333333335,0.0,9.636354166666667,8.893482142857142,9.09999255952381,11.14826388888889,10.987276785714286,11.372938988095239,71.78802083333333,70.96653273809524,68.85622023809523,0.37,0.4,0.49,80.10697916666666,103.50331845238095,117.01431547619048,23070.809999999998,69554.23,157267.24,0.3476041666666667,2.048333333333334,7.197291666666667,12.876666666666667,0.49,170818.37
2425,2025-01-15,B45,B,4,5,236338.0,305201.0,305201.0,0.0,2.0,0.0,0.0,1.0,0.0,96,8.561458333333333,1.9,14.4,8.645208333333334,9.85375,66.91677083333333,0.0,2.7433333333333336,68.26197916666666,6553.15,2.3289583333333335,0.0,9.636354166666667,8.893482142857142,9.09999255952381,11.14826388888889,10.987276785714286,11.372938988095239,71.78802083333333,70.96653273809524,68.85622023809523,0.37,0.4,0.49,80.10697916666666,103.50331845238095,117.01431547619048,23070.809999999998,69554.23,157267.24,0.3476041666666667,2.048333333333334,7.197291666666667,12.876666666666667,0.49,170818.37
2425,2025-01-15,B51,B,5,1,119536.0,159728.0,159728.0,0.0,1.0,0.0,6.0,0.0,0.0,96,8.561458333333333,1.9,14.4,8.645208333333334,9.85375,66.91677083333333,0.0,2.7433333333333336,68.26197916666666,6553.15,2.3289583333333335,0.0,9.636354166666667,8.893482142857142,9.09999255952381,11.14826388888889,10.987276785714286,11.372938988095239,71.78802083333333,70.96653273809524,68.85622023809523,0.37,0.4,0.49,80.10697916666666,103.50331845238095,117.01431547619048,23070.809999999998,69554.23,157267.24,0.3476041666666667,2.048333333333334,7.197291666666667,12.876666666666667,0.49,170818.37
2425,2025-01-15,B52,B,5,2,267808.0,348098.0,348098.0,4.0,3.0,0.0,1.0,0.0,10.0,96,8.561458333333333,1.9,14.4,8.645208333333334,9.85375,66.91677083333333,0.0,2.7433333333333336,68.26197916666666,6553.15,2.3289583333333335,0.0,9.636354166666667,8.893482142857142,9.09999255952381,11.14826388888889,10.987276785714286,11.372938988095239,71.78802083333333,70.96653273809524,68.85622023809523,0.37,0.4,0.49,80.10697916666666,103.50331845238095,117.01431547619048,23070.809999999998,69554.23,157267.24,0.3476041666666667,2.048333333333334,7.197291666666667,12.876666666666667,0.49,170818.37
2425,2025-01-15,B53,B,5,3,240365.0,297720.0,297720.0,1.0,8.0,0.0,1.0,2.0,15.0,96,8.561458333333333,1.9,14.4,8.645208333333334,9.85375,66.91677083333333,0.0,2.7433333333333336,68.26197916666666,6553.15,2.3289583333333335,0.0,9.636354166666667,8.893482142857142,9.09999255952381,11.14826388888889,10.987276785714286,11.372938988095239,71.78802083333333,70.96653273809524,68.85622023809523,0.37,0.4,0.49,80.10697916666666,103.50331845238095,117.01431547619048,23070.809999999998,69554.23,157267.24,0.3476041666666667,2.048333333333334,7.197291666666667,12.876666666666667,0.49,170818.37
2425,2025-01-15,B54,B,5,4,209124.0,274325.0,274325.0,0.0,5.0,0.0,0.0,1.0,20.0,96,8.561458333333333,1.9,14.4,8.645208333333334,9.85375,66.91677083333333,0.0,2.7433333333333336,68.26197916666666,6553.15,2.3289583333333335,0.0,9.636354166666667,8.893482142857142,9.09999255952381,11.14826388888889,10.987276785714286,11.372938988095239,71.78802083333333,70.96653273809524,68.85622023809523,0.37,0.4,0.49,80.10697916666666,103.50331845238095,117.01431547619048,23070.809999999998,69554.23,157267.24,0.3476041666666667,2.048333333333334,7.197291666666667,12.876666666666667,0.49,170818.37
2425,2025-01-15,B55,B,5,5,206307.0,241684.0,241684.0,0.0,5.0,0.0,4.0,0.0,0.0,96,8.561458333333333,1.9,14.4,8.645208333333334,9.85375,66.91677083333333,0.0,2.7433333333333336,68.26197916666666,6553.15,2.3289583333333335,0.0,9.636354166666667,8.893482142857142,9.09999255952381,11.14826388888889,10.987276785714286,11.372938988095239,71.78802083333333,70.96653273809524,68.85622023809523,0.37,0.4,0.49,80.10697916666666,103.50331845238095,117.01431547619048,23070.809999999998,69554.23,157267.24,0.3476041666666667,2.048333333333334,7.197291666666667,12.876666666666667,0.49,170818.37
2425,2025-01-15,M11,M,1,1,208134.0,246356.0,246356.0,0.0,7.0,1.0,2.0,2.0,28.0,96,8.561458333333333,1.9,14.4,8.645208333333334,9.85375,66.91677083333333,0.0,2.7433333333333336,68.26197916666666,6553.15,2.3289583333333335,0.0,9.636354166666667,8.893482142857142,9.09999255952381,11.14826388888889,10.987276785714286,11.372938988095239,71.78802083333333,70.96653273809524,68.85622023809523,0.37,0.4,0.49,80.10697916666666,103.50331845238095,117.01431547619048,23070.809999999998,69554.23,157267.24,0.3476041666666667,2.048333333333334,7.197291666666667,12.876666666666667,0.49,170818.37
2425,2025-01-15,M12,M,1,2,223513.0,253354.0,253354.0,0.0,6.0,0.0,1.0,0.0,34.0,96,8.561458333333333,1.9,14.4,8.645208333333334,9.85375,66.91677083333333,0.0,2.7433333333333336,68.26197916666666,6553.15,2.3289583333333335,0.0,9.636354166666667,8.893482142857142,9.09999255952381,11.14826388888889,10.987276785714286,11.372938988095239,71.78802083333333,70.96653273809524,68.85622023809523,0.37,0.4,0.49,80.10697916666666,103.50331845238095,117.01431547619048,23070.809999999998,69554.23,157267.24,0.3476041666666667,2.048333333333334,7.197291666666667,12.876666666666667,0.49,170818.37
2425,2025-01-15,M13,M,1,3,208608.0,237397.0,237397.0,1.0,12.0,2.0,0.0,2.0,43.0,96,8.561458333333333,1.9,14.4,8.645208333333334,9.85375,66.91677083333333,0.0,2.7433333333333336,68.26197916666666,6553.15,2.3289583333333335,0.0,9.636354166666667,8.893482142857142,9.09999255952381,11.14826388888889,10.987276785714286,11.372938988095239,71.78802083333333,70.96653273809524,68.85622023809523,0.37,0.4,0.49,80.10697916666666,103.50331845238095,117.01431547619048,23070.809999999998,69554.23,157267.24,0.3476041666666667,2.048333333333334,7.197291666666667,12.876666666666667,0.49,170818.37
2425,2025-01-15,M14,M,1,4,144797.0,169641.0,169641.0,0.0,3.0,5.0,0.0,1.0,25.0,96,8.561458333333333,1.9,14.4,8.645208333333334,9.85375,66.91677083333333,0.0,2.7433333333333336,68.26197916666666,6553.15,2.3289583333333335,0.0,9.636354166666667,8.893482142857142,9.09999255952381,11.14826388888889,10.987276785714286,11.372938988095239,71.78802083333333,70.96653273809524,68.85622023809523,0.37,0.4,0.49,80.10697916666666,103.50331845238095,117.01431547619048,23070.809999999998,69554.23,157267.24,0.3476041666666667,2.048333333333334,7.197291666666667,12.876666666666667,0.49,170818.37
2425,2025-01-15,M15,M,1,5,221319.0,272066.0,272066.0,0.0,6.0,0.0,2.0,1.0,23.0,96,8.561458333333333,1.9,14.4,8.645208333333334,9.85375,66.91677083333333,0.0,2.7433333333333336,68.26197916666666,6553.15,2.3289583333333335,0.0,9.636354166666667,8.893482142857142,9.09999255952381,11.14826388888889,10.987276785714286,11.372938988095239,71.78802083333333,70.96653273809524,68.85622023809523,0.37,0.4,0.49,80.10697916666666,103.50331845238095,117.01431547619048,23070.809999999998,69554.23,157267.24,0.3476041666666667,2.048333333333334,7.197291666666667,12.876666666666667,0.49,170818.37
2425,2025-01-15,M21,M,2,1,213267.0,269640.0,269640.0,0.0,9.0,3.0,2.0,2.0,34.0,96,8.561458333333333,1.9,14.4,8.645208333333334,9.85375,66.91677083333333,0.0,2.7433333333333336,68.26197916666666,6553.15,2.3289583333333335,0.0,9.636354166666667,8.893482142857142,9.09999255952381,11.14826388888889,10.987276785714286,11.372938988095239,71.78802083333333,70.96653273809524,68.85622023809523,0.37,0.4,0.49,80.10697916666666,103.50331845238095,117.01431547619048,23070.809999999998,69554.23,157267.24,0.3476041666666667,2.048333333333334,7.197291666666667,12.876666666666667,0.49,170818.37
2425,2025-01-15,M22,M,2,2,202678.0,223190.0,223190.0,0.0,9.0,6.0,3.0,1.0,21.0,96,8.561458333333333,1.9,14.4,8.645208333333334,9.85375,66.91677083333333,0.0,2.7433333333333336,68.26197916666666,6553.15,2.3289583333333335,0.0,9.636354166666667,8.893482142857142,9.09999255952381,11.14826388888889,10.987276785714286,11.372938988095239,71.78802083333333,70.96653273809524,68.85622023809523,0.37,0.4,0.49,80.10697916666666,103.50331845238095,117.01431547619048,23070.809999999998,69554.23,157267.24,0.3476041666666667,2.048333333333334,7.197291666666667,12.876666666666667,0.49,170818.37
2425,2025-01-15,M23,M,2,3,179104.0,189027.0,189027.0,0.0,5.0,0.0,1.0,1.0,13.0,96,8.561458333333333,1.9,14.4,8.645208333333334,9.85375,66.91677083333333,0.0,2.7433333333333336,68.26197916666666,6553.15,2.3289583333333335,0.0,9.636354166666667,8.893482142857142,9.09999255952381,11.14826388888889,10.987276785714286,11.372938988095239,71.78802083333333,70.96653273809524,68.85622023809523,0.37,0.4,0.49,80.10697916666666,103.50331845238095,117.01431547619048,23070.809999999998,69554.23,157267.24,0.3476041666666667,2.048333333333334,7.197291666666667,12.876666666666667,0.49,170818.37
2425,2025-01-15,M24,M,2,4,170660.0,202852.0,202852.0,0.0,8.0,1.0,0.0,0.0,11.0,96,8.561458333333333,1.9,14.4,8.645208333333334,9.85375,66.91677083333333,0.0,2.7433333333333336,68.26197916666666,6553.15,2.3289583333333335,0.0,9.636354166666667,8.893482142857142,9.09999255952381,11.14826388888889,10.987276785714286,11.372938988095239,71.78802083333333,70.96653273809524,68.85622023809523,0.37,0.4,0.49,80.10697916666666,103.50331845238095,117.01431547619048,23070.809999999998,69554.23,157267.24,0.3476041666666667,2.048333333333334,7.197291666666667,12.876666666666667,0.49,170818.37
2425,2025-01-15,M25,M,2,5,163718.0,196614.0,196614.0,0.0,1.0,0.0,7.0,0.0,0.0,96,8.561458333333333,1.9,14.4,8.645208333333334,9.85375,66.91677083333333,0.0,2.7433333333333336,68.26197916666666,6553.15,2.3289583333333335,0.0,9.636354166666667,8.893482142857142,9.09999255952381,11.14826388888889,10.987276785714286,11.372938988095239,71.78802083333333,70.96653273809524,68.85622023809523,0.37,0.4,0.49,80.10697916666666,103.50331845238095,117.01431547619048,23070.809999999998,69554.23,157267.24,0.3476041666666667,2.048333333333334,7.197291666666667,12.876666666666667,0.49,170818.37
2425,2025-01-15,M41,M,4,1,135308.0,188391.0,188391.0,0.0,9.0,0.0,0.0,2.0,0.0,96,8.561458333333333,1.9,14.4,8.645208333333334,9.85375,66.91677083333333,0.0,2.7433333333333336,68.26197916666666,6553.15,2.3289583333333335,0.0,9.636354166666667,8.893482142857142,9.09999255952381,11.14826388888889,10.987276785714286,11.372938988095239,71.78802083333333,70.96653273809524,68.85622023809523,0.37,0.4,0.49,80.10697916666666,103.50331845238095,117.01431547619048,23070.809999999998,69554.23,157267.24,0.3476041666666667,2.048333333333334,7.197291666666667,12.876666666666667,0.49,170818.37
2425,2025-01-15,M42,M,4,2,148327.0,207217.0,207217.0,0.0,10.0,0.0,3.0,1.0,0.0,96,8.561458333333333,1.9,14.4,8.645208333333334,9.85375,66.91677083333333,0.0,2.7433333333333336,68.26197916666666,6553.15,2.3289583333333335,0.0,9.636354166666667,8.893482142857142,9.09999255952381,11.14826388888889,10.987276785714286,11.372938988095239,71.78802083333333,70.96653273809524,68.85622023809523,0.37,0.4,0.49,80.10697916666666,103.50331845238095,117.01431547619048,23070.809999999998,69554.23,157267.24,0.3476041666666667,2.048333333333334,7.197291666666667,12.876666666666667,0.49,170818.37
2425,2025-01-15,M43,M,4,3,166466.0,236887.0,236887.0,0.0,1.0,0.0,1.0,0.0,14.0,96,8.561458333333333,1.9,14.4,8.645208333333334,9.85375,66.91677083333333,0.0,2.7433333333333336,68.26197916666666,6553.15,2.3289583333333335,0.0,9.636354166666667,8.893482142857142,9.09999255952381,11.14826388888889,10.987276785714286,11.372938988095239,71.78802083333333,70.96653273809524,68.85622023809523,0.37,0.4,0.49,80.10697916666666,103.50331845238095,117.01431547619048,23070.809999999998,69554.23,157267.24,0.3476041666666667,2.048333333333334,7.197291666666667,12.876666666666667,0.49,170818.37
2425,2025-01-15,M44,M,4,4,328674.0,434951.0,434951.0,0.0,3.0,1.0,4.0,1.0,32.0,96,8.561458333333333,1.9,14.4,8.645208333333334,9.85375,66.91677083333333,0.0,2.7433333333333336,68.26197916666666,6553.15,2.3289583333333335,0.0,9.636354166666667,8.893482142857142,9.09999255952381,11.14826388888889,10.987276785714286,11.372938988095239,71.78802083333333,70.96653273809524,68.85622023809523,0.37,0.4,0.49,80.10697916666666,103.50331845238095,117.01431547619048,23070.809999999998,69554.23,157267.24,0.3476041666666667,2.048333333333334,7.197291666666667,12.876666666666667,0.49,170818.37
2425,2025-01-15,M45,M,4,5,195859.0,258066.0,258066.0,0.0,4.0,0.0,0.0,0.0,12.0,96,8.561458333333333,1.9,14.4,8.645208333333334,9.85375,66.91677083333333,0.0,2.7433333333333336,68.26197916666666,6553.15,2.3289583333333335,0.0,9.636354166666667,8.893482142857142,9.09999255952381,11.14826388888889,10.987276785714286,11.372938988095239,71.78802083333333,70.96653273809524,68.85622023809523,0.37,0.4,0.49,80.10697916666666,103.50331845238095,117.01431547619048,23070.809999999998,69554.23,157267.24,0.3476041666666667,2.048333333333334,7.197291666666667,12.876666666666667,0.49,170818.37
2425,2025-01-15,M51,M,5,1,254875.0,306737.0,306737.0,0.0,9.0,0.0,2.0,0.0,3.0,96,8.561458333333333,1.9,14.4,8.645208333333334,9.85375,66.91677083333333,0.0,2.7433333333333336,68.26197916666666,6553.15,2.3289583333333335,0.0,9.636354166666667,8.893482142857142,9.09999255952381,11.14826388888889,10.987276785714286,11.372938988095239,71.78802083333333,70.96653273809524,68.85622023809523,0.37,0.4,0.49,80.10697916666666,103.50331845238095,117.01431547619048,23070.809999999998,69554.23,157267.24,0.3476041666666667,2.048333333333334,7.197291666666667,12.876666666666667,0.49,170818.37
2425,2025-01-15,M52,M,5,2,175760.0,225636.0,225636.0,0.0,8.0,0.0,0.0,0.0,0.0,96,8.561458333333333,1.9,14.4,8.645208333333334,9.85375,66.91677083333333,0.0,2.7433333333333336,68.26197916666666,6553.15,2.3289583333333335,0.0,9.636354166666667,8.893482142857142,9.09999255952381,11.14826388888889,10.987276785714286,11.372938988095239,71.78802083333333,70.96653273809524,68.85622023809523,0.37,0.4,0.49,80.10697916666666,103.50331845238095,117.01431547619048,23070.809999999998,69554.23,157267.24,0.3476041666666667,2.048333333333334,7.197291666666667,12.876666666666667,0.49,170818.37
2425,2025-01-15,M53,M,5,3,279758.0,365141.0,365141.0,0.0,1.0,3.0,0.0,1.0,51.0,96,8.561458333333333,1.9,14.4,8.645208333333334,9.85375,66.91677083333333,0.0,2.7433333333333336,68.26197916666666,6553.15,2.3289583333333335,0.0,9.636354166666667,8.893482142857142,9.09999255952381,11.14826388888889,10.987276785714286,11.372938988095239,71.78802083333333,70.96653273809524,68.85622023809523,0.37,0.4,0.49,80.10697916666666,103.50331845238095,117.01431547619048,23070.809999999998,69554.23,157267.24,0.3476041666666667,2.048333333333334,7.197291666666667,12.876666666666667,0.49,170818.37
2425,2025-01-15,M54,M,5,4,199693.0,240884.0,240884.0,0.0,4.0,0.0,0.0,0.0,0.0,96,8.561458333333333,1.9,14.4,8.645208333333334,9.85375,66.91677083333333,0.0,2.7433333333333336,68.26197916666666,6553.15,2.3289583333333335,0.0,9.636354166666667,8.893482142857142,9.09999255952381,11.14826388888889,10.987276785714286,11.372938988095239,71.78802083333333,70.96653273809524,68.85622023809523,0.37,0.4,0.49,80.10697916666666,103.50331845238095,117.01431547619048,23070.809999999998,69554.23,157267.24,0.3476041666666667,2.048333333333334,7.197291666666667,12.876666666666667,0.49,170818.37
2425,2025-01-15,M55,M,5,5,201903.0,258461.0,258461.0,0.0,4.0,0.0,0.0,1.0,0.0,96,8.561458333333333,1.9,14.4,8.645208333333334,9.85375,66.91677083333333,0.0,2.7433333333333336,68.26197916666666,6553.15,2.3289583333333335,0.0,9.636354166666667,8.893482142857142,9.09999255952381,11.14826388888889,10.987276785714286,11.372938988095239,71.78802083333333,70.96653273809524,68.85622023809523,0.37,0.4,0.49,80.10697916666666,103.50331845238095,117.01431547619048,23070.809999999998,69554.23,157267.24,0.3476041666666667,2.048333333333334,7.197291666666667,12.876666666666667,0.49,170818.37
2425,2025-01-24,B11,B,1,1,57540.0,67947.0,67947.0,0.0,5.0,0.0,0.0,0.0,8.0,96,5.2790625,-1.52,12.93,5.436041666666667,7.218958333333333,53.24302083333333,0.0,5.271458333333333,152.44979166666667,14635.18,-4.171458333333333,0.0,4.36,8.432797619047617,8.973690476190475,6.933090277777777,10.506681547619047,10.909903273809523,70.58760416666667,74.32239583333333,73.75555803571429,0.47,2.13,2.5600000000000005,93.41087828947367,87.6885900689223,94.4654334273183,26826.729999999996,58744.68,126779.48999999999,0.0,14.915520833333332,16.36239583333333,28.054895833333333,2.6500000000000004,254683.15999999997
2425,2025-01-24,B12,B,1,2,141570.0,176588.0,176588.0,0.0,0.0,1.0,0.0,0.0,3.0,96,5.2790625,-1.52,12.93,5.436041666666667,7.218958333333333,53.24302083333333,0.0,5.271458333333333,152.44979166666667,14635.18,-4.171458333333333,0.0,4.36,8.432797619047617,8.973690476190475,6.933090277777777,10.506681547619047,10.909903273809523,70.58760416666667,74.32239583333333,73.75555803571429,0.47,2.13,2.5600000000000005,93.41087828947367,87.6885900689223,94.4654334273183,26826.729999999996,58744.68,126779.48999999999,0.0,14.915520833333332,16.36239583333333,28.054895833333333,2.6500000000000004,254683.15999999997
2425,2025-01-24,B13,B,1,3,220842.0,296548.0,296548.0,0.0,9.0,0.0,1.0,1.0,14.0,96,5.2790625,-1.52,12.93,5.436041666666667,7.218958333333333,53.24302083333333,0.0,5.271458333333333,152.44979166666667,14635.18,-4.171458333333333,0.0,4.36,8.432797619047617,8.973690476190475,6.933090277777777,10.506681547619047,10.909903273809523,70.58760416666667,74.32239583333333,73.75555803571429,0.47,2.13,2.5600000000000005,93.41087828947367,87.6885900689223,94.4654334273183,26826.729999999996,58744.68,126779.48999999999,0.0,14.915520833333332,16.36239583333333,28.054895833333333,2.6500000000000004,254683.15999999997
2425,2025-01-24,B14,B,1,4,163186.0,197925.0,197925.0,0.0,1.0,0.0,0.0,0.0,5.0,96,5.2790625,-1.52,12.93,5.436041666666667,7.218958333333333,53.24302083333333,0.0,5.271458333333333,152.44979166666667,14635.18,-4.171458333333333,0.0,4.36,8.432797619047617,8.973690476190475,6.933090277777777,10.506681547619047,10.909903273809523,70.58760416666667,74.32239583333333,73.75555803571429,0.47,2.13,2.5600000000000005,93.41087828947367,87.6885900689223,94.4654334273183,26826.729999999996,58744.68,126779.48999999999,0.0,14.915520833333332,16.36239583333333,28.054895833333333,2.6500000000000004,254683.15999999997
2425,2025-01-24,B15,B,1,5,239694.0,302648.0,302648.0,0.0,2.0,4.0,2.0,1.0,11.0,96,5.2790625,-1.52,12.93,5.436041666666667,7.218958333333333,53.24302083333333,0.0,5.271458333333333,152.44979166666667,14635.18,-4.171458333333333,0.0,4.36,8.432797619047617,8.973690476190475,6.933090277777777,10.506681547619047,10.909903273809523,70.58760416666667,74.32239583333333,73.75555803571429,0.47,2.13,2.5600000000000005,93.41087828947367,87.6885900689223,94.4654334273183,26826.729999999996,58744.68,126779.48999999999,0.0,14.915520833333332,16.36239583333333,28.054895833333333,2.6500000000000004,254683.15999999997
2425,2025-01-24,B21,B,2,1,174942.0,194837.0,194837.0,0.0,1.0,0.0,0.0,1.0,0.0,96,5.2790625,-1.52,12.93,5.436041666666667,7.218958333333333,53.24302083333333,0.0,5.271458333333333,152.44979166666667,14635.18,-4.171458333333333,0.0,4.36,8.432797619047617,8.973690476190475,6.933090277777777,10.506681547619047,10.909903273809523,70.58760416666667,74.32239583333333,73.75555803571429,0.47,2.13,2.5600000000000005,93.41087828947367,87.6885900689223,94.4654334273183,26826.729999999996,58744.68,126779.48999999999,0.0,14.915520833333332,16.36239583333333,28.054895833333333,2.6500000000000004,254683.15999999997
2425,2025-01-24,B22,B,2,2,135581.0,148485.0,148485.0,0.0,3.0,0.0,0.0,0.0,0.0,96,5.2790625,-1.52,12.93,5.436041666666667,7.218958333333333,53.24302083333333,0.0,5.271458333333333,152.44979166666667,14635.18,-4.171458333333333,0.0,4.36,8.432797619047617,8.973690476190475,6.933090277777777,10.506681547619047,10.909903273809523,70.58760416666667,74.32239583333333,73.75555803571429,0.47,2.13,2.5600000000000005,93.41087828947367,87.6885900689223,94.4654334273183,26826.729999999996,58744.68,126779.48999999999,0.0,14.915520833333332,16.36239583333333,28.054895833333333,2.6500000000000004,254683.15999999997
2425,2025-01-24,B23,B,2,3,232130.0,268843.0,268843.0,0.0,3.0,0.0,7.0,0.0,0.0,96,5.2790625,-1.52,12.93,5.436041666666667,7.218958333333333,53.24302083333333,0.0,5.271458333333333,152.44979166666667,14635.18,-4.171458333333333,0.0,4.36,8.432797619047617,8.973690476190475,6.933090277777777,10.506681547619047,10.909903273809523,70.58760416666667,74.32239583333333,73.75555803571429,0.47,2.13,2.5600000000000005,93.41087828947367,87.6885900689223,94.4654334273183,26826.729999999996,58744.68,126779.48999999999,0.0,14.915520833333332,16.36239583333333,28.054895833333333,2.6500000000000004,254683.15999999997
2425,2025-01-24,B24,B,2,4,252312.0,284892.0,284892.0,0.0,3.0,1.0,0.0,2.0,0.0,96,5.2790625,-1.52,12.93,5.436041666666667,7.218958333333333,53.24302083333333,0.0,5.271458333333333,152.44979166666667,14635.18,-4.171458333333333,0.0,4.36,8.432797619047617,8.973690476190475,6.933090277777777,10.506681547619047,10.909903273809523,70.58760416666667,74.32239583333333,73.75555803571429,0.47,2.13,2.5600000000000005,93.41087828947367,87.6885900689223,94.4654334273183,26826.729999999996,58744.68,126779.48999999999,0.0,14.915520833333332,16.36239583333333,28.054895833333333,2.6500000000000004,254683.15999999997
2425,2025-01-24,B25,B,2,5,153608.0,175638.0,175638.0,0.0,6.0,0.0,0.0,3.0,0.0,96,5.2790625,-1.52,12.93,5.436041666666667,7.218958333333333,53.24302083333333,0.0,5.271458333333333,152.44979166666667,14635.18,-4.171458333333333,0.0,4.36,8.432797619047617,8.973690476190475,6.933090277777777,10.506681547619047,10.909903273809523,70.58760416666667,74.32239583333333,73.75555803571429,0.47,2.13,2.5600000000000005,93.41087828947367,87.6885900689223,94.4654334273183,26826.729999999996,58744.68,126779.48999999999,0.0,14.915520833333332,16.36239583333333,28.054895833333333,2.6500000000000004,254683.15999999997
2425,2025-01-24,B41,B,4,1,253703.0,286295.0,286295.0,0.0,7.0,0.0,0.0,1.0,0.0,96,5.2790625,-1.52,12.93,5.436041666666667,7.218958333333333,53.24302083333333,0.0,5.271458333333333,152.44979166666667,14635.18,-4.171458333333333,0.0,4.36,8.432797619047617,8.973690476190475,6.933090277777777,10.506681547619047,10.909903273809523,70.58760416666667,74.32239583333333,73.75555803571429,0.47,2.13,2.5600000000000005,93.41087828947367,87.6885900689223,94.4654334273183,26826.729999999996,58744.68,126779.48999999999,0.0,14.915520833333332,16.36239583333333,28.054895833333333,2.6500000000000004,254683.15999999997
2425,2025-01-24,B42,B,4,2,106948.0,118304.0,118304.0,0.0,1.0,0.0,2.0,0.0,11.0,96,5.2790625,-1.52,12.93,5.436041666666667,7.218958333333333,53.24302083333333,0.0,5.271458333333333,152.44979166666667,14635.18,-4.171458333333333,0.0,4.36,8.432797619047617,8.973690476190475,6.933090277777777,10.506681547619047,10.909903273809523,70.58760416666667,74.32239583333333,73.75555803571429,0.47,2.13,2.5600000000000005,93.41087828947367,87.6885900689223,94.4654334273183,26826.729999999996,58744.68,126779.48999999999,0.0,14.915520833333332,16.36239583333333,28.054895833333333,2.6500000000000004,254683.15999999997
2425,2025-01-24,B43,B,4,3,81877.0,92039.0,92039.0,0.0,1.0,0.0,1.0,0.0,0.0,96,5.2790625,-1.52,12.93,5.436041666666667,7.218958333333333,53.24302083333333,0.0,5.271458333333333,152.44979166666667,14635.18,-4.171458333333333,0.0,4.36,8.432797619047617,8.973690476190475,6.933090277777777,10.506681547619047,10.909903273809523,70.58760416666667,74.32239583333333,73.75555803571429,0.47,2.13,2.5600000000000005,93.41087828947367,87.6885900689223,94.4654334273183,26826.729999999996,58744.68,126779.48999999999,0.0,14.915520833333332,16.36239583333333,28.054895833333333,2.6500000000000004,254683.15999999997
2425,2025-01-24,B44,B,4,4,134354.0,156088.0,156088.0,0.0,1.0,0.0,0.0,0.0,0.0,96,5.2790625,-1.52,12.93,5.436041666666667,7.218958333333333,53.24302083333333,0.0,5.271458333333333,152.44979166666667,14635.18,-4.171458333333333,0.0,4.36,8.432797619047617,8.973690476190475,6.933090277777777,10.506681547619047,10.909903273809523,70.58760416666667,74.32239583333333,73.75555803571429,0.47,2.13,2.5600000000000005,93.41087828947367,87.6885900689223,94.4654334273183,26826.729999999996,58744.68,126779.48999999999,0.0,14.915520833333332,16.36239583333333,28.054895833333333,2.6500000000000004,254683.15999999997
2425,2025-01-24,B45,B,4,5,66474.0,75801.0,75801.0,0.0,4.0,0.0,0.0,0.0,6.0,96,5.2790625,-1.52,12.93,5.436041666666667,7.218958333333333,53.24302083333333,0.0,5.271458333333333,152.44979166666667,14635.18,-4.171458333333333,0.0,4.36,8.432797619047617,8.973690476190475,6.933090277777777,10.506681547619047,10.909903273809523,70.58760416666667,74.32239583333333,73.75555803571429,0.47,2.13,2.5600000000000005,93.41087828947367,87.6885900689223,94.4654334273183,26826.729999999996,58744.68,126779.48999999999,0.0,14.915520833333332,16.36239583333333,28.054895833333333,2.6500000000000004,254683.15999999997
2425,2025-01-24,B51,B,5,1,132871.0,148368.0,148368.0,0.0,3.0,0.0,0.0,0.0,0.0,96,5.2790625,-1.52,12.93,5.436041666666667,7.218958333333333,53.24302083333333,0.0,5.271458333333333,152.44979166666667,14635.18,-4.171458333333333,0.0,4.36,8.432797619047617,8.973690476190475,6.933090277777777,10.506681547619047,10.909903273809523,70.58760416666667,74.32239583333333,73.75555803571429,0.47,2.13,2.5600000000000005,93.41087828947367,87.6885900689223,94.4654334273183,26826.729999999996,58744.68,126779.48999999999,0.0,14.915520833333332,16.36239583333333,28.054895833333333,2.6500000000000004,254683.15999999997
2425,2025-01-24,B52,B,5,2,294266.0,341034.0,341034.0,0.0,10.0,0.0,0.0,2.0,0.0,96,5.2790625,-1.52,12.93,5.436041666666667,7.218958333333333,53.24302083333333,0.0,5.271458333333333,152.44979166666667,14635.18,-4.171458333333333,0.0,4.36,8.432797619047617,8.973690476190475,6.933090277777777,10.506681547619047,10.909903273809523,70.58760416666667,74.32239583333333,73.75555803571429,0.47,2.13,2.5600000000000005,93.41087828947367,87.6885900689223,94.4654334273183,26826.729999999996,58744.68,126779.48999999999,0.0,14.915520833333332,16.36239583333333,28.054895833333333,2.6500000000000004,254683.15999999997
2425,2025-01-24,B53,B,5,3,212159.0,247098.0,247098.0,0.0,11.0,0.0,0.0,2.0,0.0,96,5.2790625,-1.52,12.93,5.436041666666667,7.218958333333333,53.24302083333333,0.0,5.271458333333333,152.44979166666667,14635.18,-4.171458333333333,0.0,4.36,8.432797619047617,8.973690476190475,6.933090277777777,10.506681547619047,10.909903273809523,70.58760416666667,74.32239583333333,73.75555803571429,0.47,2.13,2.5600000000000005,93.41087828947367,87.6885900689223,94.4654334273183,26826.729999999996,58744.68,126779.48999999999,0.0,14.915520833333332,16.36239583333333,28.054895833333333,2.6500000000000004,254683.15999999997
2425,2025-01-24,B54,B,5,4,165594.0,192036.0,192036.0,0.0,4.0,1.0,5.0,0.0,0.0,96,5.2790625,-1.52,12.93,5.436041666666667,7.218958333333333,53.24302083333333,0.0,5.271458333333333,152.44979166666667,14635.18,-4.171458333333333,0.0,4.36,8.432797619047617,8.973690476190475,6.933090277777777,10.506681547619047,10.909903273809523,70.58760416666667,74.32239583333333,73.75555803571429,0.47,2.13,2.5600000000000005,93.41087828947367,87.6885900689223,94.4654334273183,26826.729999999996,58744.68,126779.48999999999,0.0,14.915520833333332,16.36239583333333,28.054895833333333,2.6500000000000004,254683.15999999997
2425,2025-01-24,B55,B,5,5,226640.0,257322.0,257322.0,0.0,3.0,0.0,0.0,0.0,0.0,96,5.2790625,-1.52,12.93,5.436041666666667,7.218958333333333,53.24302083333333,0.0,5.271458333333333,152.44979166666667,14635.18,-4.171458333333333,0.0,4.36,8.432797619047617,8.973690476190475,6.933090277777777,10.506681547619047,10.909903273809523,70.58760416666667,74.32239583333333,73.75555803571429,0.47,2.13,2.5600000000000005,93.41087828947367,87.6885900689223,94.4654334273183,26826.729999999996,58744.68,126779.48999999999,0.0,14.915520833333332,16.36239583333333,28.054895833333333,2.6500000000000004,254683.15999999997
2425,2025-01-24,M11,M,1,1,181744.0,219377.0,219377.0,0.0,1.0,0.0,1.0,0.0,0.0,96,5.2790625,-1.52,12.93,5.436041666666667,7.218958333333333,53.24302083333333,0.0,5.271458333333333,152.44979166666667,14635.18,-4.171458333333333,0.0,4.36,8.432797619047617,8.973690476190475,6.933090277777777,10.506681547619047,10.909903273809523,70.58760416666667,74.32239583333333,73.75555803571429,0.47,2.13,2.5600000000000005,93.41087828947367,87.6885900689223,94.4654334273183,26826.729999999996,58744.68,126779.48999999999,0.0,14.915520833333332,16.36239583333333,28.054895833333333,2.6500000000000004,254683.15999999997
2425,2025-01-24,M12,M,1,2,307458.0,389352.0,389352.0,0.0,5.0,0.0,0.0,0.0,0.0,96,5.2790625,-1.52,12.93,5.436041666666667,7.218958333333333,53.24302083333333,0.0,5.271458333333333,152.44979166666667,14635.18,-4.171458333333333,0.0,4.36,8.432797619047617,8.973690476190475,6.933090277777777,10.506681547619047,10.909903273809523,70.58760416666667,74.32239583333333,73.75555803571429,0.47,2.13,2.5600000000000005,93.41087828947367,87.6885900689223,94.4654334273183,26826.729999999996,58744.68,126779.48999999999,0.0,14.915520833333332,16.36239583333333,28.054895833333333,2.6500000000000004,254683.15999999997
2425,2025-01-24,M13,M,1,3,220673.0,276253.0,276253.0,1.0,5.0,1.0,2.0,0.0,0.0,96,5.2790625,-1.52,12.93,5.436041666666667,7.218958333333333,53.24302083333333,0.0,5.271458333333333,152.44979166666667,14635.18,-4.171458333333333,0.0,4.36,8.432797619047617,8.973690476190475,6.933090277777777,10.506681547619047,10.909903273809523,70.58760416666667,74.32239583333333,73.75555803571429,0.47,2.13,2.5600000000000005,93.41087828947367,87.6885900689223,94.4654334273183,26826.729999999996,58744.68,126779.48999999999,0.0,14.915520833333332,16.36239583333333,28.054895833333333,2.6500000000000004,254683.15999999997
2425,2025-01-24,M14,M,1,4,175539.0,217735.0,217735.0,0.0,3.0,0.0,0.0,0.0,3.0,96,5.2790625,-1.52,12.93,5.436041666666667,7.218958333333333,53.24302083333333,0.0,5.271458333333333,152.44979166666667,14635.18,-4.171458333333333,0.0,4.36,8.432797619047617,8.973690476190475,6.933090277777777,10.506681547619047,10.909903273809523,70.58760416666667,74.32239583333333,73.75555803571429,0.47,2.13,2.5600000000000005,93.41087828947367,87.6885900689223,94.4654334273183,26826.729999999996,58744.68,126779.48999999999,0.0,14.915520833333332,16.36239583333333,28.054895833333333,2.6500000000000004,254683.15999999997
2425,2025-01-24,M15,M,1,5,185774.0,202439.0,202439.0,0.0,3.0,1.0,0.0,1.0,7.0,96,5.2790625,-1.52,12.93,5.436041666666667,7.218958333333333,53.24302083333333,0.0,5.271458333333333,152.44979166666667,14635.18,-4.171458333333333,0.0,4.36,8.432797619047617,8.973690476190475,6.933090277777777,10.506681547619047,10.909903273809523,70.58760416666667,74.32239583333333,73.75555803571429,0.47,2.13,2.5600000000000005,93.41087828947367,87.6885900689223,94.4654334273183,26826.729999999996,58744.68,126779.48999999999,0.0,14.915520833333332,16.36239583333333,28.054895833333333,2.6500000000000004,254683.15999999997
2425,2025-01-24,M21,M,2,1,198970.0,220437.0,220437.0,0.0,0.0,0.0,0.0,3.0,0.0,96,5.2790625,-1.52,12.93,5.436041666666667,7.218958333333333,53.24302083333333,0.0,5.271458333333333,152.44979166666667,14635.18,-4.171458333333333,0.0,4.36,8.432797619047617,8.973690476190475,6.933090277777777,10.506681547619047,10.909903273809523,70.58760416666667,74.32239583333333,73.75555803571429,0.47,2.13,2.5600000000000005,93.41087828947367,87.6885900689223,94.4654334273183,26826.729999999996,58744.68,126779.48999999999,0.0,14.915520833333332,16.36239583333333,28.054895833333333,2.6500000000000004,254683.15999999997
2425,2025-01-24,M22,M,2,2,200199.0,212730.0,212730.0,0.0,2.0,3.0,1.0,2.0,15.0,96,5.2790625,-1.52,12.93,5.436041666666667,7.218958333333333,53.24302083333333,0.0,5.271458333333333,152.44979166666667,14635.18,-4.171458333333333,0.0,4.36,8.432797619047617,8.973690476190475,6.933090277777777,10.506681547619047,10.909903273809523,70.58760416666667,74.32239583333333,73.75555803571429,0.47,2.13,2.5600000000000005,93.41087828947367,87.6885900689223,94.4654334273183,26826.729999999996,58744.68,126779.48999999999,0.0,14.915520833333332,16.36239583333333,28.054895833333333,2.6500000000000004,254683.15999999997
2425,2025-01-24,M23,M,2,3,215694.0,247795.0,247795.0,0.0,1.0,0.0,1.0,1.0,10.0,96,5.2790625,-1.52,12.93,5.436041666666667,7.218958333333333,53.24302083333333,0.0,5.271458333333333,152.44979166666667,14635.18,-4.171458333333333,0.0,4.36,8.432797619047617,8.973690476190475,6.933090277777777,10.506681547619047,10.909903273809523,70.58760416666667,74.32239583333333,73.75555803571429,0.47,2.13,2.5600000000000005,93.41087828947367,87.6885900689223,94.4654334273183,26826.729999999996,58744.68,126779.48999999999,0.0,14.915520833333332,16.36239583333333,28.054895833333333,2.6500000000000004,254683.15999999997
2425,2025-01-24,M24,M,2,4,125626.0,139869.0,139869.0,0.0,0.0,0.0,2.0,1.0,0.0,96,5.2790625,-1.52,12.93,5.436041666666667,7.218958333333333,53.24302083333333,0.0,5.271458333333333,152.44979166666667,14635.18,-4.171458333333333,0.0,4.36,8.432797619047617,8.973690476190475,6.933090277777777,10.506681547619047,10.909903273809523,70.58760416666667,74.32239583333333,73.75555803571429,0.47,2.13,2.5600000000000005,93.41087828947367,87.6885900689223,94.4654334273183,26826.729999999996,58744.68,126779.48999999999,0.0,14.915520833333332,16.36239583333333,28.054895833333333,2.6500000000000004,254683.15999999997
2425,2025-01-24,M25,M,2,5,212103.0,251065.0,251065.0,1.0,16.0,0.0,1.0,0.0,8.0,96,5.2790625,-1.52,12.93,5.436041666666667,7.218958333333333,53.24302083333333,0.0,5.271458333333333,152.44979166666667,14635.18,-4.171458333333333,0.0,4.36,8.432797619047617,8.973690476190475,6.933090277777777,10.506681547619047,10.909903273809523,70.58760416666667,74.32239583333333,73.75555803571429,0.47,2.13,2.5600000000000005,93.41087828947367,87.6885900689223,94.4654334273183,26826.729999999996,58744.68,126779.48999999999,0.0,14.915520833333332,16.36239583333333,28.054895833333333,2.6500000000000004,254683.15999999997
2425,2025-01-24,M41,M,4,1,141546.0,169386.0,169386.0,0.0,2.0,0.0,1.0,1.0,0.0,96,5.2790625,-1.52,12.93,5.436041666666667,7.218958333333333,53.24302083333333,0.0,5.271458333333333,152.44979166666667,14635.18,-4.171458333333333,0.0,4.36,8.432797619047617,8.973690476190475,6.933090277777777,10.506681547619047,10.909903273809523,70.58760416666667,74.32239583333333,73.75555803571429,0.47,2.13,2.5600000000000005,93.41087828947367,87.6885900689223,94.4654334273183,26826.729999999996,58744.68,126779.48999999999,0.0,14.915520833333332,16.36239583333333,28.054895833333333,2.6500000000000004,254683.15999999997
2425,2025-01-24,M42,M,4,2,123335.0,143255.0,143255.0,0.0,2.0,0.0,1.0,0.0,0.0,96,5.2790625,-1.52,12.93,5.436041666666667,7.218958333333333,53.24302083333333,0.0,5.271458333333333,152.44979166666667,14635.18,-4.171458333333333,0.0,4.36,8.432797619047617,8.973690476190475,6.933090277777777,10.506681547619047,10.909903273809523,70.58760416666667,74.32239583333333,73.75555803571429,0.47,2.13,2.5600000000000005,93.41087828947367,87.6885900689223,94.4654334273183,26826.729999999996,58744.68,126779.48999999999,0.0,14.915520833333332,16.36239583333333,28.054895833333333,2.6500000000000004,254683.15999999997
2425,2025-01-24,M43,M,4,3,189280.0,218551.0,218551.0,0.0,1.0,0.0,2.0,0.0,0.0,96,5.2790625,-1.52,12.93,5.436041666666667,7.218958333333333,53.24302083333333,0.0,5.271458333333333,152.44979166666667,14635.18,-4.171458333333333,0.0,4.36,8.432797619047617,8.973690476190475,6.933090277777777,10.506681547619047,10.909903273809523,70.58760416666667,74.32239583333333,73.75555803571429,0.47,2.13,2.5600000000000005,93.41087828947367,87.6885900689223,94.4654334273183,26826.729999999996,58744.68,126779.48999999999,0.0,14.915520833333332,16.36239583333333,28.054895833333333,2.6500000000000004,254683.15999999997
2425,2025-01-24,M44,M,4,4,260765.0,325292.0,325292.0,0.0,4.0,1.0,3.0,0.0,0.0,96,5.2790625,-1.52,12.93,5.436041666666667,7.218958333333333,53.24302083333333,0.0,5.271458333333333,152.44979166666667,14635.18,-4.171458333333333,0.0,4.36,8.432797619047617,8.973690476190475,6.933090277777777,10.506681547619047,10.909903273809523,70.58760416666667,74.32239583333333,73.75555803571429,0.47,2.13,2.5600000000000005,93.41087828947367,87.6885900689223,94.4654334273183,26826.729999999996,58744.68,126779.48999999999,0.0,14.915520833333332,16.36239583333333,28.054895833333333,2.6500000000000004,254683.15999999997
2425,2025-01-24,M45,M,4,5,128636.0,151908.0,151908.0,0.0,1.0,0.0,0.0,0.0,0.0,96,5.2790625,-1.52,12.93,5.436041666666667,7.218958333333333,53.24302083333333,0.0,5.271458333333333,152.44979166666667,14635.18,-4.171458333333333,0.0,4.36,8.432797619047617,8.973690476190475,6.933090277777777,10.506681547619047,10.909903273809523,70.58760416666667,74.32239583333333,73.75555803571429,0.47,2.13,2.5600000000000005,93.41087828947367,87.6885900689223,94.4654334273183,26826.729999999996,58744.68,126779.48999999999,0.0,14.915520833333332,16.36239583333333,28.054895833333333,2.6500000000000004,254683.15999999997
2425,2025-01-24,M51,M,5,1,266131.0,318421.0,318421.0,0.0,3.0,0.0,0.0,0.0,0.0,96,5.2790625,-1.52,12.93,5.436041666666667,7.218958333333333,53.24302083333333,0.0,5.271458333333333,152.44979166666667,14635.18,-4.171458333333333,0.0,4.36,8.432797619047617,8.973690476190475,6.933090277777777,10.506681547619047,10.909903273809523,70.58760416666667,74.32239583333333,73.75555803571429,0.47,2.13,2.5600000000000005,93.41087828947367,87.6885900689223,94.4654334273183,26826.729999999996,58744.68,126779.48999999999,0.0,14.915520833333332,16.36239583333333,28.054895833333333,2.6500000000000004,254683.15999999997
2425,2025-01-24,M52,M,5,2,211589.0,252440.0,252440.0,0.0,1.0,0.0,0.0,0.0,0.0,96,5.2790625,-1.52,12.93,5.436041666666667,7.218958333333333,53.24302083333333,0.0,5.271458333333333,152.44979166666667,14635.18,-4.171458333333333,0.0,4.36,8.432797619047617,8.973690476190475,6.933090277777777,10.506681547619047,10.909903273809523,70.58760416666667,74.32239583333333,73.75555803571429,0.47,2.13,2.5600000000000005,93.41087828947367,87.6885900689223,94.4654334273183,26826.729999999996,58744.68,126779.48999999999,0.0,14.915520833333332,16.36239583333333,28.054895833333333,2.6500000000000004,254683.15999999997
2425,2025-01-24,M53,M,5,3,283947.0,351716.0,351716.0,0.0,1.0,0.0,6.0,0.0,0.0,96,5.2790625,-1.52,12.93,5.436041666666667,7.218958333333333,53.24302083333333,0.0,5.271458333333333,152.44979166666667,14635.18,-4.171458333333333,0.0,4.36,8.432797619047617,8.973690476190475,6.933090277777777,10.506681547619047,10.909903273809523,70.58760416666667,74.32239583333333,73.75555803571429,0.47,2.13,2.5600000000000005,93.41087828947367,87.6885900689223,94.4654334273183,26826.729999999996,58744.68,126779.48999999999,0.0,14.915520833333332,16.36239583333333,28.054895833333333,2.6500000000000004,254683.15999999997
2425,2025-01-24,M54,M,5,4,186997.0,231762.0,231762.0,0.0,0.0,0.0,0.0,0.0,0.0,96,5.2790625,-1.52,12.93,5.436041666666667,7.218958333333333,53.24302083333333,0.0,5.271458333333333,152.44979166666667,14635.18,-4.171458333333333,0.0,4.36,8.432797619047617,8.973690476190475,6.933090277777777,10.506681547619047,10.909903273809523,70.58760416666667,74.32239583333333,73.75555803571429,0.47,2.13,2.5600000000000005,93.41087828947367,87.6885900689223,94.4654334273183,26826.729999999996,58744.68,126779.48999999999,0.0,14.915520833333332,16.36239583333333,28.054895833333333,2.6500000000000004,254683.15999999997
2425,2025-01-24,M55,M,5,5,209186.0,253766.0,253766.0,0.0,3.0,0.0,0.0,0.0,0.0,96,5.2790625,-1.52,12.93,5.436041666666667,7.218958333333333,53.24302083333333,0.0,5.271458333333333,152.44979166666667,14635.18,-4.171458333333333,0.0,4.36,8.432797619047617,8.973690476190475,6.933090277777777,10.506681547619047,10.909903273809523,70.58760416666667,74.32239583333333,73.75555803571429,0.47,2.13,2.5600000000000005,93.41087828947367,87.6885900689223,94.4654334273183,26826.729999999996,58744.68,126779.48999999999,0.0,14.915520833333332,16.36239583333333,28.054895833333333,2.6500000000000004,254683.15999999997
2425,2025-01-29,B11,B,1,1,82940.0,99652.0,99652.0,0.0,3.0,0.0,0.0,0.0,,96,14.415208333333332,7.25,24.52,14.628749999999998,15.573125,74.2025,0.0,4.462916666666667,163.29208333333335,15676.04,9.072395833333333,4.415208333333332,14.289791666666666,9.98485119047619,9.8475,14.769826388888887,11.000773809523809,11.290186011904762,75.14916666666667,70.62700892857143,73.9750074404762,0.0,0.0,2.16,151.48711622807016,144.39314348370928,118.44194345238095,43486.259999999995,96814.56000000001,158861.89,12.869374999999998,13.239479166666664,28.41770833333333,41.294374999999995,2.6500000000000004,329680.25999999995
2425,2025-01-29,B12,B,1,2,266533.0,321187.0,321187.0,0.0,4.0,0.0,1.0,0.0,5.0,96,14.415208333333332,7.25,24.52,14.628749999999998,15.573125,74.2025,0.0,4.462916666666667,163.29208333333335,15676.04,9.072395833333333,4.415208333333332,14.289791666666666,9.98485119047619,9.8475,14.769826388888887,11.000773809523809,11.290186011904762,75.14916666666667,70.62700892857143,73.9750074404762,0.0,0.0,2.16,151.48711622807016,144.39314348370928,118.44194345238095,43486.259999999995,96814.56000000001,158861.89,12.869374999999998,13.239479166666664,28.41770833333333,41.294374999999995,2.6500000000000004,329680.25999999995
2425,2025-01-29,B13,B,1,3,180958.0,218494.0,218494.0,0.0,2.0,1.0,0.0,0.0,5.0,96,14.415208333333332,7.25,24.52,14.628749999999998,15.573125,74.2025,0.0,4.462916666666667,163.29208333333335,15676.04,9.072395833333333,4.415208333333332,14.289791666666666,9.98485119047619,9.8475,14.769826388888887,11.000773809523809,11.290186011904762,75.14916666666667,70.62700892857143,73.9750074404762,0.0,0.0,2.16,151.48711622807016,144.39314348370928,118.44194345238095,43486.259999999995,96814.56000000001,158861.89,12.869374999999998,13.239479166666664,28.41770833333333,41.294374999999995,2.6500000000000004,329680.25999999995
2425,2025-01-29,B14,B,1,4,136401.0,166981.0,166981.0,0.0,0.0,1.0,0.0,1.0,0.0,96,14.415208333333332,7.25,24.52,14.628749999999998,15.573125,74.2025,0.0,4.462916666666667,163.29208333333335,15676.04,9.072395833333333,4.415208333333332,14.289791666666666,9.98485119047619,9.8475,14.769826388888887,11.000773809523809,11.290186011904762,75.14916666666667,70.62700892857143,73.9750074404762,0.0,0.0,2.16,151.48711622807016,144.39314348370928,118.44194345238095,43486.259999999995,96814.56000000001,158861.89,12.869374999999998,13.239479166666664,28.41770833333333,41.294374999999995,2.6500000000000004,329680.25999999995
2425,2025-01-29,B15,B,1,5,154088.0,214302.0,214302.0,0.0,2.0,0.0,0.0,0.0,5.0,96,14.415208333333332,7.25,24.52,14.628749999999998,15.573125,74.2025,0.0,4.462916666666667,163.29208333333335,15676.04,9.072395833333333,4.415208333333332,14.289791666666666,9.98485119047619,9.8475,14.769826388888887,11.000773809523809,11.290186011904762,75.14916666666667,70.62700892857143,73.9750074404762,0.0,0.0,2.16,151.48711622807016,144.39314348370928,118.44194345238095,43486.259999999995,96814.56000000001,158861.89,12.869374999999998,13.239479166666664,28.41770833333333,41.294374999999995,2.6500000000000004,329680.25999999995
2425,2025-01-29,B21,B,2,1,229231.0,307526.0,307526.0,0.0,1.0,0.0,0.0,0.0,0.0,96,14.415208333333332,7.25,24.52,14.628749999999998,15.573125,74.2025,0.0,4.462916666666667,163.29208333333335,15676.04,9.072395833333333,4.415208333333332,14.289791666666666,9.98485119047619,9.8475,14.769826388888887,11.000773809523809,11.290186011904762,75.14916666666667,70.62700892857143,73.9750074404762,0.0,0.0,2.16,151.48711622807016,144.39314348370928,118.44194345238095,43486.259999999995,96814.56000000001,158861.89,12.869374999999998,13.239479166666664,28.41770833333333,41.294374999999995,2.6500000000000004,329680.25999999995
2425,2025-01-29,B22,B,2,2,246934.0,304449.0,304449.0,0.0,3.0,3.0,2.0,0.0,0.0,96,14.415208333333332,7.25,24.52,14.628749999999998,15.573125,74.2025,0.0,4.462916666666667,163.29208333333335,15676.04,9.072395833333333,4.415208333333332,14.289791666666666,9.98485119047619,9.8475,14.769826388888887,11.000773809523809,11.290186011904762,75.14916666666667,70.62700892857143,73.9750074404762,0.0,0.0,2.16,151.48711622807016,144.39314348370928,118.44194345238095,43486.259999999995,96814.56000000001,158861.89,12.869374999999998,13.239479166666664,28.41770833333333,41.294374999999995,2.6500000000000004,329680.25999999995
2425,2025-01-29,B23,B,2,3,196301.0,240451.0,240451.0,0.0,3.0,2.0,4.0,0.0,0.0,96,14.415208333333332,7.25,24.52,14.628749999999998,15.573125,74.2025,0.0,4.462916666666667,163.29208333333335,15676.04,9.072395833333333,4.415208333333332,14.289791666666666,9.98485119047619,9.8475,14.769826388888887,11.000773809523809,11.290186011904762,75.14916666666667,70.62700892857143,73.9750074404762,0.0,0.0,2.16,151.48711622807016,144.39314348370928,118.44194345238095,43486.259999999995,96814.56000000001,158861.89,12.869374999999998,13.239479166666664,28.41770833333333,41.294374999999995,2.6500000000000004,329680.25999999995
2425,2025-01-29,B24,B,2,4,218261.0,277494.0,277494.0,0.0,2.0,1.0,2.0,2.0,21.0,96,14.415208333333332,7.25,24.52,14.628749999999998,15.573125,74.2025,0.0,4.462916666666667,163.29208333333335,15676.04,9.072395833333333,4.415208333333332,14.289791666666666,9.98485119047619,9.8475,14.769826388888887,11.000773809523809,11.290186011904762,75.14916666666667,70.62700892857143,73.9750074404762,0.0,0.0,2.16,151.48711622807016,144.39314348370928,118.44194345238095,43486.259999999995,96814.56000000001,158861.89,12.869374999999998,13.239479166666664,28.41770833333333,41.294374999999995,2.6500000000000004,329680.25999999995
2425,2025-01-29,B25,B,2,5,99553.0,126554.0,126554.0,0.0,2.0,0.0,0.0,1.0,0.0,96,14.415208333333332,7.25,24.52,14.628749999999998,15.573125,74.2025,0.0,4.462916666666667,163.29208333333335,15676.04,9.072395833333333,4.415208333333332,14.289791666666666,9.98485119047619,9.8475,14.769826388888887,11.000773809523809,11.290186011904762,75.14916666666667,70.62700892857143,73.9750074404762,0.0,0.0,2.16,151.48711622807016,144.39314348370928,118.44194345238095,43486.259999999995,96814.56000000001,158861.89,12.869374999999998,13.239479166666664,28.41770833333333,41.294374999999995,2.6500000000000004,329680.25999999995
2425,2025-01-29,B41,B,4,1,209938.0,258675.0,258675.0,0.0,5.0,0.0,0.0,0.0,0.0,96,14.415208333333332,7.25,24.52,14.628749999999998,15.573125,74.2025,0.0,4.462916666666667,163.29208333333335,15676.04,9.072395833333333,4.415208333333332,14.289791666666666,9.98485119047619,9.8475,14.769826388888887,11.000773809523809,11.290186011904762,75.14916666666667,70.62700892857143,73.9750074404762,0.0,0.0,2.16,151.48711622807016,144.39314348370928,118.44194345238095,43486.259999999995,96814.56000000001,158861.89,12.869374999999998,13.239479166666664,28.41770833333333,41.294374999999995,2.6500000000000004,329680.25999999995
2425,2025-01-29,B42,B,4,2,135346.0,172028.0,172028.0,0.0,5.0,0.0,0.0,0.0,0.0,96,14.415208333333332,7.25,24.52,14.628749999999998,15.573125,74.2025,0.0,4.462916666666667,163.29208333333335,15676.04,9.072395833333333,4.415208333333332,14.289791666666666,9.98485119047619,9.8475,14.769826388888887,11.000773809523809,11.290186011904762,75.14916666666667,70.62700892857143,73.9750074404762,0.0,0.0,2.16,151.48711622807016,144.39314348370928,118.44194345238095,43486.259999999995,96814.56000000001,158861.89,12.869374999999998,13.239479166666664,28.41770833333333,41.294374999999995,2.6500000000000004,329680.25999999995
2425,2025-01-29,B43,B,4,3,165735.0,189990.0,189990.0,0.0,0.0,0.0,1.0,0.0,0.0,96,14.415208333333332,7.25,24.52,14.628749999999998,15.573125,74.2025,0.0,4.462916666666667,163.29208333333335,15676.04,9.072395833333333,4.415208333333332,14.289791666666666,9.98485119047619,9.8475,14.769826388888887,11.000773809523809,11.290186011904762,75.14916666666667,70.62700892857143,73.9750074404762,0.0,0.0,2.16,151.48711622807016,144.39314348370928,118.44194345238095,43486.259999999995,96814.56000000001,158861.89,12.869374999999998,13.239479166666664,28.41770833333333,41.294374999999995,2.6500000000000004,329680.25999999995
2425,2025-01-29,B44,B,4,4,149412.0,195052.0,195052.0,0.0,8.0,1.0,2.0,0.0,0.0,96,14.415208333333332,7.25,24.52,14.628749999999998,15.573125,74.2025,0.0,4.462916666666667,163.29208333333335,15676.04,9.072395833333333,4.415208333333332,14.289791666666666,9.98485119047619,9.8475,14.769826388888887,11.000773809523809,11.290186011904762,75.14916666666667,70.62700892857143,73.9750074404762,0.0,0.0,2.16,151.48711622807016,144.39314348370928,118.44194345238095,43486.259999999995,96814.56000000001,158861.89,12.869374999999998,13.239479166666664,28.41770833333333,41.294374999999995,2.6500000000000004,329680.25999999995
2425,2025-01-29,B45,B,4,5,108596.0,138032.0,138032.0,0.0,7.0,0.0,0.0,1.0,0.0,96,14.415208333333332,7.25,24.52,14.628749999999998,15.573125,74.2025,0.0,4.462916666666667,163.29208333333335,15676.04,9.072395833333333,4.415208333333332,14.289791666666666,9.98485119047619,9.8475,14.769826388888887,11.000773809523809,11.290186011904762,75.14916666666667,70.62700892857143,73.9750074404762,0.0,0.0,2.16,151.48711622807016,144.39314348370928,118.44194345238095,43486.259999999995,96814.56000000001,158861.89,12.869374999999998,13.239479166666664,28.41770833333333,41.294374999999995,2.6500000000000004,329680.25999999995
2425,2025-01-29,B51,B,5,1,116407.0,148849.0,148849.0,0.0,1.0,0.0,0.0,0.0,0.0,96,14.415208333333332,7.25,24.52,14.628749999999998,15.573125,74.2025,0.0,4.462916666666667,163.29208333333335,15676.04,9.072395833333333,4.415208333333332,14.289791666666666,9.98485119047619,9.8475,14.769826388888887,11.000773809523809,11.290186011904762,75.14916666666667,70.62700892857143,73.9750074404762,0.0,0.0,2.16,151.48711622807016,144.39314348370928,118.44194345238095,43486.259999999995,96814.56000000001,158861.89,12.869374999999998,13.239479166666664,28.41770833333333,41.294374999999995,2.6500000000000004,329680.25999999995
2425,2025-01-29,B52,B,5,2,285083.0,352544.0,352544.0,0.0,2.0,0.0,0.0,0.0,0.0,96,14.415208333333332,7.25,24.52,14.628749999999998,15.573125,74.2025,0.0,4.462916666666667,163.29208333333335,15676.04,9.072395833333333,4.415208333333332,14.289791666666666,9.98485119047619,9.8475,14.769826388888887,11.000773809523809,11.290186011904762,75.14916666666667,70.62700892857143,73.9750074404762,0.0,0.0,2.16,151.48711622807016,144.39314348370928,118.44194345238095,43486.259999999995,96814.56000000001,158861.89,12.869374999999998,13.239479166666664,28.41770833333333,41.294374999999995,2.6500000000000004,329680.25999999995
2425,2025-01-29,B53,B,5,3,273490.0,337585.0,337585.0,0.0,8.0,0.0,2.0,0.0,0.0,96,14.415208333333332,7.25,24.52,14.628749999999998,15.573125,74.2025,0.0,4.462916666666667,163.29208333333335,15676.04,9.072395833333333,4.415208333333332,14.289791666666666,9.98485119047619,9.8475,14.769826388888887,11.000773809523809,11.290186011904762,75.14916666666667,70.62700892857143,73.9750074404762,0.0,0.0,2.16,151.48711622807016,144.39314348370928,118.44194345238095,43486.259999999995,96814.56000000001,158861.89,12.869374999999998,13.239479166666664,28.41770833333333,41.294374999999995,2.6500000000000004,329680.25999999995
2425,2025-01-29,B54,B,5,4,249833.0,317138.0,317138.0,0.0,4.0,0.0,3.0,0.0,0.0,96,14.415208333333332,7.25,24.52,14.628749999999998,15.573125,74.2025,0.0,4.462916666666667,163.29208333333335,15676.04,9.072395833333333,4.415208333333332,14.289791666666666,9.98485119047619,9.8475,14.769826388888887,11.000773809523809,11.290186011904762,75.14916666666667,70.62700892857143,73.9750074404762,0.0,0.0,2.16,151.48711622807016,144.39314348370928,118.44194345238095,43486.259999999995,96814.56000000001,158861.89,12.869374999999998,13.239479166666664,28.41770833333333,41.294374999999995,2.6500000000000004,329680.25999999995
2425,2025-01-29,B55,B,5,5,214243.0,245600.0,245600.0,0.0,4.0,0.0,0.0,0.0,0.0,96,14.415208333333332,7.25,24.52,14.628749999999998,15.573125,74.2025,0.0,4.462916666666667,163.29208333333335,15676.04,9.072395833333333,4.415208333333332,14.289791666666666,9.98485119047619,9.8475,14.769826388888887,11.000773809523809,11.290186011904762,75.14916666666667,70.62700892857143,73.9750074404762,0.0,0.0,2.16,151.48711622807016,144.39314348370928,118.44194345238095,43486.259999999995,96814.56000000001,158861.89,12.869374999999998,13.239479166666664,28.41770833333333,41.294374999999995,2.6500000000000004,329680.25999999995
2425,2025-01-29,M11,M,1,1,132519.0,161476.0,161476.0,0.0,0.0,0.0,0.0,0.0,0.0,96,14.415208333333332,7.25,24.52,14.628749999999998,15.573125,74.2025,0.0,4.462916666666667,163.29208333333335,15676.04,9.072395833333333,4.415208333333332,14.289791666666666,9.98485119047619,9.8475,14.769826388888887,11.000773809523809,11.290186011904762,75.14916666666667,70.62700892857143,73.9750074404762,0.0,0.0,2.16,151.48711622807016,144.39314348370928,118.44194345238095,43486.259999999995,96814.56000000001,158861.89,12.869374999999998,13.239479166666664,28.41770833333333,41.294374999999995,2.6500000000000004,329680.25999999995
2425,2025-01-29,M12,M,1,2,291429.0,378116.0,378116.0,0.0,1.0,0.0,1.0,0.0,0.0,96,14.415208333333332,7.25,24.52,14.628749999999998,15.573125,74.2025,0.0,4.462916666666667,163.29208333333335,15676.04,9.072395833333333,4.415208333333332,14.289791666666666,9.98485119047619,9.8475,14.769826388888887,11.000773809523809,11.290186011904762,75.14916666666667,70.62700892857143,73.9750074404762,0.0,0.0,2.16,151.48711622807016,144.39314348370928,118.44194345238095,43486.259999999995,96814.56000000001,158861.89,12.869374999999998,13.239479166666664,28.41770833333333,41.294374999999995,2.6500000000000004,329680.25999999995
2425,2025-01-29,M13,M,1,3,210445.0,268639.0,268639.0,0.0,12.0,1.0,3.0,7.0,12.0,96,14.415208333333332,7.25,24.52,14.628749999999998,15.573125,74.2025,0.0,4.462916666666667,163.29208333333335,15676.04,9.072395833333333,4.415208333333332,14.289791666666666,9.98485119047619,9.8475,14.769826388888887,11.000773809523809,11.290186011904762,75.14916666666667,70.62700892857143,73.9750074404762,0.0,0.0,2.16,151.48711622807016,144.39314348370928,118.44194345238095,43486.259999999995,96814.56000000001,158861.89,12.869374999999998,13.239479166666664,28.41770833333333,41.294374999999995,2.6500000000000004,329680.25999999995
2425,2025-01-29,M14,M,1,4,151284.0,190906.0,190906.0,0.0,0.0,1.0,3.0,0.0,9.0,96,14.415208333333332,7.25,24.52,14.628749999999998,15.573125,74.2025,0.0,4.462916666666667,163.29208333333335,15676.04,9.072395833333333,4.415208333333332,14.289791666666666,9.98485119047619,9.8475,14.769826388888887,11.000773809523809,11.290186011904762,75.14916666666667,70.62700892857143,73.9750074404762,0.0,0.0,2.16,151.48711622807016,144.39314348370928,118.44194345238095,43486.259999999995,96814.56000000001,158861.89,12.869374999999998,13.239479166666664,28.41770833333333,41.294374999999995,2.6500000000000004,329680.25999999995
2425,2025-01-29,M15,M,1,5,111259.0,137325.0,137325.0,0.0,3.0,0.0,0.0,0.0,0.0,96,14.415208333333332,7.25,24.52,14.628749999999998,15.573125,74.2025,0.0,4.462916666666667,163.29208333333335,15676.04,9.072395833333333,4.415208333333332,14.289791666666666,9.98485119047619,9.8475,14.769826388888887,11.000773809523809,11.290186011904762,75.14916666666667,70.62700892857143,73.9750074404762,0.0,0.0,2.16,151.48711622807016,144.39314348370928,118.44194345238095,43486.259999999995,96814.56000000001,158861.89,12.869374999999998,13.239479166666664,28.41770833333333,41.294374999999995,2.6500000000000004,329680.25999999995
2425,2025-01-29,M21,M,2,1,138549.0,180536.0,180536.0,0.0,1.0,0.0,0.0,0.0,0.0,96,14.415208333333332,7.25,24.52,14.628749999999998,15.573125,74.2025,0.0,4.462916666666667,163.29208333333335,15676.04,9.072395833333333,4.415208333333332,14.289791666666666,9.98485119047619,9.8475,14.769826388888887,11.000773809523809,11.290186011904762,75.14916666666667,70.62700892857143,73.9750074404762,0.0,0.0,2.16,151.48711622807016,144.39314348370928,118.44194345238095,43486.259999999995,96814.56000000001,158861.89,12.869374999999998,13.239479166666664,28.41770833333333,41.294374999999995,2.6500000000000004,329680.25999999995
2425,2025-01-29,M22,M,2,2,250873.0,307067.0,307067.0,0.0,6.0,0.0,0.0,1.0,4.0,96,14.415208333333332,7.25,24.52,14.628749999999998,15.573125,74.2025,0.0,4.462916666666667,163.29208333333335,15676.04,9.072395833333333,4.415208333333332,14.289791666666666,9.98485119047619,9.8475,14.769826388888887,11.000773809523809,11.290186011904762,75.14916666666667,70.62700892857143,73.9750074404762,0.0,0.0,2.16,151.48711622807016,144.39314348370928,118.44194345238095,43486.259999999995,96814.56000000001,158861.89,12.869374999999998,13.239479166666664,28.41770833333333,41.294374999999995,2.6500000000000004,329680.25999999995
2425,2025-01-29,M23,M,2,3,180904.0,231623.0,231623.0,0.0,6.0,0.0,2.0,0.0,0.0,96,14.415208333333332,7.25,24.52,14.628749999999998,15.573125,74.2025,0.0,4.462916666666667,163.29208333333335,15676.04,9.072395833333333,4.415208333333332,14.289791666666666,9.98485119047619,9.8475,14.769826388888887,11.000773809523809,11.290186011904762,75.14916666666667,70.62700892857143,73.9750074404762,0.0,0.0,2.16,151.48711622807016,144.39314348370928,118.44194345238095,43486.259999999995,96814.56000000001,158861.89,12.869374999999998,13.239479166666664,28.41770833333333,41.294374999999995,2.6500000000000004,329680.25999999995
2425,2025-01-29,M24,M,2,4,126067.0,148953.0,148953.0,0.0,0.0,0.0,0.0,0.0,0.0,96,14.415208333333332,7.25,24.52,14.628749999999998,15.573125,74.2025,0.0,4.462916666666667,163.29208333333335,15676.04,9.072395833333333,4.415208333333332,14.289791666666666,9.98485119047619,9.8475,14.769826388888887,11.000773809523809,11.290186011904762,75.14916666666667,70.62700892857143,73.9750074404762,0.0,0.0,2.16,151.48711622807016,144.39314348370928,118.44194345238095,43486.259999999995,96814.56000000001,158861.89,12.869374999999998,13.239479166666664,28.41770833333333,41.294374999999995,2.6500000000000004,329680.25999999995
2425,2025-01-29,M25,M,2,5,106429.0,142237.0,142237.0,0.0,2.0,0.0,0.0,0.0,0.0,96,14.415208333333332,7.25,24.52,14.628749999999998,15.573125,74.2025,0.0,4.462916666666667,163.29208333333335,15676.04,9.072395833333333,4.415208333333332,14.289791666666666,9.98485119047619,9.8475,14.769826388888887,11.000773809523809,11.290186011904762,75.14916666666667,70.62700892857143,73.9750074404762,0.0,0.0,2.16,151.48711622807016,144.39314348370928,118.44194345238095,43486.259999999995,96814.56000000001,158861.89,12.869374999999998,13.239479166666664,28.41770833333333,41.294374999999995,2.6500000000000004,329680.25999999995
2425,2025-01-29,M41,M,4,1,140006.0,173963.0,173963.0,0.0,14.0,1.0,0.0,0.0,0.0,96,14.415208333333332,7.25,24.52,14.628749999999998,15.573125,74.2025,0.0,4.462916666666667,163.29208333333335,15676.04,9.072395833333333,4.415208333333332,14.289791666666666,9.98485119047619,9.8475,14.769826388888887,11.000773809523809,11.290186011904762,75.14916666666667,70.62700892857143,73.9750074404762,0.0,0.0,2.16,151.48711622807016,144.39314348370928,118.44194345238095,43486.259999999995,96814.56000000001,158861.89,12.869374999999998,13.239479166666664,28.41770833333333,41.294374999999995,2.6500000000000004,329680.25999999995
2425,2025-01-29,M42,M,4,2,130144.0,174933.0,174933.0,0.0,5.0,0.0,0.0,0.0,0.0,96,14.415208333333332,7.25,24.52,14.628749999999998,15.573125,74.2025,0.0,4.462916666666667,163.29208333333335,15676.04,9.072395833333333,4.415208333333332,14.289791666666666,9.98485119047619,9.8475,14.769826388888887,11.000773809523809,11.290186011904762,75.14916666666667,70.62700892857143,73.9750074404762,0.0,0.0,2.16,151.48711622807016,144.39314348370928,118.44194345238095,43486.259999999995,96814.56000000001,158861.89,12.869374999999998,13.239479166666664,28.41770833333333,41.294374999999995,2.6500000000000004,329680.25999999995
2425,2025-01-29,M43,M,4,3,230196.0,288205.0,288205.0,0.0,2.0,0.0,1.0,0.0,0.0,96,14.415208333333332,7.25,24.52,14.628749999999998,15.573125,74.2025,0.0,4.462916666666667,163.29208333333335,15676.04,9.072395833333333,4.415208333333332,14.289791666666666,9.98485119047619,9.8475,14.769826388888887,11.000773809523809,11.290186011904762,75.14916666666667,70.62700892857143,73.9750074404762,0.0,0.0,2.16,151.48711622807016,144.39314348370928,118.44194345238095,43486.259999999995,96814.56000000001,158861.89,12.869374999999998,13.239479166666664,28.41770833333333,41.294374999999995,2.6500000000000004,329680.25999999995
2425,2025-01-29,M44,M,4,4,282575.0,373784.0,373784.0,1.0,5.0,0.0,2.0,0.0,0.0,96,14.415208333333332,7.25,24.52,14.628749999999998,15.573125,74.2025,0.0,4.462916666666667,163.29208333333335,15676.04,9.072395833333333,4.415208333333332,14.289791666666666,9.98485119047619,9.8475,14.769826388888887,11.000773809523809,11.290186011904762,75.14916666666667,70.62700892857143,73.9750074404762,0.0,0.0,2.16,151.48711622807016,144.39314348370928,118.44194345238095,43486.259999999995,96814.56000000001,158861.89,12.869374999999998,13.239479166666664,28.41770833333333,41.294374999999995,2.6500000000000004,329680.25999999995
2425,2025-01-29,M45,M,4,5,177796.0,234820.0,234820.0,0.0,2.0,0.0,1.0,0.0,0.0,96,14.415208333333332,7.25,24.52,14.628749999999998,15.573125,74.2025,0.0,4.462916666666667,163.29208333333335,15676.04,9.072395833333333,4.415208333333332,14.289791666666666,9.98485119047619,9.8475,14.769826388888887,11.000773809523809,11.290186011904762,75.14916666666667,70.62700892857143,73.9750074404762,0.0,0.0,2.16,151.48711622807016,144.39314348370928,118.44194345238095,43486.259999999995,96814.56000000001,158861.89,12.869374999999998,13.239479166666664,28.41770833333333,41.294374999999995,2.6500000000000004,329680.25999999995
2425,2025-01-29,M51,M,5,1,203434.0,225716.0,225716.0,0.0,2.0,0.0,1.0,1.0,0.0,96,14.415208333333332,7.25,24.52,14.628749999999998,15.573125,74.2025,0.0,4.462916666666667,163.29208333333335,15676.04,9.072395833333333,4.415208333333332,14.289791666666666,9.98485119047619,9.8475,14.769826388888887,11.000773809523809,11.290186011904762,75.14916666666667,70.62700892857143,73.9750074404762,0.0,0.0,2.16,151.48711622807016,144.39314348370928,118.44194345238095,43486.259999999995,96814.56000000001,158861.89,12.869374999999998,13.239479166666664,28.41770833333333,41.294374999999995,2.6500000000000004,329680.25999999995
2425,2025-01-29,M52,M,5,2,222639.0,259335.0,259335.0,0.0,3.0,0.0,0.0,0.0,5.0,96,14.415208333333332,7.25,24.52,14.628749999999998,15.573125,74.2025,0.0,4.462916666666667,163.29208333333335,15676.04,9.072395833333333,4.415208333333332,14.289791666666666,9.98485119047619,9.8475,14.769826388888887,11.000773809523809,11.290186011904762,75.14916666666667,70.62700892857143,73.9750074404762,0.0,0.0,2.16,151.48711622807016,144.39314348370928,118.44194345238095,43486.259999999995,96814.56000000001,158861.89,12.869374999999998,13.239479166666664,28.41770833333333,41.294374999999995,2.6500000000000004,329680.25999999995
2425,2025-01-29,M53,M,5,3,307029.0,395418.0,395418.0,0.0,1.0,0.0,0.0,0.0,0.0,96,14.415208333333332,7.25,24.52,14.628749999999998,15.573125,74.2025,0.0,4.462916666666667,163.29208333333335,15676.04,9.072395833333333,4.415208333333332,14.289791666666666,9.98485119047619,9.8475,14.769826388888887,11.000773809523809,11.290186011904762,75.14916666666667,70.62700892857143,73.9750074404762,0.0,0.0,2.16,151.48711622807016,144.39314348370928,118.44194345238095,43486.259999999995,96814.56000000001,158861.89,12.869374999999998,13.239479166666664,28.41770833333333,41.294374999999995,2.6500000000000004,329680.25999999995
2425,2025-01-29,M54,M,5,4,171043.0,204181.0,204181.0,1.0,4.0,0.0,1.0,0.0,0.0,96,14.415208333333332,7.25,24.52,14.628749999999998,15.573125,74.2025,0.0,4.462916666666667,163.29208333333335,15676.04,9.072395833333333,4.415208333333332,14.289791666666666,9.98485119047619,9.8475,14.769826388888887,11.000773809523809,11.290186011904762,75.14916666666667,70.62700892857143,73.9750074404762,0.0,0.0,2.16,151.48711622807016,144.39314348370928,118.44194345238095,43486.259999999995,96814.56000000001,158861.89,12.869374999999998,13.239479166666664,28.41770833333333,41.294374999999995,2.6500000000000004,329680.25999999995
2425,2025-01-29,M55,M,5,5,160725.0,177908.0,177908.0,0.0,2.0,0.0,1.0,1.0,0.0,96,14.415208333333332,7.25,24.52,14.628749999999998,15.573125,74.2025,0.0,4.462916666666667,163.29208333333335,15676.04,9.072395833333333,4.415208333333332,14.289791666666666,9.98485119047619,9.8475,14.769826388888887,11.000773809523809,11.290186011904762,75.14916666666667,70.62700892857143,73.9750074404762,0.0,0.0,2.16,151.48711622807016,144.39314348370928,118.44194345238095,43486.259999999995,96814.56000000001,158861.89,12.869374999999998,13.239479166666664,28.41770833333333,41.294374999999995,2.6500000000000004,329680.25999999995
2425,2025-02-05,B11,B,1,1,101042.0,110777.0,110777.0,0.0,1.0,0.0,0.0,0.0,0.0,96,18.685208333333332,9.8,29.29,19.001770833333335,20.309583333333332,75.6040625,0.0,3.106875,167.2046875,16051.65,13.6259375,8.685208333333332,18.880208333333332,17.893645833333334,13.939248511904761,20.283715277777777,18.988110119047622,14.994441964285715,82.0129861111111,78.69738095238095,74.6621949404762,0.0,0.0,0.0,142.03729166666665,147.0850148809524,145.73907918233084,40906.74,98841.12999999999,195655.69,26.640625,55.255520833333335,68.49499999999999,96.54989583333332,2.6500000000000004,428521.39
2425,2025-02-05,B12,B,1,2,187591.0,204430.0,204430.0,1.0,1.0,0.0,3.0,0.0,18.0,96,18.685208333333332,9.8,29.29,19.001770833333335,20.309583333333332,75.6040625,0.0,3.106875,167.2046875,16051.65,13.6259375,8.685208333333332,18.880208333333332,17.893645833333334,13.939248511904761,20.283715277777777,18.988110119047622,14.994441964285715,82.0129861111111,78.69738095238095,74.6621949404762,0.0,0.0,0.0,142.03729166666665,147.0850148809524,145.73907918233084,40906.74,98841.12999999999,195655.69,26.640625,55.255520833333335,68.49499999999999,96.54989583333332,2.6500000000000004,428521.39
2425,2025-02-05,B13,B,1,3,221651.0,254095.0,254095.0,0.0,0.0,0.0,0.0,0.0,17.0,96,18.685208333333332,9.8,29.29,19.001770833333335,20.309583333333332,75.6040625,0.0,3.106875,167.2046875,16051.65,13.6259375,8.685208333333332,18.880208333333332,17.893645833333334,13.939248511904761,20.283715277777777,18.988110119047622,14.994441964285715,82.0129861111111,78.69738095238095,74.6621949404762,0.0,0.0,0.0,142.03729166666665,147.0850148809524,145.73907918233084,40906.74,98841.12999999999,195655.69,26.640625,55.255520833333335,68.49499999999999,96.54989583333332,2.6500000000000004,428521.39
2425,2025-02-05,B14,B,1,4,129855.0,150928.0,150928.0,0.0,1.0,0.0,2.0,1.0,23.0,96,18.685208333333332,9.8,29.29,19.001770833333335,20.309583333333332,75.6040625,0.0,3.106875,167.2046875,16051.65,13.6259375,8.685208333333332,18.880208333333332,17.893645833333334,13.939248511904761,20.283715277777777,18.988110119047622,14.994441964285715,82.0129861111111,78.69738095238095,74.6621949404762,0.0,0.0,0.0,142.03729166666665,147.0850148809524,145.73907918233084,40906.74,98841.12999999999,195655.69,26.640625,55.255520833333335,68.49499999999999,96.54989583333332,2.6500000000000004,428521.39
2425,2025-02-05,B15,B,1,5,236427.0,263972.0,263972.0,0.0,4.0,0.0,0.0,4.0,0.0,96,18.685208333333332,9.8,29.29,19.001770833333335,20.309583333333332,75.6040625,0.0,3.106875,167.2046875,16051.65,13.6259375,8.685208333333332,18.880208333333332,17.893645833333334,13.939248511904761,20.283715277777777,18.988110119047622,14.994441964285715,82.0129861111111,78.69738095238095,74.6621949404762,0.0,0.0,0.0,142.03729166666665,147.0850148809524,145.73907918233084,40906.74,98841.12999999999,195655.69,26.640625,55.255520833333335,68.49499999999999,96.54989583333332,2.6500000000000004,428521.39
2425,2025-02-05,B21,B,2,1,169711.0,206669.0,206669.0,0.0,2.0,0.0,0.0,1.0,0.0,96,18.685208333333332,9.8,29.29,19.001770833333335,20.309583333333332,75.6040625,0.0,3.106875,167.2046875,16051.65,13.6259375,8.685208333333332,18.880208333333332,17.893645833333334,13.939248511904761,20.283715277777777,18.988110119047622,14.994441964285715,82.0129861111111,78.69738095238095,74.6621949404762,0.0,0.0,0.0,142.03729166666665,147.0850148809524,145.73907918233084,40906.74,98841.12999999999,195655.69,26.640625,55.255520833333335,68.49499999999999,96.54989583333332,2.6500000000000004,428521.39
2425,2025-02-05,B22,B,2,2,166209.0,204510.0,204510.0,0.0,2.0,0.0,3.0,0.0,43.0,96,18.685208333333332,9.8,29.29,19.001770833333335,20.309583333333332,75.6040625,0.0,3.106875,167.2046875,16051.65,13.6259375,8.685208333333332,18.880208333333332,17.893645833333334,13.939248511904761,20.283715277777777,18.988110119047622,14.994441964285715,82.0129861111111,78.69738095238095,74.6621949404762,0.0,0.0,0.0,142.03729166666665,147.0850148809524,145.73907918233084,40906.74,98841.12999999999,195655.69,26.640625,55.255520833333335,68.49499999999999,96.54989583333332,2.6500000000000004,428521.39
2425,2025-02-05,B23,B,2,3,212854.0,253148.0,253148.0,0.0,0.0,0.0,4.0,3.0,21.0,96,18.685208333333332,9.8,29.29,19.001770833333335,20.309583333333332,75.6040625,0.0,3.106875,167.2046875,16051.65,13.6259375,8.685208333333332,18.880208333333332,17.893645833333334,13.939248511904761,20.283715277777777,18.988110119047622,14.994441964285715,82.0129861111111,78.69738095238095,74.6621949404762,0.0,0.0,0.0,142.03729166666665,147.0850148809524,145.73907918233084,40906.74,98841.12999999999,195655.69,26.640625,55.255520833333335,68.49499999999999,96.54989583333332,2.6500000000000004,428521.39
2425,2025-02-05,B24,B,2,4,243090.0,283716.0,283716.0,0.0,2.0,1.0,5.0,3.0,73.0,96,18.685208333333332,9.8,29.29,19.001770833333335,20.309583333333332,75.6040625,0.0,3.106875,167.2046875,16051.65,13.6259375,8.685208333333332,18.880208333333332,17.893645833333334,13.939248511904761,20.283715277777777,18.988110119047622,14.994441964285715,82.0129861111111,78.69738095238095,74.6621949404762,0.0,0.0,0.0,142.03729166666665,147.0850148809524,145.73907918233084,40906.74,98841.12999999999,195655.69,26.640625,55.255520833333335,68.49499999999999,96.54989583333332,2.6500000000000004,428521.39
2425,2025-02-05,B25,B,2,5,176454.0,209491.0,209491.0,1.0,1.0,0.0,1.0,1.0,33.0,96,18.685208333333332,9.8,29.29,19.001770833333335,20.309583333333332,75.6040625,0.0,3.106875,167.2046875,16051.65,13.6259375,8.685208333333332,18.880208333333332,17.893645833333334,13.939248511904761,20.283715277777777,18.988110119047622,14.994441964285715,82.0129861111111,78.69738095238095,74.6621949404762,0.0,0.0,0.0,142.03729166666665,147.0850148809524,145.73907918233084,40906.74,98841.12999999999,195655.69,26.640625,55.255520833333335,68.49499999999999,96.54989583333332,2.6500000000000004,428521.39
2425,2025-02-05,B41,B,4,1,251351.0,279969.0,279969.0,0.0,10.0,0.0,0.0,4.0,0.0,96,18.685208333333332,9.8,29.29,19.001770833333335,20.309583333333332,75.6040625,0.0,3.106875,167.2046875,16051.65,13.6259375,8.685208333333332,18.880208333333332,17.893645833333334,13.939248511904761,20.283715277777777,18.988110119047622,14.994441964285715,82.0129861111111,78.69738095238095,74.6621949404762,0.0,0.0,0.0,142.03729166666665,147.0850148809524,145.73907918233084,40906.74,98841.12999999999,195655.69,26.640625,55.255520833333335,68.49499999999999,96.54989583333332,2.6500000000000004,428521.39
2425,2025-02-05,B42,B,4,2,171794.0,207706.0,207706.0,0.0,5.0,0.0,3.0,0.0,12.0,96,18.685208333333332,9.8,29.29,19.001770833333335,20.309583333333332,75.6040625,0.0,3.106875,167.2046875,16051.65,13.6259375,8.685208333333332,18.880208333333332,17.893645833333334,13.939248511904761,20.283715277777777,18.988110119047622,14.994441964285715,82.0129861111111,78.69738095238095,74.6621949404762,0.0,0.0,0.0,142.03729166666665,147.0850148809524,145.73907918233084,40906.74,98841.12999999999,195655.69,26.640625,55.255520833333335,68.49499999999999,96.54989583333332,2.6500000000000004,428521.39
2425,2025-02-05,B43,B,4,3,130469.0,160558.0,160558.0,1.0,3.0,0.0,0.0,0.0,0.0,96,18.685208333333332,9.8,29.29,19.001770833333335,20.309583333333332,75.6040625,0.0,3.106875,167.2046875,16051.65,13.6259375,8.685208333333332,18.880208333333332,17.893645833333334,13.939248511904761,20.283715277777777,18.988110119047622,14.994441964285715,82.0129861111111,78.69738095238095,74.6621949404762,0.0,0.0,0.0,142.03729166666665,147.0850148809524,145.73907918233084,40906.74,98841.12999999999,195655.69,26.640625,55.255520833333335,68.49499999999999,96.54989583333332,2.6500000000000004,428521.39
2425,2025-02-05,B44,B,4,4,168272.0,194287.0,194287.0,0.0,3.0,0.0,1.0,0.0,9.0,96,18.685208333333332,9.8,29.29,19.001770833333335,20.309583333333332,75.6040625,0.0,3.106875,167.2046875,16051.65,13.6259375,8.685208333333332,18.880208333333332,17.893645833333334,13.939248511904761,20.283715277777777,18.988110119047622,14.994441964285715,82.0129861111111,78.69738095238095,74.6621949404762,0.0,0.0,0.0,142.03729166666665,147.0850148809524,145.73907918233084,40906.74,98841.12999999999,195655.69,26.640625,55.255520833333335,68.49499999999999,96.54989583333332,2.6500000000000004,428521.39
2425,2025-02-05,B45,B,4,5,198259.0,279709.0,279709.0,0.0,16.0,0.0,2.0,1.0,0.0,96,18.685208333333332,9.8,29.29,19.001770833333335,20.309583333333332,75.6040625,0.0,3.106875,167.2046875,16051.65,13.6259375,8.685208333333332,18.880208333333332,17.893645833333334,13.939248511904761,20.283715277777777,18.988110119047622,14.994441964285715,82.0129861111111,78.69738095238095,74.6621949404762,0.0,0.0,0.0,142.03729166666665,147.0850148809524,145.73907918233084,40906.74,98841.12999999999,195655.69,26.640625,55.255520833333335,68.49499999999999,96.54989583333332,2.6500000000000004,428521.39
2425,2025-02-05,B51,B,5,1,171255.0,230556.0,230556.0,1.0,11.0,0.0,0.0,0.0,0.0,96,18.685208333333332,9.8,29.29,19.001770833333335,20.309583333333332,75.6040625,0.0,3.106875,167.2046875,16051.65,13.6259375,8.685208333333332,18.880208333333332,17.893645833333334,13.939248511904761,20.283715277777777,18.988110119047622,14.994441964285715,82.0129861111111,78.69738095238095,74.6621949404762,0.0,0.0,0.0,142.03729166666665,147.0850148809524,145.73907918233084,40906.74,98841.12999999999,195655.69,26.640625,55.255520833333335,68.49499999999999,96.54989583333332,2.6500000000000004,428521.39
2425,2025-02-05,B52,B,5,2,334765.0,371536.0,371536.0,1.0,11.0,0.0,0.0,2.0,0.0,96,18.685208333333332,9.8,29.29,19.001770833333335,20.309583333333332,75.6040625,0.0,3.106875,167.2046875,16051.65,13.6259375,8.685208333333332,18.880208333333332,17.893645833333334,13.939248511904761,20.283715277777777,18.988110119047622,14.994441964285715,82.0129861111111,78.69738095238095,74.6621949404762,0.0,0.0,0.0,142.03729166666665,147.0850148809524,145.73907918233084,40906.74,98841.12999999999,195655.69,26.640625,55.255520833333335,68.49499999999999,96.54989583333332,2.6500000000000004,428521.39
2425,2025-02-05,B53,B,5,3,311677.0,378870.0,378870.0,2.0,22.0,0.0,0.0,0.0,0.0,96,18.685208333333332,9.8,29.29,19.001770833333335,20.309583333333332,75.6040625,0.0,3.106875,167.2046875,16051.65,13.6259375,8.685208333333332,18.880208333333332,17.893645833333334,13.939248511904761,20.283715277777777,18.988110119047622,14.994441964285715,82.0129861111111,78.69738095238095,74.6621949404762,0.0,0.0,0.0,142.03729166666665,147.0850148809524,145.73907918233084,40906.74,98841.12999999999,195655.69,26.640625,55.255520833333335,68.49499999999999,96.54989583333332,2.6500000000000004,428521.39
2425,2025-02-05,B54,B,5,4,136302.0,169429.0,169429.0,1.0,2.0,0.0,0.0,0.0,0.0,96,18.685208333333332,9.8,29.29,19.001770833333335,20.309583333333332,75.6040625,0.0,3.106875,167.2046875,16051.65,13.6259375,8.685208333333332,18.880208333333332,17.893645833333334,13.939248511904761,20.283715277777777,18.988110119047622,14.994441964285715,82.0129861111111,78.69738095238095,74.6621949404762,0.0,0.0,0.0,142.03729166666665,147.0850148809524,145.73907918233084,40906.74,98841.12999999999,195655.69,26.640625,55.255520833333335,68.49499999999999,96.54989583333332,2.6500000000000004,428521.39
2425,2025-02-05,B55,B,5,5,268356.0,330459.0,330459.0,1.0,3.0,0.0,0.0,0.0,0.0,96,18.685208333333332,9.8,29.29,19.001770833333335,20.309583333333332,75.6040625,0.0,3.106875,167.2046875,16051.65,13.6259375,8.685208333333332,18.880208333333332,17.893645833333334,13.939248511904761,20.283715277777777,18.988110119047622,14.994441964285715,82.0129861111111,78.69738095238095,74.6621949404762,0.0,0.0,0.0,142.03729166666665,147.0850148809524,145.73907918233084,40906.74,98841.12999999999,195655.69,26.640625,55.255520833333335,68.49499999999999,96.54989583333332,2.6500000000000004,428521.39
2425,2025-02-05,M11,M,1,1,119861.0,132597.0,132597.0,0.0,4.0,0.0,0.0,0.0,0.0,96,18.685208333333332,9.8,29.29,19.001770833333335,20.309583333333332,75.6040625,0.0,3.106875,167.2046875,16051.65,13.6259375,8.685208333333332,18.880208333333332,17.893645833333334,13.939248511904761,20.283715277777777,18.988110119047622,14.994441964285715,82.0129861111111,78.69738095238095,74.6621949404762,0.0,0.0,0.0,142.03729166666665,147.0850148809524,145.73907918233084,40906.74,98841.12999999999,195655.69,26.640625,55.255520833333335,68.49499999999999,96.54989583333332,2.6500000000000004,428521.39
2425,2025-02-05,M12,M,1,2,235289.0,265781.0,265781.0,0.0,3.0,0.0,0.0,0.0,33.0,96,18.685208333333332,9.8,29.29,19.001770833333335,20.309583333333332,75.6040625,0.0,3.106875,167.2046875,16051.65,13.6259375,8.685208333333332,18.880208333333332,17.893645833333334,13.939248511904761,20.283715277777777,18.988110119047622,14.994441964285715,82.0129861111111,78.69738095238095,74.6621949404762,0.0,0.0,0.0,142.03729166666665,147.0850148809524,145.73907918233084,40906.74,98841.12999999999,195655.69,26.640625,55.255520833333335,68.49499999999999,96.54989583333332,2.6500000000000004,428521.39
2425,2025-02-05,M13,M,1,3,198571.0,234373.0,234373.0,0.0,7.0,2.0,5.0,2.0,86.0,96,18.685208333333332,9.8,29.29,19.001770833333335,20.309583333333332,75.6040625,0.0,3.106875,167.2046875,16051.65,13.6259375,8.685208333333332,18.880208333333332,17.893645833333334,13.939248511904761,20.283715277777777,18.988110119047622,14.994441964285715,82.0129861111111,78.69738095238095,74.6621949404762,0.0,0.0,0.0,142.03729166666665,147.0850148809524,145.73907918233084,40906.74,98841.12999999999,195655.69,26.640625,55.255520833333335,68.49499999999999,96.54989583333332,2.6500000000000004,428521.39
2425,2025-02-05,M14,M,1,4,107782.0,114431.0,114431.0,0.0,0.0,0.0,1.0,1.0,10.0,96,18.685208333333332,9.8,29.29,19.001770833333335,20.309583333333332,75.6040625,0.0,3.106875,167.2046875,16051.65,13.6259375,8.685208333333332,18.880208333333332,17.893645833333334,13.939248511904761,20.283715277777777,18.988110119047622,14.994441964285715,82.0129861111111,78.69738095238095,74.6621949404762,0.0,0.0,0.0,142.03729166666665,147.0850148809524,145.73907918233084,40906.74,98841.12999999999,195655.69,26.640625,55.255520833333335,68.49499999999999,96.54989583333332,2.6500000000000004,428521.39
2425,2025-02-05,M15,M,1,5,197148.0,218659.0,218659.0,0.0,4.0,0.0,4.0,2.0,41.0,96,18.685208333333332,9.8,29.29,19.001770833333335,20.309583333333332,75.6040625,0.0,3.106875,167.2046875,16051.65,13.6259375,8.685208333333332,18.880208333333332,17.893645833333334,13.939248511904761,20.283715277777777,18.988110119047622,14.994441964285715,82.0129861111111,78.69738095238095,74.6621949404762,0.0,0.0,0.0,142.03729166666665,147.0850148809524,145.73907918233084,40906.74,98841.12999999999,195655.69,26.640625,55.255520833333335,68.49499999999999,96.54989583333332,2.6500000000000004,428521.39
2425,2025-02-05,M21,M,2,1,250354.0,314291.0,314291.0,0.0,4.0,0.0,1.0,1.0,13.0,96,18.685208333333332,9.8,29.29,19.001770833333335,20.309583333333332,75.6040625,0.0,3.106875,167.2046875,16051.65,13.6259375,8.685208333333332,18.880208333333332,17.893645833333334,13.939248511904761,20.283715277777777,18.988110119047622,14.994441964285715,82.0129861111111,78.69738095238095,74.6621949404762,0.0,0.0,0.0,142.03729166666665,147.0850148809524,145.73907918233084,40906.74,98841.12999999999,195655.69,26.640625,55.255520833333335,68.49499999999999,96.54989583333332,2.6500000000000004,428521.39
2425,2025-02-05,M22,M,2,2,257925.0,286558.0,286558.0,0.0,1.0,1.0,0.0,1.0,0.0,96,18.685208333333332,9.8,29.29,19.001770833333335,20.309583333333332,75.6040625,0.0,3.106875,167.2046875,16051.65,13.6259375,8.685208333333332,18.880208333333332,17.893645833333334,13.939248511904761,20.283715277777777,18.988110119047622,14.994441964285715,82.0129861111111,78.69738095238095,74.6621949404762,0.0,0.0,0.0,142.03729166666665,147.0850148809524,145.73907918233084,40906.74,98841.12999999999,195655.69,26.640625,55.255520833333335,68.49499999999999,96.54989583333332,2.6500000000000004,428521.39
2425,2025-02-05,M23,M,2,3,172714.0,194029.0,194029.0,0.0,2.0,0.0,4.0,0.0,19.0,96,18.685208333333332,9.8,29.29,19.001770833333335,20.309583333333332,75.6040625,0.0,3.106875,167.2046875,16051.65,13.6259375,8.685208333333332,18.880208333333332,17.893645833333334,13.939248511904761,20.283715277777777,18.988110119047622,14.994441964285715,82.0129861111111,78.69738095238095,74.6621949404762,0.0,0.0,0.0,142.03729166666665,147.0850148809524,145.73907918233084,40906.74,98841.12999999999,195655.69,26.640625,55.255520833333335,68.49499999999999,96.54989583333332,2.6500000000000004,428521.39
2425,2025-02-05,M24,M,2,4,93951.0,112572.0,112572.0,0.0,4.0,1.0,2.0,0.0,14.0,96,18.685208333333332,9.8,29.29,19.001770833333335,20.309583333333332,75.6040625,0.0,3.106875,167.2046875,16051.65,13.6259375,8.685208333333332,18.880208333333332,17.893645833333334,13.939248511904761,20.283715277777777,18.988110119047622,14.994441964285715,82.0129861111111,78.69738095238095,74.6621949404762,0.0,0.0,0.0,142.03729166666665,147.0850148809524,145.73907918233084,40906.74,98841.12999999999,195655.69,26.640625,55.255520833333335,68.49499999999999,96.54989583333332,2.6500000000000004,428521.39
2425,2025-02-05,M25,M,2,5,239569.0,305336.0,305336.0,0.0,3.0,0.0,0.0,0.0,0.0,96,18.685208333333332,9.8,29.29,19.001770833333335,20.309583333333332,75.6040625,0.0,3.106875,167.2046875,16051.65,13.6259375,8.685208333333332,18.880208333333332,17.893645833333334,13.939248511904761,20.283715277777777,18.988110119047622,14.994441964285715,82.0129861111111,78.69738095238095,74.6621949404762,0.0,0.0,0.0,142.03729166666665,147.0850148809524,145.73907918233084,40906.74,98841.12999999999,195655.69,26.640625,55.255520833333335,68.49499999999999,96.54989583333332,2.6500000000000004,428521.39
2425,2025-02-05,M41,M,4,1,168227.0,209416.0,209416.0,0.0,18.0,0.0,0.0,2.0,4.0,96,18.685208333333332,9.8,29.29,19.001770833333335,20.309583333333332,75.6040625,0.0,3.106875,167.2046875,16051.65,13.6259375,8.685208333333332,18.880208333333332,17.893645833333334,13.939248511904761,20.283715277777777,18.988110119047622,14.994441964285715,82.0129861111111,78.69738095238095,74.6621949404762,0.0,0.0,0.0,142.03729166666665,147.0850148809524,145.73907918233084,40906.74,98841.12999999999,195655.69,26.640625,55.255520833333335,68.49499999999999,96.54989583333332,2.6500000000000004,428521.39
2425,2025-02-05,M42,M,4,2,158696.0,203750.0,203750.0,0.0,12.0,0.0,0.0,2.0,0.0,96,18.685208333333332,9.8,29.29,19.001770833333335,20.309583333333332,75.6040625,0.0,3.106875,167.2046875,16051.65,13.6259375,8.685208333333332,18.880208333333332,17.893645833333334,13.939248511904761,20.283715277777777,18.988110119047622,14.994441964285715,82.0129861111111,78.69738095238095,74.6621949404762,0.0,0.0,0.0,142.03729166666665,147.0850148809524,145.73907918233084,40906.74,98841.12999999999,195655.69,26.640625,55.255520833333335,68.49499999999999,96.54989583333332,2.6500000000000004,428521.39
2425,2025-02-05,M43,M,4,3,144990.0,178182.0,178182.0,0.0,0.0,0.0,0.0,1.0,0.0,96,18.685208333333332,9.8,29.29,19.001770833333335,20.309583333333332,75.6040625,0.0,3.106875,167.2046875,16051.65,13.6259375,8.685208333333332,18.880208333333332,17.893645833333334,13.939248511904761,20.283715277777777,18.988110119047622,14.994441964285715,82.0129861111111,78.69738095238095,74.6621949404762,0.0,0.0,0.0,142.03729166666665,147.0850148809524,145.73907918233084,40906.74,98841.12999999999,195655.69,26.640625,55.255520833333335,68.49499999999999,96.54989583333332,2.6500000000000004,428521.39
2425,2025-02-05,M44,M,4,4,227288.0,269789.0,269789.0,0.0,5.0,2.0,1.0,0.0,0.0,96,18.685208333333332,9.8,29.29,19.001770833333335,20.309583333333332,75.6040625,0.0,3.106875,167.2046875,16051.65,13.6259375,8.685208333333332,18.880208333333332,17.893645833333334,13.939248511904761,20.283715277777777,18.988110119047622,14.994441964285715,82.0129861111111,78.69738095238095,74.6621949404762,0.0,0.0,0.0,142.03729166666665,147.0850148809524,145.73907918233084,40906.74,98841.12999999999,195655.69,26.640625,55.255520833333335,68.49499999999999,96.54989583333332,2.6500000000000004,428521.39
2425,2025-02-05,M45,M,4,5,143344.0,167631.0,167631.0,0.0,1.0,0.0,1.0,0.0,0.0,96,18.685208333333332,9.8,29.29,19.001770833333335,20.309583333333332,75.6040625,0.0,3.106875,167.2046875,16051.65,13.6259375,8.685208333333332,18.880208333333332,17.893645833333334,13.939248511904761,20.283715277777777,18.988110119047622,14.994441964285715,82.0129861111111,78.69738095238095,74.6621949404762,0.0,0.0,0.0,142.03729166666665,147.0850148809524,145.73907918233084,40906.74,98841.12999999999,195655.69,26.640625,55.255520833333335,68.49499999999999,96.54989583333332,2.6500000000000004,428521.39
2425,2025-02-05,M51,M,5,1,312258.0,355470.0,355470.0,0.0,8.0,0.0,2.0,8.0,18.0,96,18.685208333333332,9.8,29.29,19.001770833333335,20.309583333333332,75.6040625,0.0,3.106875,167.2046875,16051.65,13.6259375,8.685208333333332,18.880208333333332,17.893645833333334,13.939248511904761,20.283715277777777,18.988110119047622,14.994441964285715,82.0129861111111,78.69738095238095,74.6621949404762,0.0,0.0,0.0,142.03729166666665,147.0850148809524,145.73907918233084,40906.74,98841.12999999999,195655.69,26.640625,55.255520833333335,68.49499999999999,96.54989583333332,2.6500000000000004,428521.39
2425,2025-02-05,M52,M,5,2,278424.0,326179.0,326179.0,0.0,2.0,0.0,0.0,1.0,0.0,96,18.685208333333332,9.8,29.29,19.001770833333335,20.309583333333332,75.6040625,0.0,3.106875,167.2046875,16051.65,13.6259375,8.685208333333332,18.880208333333332,17.893645833333334,13.939248511904761,20.283715277777777,18.988110119047622,14.994441964285715,82.0129861111111,78.69738095238095,74.6621949404762,0.0,0.0,0.0,142.03729166666665,147.0850148809524,145.73907918233084,40906.74,98841.12999999999,195655.69,26.640625,55.255520833333335,68.49499999999999,96.54989583333332,2.6500000000000004,428521.39
2425,2025-02-05,M53,M,5,3,256196.0,312608.0,312608.0,0.0,2.0,0.0,0.0,0.0,0.0,96,18.685208333333332,9.8,29.29,19.001770833333335,20.309583333333332,75.6040625,0.0,3.106875,167.2046875,16051.65,13.6259375,8.685208333333332,18.880208333333332,17.893645833333334,13.939248511904761,20.283715277777777,18.988110119047622,14.994441964285715,82.0129861111111,78.69738095238095,74.6621949404762,0.0,0.0,0.0,142.03729166666665,147.0850148809524,145.73907918233084,40906.74,98841.12999999999,195655.69,26.640625,55.255520833333335,68.49499999999999,96.54989583333332,2.6500000000000004,428521.39
2425,2025-02-05,M54,M,5,4,188690.0,232832.0,232832.0,0.0,4.0,0.0,1.0,1.0,0.0,96,18.685208333333332,9.8,29.29,19.001770833333335,20.309583333333332,75.6040625,0.0,3.106875,167.2046875,16051.65,13.6259375,8.685208333333332,18.880208333333332,17.893645833333334,13.939248511904761,20.283715277777777,18.988110119047622,14.994441964285715,82.0129861111111,78.69738095238095,74.6621949404762,0.0,0.0,0.0,142.03729166666665,147.0850148809524,145.73907918233084,40906.74,98841.12999999999,195655.69,26.640625,55.255520833333335,68.49499999999999,96.54989583333332,2.6500000000000004,428521.39
2425,2025-02-05,M55,M,5,5,195842.0,222544.0,222544.0,0.0,1.0,0.0,0.0,1.0,0.0,96,18.685208333333332,9.8,29.29,19.001770833333335,20.309583333333332,75.6040625,0.0,3.106875,167.2046875,16051.65,13.6259375,8.685208333333332,18.880208333333332,17.893645833333334,13.939248511904761,20.283715277777777,18.988110119047622,14.994441964285715,82.0129861111111,78.69738095238095,74.6621949404762,0.0,0.0,0.0,142.03729166666665,147.0850148809524,145.73907918233084,40906.74,98841.12999999999,195655.69,26.640625,55.255520833333335,68.49499999999999,96.54989583333332,2.6500000000000004,428521.39
2425,2025-02-12,B11,B,1,1,144918.0,200292.0,200292.0,1.0,2.0,0.0,0.0,0.0,2.0,96,21.88416666666667,15.34,29.99,22.115520833333335,21.982083333333335,78.26385416666666,0.0,6.814687500000001,152.95354166666667,14683.54,17.333020833333332,11.884166666666669,19.769340277777776,19.184895833333336,18.53927083333333,21.254791666666666,21.140580357142856,20.064345238095235,81.69614583333332,80.93714285714286,79.8172619047619,0.0,0.0,0.0,130.77805555555554,146.5577380952381,146.82137648809524,37664.079999999994,98486.8,197327.93,29.308020833333334,64.29427083333334,119.54979166666666,160.84416666666664,2.6500000000000004,527008.19
2425,2025-02-12,B12,B,1,2,174015.0,234805.0,234805.0,4.0,18.0,0.0,2.0,0.0,19.0,96,21.88416666666667,15.34,29.99,22.115520833333335,21.982083333333335,78.26385416666666,0.0,6.814687500000001,152.95354166666667,14683.54,17.333020833333332,11.884166666666669,19.769340277777776,19.184895833333336,18.53927083333333,21.254791666666666,21.140580357142856,20.064345238095235,81.69614583333332,80.93714285714286,79.8172619047619,0.0,0.0,0.0,130.77805555555554,146.5577380952381,146.82137648809524,37664.079999999994,98486.8,197327.93,29.308020833333334,64.29427083333334,119.54979166666666,160.84416666666664,2.6500000000000004,527008.19
2425,2025-02-12,B13,B,1,3,230612.0,312158.0,312158.0,3.0,8.0,0.0,0.0,0.0,10.0,96,21.88416666666667,15.34,29.99,22.115520833333335,21.982083333333335,78.26385416666666,0.0,6.814687500000001,152.95354166666667,14683.54,17.333020833333332,11.884166666666669,19.769340277777776,19.184895833333336,18.53927083333333,21.254791666666666,21.140580357142856,20.064345238095235,81.69614583333332,80.93714285714286,79.8172619047619,0.0,0.0,0.0,130.77805555555554,146.5577380952381,146.82137648809524,37664.079999999994,98486.8,197327.93,29.308020833333334,64.29427083333334,119.54979166666666,160.84416666666664,2.6500000000000004,527008.19
2425,2025-02-12,B14,B,1,4,156404.0,201780.0,201780.0,2.0,9.0,0.0,1.0,1.0,19.0,96,21.88416666666667,15.34,29.99,22.115520833333335,21.982083333333335,78.26385416666666,0.0,6.814687500000001,152.95354166666667,14683.54,17.333020833333332,11.884166666666669,19.769340277777776,19.184895833333336,18.53927083333333,21.254791666666666,21.140580357142856,20.064345238095235,81.69614583333332,80.93714285714286,79.8172619047619,0.0,0.0,0.0,130.77805555555554,146.5577380952381,146.82137648809524,37664.079999999994,98486.8,197327.93,29.308020833333334,64.29427083333334,119.54979166666666,160.84416666666664,2.6500000000000004,527008.19
2425,2025-02-12,B15,B,1,5,227521.0,297801.0,297801.0,1.0,30.0,2.0,3.0,2.0,65.0,96,21.88416666666667,15.34,29.99,22.115520833333335,21.982083333333335,78.26385416666666,0.0,6.814687500000001,152.95354166666667,14683.54,17.333020833333332,11.884166666666669,19.769340277777776,19.184895833333336,18.53927083333333,21.254791666666666,21.140580357142856,20.064345238095235,81.69614583333332,80.93714285714286,79.8172619047619,0.0,0.0,0.0,130.77805555555554,146.5577380952381,146.82137648809524,37664.079999999994,98486.8,197327.93,29.308020833333334,64.29427083333334,119.54979166666666,160.84416666666664,2.6500000000000004,527008.19
2425,2025-02-12,B21,B,2,1,425237.0,604420.0,604420.0,2.0,10.0,0.0,3.0,4.0,26.0,96,21.88416666666667,15.34,29.99,22.115520833333335,21.982083333333335,78.26385416666666,0.0,6.814687500000001,152.95354166666667,14683.54,17.333020833333332,11.884166666666669,19.769340277777776,19.184895833333336,18.53927083333333,21.254791666666666,21.140580357142856,20.064345238095235,81.69614583333332,80.93714285714286,79.8172619047619,0.0,0.0,0.0,130.77805555555554,146.5577380952381,146.82137648809524,37664.079999999994,98486.8,197327.93,29.308020833333334,64.29427083333334,119.54979166666666,160.84416666666664,2.6500000000000004,527008.19
2425,2025-02-12,B22,B,2,2,403384.0,555960.0,555960.0,3.0,11.0,1.0,2.0,3.0,33.0,96,21.88416666666667,15.34,29.99,22.115520833333335,21.982083333333335,78.26385416666666,0.0,6.814687500000001,152.95354166666667,14683.54,17.333020833333332,11.884166666666669,19.769340277777776,19.184895833333336,18.53927083333333,21.254791666666666,21.140580357142856,20.064345238095235,81.69614583333332,80.93714285714286,79.8172619047619,0.0,0.0,0.0,130.77805555555554,146.5577380952381,146.82137648809524,37664.079999999994,98486.8,197327.93,29.308020833333334,64.29427083333334,119.54979166666666,160.84416666666664,2.6500000000000004,527008.19
2425,2025-02-12,B23,B,2,3,285203.0,387037.0,387037.0,2.0,9.0,1.0,0.0,1.0,30.0,96,21.88416666666667,15.34,29.99,22.115520833333335,21.982083333333335,78.26385416666666,0.0,6.814687500000001,152.95354166666667,14683.54,17.333020833333332,11.884166666666669,19.769340277777776,19.184895833333336,18.53927083333333,21.254791666666666,21.140580357142856,20.064345238095235,81.69614583333332,80.93714285714286,79.8172619047619,0.0,0.0,0.0,130.77805555555554,146.5577380952381,146.82137648809524,37664.079999999994,98486.8,197327.93,29.308020833333334,64.29427083333334,119.54979166666666,160.84416666666664,2.6500000000000004,527008.19
2425,2025-02-12,B24,B,2,4,386905.0,530720.0,530720.0,8.0,14.0,2.0,6.0,2.0,45.0,96,21.88416666666667,15.34,29.99,22.115520833333335,21.982083333333335,78.26385416666666,0.0,6.814687500000001,152.95354166666667,14683.54,17.333020833333332,11.884166666666669,19.769340277777776,19.184895833333336,18.53927083333333,21.254791666666666,21.140580357142856,20.064345238095235,81.69614583333332,80.93714285714286,79.8172619047619,0.0,0.0,0.0,130.77805555555554,146.5577380952381,146.82137648809524,37664.079999999994,98486.8,197327.93,29.308020833333334,64.29427083333334,119.54979166666666,160.84416666666664,2.6500000000000004,527008.19
2425,2025-02-12,B25,B,2,5,204195.0,283222.0,283222.0,5.0,17.0,1.0,0.0,1.0,0.0,96,21.88416666666667,15.34,29.99,22.115520833333335,21.982083333333335,78.26385416666666,0.0,6.814687500000001,152.95354166666667,14683.54,17.333020833333332,11.884166666666669,19.769340277777776,19.184895833333336,18.53927083333333,21.254791666666666,21.140580357142856,20.064345238095235,81.69614583333332,80.93714285714286,79.8172619047619,0.0,0.0,0.0,130.77805555555554,146.5577380952381,146.82137648809524,37664.079999999994,98486.8,197327.93,29.308020833333334,64.29427083333334,119.54979166666666,160.84416666666664,2.6500000000000004,527008.19
2425,2025-02-12,B41,B,4,1,205731.0,291032.0,291032.0,4.0,12.0,0.0,2.0,2.0,0.0,96,21.88416666666667,15.34,29.99,22.115520833333335,21.982083333333335,78.26385416666666,0.0,6.814687500000001,152.95354166666667,14683.54,17.333020833333332,11.884166666666669,19.769340277777776,19.184895833333336,18.53927083333333,21.254791666666666,21.140580357142856,20.064345238095235,81.69614583333332,80.93714285714286,79.8172619047619,0.0,0.0,0.0,130.77805555555554,146.5577380952381,146.82137648809524,37664.079999999994,98486.8,197327.93,29.308020833333334,64.29427083333334,119.54979166666666,160.84416666666664,2.6500000000000004,527008.19
2425,2025-02-12,B42,B,4,2,215747.0,296644.0,296644.0,10.0,21.0,2.0,1.0,3.0,22.0,96,21.88416666666667,15.34,29.99,22.115520833333335,21.982083333333335,78.26385416666666,0.0,6.814687500000001,152.95354166666667,14683.54,17.333020833333332,11.884166666666669,19.769340277777776,19.184895833333336,18.53927083333333,21.254791666666666,21.140580357142856,20.064345238095235,81.69614583333332,80.93714285714286,79.8172619047619,0.0,0.0,0.0,130.77805555555554,146.5577380952381,146.82137648809524,37664.079999999994,98486.8,197327.93,29.308020833333334,64.29427083333334,119.54979166666666,160.84416666666664,2.6500000000000004,527008.19
2425,2025-02-12,B43,B,4,3,189781.0,265008.0,265008.0,3.0,16.0,0.0,1.0,1.0,0.0,96,21.88416666666667,15.34,29.99,22.115520833333335,21.982083333333335,78.26385416666666,0.0,6.814687500000001,152.95354166666667,14683.54,17.333020833333332,11.884166666666669,19.769340277777776,19.184895833333336,18.53927083333333,21.254791666666666,21.140580357142856,20.064345238095235,81.69614583333332,80.93714285714286,79.8172619047619,0.0,0.0,0.0,130.77805555555554,146.5577380952381,146.82137648809524,37664.079999999994,98486.8,197327.93,29.308020833333334,64.29427083333334,119.54979166666666,160.84416666666664,2.6500000000000004,527008.19
2425,2025-02-12,B44,B,4,4,173060.0,245375.0,245375.0,5.0,12.0,3.0,2.0,1.0,12.0,96,21.88416666666667,15.34,29.99,22.115520833333335,21.982083333333335,78.26385416666666,0.0,6.814687500000001,152.95354166666667,14683.54,17.333020833333332,11.884166666666669,19.769340277777776,19.184895833333336,18.53927083333333,21.254791666666666,21.140580357142856,20.064345238095235,81.69614583333332,80.93714285714286,79.8172619047619,0.0,0.0,0.0,130.77805555555554,146.5577380952381,146.82137648809524,37664.079999999994,98486.8,197327.93,29.308020833333334,64.29427083333334,119.54979166666666,160.84416666666664,2.6500000000000004,527008.19
2425,2025-02-12,B45,B,4,5,164797.0,235039.0,235039.0,1.0,16.0,1.0,5.0,0.0,31.0,96,21.88416666666667,15.34,29.99,22.115520833333335,21.982083333333335,78.26385416666666,0.0,6.814687500000001,152.95354166666667,14683.54,17.333020833333332,11.884166666666669,19.769340277777776,19.184895833333336,18.53927083333333,21.254791666666666,21.140580357142856,20.064345238095235,81.69614583333332,80.93714285714286,79.8172619047619,0.0,0.0,0.0,130.77805555555554,146.5577380952381,146.82137648809524,37664.079999999994,98486.8,197327.93,29.308020833333334,64.29427083333334,119.54979166666666,160.84416666666664,2.6500000000000004,527008.19
2425,2025-02-12,B51,B,5,1,234758.0,346420.0,346420.0,14.0,22.0,1.0,0.0,0.0,0.0,96,21.88416666666667,15.34,29.99,22.115520833333335,21.982083333333335,78.26385416666666,0.0,6.814687500000001,152.95354166666667,14683.54,17.333020833333332,11.884166666666669,19.769340277777776,19.184895833333336,18.53927083333333,21.254791666666666,21.140580357142856,20.064345238095235,81.69614583333332,80.93714285714286,79.8172619047619,0.0,0.0,0.0,130.77805555555554,146.5577380952381,146.82137648809524,37664.079999999994,98486.8,197327.93,29.308020833333334,64.29427083333334,119.54979166666666,160.84416666666664,2.6500000000000004,527008.19
2425,2025-02-12,B52,B,5,2,345689.0,486325.0,486325.0,11.0,24.0,3.0,14.0,7.0,89.0,96,21.88416666666667,15.34,29.99,22.115520833333335,21.982083333333335,78.26385416666666,0.0,6.814687500000001,152.95354166666667,14683.54,17.333020833333332,11.884166666666669,19.769340277777776,19.184895833333336,18.53927083333333,21.254791666666666,21.140580357142856,20.064345238095235,81.69614583333332,80.93714285714286,79.8172619047619,0.0,0.0,0.0,130.77805555555554,146.5577380952381,146.82137648809524,37664.079999999994,98486.8,197327.93,29.308020833333334,64.29427083333334,119.54979166666666,160.84416666666664,2.6500000000000004,527008.19
2425,2025-02-12,B53,B,5,3,404438.0,586738.0,586738.0,12.0,65.0,6.0,12.0,10.0,28.0,96,21.88416666666667,15.34,29.99,22.115520833333335,21.982083333333335,78.26385416666666,0.0,6.814687500000001,152.95354166666667,14683.54,17.333020833333332,11.884166666666669,19.769340277777776,19.184895833333336,18.53927083333333,21.254791666666666,21.140580357142856,20.064345238095235,81.69614583333332,80.93714285714286,79.8172619047619,0.0,0.0,0.0,130.77805555555554,146.5577380952381,146.82137648809524,37664.079999999994,98486.8,197327.93,29.308020833333334,64.29427083333334,119.54979166666666,160.84416666666664,2.6500000000000004,527008.19
2425,2025-02-12,B54,B,5,4,256472.0,368930.0,368930.0,3.0,25.0,0.0,0.0,3.0,0.0,96,21.88416666666667,15.34,29.99,22.115520833333335,21.982083333333335,78.26385416666666,0.0,6.814687500000001,152.95354166666667,14683.54,17.333020833333332,11.884166666666669,19.769340277777776,19.184895833333336,18.53927083333333,21.254791666666666,21.140580357142856,20.064345238095235,81.69614583333332,80.93714285714286,79.8172619047619,0.0,0.0,0.0,130.77805555555554,146.5577380952381,146.82137648809524,37664.079999999994,98486.8,197327.93,29.308020833333334,64.29427083333334,119.54979166666666,160.84416666666664,2.6500000000000004,527008.19
2425,2025-02-12,B55,B,5,5,286729.0,420484.0,420484.0,8.0,27.0,0.0,2.0,4.0,0.0,96,21.88416666666667,15.34,29.99,22.115520833333335,21.982083333333335,78.26385416666666,0.0,6.814687500000001,152.95354166666667,14683.54,17.333020833333332,11.884166666666669,19.769340277777776,19.184895833333336,18.53927083333333,21.254791666666666,21.140580357142856,20.064345238095235,81.69614583333332,80.93714285714286,79.8172619047619,0.0,0.0,0.0,130.77805555555554,146.5577380952381,146.82137648809524,37664.079999999994,98486.8,197327.93,29.308020833333334,64.29427083333334,119.54979166666666,160.84416666666664,2.6500000000000004,527008.19
2425,2025-02-12,M11,M,1,1,201037.0,277612.0,277612.0,8.0,5.0,0.0,0.0,1.0,0.0,96,21.88416666666667,15.34,29.99,22.115520833333335,21.982083333333335,78.26385416666666,0.0,6.814687500000001,152.95354166666667,14683.54,17.333020833333332,11.884166666666669,19.769340277777776,19.184895833333336,18.53927083333333,21.254791666666666,21.140580357142856,20.064345238095235,81.69614583333332,80.93714285714286,79.8172619047619,0.0,0.0,0.0,130.77805555555554,146.5577380952381,146.82137648809524,37664.079999999994,98486.8,197327.93,29.308020833333334,64.29427083333334,119.54979166666666,160.84416666666664,2.6500000000000004,527008.19
2425,2025-02-12,M12,M,1,2,239143.0,328725.0,328725.0,5.0,10.0,0.0,1.0,0.0,19.0,96,21.88416666666667,15.34,29.99,22.115520833333335,21.982083333333335,78.26385416666666,0.0,6.814687500000001,152.95354166666667,14683.54,17.333020833333332,11.884166666666669,19.769340277777776,19.184895833333336,18.53927083333333,21.254791666666666,21.140580357142856,20.064345238095235,81.69614583333332,80.93714285714286,79.8172619047619,0.0,0.0,0.0,130.77805555555554,146.5577380952381,146.82137648809524,37664.079999999994,98486.8,197327.93,29.308020833333334,64.29427083333334,119.54979166666666,160.84416666666664,2.6500000000000004,527008.19
2425,2025-02-12,M13,M,1,3,238757.0,335694.0,335694.0,2.0,13.0,2.0,6.0,3.0,89.0,96,21.88416666666667,15.34,29.99,22.115520833333335,21.982083333333335,78.26385416666666,0.0,6.814687500000001,152.95354166666667,14683.54,17.333020833333332,11.884166666666669,19.769340277777776,19.184895833333336,18.53927083333333,21.254791666666666,21.140580357142856,20.064345238095235,81.69614583333332,80.93714285714286,79.8172619047619,0.0,0.0,0.0,130.77805555555554,146.5577380952381,146.82137648809524,37664.079999999994,98486.8,197327.93,29.308020833333334,64.29427083333334,119.54979166666666,160.84416666666664,2.6500000000000004,527008.19
2425,2025-02-12,M14,M,1,4,110408.0,146164.0,146164.0,2.0,12.0,0.0,2.0,0.0,34.0,96,21.88416666666667,15.34,29.99,22.115520833333335,21.982083333333335,78.26385416666666,0.0,6.814687500000001,152.95354166666667,14683.54,17.333020833333332,11.884166666666669,19.769340277777776,19.184895833333336,18.53927083333333,21.254791666666666,21.140580357142856,20.064345238095235,81.69614583333332,80.93714285714286,79.8172619047619,0.0,0.0,0.0,130.77805555555554,146.5577380952381,146.82137648809524,37664.079999999994,98486.8,197327.93,29.308020833333334,64.29427083333334,119.54979166666666,160.84416666666664,2.6500000000000004,527008.19
2425,2025-02-12,M15,M,1,5,195651.0,264086.0,264086.0,1.0,25.0,0.0,3.0,0.0,10.0,96,21.88416666666667,15.34,29.99,22.115520833333335,21.982083333333335,78.26385416666666,0.0,6.814687500000001,152.95354166666667,14683.54,17.333020833333332,11.884166666666669,19.769340277777776,19.184895833333336,18.53927083333333,21.254791666666666,21.140580357142856,20.064345238095235,81.69614583333332,80.93714285714286,79.8172619047619,0.0,0.0,0.0,130.77805555555554,146.5577380952381,146.82137648809524,37664.079999999994,98486.8,197327.93,29.308020833333334,64.29427083333334,119.54979166666666,160.84416666666664,2.6500000000000004,527008.19
2425,2025-02-12,M21,M,2,1,329653.0,484207.0,484207.0,0.0,14.0,0.0,0.0,2.0,7.0,96,21.88416666666667,15.34,29.99,22.115520833333335,21.982083333333335,78.26385416666666,0.0,6.814687500000001,152.95354166666667,14683.54,17.333020833333332,11.884166666666669,19.769340277777776,19.184895833333336,18.53927083333333,21.254791666666666,21.140580357142856,20.064345238095235,81.69614583333332,80.93714285714286,79.8172619047619,0.0,0.0,0.0,130.77805555555554,146.5577380952381,146.82137648809524,37664.079999999994,98486.8,197327.93,29.308020833333334,64.29427083333334,119.54979166666666,160.84416666666664,2.6500000000000004,527008.19
2425,2025-02-12,M22,M,2,2,304948.0,414449.0,414449.0,3.0,21.0,0.0,4.0,0.0,83.0,96,21.88416666666667,15.34,29.99,22.115520833333335,21.982083333333335,78.26385416666666,0.0,6.814687500000001,152.95354166666667,14683.54,17.333020833333332,11.884166666666669,19.769340277777776,19.184895833333336,18.53927083333333,21.254791666666666,21.140580357142856,20.064345238095235,81.69614583333332,80.93714285714286,79.8172619047619,0.0,0.0,0.0,130.77805555555554,146.5577380952381,146.82137648809524,37664.079999999994,98486.8,197327.93,29.308020833333334,64.29427083333334,119.54979166666666,160.84416666666664,2.6500000000000004,527008.19
2425,2025-02-12,M23,M,2,3,193240.0,273190.0,273190.0,7.0,8.0,0.0,0.0,1.0,0.0,96,21.88416666666667,15.34,29.99,22.115520833333335,21.982083333333335,78.26385416666666,0.0,6.814687500000001,152.95354166666667,14683.54,17.333020833333332,11.884166666666669,19.769340277777776,19.184895833333336,18.53927083333333,21.254791666666666,21.140580357142856,20.064345238095235,81.69614583333332,80.93714285714286,79.8172619047619,0.0,0.0,0.0,130.77805555555554,146.5577380952381,146.82137648809524,37664.079999999994,98486.8,197327.93,29.308020833333334,64.29427083333334,119.54979166666666,160.84416666666664,2.6500000000000004,527008.19
2425,2025-02-12,M24,M,2,4,149959.0,210686.0,210686.0,2.0,7.0,0.0,2.0,0.0,9.0,96,21.88416666666667,15.34,29.99,22.115520833333335,21.982083333333335,78.26385416666666,0.0,6.814687500000001,152.95354166666667,14683.54,17.333020833333332,11.884166666666669,19.769340277777776,19.184895833333336,18.53927083333333,21.254791666666666,21.140580357142856,20.064345238095235,81.69614583333332,80.93714285714286,79.8172619047619,0.0,0.0,0.0,130.77805555555554,146.5577380952381,146.82137648809524,37664.079999999994,98486.8,197327.93,29.308020833333334,64.29427083333334,119.54979166666666,160.84416666666664,2.6500000000000004,527008.19
2425,2025-02-12,M25,M,2,5,173893.0,224074.0,224074.0,1.0,3.0,0.0,0.0,0.0,0.0,96,21.88416666666667,15.34,29.99,22.115520833333335,21.982083333333335,78.26385416666666,0.0,6.814687500000001,152.95354166666667,14683.54,17.333020833333332,11.884166666666669,19.769340277777776,19.184895833333336,18.53927083333333,21.254791666666666,21.140580357142856,20.064345238095235,81.69614583333332,80.93714285714286,79.8172619047619,0.0,0.0,0.0,130.77805555555554,146.5577380952381,146.82137648809524,37664.079999999994,98486.8,197327.93,29.308020833333334,64.29427083333334,119.54979166666666,160.84416666666664,2.6500000000000004,527008.19
2425,2025-02-12,M41,M,4,1,295183.0,436488.0,436488.0,6.0,25.0,4.0,6.0,12.0,57.0,96,21.88416666666667,15.34,29.99,22.115520833333335,21.982083333333335,78.26385416666666,0.0,6.814687500000001,152.95354166666667,14683.54,17.333020833333332,11.884166666666669,19.769340277777776,19.184895833333336,18.53927083333333,21.254791666666666,21.140580357142856,20.064345238095235,81.69614583333332,80.93714285714286,79.8172619047619,0.0,0.0,0.0,130.77805555555554,146.5577380952381,146.82137648809524,37664.079999999994,98486.8,197327.93,29.308020833333334,64.29427083333334,119.54979166666666,160.84416666666664,2.6500000000000004,527008.19
2425,2025-02-12,M42,M,4,2,323372.0,477452.0,477452.0,6.0,11.0,0.0,9.0,2.0,41.0,96,21.88416666666667,15.34,29.99,22.115520833333335,21.982083333333335,78.26385416666666,0.0,6.814687500000001,152.95354166666667,14683.54,17.333020833333332,11.884166666666669,19.769340277777776,19.184895833333336,18.53927083333333,21.254791666666666,21.140580357142856,20.064345238095235,81.69614583333332,80.93714285714286,79.8172619047619,0.0,0.0,0.0,130.77805555555554,146.5577380952381,146.82137648809524,37664.079999999994,98486.8,197327.93,29.308020833333334,64.29427083333334,119.54979166666666,160.84416666666664,2.6500000000000004,527008.19
2425,2025-02-12,M43,M,4,3,286379.0,436240.0,436240.0,7.0,5.0,0.0,0.0,1.0,0.0,96,21.88416666666667,15.34,29.99,22.115520833333335,21.982083333333335,78.26385416666666,0.0,6.814687500000001,152.95354166666667,14683.54,17.333020833333332,11.884166666666669,19.769340277777776,19.184895833333336,18.53927083333333,21.254791666666666,21.140580357142856,20.064345238095235,81.69614583333332,80.93714285714286,79.8172619047619,0.0,0.0,0.0,130.77805555555554,146.5577380952381,146.82137648809524,37664.079999999994,98486.8,197327.93,29.308020833333334,64.29427083333334,119.54979166666666,160.84416666666664,2.6500000000000004,527008.19
2425,2025-02-12,M44,M,4,4,337974.0,485589.0,485589.0,5.0,27.0,3.0,2.0,2.0,0.0,96,21.88416666666667,15.34,29.99,22.115520833333335,21.982083333333335,78.26385416666666,0.0,6.814687500000001,152.95354166666667,14683.54,17.333020833333332,11.884166666666669,19.769340277777776,19.184895833333336,18.53927083333333,21.254791666666666,21.140580357142856,20.064345238095235,81.69614583333332,80.93714285714286,79.8172619047619,0.0,0.0,0.0,130.77805555555554,146.5577380952381,146.82137648809524,37664.079999999994,98486.8,197327.93,29.308020833333334,64.29427083333334,119.54979166666666,160.84416666666664,2.6500000000000004,527008.19
2425,2025-02-12,M45,M,4,5,218503.0,294148.0,294148.0,1.0,19.0,0.0,0.0,3.0,5.0,96,21.88416666666667,15.34,29.99,22.115520833333335,21.982083333333335,78.26385416666666,0.0,6.814687500000001,152.95354166666667,14683.54,17.333020833333332,11.884166666666669,19.769340277777776,19.184895833333336,18.53927083333333,21.254791666666666,21.140580357142856,20.064345238095235,81.69614583333332,80.93714285714286,79.8172619047619,0.0,0.0,0.0,130.77805555555554,146.5577380952381,146.82137648809524,37664.079999999994,98486.8,197327.93,29.308020833333334,64.29427083333334,119.54979166666666,160.84416666666664,2.6500000000000004,527008.19
2425,2025-02-12,M51,M,5,1,350417.0,467214.0,467214.0,7.0,24.0,3.0,7.0,2.0,53.0,96,21.88416666666667,15.34,29.99,22.115520833333335,21.982083333333335,78.26385416666666,0.0,6.814687500000001,152.95354166666667,14683.54,17.333020833333332,11.884166666666669,19.769340277777776,19.184895833333336,18.53927083333333,21.254791666666666,21.140580357142856,20.064345238095235,81.69614583333332,80.93714285714286,79.8172619047619,0.0,0.0,0.0,130.77805555555554,146.5577380952381,146.82137648809524,37664.079999999994,98486.8,197327.93,29.308020833333334,64.29427083333334,119.54979166666666,160.84416666666664,2.6500000000000004,527008.19
2425,2025-02-12,M52,M,5,2,228408.0,328155.0,328155.0,8.0,10.0,0.0,1.0,0.0,53.0,96,21.88416666666667,15.34,29.99,22.115520833333335,21.982083333333335,78.26385416666666,0.0,6.814687500000001,152.95354166666667,14683.54,17.333020833333332,11.884166666666669,19.769340277777776,19.184895833333336,18.53927083333333,21.254791666666666,21.140580357142856,20.064345238095235,81.69614583333332,80.93714285714286,79.8172619047619,0.0,0.0,0.0,130.77805555555554,146.5577380952381,146.82137648809524,37664.079999999994,98486.8,197327.93,29.308020833333334,64.29427083333334,119.54979166666666,160.84416666666664,2.6500000000000004,527008.19
2425,2025-02-12,M53,M,5,3,342916.0,470063.0,470063.0,5.0,17.0,1.0,4.0,0.0,22.0,96,21.88416666666667,15.34,29.99,22.115520833333335,21.982083333333335,78.26385416666666,0.0,6.814687500000001,152.95354166666667,14683.54,17.333020833333332,11.884166666666669,19.769340277777776,19.184895833333336,18.53927083333333,21.254791666666666,21.140580357142856,20.064345238095235,81.69614583333332,80.93714285714286,79.8172619047619,0.0,0.0,0.0,130.77805555555554,146.5577380952381,146.82137648809524,37664.079999999994,98486.8,197327.93,29.308020833333334,64.29427083333334,119.54979166666666,160.84416666666664,2.6500000000000004,527008.19
2425,2025-02-12,M54,M,5,4,235410.0,326758.0,326758.0,5.0,22.0,1.0,1.0,1.0,3.0,96,21.88416666666667,15.34,29.99,22.115520833333335,21.982083333333335,78.26385416666666,0.0,6.814687500000001,152.95354166666667,14683.54,17.333020833333332,11.884166666666669,19.769340277777776,19.184895833333336,18.53927083333333,21.254791666666666,21.140580357142856,20.064345238095235,81.69614583333332,80.93714285714286,79.8172619047619,0.0,0.0,0.0,130.77805555555554,146.5577380952381,146.82137648809524,37664.079999999994,98486.8,197327.93,29.308020833333334,64.29427083333334,119.54979166666666,160.84416666666664,2.6500000000000004,527008.19
2425,2025-02-12,M55,M,5,5,231103.0,292791.0,292791.0,8.0,19.0,1.0,1.0,4.0,24.0,96,21.88416666666667,15.34,29.99,22.115520833333335,21.982083333333335,78.26385416666666,0.0,6.814687500000001,152.95354166666667,14683.54,17.333020833333332,11.884166666666669,19.769340277777776,19.184895833333336,18.53927083333333,21.254791666666666,21.140580357142856,20.064345238095235,81.69614583333332,80.93714285714286,79.8172619047619,0.0,0.0,0.0,130.77805555555554,146.5577380952381,146.82137648809524,37664.079999999994,98486.8,197327.93,29.308020833333334,64.29427083333334,119.54979166666666,160.84416666666664,2.6500000000000004,527008.19
2425,2025-02-20,B11,B,1,1,119050.0,142465.0,142465.0,1.0,7.0,0.0,0.0,0.0,0.0,96,11.767604166666667,6.18,16.81,12.212916666666667,15.488645833333335,75.38729166666667,0.0,7.179583333333333,163.27791666666667,15674.68,7.268020833333334,1.7676041666666666,13.677743055555553,15.813392857142858,17.728125000000002,16.133194444444445,17.899166666666666,19.650431547619046,79.51315972222223,78.89425595238095,80.27756696428571,0.17,0.43000000000000005,0.6900000000000001,132.67184027777776,133.68846224937343,139.40532487468673,38209.49,89510.31,187032.42,11.033229166666667,40.69375000000001,108.19375000000001,214.7317708333333,3.34,630807.07
2425,2025-02-20,B12,B,1,2,282893.0,343691.0,343691.0,0.0,34.0,1.0,5.0,8.0,45.0,96,11.767604166666667,6.18,16.81,12.212916666666667,15.488645833333335,75.38729166666667,0.0,7.179583333333333,163.27791666666667,15674.68,7.268020833333334,1.7676041666666666,13.677743055555553,15.813392857142858,17.728125000000002,16.133194444444445,17.899166666666666,19.650431547619046,79.51315972222223,78.89425595238095,80.27756696428571,0.17,0.43000000000000005,0.6900000000000001,132.67184027777776,133.68846224937343,139.40532487468673,38209.49,89510.31,187032.42,11.033229166666667,40.69375000000001,108.19375000000001,214.7317708333333,3.34,630807.07
2425,2025-02-20,B13,B,1,3,199683.0,241055.0,241055.0,2.0,3.0,2.0,3.0,0.0,7.0,96,11.767604166666667,6.18,16.81,12.212916666666667,15.488645833333335,75.38729166666667,0.0,7.179583333333333,163.27791666666667,15674.68,7.268020833333334,1.7676041666666666,13.677743055555553,15.813392857142858,17.728125000000002,16.133194444444445,17.899166666666666,19.650431547619046,79.51315972222223,78.89425595238095,80.27756696428571,0.17,0.43000000000000005,0.6900000000000001,132.67184027777776,133.68846224937343,139.40532487468673,38209.49,89510.31,187032.42,11.033229166666667,40.69375000000001,108.19375000000001,214.7317708333333,3.34,630807.07
2425,2025-02-20,B14,B,1,4,215693.0,260389.0,260389.0,0.0,6.0,2.0,1.0,1.0,15.0,96,11.767604166666667,6.18,16.81,12.212916666666667,15.488645833333335,75.38729166666667,0.0,7.179583333333333,163.27791666666667,15674.68,7.268020833333334,1.7676041666666666,13.677743055555553,15.813392857142858,17.728125000000002,16.133194444444445,17.899166666666666,19.650431547619046,79.51315972222223,78.89425595238095,80.27756696428571,0.17,0.43000000000000005,0.6900000000000001,132.67184027777776,133.68846224937343,139.40532487468673,38209.49,89510.31,187032.42,11.033229166666667,40.69375000000001,108.19375000000001,214.7317708333333,3.34,630807.07
2425,2025-02-20,B15,B,1,5,245061.0,304519.0,304519.0,1.0,17.0,1.0,4.0,5.0,37.0,96,11.767604166666667,6.18,16.81,12.212916666666667,15.488645833333335,75.38729166666667,0.0,7.179583333333333,163.27791666666667,15674.68,7.268020833333334,1.7676041666666666,13.677743055555553,15.813392857142858,17.728125000000002,16.133194444444445,17.899166666666666,19.650431547619046,79.51315972222223,78.89425595238095,80.27756696428571,0.17,0.43000000000000005,0.6900000000000001,132.67184027777776,133.68846224937343,139.40532487468673,38209.49,89510.31,187032.42,11.033229166666667,40.69375000000001,108.19375000000001,214.7317708333333,3.34,630807.07
2425,2025-02-20,B21,B,2,1,316701.0,416175.0,416175.0,1.0,14.0,1.0,3.0,2.0,0.0,96,11.767604166666667,6.18,16.81,12.212916666666667,15.488645833333335,75.38729166666667,0.0,7.179583333333333,163.27791666666667,15674.68,7.268020833333334,1.7676041666666666,13.677743055555553,15.813392857142858,17.728125000000002,16.133194444444445,17.899166666666666,19.650431547619046,79.51315972222223,78.89425595238095,80.27756696428571,0.17,0.43000000000000005,0.6900000000000001,132.67184027777776,133.68846224937343,139.40532487468673,38209.49,89510.31,187032.42,11.033229166666667,40.69375000000001,108.19375000000001,214.7317708333333,3.34,630807.07
2425,2025-02-20,B22,B,2,2,264297.0,334038.0,334038.0,1.0,16.0,0.0,0.0,1.0,7.0,96,11.767604166666667,6.18,16.81,12.212916666666667,15.488645833333335,75.38729166666667,0.0,7.179583333333333,163.27791666666667,15674.68,7.268020833333334,1.7676041666666666,13.677743055555553,15.813392857142858,17.728125000000002,16.133194444444445,17.899166666666666,19.650431547619046,79.51315972222223,78.89425595238095,80.27756696428571,0.17,0.43000000000000005,0.6900000000000001,132.67184027777776,133.68846224937343,139.40532487468673,38209.49,89510.31,187032.42,11.033229166666667,40.69375000000001,108.19375000000001,214.7317708333333,3.34,630807.07
2425,2025-02-20,B23,B,2,3,307570.0,386003.0,386003.0,1.0,16.0,0.0,4.0,0.0,183.0,96,11.767604166666667,6.18,16.81,12.212916666666667,15.488645833333335,75.38729166666667,0.0,7.179583333333333,163.27791666666667,15674.68,7.268020833333334,1.7676041666666666,13.677743055555553,15.813392857142858,17.728125000000002,16.133194444444445,17.899166666666666,19.650431547619046,79.51315972222223,78.89425595238095,80.27756696428571,0.17,0.43000000000000005,0.6900000000000001,132.67184027777776,133.68846224937343,139.40532487468673,38209.49,89510.31,187032.42,11.033229166666667,40.69375000000001,108.19375000000001,214.7317708333333,3.34,630807.07
2425,2025-02-20,B24,B,2,4,326918.0,422324.0,422324.0,1.0,14.0,0.0,2.0,2.0,36.0,96,11.767604166666667,6.18,16.81,12.212916666666667,15.488645833333335,75.38729166666667,0.0,7.179583333333333,163.27791666666667,15674.68,7.268020833333334,1.7676041666666666,13.677743055555553,15.813392857142858,17.728125000000002,16.133194444444445,17.899166666666666,19.650431547619046,79.51315972222223,78.89425595238095,80.27756696428571,0.17,0.43000000000000005,0.6900000000000001,132.67184027777776,133.68846224937343,139.40532487468673,38209.49,89510.31,187032.42,11.033229166666667,40.69375000000001,108.19375000000001,214.7317708333333,3.34,630807.07
2425,2025-02-20,B25,B,2,5,267373.0,350800.0,350800.0,1.0,9.0,0.0,0.0,3.0,48.0,96,11.767604166666667,6.18,16.81,12.212916666666667,15.488645833333335,75.38729166666667,0.0,7.179583333333333,163.27791666666667,15674.68,7.268020833333334,1.7676041666666666,13.677743055555553,15.813392857142858,17.728125000000002,16.133194444444445,17.899166666666666,19.650431547619046,79.51315972222223,78.89425595238095,80.27756696428571,0.17,0.43000000000000005,0.6900000000000001,132.67184027777776,133.68846224937343,139.40532487468673,38209.49,89510.31,187032.42,11.033229166666667,40.69375000000001,108.19375000000001,214.7317708333333,3.34,630807.07
2425,2025-02-20,B41,B,4,1,292698.0,357239.0,357239.0,0.0,21.0,0.0,3.0,1.0,44.0,96,11.767604166666667,6.18,16.81,12.212916666666667,15.488645833333335,75.38729166666667,0.0,7.179583333333333,163.27791666666667,15674.68,7.268020833333334,1.7676041666666666,13.677743055555553,15.813392857142858,17.728125000000002,16.133194444444445,17.899166666666666,19.650431547619046,79.51315972222223,78.89425595238095,80.27756696428571,0.17,0.43000000000000005,0.6900000000000001,132.67184027777776,133.68846224937343,139.40532487468673,38209.49,89510.31,187032.42,11.033229166666667,40.69375000000001,108.19375000000001,214.7317708333333,3.34,630807.07
2425,2025-02-20,B42,B,4,2,168706.0,203053.0,203053.0,0.0,12.0,1.0,1.0,1.0,13.0,96,11.767604166666667,6.18,16.81,12.212916666666667,15.488645833333335,75.38729166666667,0.0,7.179583333333333,163.27791666666667,15674.68,7.268020833333334,1.7676041666666666,13.677743055555553,15.813392857142858,17.728125000000002,16.133194444444445,17.899166666666666,19.650431547619046,79.51315972222223,78.89425595238095,80.27756696428571,0.17,0.43000000000000005,0.6900000000000001,132.67184027777776,133.68846224937343,139.40532487468673,38209.49,89510.31,187032.42,11.033229166666667,40.69375000000001,108.19375000000001,214.7317708333333,3.34,630807.07
2425,2025-02-20,B43,B,4,3,182223.0,227685.0,227685.0,0.0,15.0,1.0,0.0,3.0,38.0,96,11.767604166666667,6.18,16.81,12.212916666666667,15.488645833333335,75.38729166666667,0.0,7.179583333333333,163.27791666666667,15674.68,7.268020833333334,1.7676041666666666,13.677743055555553,15.813392857142858,17.728125000000002,16.133194444444445,17.899166666666666,19.650431547619046,79.51315972222223,78.89425595238095,80.27756696428571,0.17,0.43000000000000005,0.6900000000000001,132.67184027777776,133.68846224937343,139.40532487468673,38209.49,89510.31,187032.42,11.033229166666667,40.69375000000001,108.19375000000001,214.7317708333333,3.34,630807.07
2425,2025-02-20,B44,B,4,4,318442.0,406827.0,406827.0,0.0,16.0,0.0,0.0,2.0,33.0,96,11.767604166666667,6.18,16.81,12.212916666666667,15.488645833333335,75.38729166666667,0.0,7.179583333333333,163.27791666666667,15674.68,7.268020833333334,1.7676041666666666,13.677743055555553,15.813392857142858,17.728125000000002,16.133194444444445,17.899166666666666,19.650431547619046,79.51315972222223,78.89425595238095,80.27756696428571,0.17,0.43000000000000005,0.6900000000000001,132.67184027777776,133.68846224937343,139.40532487468673,38209.49,89510.31,187032.42,11.033229166666667,40.69375000000001,108.19375000000001,214.7317708333333,3.34,630807.07
2425,2025-02-20,B45,B,4,5,216355.0,279777.0,279777.0,0.0,28.0,0.0,6.0,2.0,49.0,96,11.767604166666667,6.18,16.81,12.212916666666667,15.488645833333335,75.38729166666667,0.0,7.179583333333333,163.27791666666667,15674.68,7.268020833333334,1.7676041666666666,13.677743055555553,15.813392857142858,17.728125000000002,16.133194444444445,17.899166666666666,19.650431547619046,79.51315972222223,78.89425595238095,80.27756696428571,0.17,0.43000000000000005,0.6900000000000001,132.67184027777776,133.68846224937343,139.40532487468673,38209.49,89510.31,187032.42,11.033229166666667,40.69375000000001,108.19375000000001,214.7317708333333,3.34,630807.07
2425,2025-02-20,B51,B,5,1,222201.0,285536.0,285536.0,2.0,27.0,3.0,4.0,3.0,46.0,96,11.767604166666667,6.18,16.81,12.212916666666667,15.488645833333335,75.38729166666667,0.0,7.179583333333333,163.27791666666667,15674.68,7.268020833333334,1.7676041666666666,13.677743055555553,15.813392857142858,17.728125000000002,16.133194444444445,17.899166666666666,19.650431547619046,79.51315972222223,78.89425595238095,80.27756696428571,0.17,0.43000000000000005,0.6900000000000001,132.67184027777776,133.68846224937343,139.40532487468673,38209.49,89510.31,187032.42,11.033229166666667,40.69375000000001,108.19375000000001,214.7317708333333,3.34,630807.07
2425,2025-02-20,B52,B,5,2,342271.0,411185.0,411185.0,0.0,32.0,1.0,22.0,10.0,120.0,96,11.767604166666667,6.18,16.81,12.212916666666667,15.488645833333335,75.38729166666667,0.0,7.179583333333333,163.27791666666667,15674.68,7.268020833333334,1.7676041666666666,13.677743055555553,15.813392857142858,17.728125000000002,16.133194444444445,17.899166666666666,19.650431547619046,79.51315972222223,78.89425595238095,80.27756696428571,0.17,0.43000000000000005,0.6900000000000001,132.67184027777776,133.68846224937343,139.40532487468673,38209.49,89510.31,187032.42,11.033229166666667,40.69375000000001,108.19375000000001,214.7317708333333,3.34,630807.07
2425,2025-02-20,B53,B,5,3,419186.0,509835.0,509835.0,0.0,32.0,1.0,20.0,7.0,175.0,96,11.767604166666667,6.18,16.81,12.212916666666667,15.488645833333335,75.38729166666667,0.0,7.179583333333333,163.27791666666667,15674.68,7.268020833333334,1.7676041666666666,13.677743055555553,15.813392857142858,17.728125000000002,16.133194444444445,17.899166666666666,19.650431547619046,79.51315972222223,78.89425595238095,80.27756696428571,0.17,0.43000000000000005,0.6900000000000001,132.67184027777776,133.68846224937343,139.40532487468673,38209.49,89510.31,187032.42,11.033229166666667,40.69375000000001,108.19375000000001,214.7317708333333,3.34,630807.07
2425,2025-02-20,B54,B,5,4,252922.0,318474.0,318474.0,4.0,15.0,0.0,6.0,3.0,45.0,96,11.767604166666667,6.18,16.81,12.212916666666667,15.488645833333335,75.38729166666667,0.0,7.179583333333333,163.27791666666667,15674.68,7.268020833333334,1.7676041666666666,13.677743055555553,15.813392857142858,17.728125000000002,16.133194444444445,17.899166666666666,19.650431547619046,79.51315972222223,78.89425595238095,80.27756696428571,0.17,0.43000000000000005,0.6900000000000001,132.67184027777776,133.68846224937343,139.40532487468673,38209.49,89510.31,187032.42,11.033229166666667,40.69375000000001,108.19375000000001,214.7317708333333,3.34,630807.07
2425,2025-02-20,B55,B,5,5,191376.0,259595.0,259595.0,1.0,8.0,0.0,2.0,0.0,40.0,96,11.767604166666667,6.18,16.81,12.212916666666667,15.488645833333335,75.38729166666667,0.0,7.179583333333333,163.27791666666667,15674.68,7.268020833333334,1.7676041666666666,13.677743055555553,15.813392857142858,17.728125000000002,16.133194444444445,17.899166666666666,19.650431547619046,79.51315972222223,78.89425595238095,80.27756696428571,0.17,0.43000000000000005,0.6900000000000001,132.67184027777776,133.68846224937343,139.40532487468673,38209.49,89510.31,187032.42,11.033229166666667,40.69375000000001,108.19375000000001,214.7317708333333,3.34,630807.07
2425,2025-02-20,M11,M,1,1,194147.0,234720.0,234720.0,0.0,2.0,0.0,0.0,0.0,26.0,96,11.767604166666667,6.18,16.81,12.212916666666667,15.488645833333335,75.38729166666667,0.0,7.179583333333333,163.27791666666667,15674.68,7.268020833333334,1.7676041666666666,13.677743055555553,15.813392857142858,17.728125000000002,16.133194444444445,17.899166666666666,19.650431547619046,79.51315972222223,78.89425595238095,80.27756696428571,0.17,0.43000000000000005,0.6900000000000001,132.67184027777776,133.68846224937343,139.40532487468673,38209.49,89510.31,187032.42,11.033229166666667,40.69375000000001,108.19375000000001,214.7317708333333,3.34,630807.07
2425,2025-02-20,M12,M,1,2,336307.0,408618.0,408618.0,1.0,12.0,1.0,0.0,2.0,66.0,96,11.767604166666667,6.18,16.81,12.212916666666667,15.488645833333335,75.38729166666667,0.0,7.179583333333333,163.27791666666667,15674.68,7.268020833333334,1.7676041666666666,13.677743055555553,15.813392857142858,17.728125000000002,16.133194444444445,17.899166666666666,19.650431547619046,79.51315972222223,78.89425595238095,80.27756696428571,0.17,0.43000000000000005,0.6900000000000001,132.67184027777776,133.68846224937343,139.40532487468673,38209.49,89510.31,187032.42,11.033229166666667,40.69375000000001,108.19375000000001,214.7317708333333,3.34,630807.07
2425,2025-02-20,M13,M,1,3,297005.0,372178.0,372178.0,2.0,10.0,1.0,4.0,4.0,111.0,96,11.767604166666667,6.18,16.81,12.212916666666667,15.488645833333335,75.38729166666667,0.0,7.179583333333333,163.27791666666667,15674.68,7.268020833333334,1.7676041666666666,13.677743055555553,15.813392857142858,17.728125000000002,16.133194444444445,17.899166666666666,19.650431547619046,79.51315972222223,78.89425595238095,80.27756696428571,0.17,0.43000000000000005,0.6900000000000001,132.67184027777776,133.68846224937343,139.40532487468673,38209.49,89510.31,187032.42,11.033229166666667,40.69375000000001,108.19375000000001,214.7317708333333,3.34,630807.07
2425,2025-02-20,M14,M,1,4,134878.0,168464.0,168464.0,0.0,8.0,1.0,2.0,1.0,47.0,96,11.767604166666667,6.18,16.81,12.212916666666667,15.488645833333335,75.38729166666667,0.0,7.179583333333333,163.27791666666667,15674.68,7.268020833333334,1.7676041666666666,13.677743055555553,15.813392857142858,17.728125000000002,16.133194444444445,17.899166666666666,19.650431547619046,79.51315972222223,78.89425595238095,80.27756696428571,0.17,0.43000000000000005,0.6900000000000001,132.67184027777776,133.68846224937343,139.40532487468673,38209.49,89510.31,187032.42,11.033229166666667,40.69375000000001,108.19375000000001,214.7317708333333,3.34,630807.07
2425,2025-02-20,M15,M,1,5,204032.0,249568.0,249568.0,0.0,10.0,0.0,2.0,3.0,33.0,96,11.767604166666667,6.18,16.81,12.212916666666667,15.488645833333335,75.38729166666667,0.0,7.179583333333333,163.27791666666667,15674.68,7.268020833333334,1.7676041666666666,13.677743055555553,15.813392857142858,17.728125000000002,16.133194444444445,17.899166666666666,19.650431547619046,79.51315972222223,78.89425595238095,80.27756696428571,0.17,0.43000000000000005,0.6900000000000001,132.67184027777776,133.68846224937343,139.40532487468673,38209.49,89510.31,187032.42,11.033229166666667,40.69375000000001,108.19375000000001,214.7317708333333,3.34,630807.07
2425,2025-02-20,M21,M,2,1,280175.0,360104.0,360104.0,0.0,7.0,1.0,4.0,0.0,78.0,96,11.767604166666667,6.18,16.81,12.212916666666667,15.488645833333335,75.38729166666667,0.0,7.179583333333333,163.27791666666667,15674.68,7.268020833333334,1.7676041666666666,13.677743055555553,15.813392857142858,17.728125000000002,16.133194444444445,17.899166666666666,19.650431547619046,79.51315972222223,78.89425595238095,80.27756696428571,0.17,0.43000000000000005,0.6900000000000001,132.67184027777776,133.68846224937343,139.40532487468673,38209.49,89510.31,187032.42,11.033229166666667,40.69375000000001,108.19375000000001,214.7317708333333,3.34,630807.07
2425,2025-02-20,M22,M,2,2,296234.0,358093.0,358093.0,1.0,7.0,3.0,2.0,3.0,135.0,96,11.767604166666667,6.18,16.81,12.212916666666667,15.488645833333335,75.38729166666667,0.0,7.179583333333333,163.27791666666667,15674.68,7.268020833333334,1.7676041666666666,13.677743055555553,15.813392857142858,17.728125000000002,16.133194444444445,17.899166666666666,19.650431547619046,79.51315972222223,78.89425595238095,80.27756696428571,0.17,0.43000000000000005,0.6900000000000001,132.67184027777776,133.68846224937343,139.40532487468673,38209.49,89510.31,187032.42,11.033229166666667,40.69375000000001,108.19375000000001,214.7317708333333,3.34,630807.07
2425,2025-02-20,M23,M,2,3,282297.0,345436.0,345436.0,0.0,10.0,0.0,3.0,1.0,73.0,96,11.767604166666667,6.18,16.81,12.212916666666667,15.488645833333335,75.38729166666667,0.0,7.179583333333333,163.27791666666667,15674.68,7.268020833333334,1.7676041666666666,13.677743055555553,15.813392857142858,17.728125000000002,16.133194444444445,17.899166666666666,19.650431547619046,79.51315972222223,78.89425595238095,80.27756696428571,0.17,0.43000000000000005,0.6900000000000001,132.67184027777776,133.68846224937343,139.40532487468673,38209.49,89510.31,187032.42,11.033229166666667,40.69375000000001,108.19375000000001,214.7317708333333,3.34,630807.07
2425,2025-02-20,M24,M,2,4,145957.0,185834.0,185834.0,0.0,11.0,1.0,0.0,0.0,6.0,96,11.767604166666667,6.18,16.81,12.212916666666667,15.488645833333335,75.38729166666667,0.0,7.179583333333333,163.27791666666667,15674.68,7.268020833333334,1.7676041666666666,13.677743055555553,15.813392857142858,17.728125000000002,16.133194444444445,17.899166666666666,19.650431547619046,79.51315972222223,78.89425595238095,80.27756696428571,0.17,0.43000000000000005,0.6900000000000001,132.67184027777776,133.68846224937343,139.40532487468673,38209.49,89510.31,187032.42,11.033229166666667,40.69375000000001,108.19375000000001,214.7317708333333,3.34,630807.07
2425,2025-02-20,M25,M,2,5,152745.0,184927.0,184927.0,0.0,9.0,2.0,0.0,0.0,0.0,96,11.767604166666667,6.18,16.81,12.212916666666667,15.488645833333335,75.38729166666667,0.0,7.179583333333333,163.27791666666667,15674.68,7.268020833333334,1.7676041666666666,13.677743055555553,15.813392857142858,17.728125000000002,16.133194444444445,17.899166666666666,19.650431547619046,79.51315972222223,78.89425595238095,80.27756696428571,0.17,0.43000000000000005,0.6900000000000001,132.67184027777776,133.68846224937343,139.40532487468673,38209.49,89510.31,187032.42,11.033229166666667,40.69375000000001,108.19375000000001,214.7317708333333,3.34,630807.07
2425,2025-02-20,M41,M,4,1,309444.0,400139.0,400139.0,0.0,24.0,3.0,10.0,3.0,145.0,96,11.767604166666667,6.18,16.81,12.212916666666667,15.488645833333335,75.38729166666667,0.0,7.179583333333333,163.27791666666667,15674.68,7.268020833333334,1.7676041666666666,13.677743055555553,15.813392857142858,17.728125000000002,16.133194444444445,17.899166666666666,19.650431547619046,79.51315972222223,78.89425595238095,80.27756696428571,0.17,0.43000000000000005,0.6900000000000001,132.67184027777776,133.68846224937343,139.40532487468673,38209.49,89510.31,187032.42,11.033229166666667,40.69375000000001,108.19375000000001,214.7317708333333,3.34,630807.07
2425,2025-02-20,M42,M,4,2,261399.0,330152.0,330152.0,0.0,15.0,0.0,7.0,5.0,45.0,96,11.767604166666667,6.18,16.81,12.212916666666667,15.488645833333335,75.38729166666667,0.0,7.179583333333333,163.27791666666667,15674.68,7.268020833333334,1.7676041666666666,13.677743055555553,15.813392857142858,17.728125000000002,16.133194444444445,17.899166666666666,19.650431547619046,79.51315972222223,78.89425595238095,80.27756696428571,0.17,0.43000000000000005,0.6900000000000001,132.67184027777776,133.68846224937343,139.40532487468673,38209.49,89510.31,187032.42,11.033229166666667,40.69375000000001,108.19375000000001,214.7317708333333,3.34,630807.07
2425,2025-02-20,M43,M,4,3,258678.0,341936.0,341936.0,0.0,8.0,0.0,10.0,1.0,46.0,96,11.767604166666667,6.18,16.81,12.212916666666667,15.488645833333335,75.38729166666667,0.0,7.179583333333333,163.27791666666667,15674.68,7.268020833333334,1.7676041666666666,13.677743055555553,15.813392857142858,17.728125000000002,16.133194444444445,17.899166666666666,19.650431547619046,79.51315972222223,78.89425595238095,80.27756696428571,0.17,0.43000000000000005,0.6900000000000001,132.67184027777776,133.68846224937343,139.40532487468673,38209.49,89510.31,187032.42,11.033229166666667,40.69375000000001,108.19375000000001,214.7317708333333,3.34,630807.07
2425,2025-02-20,M44,M,4,4,267063.0,349299.0,349299.0,0.0,8.0,2.0,4.0,7.0,98.0,96,11.767604166666667,6.18,16.81,12.212916666666667,15.488645833333335,75.38729166666667,0.0,7.179583333333333,163.27791666666667,15674.68,7.268020833333334,1.7676041666666666,13.677743055555553,15.813392857142858,17.728125000000002,16.133194444444445,17.899166666666666,19.650431547619046,79.51315972222223,78.89425595238095,80.27756696428571,0.17,0.43000000000000005,0.6900000000000001,132.67184027777776,133.68846224937343,139.40532487468673,38209.49,89510.31,187032.42,11.033229166666667,40.69375000000001,108.19375000000001,214.7317708333333,3.34,630807.07
2425,2025-02-20,M45,M,4,5,292378.0,386293.0,386293.0,0.0,25.0,0.0,7.0,1.0,32.0,96,11.767604166666667,6.18,16.81,12.212916666666667,15.488645833333335,75.38729166666667,0.0,7.179583333333333,163.27791666666667,15674.68,7.268020833333334,1.7676041666666666,13.677743055555553,15.813392857142858,17.728125000000002,16.133194444444445,17.899166666666666,19.650431547619046,79.51315972222223,78.89425595238095,80.27756696428571,0.17,0.43000000000000005,0.6900000000000001,132.67184027777776,133.68846224937343,139.40532487468673,38209.49,89510.31,187032.42,11.033229166666667,40.69375000000001,108.19375000000001,214.7317708333333,3.34,630807.07
2425,2025-02-20,M51,M,5,1,333276.0,399253.0,399253.0,0.0,17.0,1.0,6.0,5.0,101.0,96,11.767604166666667,6.18,16.81,12.212916666666667,15.488645833333335,75.38729166666667,0.0,7.179583333333333,163.27791666666667,15674.68,7.268020833333334,1.7676041666666666,13.677743055555553,15.813392857142858,17.728125000000002,16.133194444444445,17.899166666666666,19.650431547619046,79.51315972222223,78.89425595238095,80.27756696428571,0.17,0.43000000000000005,0.6900000000000001,132.67184027777776,133.68846224937343,139.40532487468673,38209.49,89510.31,187032.42,11.033229166666667,40.69375000000001,108.19375000000001,214.7317708333333,3.34,630807.07
2425,2025-02-20,M52,M,5,2,239426.0,303942.0,303942.0,1.0,17.0,0.0,1.0,2.0,83.0,96,11.767604166666667,6.18,16.81,12.212916666666667,15.488645833333335,75.38729166666667,0.0,7.179583333333333,163.27791666666667,15674.68,7.268020833333334,1.7676041666666666,13.677743055555553,15.813392857142858,17.728125000000002,16.133194444444445,17.899166666666666,19.650431547619046,79.51315972222223,78.89425595238095,80.27756696428571,0.17,0.43000000000000005,0.6900000000000001,132.67184027777776,133.68846224937343,139.40532487468673,38209.49,89510.31,187032.42,11.033229166666667,40.69375000000001,108.19375000000001,214.7317708333333,3.34,630807.07
2425,2025-02-20,M53,M,5,3,201328.0,254171.0,254171.0,0.0,4.0,1.0,0.0,1.0,53.0,96,11.767604166666667,6.18,16.81,12.212916666666667,15.488645833333335,75.38729166666667,0.0,7.179583333333333,163.27791666666667,15674.68,7.268020833333334,1.7676041666666666,13.677743055555553,15.813392857142858,17.728125000000002,16.133194444444445,17.899166666666666,19.650431547619046,79.51315972222223,78.89425595238095,80.27756696428571,0.17,0.43000000000000005,0.6900000000000001,132.67184027777776,133.68846224937343,139.40532487468673,38209.49,89510.31,187032.42,11.033229166666667,40.69375000000001,108.19375000000001,214.7317708333333,3.34,630807.07
2425,2025-02-20,M54,M,5,4,289380.0,374321.0,374321.0,0.0,17.0,0.0,2.0,1.0,21.0,96,11.767604166666667,6.18,16.81,12.212916666666667,15.488645833333335,75.38729166666667,0.0,7.179583333333333,163.27791666666667,15674.68,7.268020833333334,1.7676041666666666,13.677743055555553,15.813392857142858,17.728125000000002,16.133194444444445,17.899166666666666,19.650431547619046,79.51315972222223,78.89425595238095,80.27756696428571,0.17,0.43000000000000005,0.6900000000000001,132.67184027777776,133.68846224937343,139.40532487468673,38209.49,89510.31,187032.42,11.033229166666667,40.69375000000001,108.19375000000001,214.7317708333333,3.34,630807.07
2425,2025-02-20,M55,M,5,5,220329.0,255686.0,255686.0,1.0,14.0,0.0,4.0,2.0,76.0,96,11.767604166666667,6.18,16.81,12.212916666666667,15.488645833333335,75.38729166666667,0.0,7.179583333333333,163.27791666666667,15674.68,7.268020833333334,1.7676041666666666,13.677743055555553,15.813392857142858,17.728125000000002,16.133194444444445,17.899166666666666,19.650431547619046,79.51315972222223,78.89425595238095,80.27756696428571,0.17,0.43000000000000005,0.6900000000000001,132.67184027777776,133.68846224937343,139.40532487468673,38209.49,89510.31,187032.42,11.033229166666667,40.69375000000001,108.19375000000001,214.7317708333333,3.34,630807.07
2425,2025-02-26,B11,B,1,1,109304.0,119026.0,119026.0,0.0,8.0,0.0,1.0,0.0,8.0,96,17.139062499999998,8.14,26.86,17.257916666666667,17.4190625,66.61020833333333,0.0,2.4118749999999998,212.98958333333334,20447.0,9.313437500000001,7.139062499999998,15.575416666666664,13.179315476190478,15.31251488095238,16.691736111111112,15.332008928571428,17.170074404761902,80.75583333333333,75.14138392857141,77.46912202380952,0.71,0.71,1.4,127.3667649853801,152.13437249373433,141.88008552631578,36531.46,102084.12999999999,190208.33,16.72625,25.188437500000003,77.3084375,238.15260416666663,4.05,717216.5199999999
2425,2025-02-26,B12,B,1,2,201954.0,227671.0,227671.0,2.0,10.0,1.0,5.0,4.0,72.0,96,17.139062499999998,8.14,26.86,17.257916666666667,17.4190625,66.61020833333333,0.0,2.4118749999999998,212.98958333333334,20447.0,9.313437500000001,7.139062499999998,15.575416666666664,13.179315476190478,15.31251488095238,16.691736111111112,15.332008928571428,17.170074404761902,80.75583333333333,75.14138392857141,77.46912202380952,0.71,0.71,1.4,127.3667649853801,152.13437249373433,141.88008552631578,36531.46,102084.12999999999,190208.33,16.72625,25.188437500000003,77.3084375,238.15260416666663,4.05,717216.5199999999
2425,2025-02-26,B13,B,1,3,215984.0,237378.0,237378.0,5.0,5.0,0.0,2.0,0.0,0.0,96,17.139062499999998,8.14,26.86,17.257916666666667,17.4190625,66.61020833333333,0.0,2.4118749999999998,212.98958333333334,20447.0,9.313437500000001,7.139062499999998,15.575416666666664,13.179315476190478,15.31251488095238,16.691736111111112,15.332008928571428,17.170074404761902,80.75583333333333,75.14138392857141,77.46912202380952,0.71,0.71,1.4,127.3667649853801,152.13437249373433,141.88008552631578,36531.46,102084.12999999999,190208.33,16.72625,25.188437500000003,77.3084375,238.15260416666663,4.05,717216.5199999999
2425,2025-02-26,B14,B,1,4,227698.0,247812.0,247812.0,2.0,19.0,0.0,3.0,2.0,14.0,96,17.139062499999998,8.14,26.86,17.257916666666667,17.4190625,66.61020833333333,0.0,2.4118749999999998,212.98958333333334,20447.0,9.313437500000001,7.139062499999998,15.575416666666664,13.179315476190478,15.31251488095238,16.691736111111112,15.332008928571428,17.170074404761902,80.75583333333333,75.14138392857141,77.46912202380952,0.71,0.71,1.4,127.3667649853801,152.13437249373433,141.88008552631578,36531.46,102084.12999999999,190208.33,16.72625,25.188437500000003,77.3084375,238.15260416666663,4.05,717216.5199999999
2425,2025-02-26,B15,B,1,5,216966.0,236204.0,236204.0,0.0,10.0,2.0,3.0,3.0,17.0,96,17.139062499999998,8.14,26.86,17.257916666666667,17.4190625,66.61020833333333,0.0,2.4118749999999998,212.98958333333334,20447.0,9.313437500000001,7.139062499999998,15.575416666666664,13.179315476190478,15.31251488095238,16.691736111111112,15.332008928571428,17.170074404761902,80.75583333333333,75.14138392857141,77.46912202380952,0.71,0.71,1.4,127.3667649853801,152.13437249373433,141.88008552631578,36531.46,102084.12999999999,190208.33,16.72625,25.188437500000003,77.3084375,238.15260416666663,4.05,717216.5199999999
2425,2025-02-26,B21,B,2,1,179477.0,207104.0,207104.0,1.0,14.0,0.0,2.0,0.0,21.0,96,17.139062499999998,8.14,26.86,17.257916666666667,17.4190625,66.61020833333333,0.0,2.4118749999999998,212.98958333333334,20447.0,9.313437500000001,7.139062499999998,15.575416666666664,13.179315476190478,15.31251488095238,16.691736111111112,15.332008928571428,17.170074404761902,80.75583333333333,75.14138392857141,77.46912202380952,0.71,0.71,1.4,127.3667649853801,152.13437249373433,141.88008552631578,36531.46,102084.12999999999,190208.33,16.72625,25.188437500000003,77.3084375,238.15260416666663,4.05,717216.5199999999
2425,2025-02-26,B22,B,2,2,203950.0,230973.0,230973.0,0.0,8.0,2.0,1.0,1.0,34.0,96,17.139062499999998,8.14,26.86,17.257916666666667,17.4190625,66.61020833333333,0.0,2.4118749999999998,212.98958333333334,20447.0,9.313437500000001,7.139062499999998,15.575416666666664,13.179315476190478,15.31251488095238,16.691736111111112,15.332008928571428,17.170074404761902,80.75583333333333,75.14138392857141,77.46912202380952,0.71,0.71,1.4,127.3667649853801,152.13437249373433,141.88008552631578,36531.46,102084.12999999999,190208.33,16.72625,25.188437500000003,77.3084375,238.15260416666663,4.05,717216.5199999999
2425,2025-02-26,B23,B,2,3,331617.0,377723.0,377723.0,3.0,25.0,0.0,0.0,3.0,25.0,96,17.139062499999998,8.14,26.86,17.257916666666667,17.4190625,66.61020833333333,0.0,2.4118749999999998,212.98958333333334,20447.0,9.313437500000001,7.139062499999998,15.575416666666664,13.179315476190478,15.31251488095238,16.691736111111112,15.332008928571428,17.170074404761902,80.75583333333333,75.14138392857141,77.46912202380952,0.71,0.71,1.4,127.3667649853801,152.13437249373433,141.88008552631578,36531.46,102084.12999999999,190208.33,16.72625,25.188437500000003,77.3084375,238.15260416666663,4.05,717216.5199999999
2425,2025-02-26,B24,B,2,4,320433.0,361486.0,361486.0,1.0,9.0,0.0,1.0,3.0,40.0,96,17.139062499999998,8.14,26.86,17.257916666666667,17.4190625,66.61020833333333,0.0,2.4118749999999998,212.98958333333334,20447.0,9.313437500000001,7.139062499999998,15.575416666666664,13.179315476190478,15.31251488095238,16.691736111111112,15.332008928571428,17.170074404761902,80.75583333333333,75.14138392857141,77.46912202380952,0.71,0.71,1.4,127.3667649853801,152.13437249373433,141.88008552631578,36531.46,102084.12999999999,190208.33,16.72625,25.188437500000003,77.3084375,238.15260416666663,4.05,717216.5199999999
2425,2025-02-26,B25,B,2,5,198717.0,225520.0,225520.0,0.0,16.0,1.0,0.0,0.0,0.0,96,17.139062499999998,8.14,26.86,17.257916666666667,17.4190625,66.61020833333333,0.0,2.4118749999999998,212.98958333333334,20447.0,9.313437500000001,7.139062499999998,15.575416666666664,13.179315476190478,15.31251488095238,16.691736111111112,15.332008928571428,17.170074404761902,80.75583333333333,75.14138392857141,77.46912202380952,0.71,0.71,1.4,127.3667649853801,152.13437249373433,141.88008552631578,36531.46,102084.12999999999,190208.33,16.72625,25.188437500000003,77.3084375,238.15260416666663,4.05,717216.5199999999
2425,2025-02-26,B41,B,4,1,367556.0,419243.0,419243.0,1.0,18.0,1.0,0.0,3.0,40.0,96,17.139062499999998,8.14,26.86,17.257916666666667,17.4190625,66.61020833333333,0.0,2.4118749999999998,212.98958333333334,20447.0,9.313437500000001,7.139062499999998,15.575416666666664,13.179315476190478,15.31251488095238,16.691736111111112,15.332008928571428,17.170074404761902,80.75583333333333,75.14138392857141,77.46912202380952,0.71,0.71,1.4,127.3667649853801,152.13437249373433,141.88008552631578,36531.46,102084.12999999999,190208.33,16.72625,25.188437500000003,77.3084375,238.15260416666663,4.05,717216.5199999999
2425,2025-02-26,B42,B,4,2,271281.0,296613.0,296613.0,0.0,21.0,3.0,6.0,1.0,39.0,96,17.139062499999998,8.14,26.86,17.257916666666667,17.4190625,66.61020833333333,0.0,2.4118749999999998,212.98958333333334,20447.0,9.313437500000001,7.139062499999998,15.575416666666664,13.179315476190478,15.31251488095238,16.691736111111112,15.332008928571428,17.170074404761902,80.75583333333333,75.14138392857141,77.46912202380952,0.71,0.71,1.4,127.3667649853801,152.13437249373433,141.88008552631578,36531.46,102084.12999999999,190208.33,16.72625,25.188437500000003,77.3084375,238.15260416666663,4.05,717216.5199999999
2425,2025-02-26,B43,B,4,3,192684.0,226713.0,226713.0,0.0,16.0,1.0,3.0,2.0,39.0,96,17.139062499999998,8.14,26.86,17.257916666666667,17.4190625,66.61020833333333,0.0,2.4118749999999998,212.98958333333334,20447.0,9.313437500000001,7.139062499999998,15.575416666666664,13.179315476190478,15.31251488095238,16.691736111111112,15.332008928571428,17.170074404761902,80.75583333333333,75.14138392857141,77.46912202380952,0.71,0.71,1.4,127.3667649853801,152.13437249373433,141.88008552631578,36531.46,102084.12999999999,190208.33,16.72625,25.188437500000003,77.3084375,238.15260416666663,4.05,717216.5199999999
2425,2025-02-26,B44,B,4,4,299790.0,368581.0,368581.0,3.0,23.0,0.0,4.0,1.0,23.0,96,17.139062499999998,8.14,26.86,17.257916666666667,17.4190625,66.61020833333333,0.0,2.4118749999999998,212.98958333333334,20447.0,9.313437500000001,7.139062499999998,15.575416666666664,13.179315476190478,15.31251488095238,16.691736111111112,15.332008928571428,17.170074404761902,80.75583333333333,75.14138392857141,77.46912202380952,0.71,0.71,1.4,127.3667649853801,152.13437249373433,141.88008552631578,36531.46,102084.12999999999,190208.33,16.72625,25.188437500000003,77.3084375,238.15260416666663,4.05,717216.5199999999
2425,2025-02-26,B45,B,4,5,301337.0,379345.0,379345.0,2.0,13.0,0.0,2.0,1.0,10.0,96,17.139062499999998,8.14,26.86,17.257916666666667,17.4190625,66.61020833333333,0.0,2.4118749999999998,212.98958333333334,20447.0,9.313437500000001,7.139062499999998,15.575416666666664,13.179315476190478,15.31251488095238,16.691736111111112,15.332008928571428,17.170074404761902,80.75583333333333,75.14138392857141,77.46912202380952,0.71,0.71,1.4,127.3667649853801,152.13437249373433,141.88008552631578,36531.46,102084.12999999999,190208.33,16.72625,25.188437500000003,77.3084375,238.15260416666663,4.05,717216.5199999999
2425,2025-02-26,B51,B,5,1,237611.0,291680.0,291680.0,2.0,29.0,1.0,2.0,6.0,0.0,96,17.139062499999998,8.14,26.86,17.257916666666667,17.4190625,66.61020833333333,0.0,2.4118749999999998,212.98958333333334,20447.0,9.313437500000001,7.139062499999998,15.575416666666664,13.179315476190478,15.31251488095238,16.691736111111112,15.332008928571428,17.170074404761902,80.75583333333333,75.14138392857141,77.46912202380952,0.71,0.71,1.4,127.3667649853801,152.13437249373433,141.88008552631578,36531.46,102084.12999999999,190208.33,16.72625,25.188437500000003,77.3084375,238.15260416666663,4.05,717216.5199999999
2425,2025-02-26,B52,B,5,2,384480.0,435132.0,435132.0,2.0,35.0,6.0,12.0,6.0,51.0,96,17.139062499999998,8.14,26.86,17.257916666666667,17.4190625,66.61020833333333,0.0,2.4118749999999998,212.98958333333334,20447.0,9.313437500000001,7.139062499999998,15.575416666666664,13.179315476190478,15.31251488095238,16.691736111111112,15.332008928571428,17.170074404761902,80.75583333333333,75.14138392857141,77.46912202380952,0.71,0.71,1.4,127.3667649853801,152.13437249373433,141.88008552631578,36531.46,102084.12999999999,190208.33,16.72625,25.188437500000003,77.3084375,238.15260416666663,4.05,717216.5199999999
2425,2025-02-26,B53,B,5,3,357056.0,409352.0,409352.0,4.0,18.0,0.0,8.0,3.0,41.0,96,17.139062499999998,8.14,26.86,17.257916666666667,17.4190625,66.61020833333333,0.0,2.4118749999999998,212.98958333333334,20447.0,9.313437500000001,7.139062499999998,15.575416666666664,13.179315476190478,15.31251488095238,16.691736111111112,15.332008928571428,17.170074404761902,80.75583333333333,75.14138392857141,77.46912202380952,0.71,0.71,1.4,127.3667649853801,152.13437249373433,141.88008552631578,36531.46,102084.12999999999,190208.33,16.72625,25.188437500000003,77.3084375,238.15260416666663,4.05,717216.5199999999
2425,2025-02-26,B54,B,5,4,205413.0,245272.0,245272.0,3.0,17.0,0.0,1.0,5.0,9.0,96,17.139062499999998,8.14,26.86,17.257916666666667,17.4190625,66.61020833333333,0.0,2.4118749999999998,212.98958333333334,20447.0,9.313437500000001,7.139062499999998,15.575416666666664,13.179315476190478,15.31251488095238,16.691736111111112,15.332008928571428,17.170074404761902,80.75583333333333,75.14138392857141,77.46912202380952,0.71,0.71,1.4,127.3667649853801,152.13437249373433,141.88008552631578,36531.46,102084.12999999999,190208.33,16.72625,25.188437500000003,77.3084375,238.15260416666663,4.05,717216.5199999999
2425,2025-02-26,B55,B,5,5,226636.0,275847.0,275847.0,0.0,16.0,0.0,0.0,0.0,0.0,96,17.139062499999998,8.14,26.86,17.257916666666667,17.4190625,66.61020833333333,0.0,2.4118749999999998,212.98958333333334,20447.0,9.313437500000001,7.139062499999998,15.575416666666664,13.179315476190478,15.31251488095238,16.691736111111112,15.332008928571428,17.170074404761902,80.75583333333333,75.14138392857141,77.46912202380952,0.71,0.71,1.4,127.3667649853801,152.13437249373433,141.88008552631578,36531.46,102084.12999999999,190208.33,16.72625,25.188437500000003,77.3084375,238.15260416666663,4.05,717216.5199999999
2425,2025-02-26,M11,M,1,1,187907.0,212047.0,212047.0,1.0,6.0,0.0,1.0,0.0,13.0,96,17.139062499999998,8.14,26.86,17.257916666666667,17.4190625,66.61020833333333,0.0,2.4118749999999998,212.98958333333334,20447.0,9.313437500000001,7.139062499999998,15.575416666666664,13.179315476190478,15.31251488095238,16.691736111111112,15.332008928571428,17.170074404761902,80.75583333333333,75.14138392857141,77.46912202380952,0.71,0.71,1.4,127.3667649853801,152.13437249373433,141.88008552631578,36531.46,102084.12999999999,190208.33,16.72625,25.188437500000003,77.3084375,238.15260416666663,4.05,717216.5199999999
2425,2025-02-26,M12,M,1,2,309656.0,353693.0,353693.0,1.0,10.0,0.0,3.0,1.0,83.0,96,17.139062499999998,8.14,26.86,17.257916666666667,17.4190625,66.61020833333333,0.0,2.4118749999999998,212.98958333333334,20447.0,9.313437500000001,7.139062499999998,15.575416666666664,13.179315476190478,15.31251488095238,16.691736111111112,15.332008928571428,17.170074404761902,80.75583333333333,75.14138392857141,77.46912202380952,0.71,0.71,1.4,127.3667649853801,152.13437249373433,141.88008552631578,36531.46,102084.12999999999,190208.33,16.72625,25.188437500000003,77.3084375,238.15260416666663,4.05,717216.5199999999
2425,2025-02-26,M13,M,1,3,271949.0,331076.0,331076.0,1.0,9.0,1.0,2.0,2.0,31.0,96,17.139062499999998,8.14,26.86,17.257916666666667,17.4190625,66.61020833333333,0.0,2.4118749999999998,212.98958333333334,20447.0,9.313437500000001,7.139062499999998,15.575416666666664,13.179315476190478,15.31251488095238,16.691736111111112,15.332008928571428,17.170074404761902,80.75583333333333,75.14138392857141,77.46912202380952,0.71,0.71,1.4,127.3667649853801,152.13437249373433,141.88008552631578,36531.46,102084.12999999999,190208.33,16.72625,25.188437500000003,77.3084375,238.15260416666663,4.05,717216.5199999999
2425,2025-02-26,M14,M,1,4,167518.0,179320.0,179320.0,0.0,4.0,0.0,2.0,0.0,19.0,96,17.139062499999998,8.14,26.86,17.257916666666667,17.4190625,66.61020833333333,0.0,2.4118749999999998,212.98958333333334,20447.0,9.313437500000001,7.139062499999998,15.575416666666664,13.179315476190478,15.31251488095238,16.691736111111112,15.332008928571428,17.170074404761902,80.75583333333333,75.14138392857141,77.46912202380952,0.71,0.71,1.4,127.3667649853801,152.13437249373433,141.88008552631578,36531.46,102084.12999999999,190208.33,16.72625,25.188437500000003,77.3084375,238.15260416666663,4.05,717216.5199999999
2425,2025-02-26,M15,M,1,5,182139.0,195545.0,195545.0,0.0,1.0,0.0,1.0,0.0,45.0,96,17.139062499999998,8.14,26.86,17.257916666666667,17.4190625,66.61020833333333,0.0,2.4118749999999998,212.98958333333334,20447.0,9.313437500000001,7.139062499999998,15.575416666666664,13.179315476190478,15.31251488095238,16.691736111111112,15.332008928571428,17.170074404761902,80.75583333333333,75.14138392857141,77.46912202380952,0.71,0.71,1.4,127.3667649853801,152.13437249373433,141.88008552631578,36531.46,102084.12999999999,190208.33,16.72625,25.188437500000003,77.3084375,238.15260416666663,4.05,717216.5199999999
2425,2025-02-26,M21,M,2,1,221559.0,255772.0,255772.0,0.0,5.0,2.0,2.0,3.0,43.0,96,17.139062499999998,8.14,26.86,17.257916666666667,17.4190625,66.61020833333333,0.0,2.4118749999999998,212.98958333333334,20447.0,9.313437500000001,7.139062499999998,15.575416666666664,13.179315476190478,15.31251488095238,16.691736111111112,15.332008928571428,17.170074404761902,80.75583333333333,75.14138392857141,77.46912202380952,0.71,0.71,1.4,127.3667649853801,152.13437249373433,141.88008552631578,36531.46,102084.12999999999,190208.33,16.72625,25.188437500000003,77.3084375,238.15260416666663,4.05,717216.5199999999
2425,2025-02-26,M22,M,2,2,277775.0,290981.0,290981.0,0.0,11.0,0.0,2.0,2.0,55.0,96,17.139062499999998,8.14,26.86,17.257916666666667,17.4190625,66.61020833333333,0.0,2.4118749999999998,212.98958333333334,20447.0,9.313437500000001,7.139062499999998,15.575416666666664,13.179315476190478,15.31251488095238,16.691736111111112,15.332008928571428,17.170074404761902,80.75583333333333,75.14138392857141,77.46912202380952,0.71,0.71,1.4,127.3667649853801,152.13437249373433,141.88008552631578,36531.46,102084.12999999999,190208.33,16.72625,25.188437500000003,77.3084375,238.15260416666663,4.05,717216.5199999999
2425,2025-02-26,M23,M,2,3,266464.0,296513.0,296513.0,0.0,9.0,0.0,1.0,2.0,48.0,96,17.139062499999998,8.14,26.86,17.257916666666667,17.4190625,66.61020833333333,0.0,2.4118749999999998,212.98958333333334,20447.0,9.313437500000001,7.139062499999998,15.575416666666664,13.179315476190478,15.31251488095238,16.691736111111112,15.332008928571428,17.170074404761902,80.75583333333333,75.14138392857141,77.46912202380952,0.71,0.71,1.4,127.3667649853801,152.13437249373433,141.88008552631578,36531.46,102084.12999999999,190208.33,16.72625,25.188437500000003,77.3084375,238.15260416666663,4.05,717216.5199999999
2425,2025-02-26,M24,M,2,4,166211.0,198640.0,198640.0,0.0,11.0,0.0,0.0,1.0,0.0,96,17.139062499999998,8.14,26.86,17.257916666666667,17.4190625,66.61020833333333,0.0,2.4118749999999998,212.98958333333334,20447.0,9.313437500000001,7.139062499999998,15.575416666666664,13.179315476190478,15.31251488095238,16.691736111111112,15.332008928571428,17.170074404761902,80.75583333333333,75.14138392857141,77.46912202380952,0.71,0.71,1.4,127.3667649853801,152.13437249373433,141.88008552631578,36531.46,102084.12999999999,190208.33,16.72625,25.188437500000003,77.3084375,238.15260416666663,4.05,717216.5199999999
2425,2025-02-26,M25,M,2,5,134792.0,150925.0,150925.0,0.0,7.0,0.0,1.0,1.0,15.0,96,17.139062499999998,8.14,26.86,17.257916666666667,17.4190625,66.61020833333333,0.0,2.4118749999999998,212.98958333333334,20447.0,9.313437500000001,7.139062499999998,15.575416666666664,13.179315476190478,15.31251488095238,16.691736111111112,15.332008928571428,17.170074404761902,80.75583333333333,75.14138392857141,77.46912202380952,0.71,0.71,1.4,127.3667649853801,152.13437249373433,141.88008552631578,36531.46,102084.12999999999,190208.33,16.72625,25.188437500000003,77.3084375,238.15260416666663,4.05,717216.5199999999
2425,2025-02-26,M41,M,4,1,204149.0,238950.0,238950.0,1.0,8.0,2.0,1.0,3.0,24.0,96,17.139062499999998,8.14,26.86,17.257916666666667,17.4190625,66.61020833333333,0.0,2.4118749999999998,212.98958333333334,20447.0,9.313437500000001,7.139062499999998,15.575416666666664,13.179315476190478,15.31251488095238,16.691736111111112,15.332008928571428,17.170074404761902,80.75583333333333,75.14138392857141,77.46912202380952,0.71,0.71,1.4,127.3667649853801,152.13437249373433,141.88008552631578,36531.46,102084.12999999999,190208.33,16.72625,25.188437500000003,77.3084375,238.15260416666663,4.05,717216.5199999999
2425,2025-02-26,M42,M,4,2,226758.0,259067.0,259067.0,0.0,19.0,0.0,1.0,4.0,0.0,96,17.139062499999998,8.14,26.86,17.257916666666667,17.4190625,66.61020833333333,0.0,2.4118749999999998,212.98958333333334,20447.0,9.313437500000001,7.139062499999998,15.575416666666664,13.179315476190478,15.31251488095238,16.691736111111112,15.332008928571428,17.170074404761902,80.75583333333333,75.14138392857141,77.46912202380952,0.71,0.71,1.4,127.3667649853801,152.13437249373433,141.88008552631578,36531.46,102084.12999999999,190208.33,16.72625,25.188437500000003,77.3084375,238.15260416666663,4.05,717216.5199999999
2425,2025-02-26,M43,M,4,3,130652.0,151672.0,151672.0,1.0,6.0,0.0,0.0,2.0,29.0,96,17.139062499999998,8.14,26.86,17.257916666666667,17.4190625,66.61020833333333,0.0,2.4118749999999998,212.98958333333334,20447.0,9.313437500000001,7.139062499999998,15.575416666666664,13.179315476190478,15.31251488095238,16.691736111111112,15.332008928571428,17.170074404761902,80.75583333333333,75.14138392857141,77.46912202380952,0.71,0.71,1.4,127.3667649853801,152.13437249373433,141.88008552631578,36531.46,102084.12999999999,190208.33,16.72625,25.188437500000003,77.3084375,238.15260416666663,4.05,717216.5199999999
2425,2025-02-26,M44,M,4,4,204445.0,232118.0,232118.0,0.0,4.0,0.0,2.0,3.0,40.0,96,17.139062499999998,8.14,26.86,17.257916666666667,17.4190625,66.61020833333333,0.0,2.4118749999999998,212.98958333333334,20447.0,9.313437500000001,7.139062499999998,15.575416666666664,13.179315476190478,15.31251488095238,16.691736111111112,15.332008928571428,17.170074404761902,80.75583333333333,75.14138392857141,77.46912202380952,0.71,0.71,1.4,127.3667649853801,152.13437249373433,141.88008552631578,36531.46,102084.12999999999,190208.33,16.72625,25.188437500000003,77.3084375,238.15260416666663,4.05,717216.5199999999
2425,2025-02-26,M45,M,4,5,193606.0,218624.0,218624.0,0.0,10.0,0.0,0.0,3.0,24.0,96,17.139062499999998,8.14,26.86,17.257916666666667,17.4190625,66.61020833333333,0.0,2.4118749999999998,212.98958333333334,20447.0,9.313437500000001,7.139062499999998,15.575416666666664,13.179315476190478,15.31251488095238,16.691736111111112,15.332008928571428,17.170074404761902,80.75583333333333,75.14138392857141,77.46912202380952,0.71,0.71,1.4,127.3667649853801,152.13437249373433,141.88008552631578,36531.46,102084.12999999999,190208.33,16.72625,25.188437500000003,77.3084375,238.15260416666663,4.05,717216.5199999999
2425,2025-02-26,M51,M,5,1,253623.0,293614.0,293614.0,1.0,18.0,1.0,4.0,6.0,35.0,96,17.139062499999998,8.14,26.86,17.257916666666667,17.4190625,66.61020833333333,0.0,2.4118749999999998,212.98958333333334,20447.0,9.313437500000001,7.139062499999998,15.575416666666664,13.179315476190478,15.31251488095238,16.691736111111112,15.332008928571428,17.170074404761902,80.75583333333333,75.14138392857141,77.46912202380952,0.71,0.71,1.4,127.3667649853801,152.13437249373433,141.88008552631578,36531.46,102084.12999999999,190208.33,16.72625,25.188437500000003,77.3084375,238.15260416666663,4.05,717216.5199999999
2425,2025-02-26,M52,M,5,2,242122.0,283891.0,283891.0,0.0,2.0,0.0,0.0,0.0,19.0,96,17.139062499999998,8.14,26.86,17.257916666666667,17.4190625,66.61020833333333,0.0,2.4118749999999998,212.98958333333334,20447.0,9.313437500000001,7.139062499999998,15.575416666666664,13.179315476190478,15.31251488095238,16.691736111111112,15.332008928571428,17.170074404761902,80.75583333333333,75.14138392857141,77.46912202380952,0.71,0.71,1.4,127.3667649853801,152.13437249373433,141.88008552631578,36531.46,102084.12999999999,190208.33,16.72625,25.188437500000003,77.3084375,238.15260416666663,4.05,717216.5199999999
2425,2025-02-26,M53,M,5,3,233426.0,271488.0,271488.0,0.0,11.0,1.0,1.0,1.0,27.0,96,17.139062499999998,8.14,26.86,17.257916666666667,17.4190625,66.61020833333333,0.0,2.4118749999999998,212.98958333333334,20447.0,9.313437500000001,7.139062499999998,15.575416666666664,13.179315476190478,15.31251488095238,16.691736111111112,15.332008928571428,17.170074404761902,80.75583333333333,75.14138392857141,77.46912202380952,0.71,0.71,1.4,127.3667649853801,152.13437249373433,141.88008552631578,36531.46,102084.12999999999,190208.33,16.72625,25.188437500000003,77.3084375,238.15260416666663,4.05,717216.5199999999
2425,2025-02-26,M54,M,5,4,301983.0,346159.0,346159.0,0.0,13.0,0.0,2.0,8.0,40.0,96,17.139062499999998,8.14,26.86,17.257916666666667,17.4190625,66.61020833333333,0.0,2.4118749999999998,212.98958333333334,20447.0,9.313437500000001,7.139062499999998,15.575416666666664,13.179315476190478,15.31251488095238,16.691736111111112,15.332008928571428,17.170074404761902,80.75583333333333,75.14138392857141,77.46912202380952,0.71,0.71,1.4,127.3667649853801,152.13437249373433,141.88008552631578,36531.46,102084.12999999999,190208.33,16.72625,25.188437500000003,77.3084375,238.15260416666663,4.05,717216.5199999999
2425,2025-02-26,M55,M,5,5,202164.0,213613.0,213613.0,0.0,3.0,0.0,0.0,0.0,26.0,96,17.139062499999998,8.14,26.86,17.257916666666667,17.4190625,66.61020833333333,0.0,2.4118749999999998,212.98958333333334,20447.0,9.313437500000001,7.139062499999998,15.575416666666664,13.179315476190478,15.31251488095238,16.691736111111112,15.332008928571428,17.170074404761902,80.75583333333333,75.14138392857141,77.46912202380952,0.71,0.71,1.4,127.3667649853801,152.13437249373433,141.88008552631578,36531.46,102084.12999999999,190208.33,16.72625,25.188437500000003,77.3084375,238.15260416666663,4.05,717216.5199999999
2425,2025-03-05,B11,B,1,1,178322.0,221696.0,221696.0,1.0,26.0,1.0,5.0,5.0,19.0,96,20.24052083333333,15.92,24.52,20.626562500000002,20.4265625,72.00552083333334,0.1,14.517604166666667,141.5659375,13590.33,14.812708333333333,10.240520833333331,18.139756944444443,17.166622023809524,15.172968749999999,19.571597222222223,18.99547619047619,17.163742559523808,71.16472222222222,68.74470238095238,71.94304315476191,0.1,0.1,0.8099999999999999,177.42802083333333,194.01522321428573,173.07479785401003,51099.270000000004,130378.23,232462.36,24.41927083333333,50.166354166666665,75.35479166666666,288.3189583333333,4.1499999999999995,847594.7499999999
2425,2025-03-05,B12,B,1,2,282724.0,358167.0,358167.0,3.0,72.0,2.0,12.0,10.0,50.0,96,20.24052083333333,15.92,24.52,20.626562500000002,20.4265625,72.00552083333334,0.1,14.517604166666667,141.5659375,13590.33,14.812708333333333,10.240520833333331,18.139756944444443,17.166622023809524,15.172968749999999,19.571597222222223,18.99547619047619,17.163742559523808,71.16472222222222,68.74470238095238,71.94304315476191,0.1,0.1,0.8099999999999999,177.42802083333333,194.01522321428573,173.07479785401003,51099.270000000004,130378.23,232462.36,24.41927083333333,50.166354166666665,75.35479166666666,288.3189583333333,4.1499999999999995,847594.7499999999
2425,2025-03-05,B13,B,1,3,242687.0,288469.0,288469.0,5.0,32.0,0.0,5.0,4.0,55.0,96,20.24052083333333,15.92,24.52,20.626562500000002,20.4265625,72.00552083333334,0.1,14.517604166666667,141.5659375,13590.33,14.812708333333333,10.240520833333331,18.139756944444443,17.166622023809524,15.172968749999999,19.571597222222223,18.99547619047619,17.163742559523808,71.16472222222222,68.74470238095238,71.94304315476191,0.1,0.1,0.8099999999999999,177.42802083333333,194.01522321428573,173.07479785401003,51099.270000000004,130378.23,232462.36,24.41927083333333,50.166354166666665,75.35479166666666,288.3189583333333,4.1499999999999995,847594.7499999999
2425,2025-03-05,B14,B,1,4,288790.0,359947.0,359947.0,3.0,49.0,4.0,3.0,8.0,36.0,96,20.24052083333333,15.92,24.52,20.626562500000002,20.4265625,72.00552083333334,0.1,14.517604166666667,141.5659375,13590.33,14.812708333333333,10.240520833333331,18.139756944444443,17.166622023809524,15.172968749999999,19.571597222222223,18.99547619047619,17.163742559523808,71.16472222222222,68.74470238095238,71.94304315476191,0.1,0.1,0.8099999999999999,177.42802083333333,194.01522321428573,173.07479785401003,51099.270000000004,130378.23,232462.36,24.41927083333333,50.166354166666665,75.35479166666666,288.3189583333333,4.1499999999999995,847594.7499999999
2425,2025-03-05,B15,B,1,5,285776.0,362341.0,362341.0,0.0,55.0,2.0,17.0,8.0,121.0,96,20.24052083333333,15.92,24.52,20.626562500000002,20.4265625,72.00552083333334,0.1,14.517604166666667,141.5659375,13590.33,14.812708333333333,10.240520833333331,18.139756944444443,17.166622023809524,15.172968749999999,19.571597222222223,18.99547619047619,17.163742559523808,71.16472222222222,68.74470238095238,71.94304315476191,0.1,0.1,0.8099999999999999,177.42802083333333,194.01522321428573,173.07479785401003,51099.270000000004,130378.23,232462.36,24.41927083333333,50.166354166666665,75.35479166666666,288.3189583333333,4.1499999999999995,847594.7499999999
2425,2025-03-05,B21,B,2,1,370099.0,518997.0,518997.0,2.0,40.0,1.0,5.0,7.0,68.0,96,20.24052083333333,15.92,24.52,20.626562500000002,20.4265625,72.00552083333334,0.1,14.517604166666667,141.5659375,13590.33,14.812708333333333,10.240520833333331,18.139756944444443,17.166622023809524,15.172968749999999,19.571597222222223,18.99547619047619,17.163742559523808,71.16472222222222,68.74470238095238,71.94304315476191,0.1,0.1,0.8099999999999999,177.42802083333333,194.01522321428573,173.07479785401003,51099.270000000004,130378.23,232462.36,24.41927083333333,50.166354166666665,75.35479166666666,288.3189583333333,4.1499999999999995,847594.7499999999
2425,2025-03-05,B22,B,2,2,315489.0,419667.0,419667.0,1.0,27.0,3.0,7.0,2.0,136.0,96,20.24052083333333,15.92,24.52,20.626562500000002,20.4265625,72.00552083333334,0.1,14.517604166666667,141.5659375,13590.33,14.812708333333333,10.240520833333331,18.139756944444443,17.166622023809524,15.172968749999999,19.571597222222223,18.99547619047619,17.163742559523808,71.16472222222222,68.74470238095238,71.94304315476191,0.1,0.1,0.8099999999999999,177.42802083333333,194.01522321428573,173.07479785401003,51099.270000000004,130378.23,232462.36,24.41927083333333,50.166354166666665,75.35479166666666,288.3189583333333,4.1499999999999995,847594.7499999999
2425,2025-03-05,B23,B,2,3,386490.0,521292.0,521292.0,2.0,31.0,6.0,8.0,9.0,55.0,96,20.24052083333333,15.92,24.52,20.626562500000002,20.4265625,72.00552083333334,0.1,14.517604166666667,141.5659375,13590.33,14.812708333333333,10.240520833333331,18.139756944444443,17.166622023809524,15.172968749999999,19.571597222222223,18.99547619047619,17.163742559523808,71.16472222222222,68.74470238095238,71.94304315476191,0.1,0.1,0.8099999999999999,177.42802083333333,194.01522321428573,173.07479785401003,51099.270000000004,130378.23,232462.36,24.41927083333333,50.166354166666665,75.35479166666666,288.3189583333333,4.1499999999999995,847594.7499999999
2425,2025-03-05,B24,B,2,4,287345.0,377611.0,377611.0,2.0,50.0,0.0,6.0,6.0,48.0,96,20.24052083333333,15.92,24.52,20.626562500000002,20.4265625,72.00552083333334,0.1,14.517604166666667,141.5659375,13590.33,14.812708333333333,10.240520833333331,18.139756944444443,17.166622023809524,15.172968749999999,19.571597222222223,18.99547619047619,17.163742559523808,71.16472222222222,68.74470238095238,71.94304315476191,0.1,0.1,0.8099999999999999,177.42802083333333,194.01522321428573,173.07479785401003,51099.270000000004,130378.23,232462.36,24.41927083333333,50.166354166666665,75.35479166666666,288.3189583333333,4.1499999999999995,847594.7499999999
2425,2025-03-05,B25,B,2,5,294109.0,423651.0,423651.0,7.0,44.0,2.0,7.0,10.0,51.0,96,20.24052083333333,15.92,24.52,20.626562500000002,20.4265625,72.00552083333334,0.1,14.517604166666667,141.5659375,13590.33,14.812708333333333,10.240520833333331,18.139756944444443,17.166622023809524,15.172968749999999,19.571597222222223,18.99547619047619,17.163742559523808,71.16472222222222,68.74470238095238,71.94304315476191,0.1,0.1,0.8099999999999999,177.42802083333333,194.01522321428573,173.07479785401003,51099.270000000004,130378.23,232462.36,24.41927083333333,50.166354166666665,75.35479166666666,288.3189583333333,4.1499999999999995,847594.7499999999
2425,2025-03-05,B41,B,4,1,450493.0,634067.0,634067.0,2.0,51.0,4.0,7.0,15.0,134.0,96,20.24052083333333,15.92,24.52,20.626562500000002,20.4265625,72.00552083333334,0.1,14.517604166666667,141.5659375,13590.33,14.812708333333333,10.240520833333331,18.139756944444443,17.166622023809524,15.172968749999999,19.571597222222223,18.99547619047619,17.163742559523808,71.16472222222222,68.74470238095238,71.94304315476191,0.1,0.1,0.8099999999999999,177.42802083333333,194.01522321428573,173.07479785401003,51099.270000000004,130378.23,232462.36,24.41927083333333,50.166354166666665,75.35479166666666,288.3189583333333,4.1499999999999995,847594.7499999999
2425,2025-03-05,B42,B,4,2,368533.0,501221.0,501221.0,4.0,56.0,5.0,5.0,6.0,47.0,96,20.24052083333333,15.92,24.52,20.626562500000002,20.4265625,72.00552083333334,0.1,14.517604166666667,141.5659375,13590.33,14.812708333333333,10.240520833333331,18.139756944444443,17.166622023809524,15.172968749999999,19.571597222222223,18.99547619047619,17.163742559523808,71.16472222222222,68.74470238095238,71.94304315476191,0.1,0.1,0.8099999999999999,177.42802083333333,194.01522321428573,173.07479785401003,51099.270000000004,130378.23,232462.36,24.41927083333333,50.166354166666665,75.35479166666666,288.3189583333333,4.1499999999999995,847594.7499999999
2425,2025-03-05,B43,B,4,3,277656.0,379012.0,379012.0,7.0,46.0,3.0,5.0,2.0,38.0,96,20.24052083333333,15.92,24.52,20.626562500000002,20.4265625,72.00552083333334,0.1,14.517604166666667,141.5659375,13590.33,14.812708333333333,10.240520833333331,18.139756944444443,17.166622023809524,15.172968749999999,19.571597222222223,18.99547619047619,17.163742559523808,71.16472222222222,68.74470238095238,71.94304315476191,0.1,0.1,0.8099999999999999,177.42802083333333,194.01522321428573,173.07479785401003,51099.270000000004,130378.23,232462.36,24.41927083333333,50.166354166666665,75.35479166666666,288.3189583333333,4.1499999999999995,847594.7499999999
2425,2025-03-05,B44,B,4,4,265815.0,366252.0,366252.0,1.0,56.0,0.0,7.0,9.0,92.0,96,20.24052083333333,15.92,24.52,20.626562500000002,20.4265625,72.00552083333334,0.1,14.517604166666667,141.5659375,13590.33,14.812708333333333,10.240520833333331,18.139756944444443,17.166622023809524,15.172968749999999,19.571597222222223,18.99547619047619,17.163742559523808,71.16472222222222,68.74470238095238,71.94304315476191,0.1,0.1,0.8099999999999999,177.42802083333333,194.01522321428573,173.07479785401003,51099.270000000004,130378.23,232462.36,24.41927083333333,50.166354166666665,75.35479166666666,288.3189583333333,4.1499999999999995,847594.7499999999
2425,2025-03-05,B45,B,4,5,367090.0,528376.0,528376.0,1.0,41.0,0.0,8.0,7.0,34.0,96,20.24052083333333,15.92,24.52,20.626562500000002,20.4265625,72.00552083333334,0.1,14.517604166666667,141.5659375,13590.33,14.812708333333333,10.240520833333331,18.139756944444443,17.166622023809524,15.172968749999999,19.571597222222223,18.99547619047619,17.163742559523808,71.16472222222222,68.74470238095238,71.94304315476191,0.1,0.1,0.8099999999999999,177.42802083333333,194.01522321428573,173.07479785401003,51099.270000000004,130378.23,232462.36,24.41927083333333,50.166354166666665,75.35479166666666,288.3189583333333,4.1499999999999995,847594.7499999999
2425,2025-03-05,B51,B,5,1,345862.0,478869.0,478869.0,4.0,89.0,2.0,15.0,9.0,65.0,96,20.24052083333333,15.92,24.52,20.626562500000002,20.4265625,72.00552083333334,0.1,14.517604166666667,141.5659375,13590.33,14.812708333333333,10.240520833333331,18.139756944444443,17.166622023809524,15.172968749999999,19.571597222222223,18.99547619047619,17.163742559523808,71.16472222222222,68.74470238095238,71.94304315476191,0.1,0.1,0.8099999999999999,177.42802083333333,194.01522321428573,173.07479785401003,51099.270000000004,130378.23,232462.36,24.41927083333333,50.166354166666665,75.35479166666666,288.3189583333333,4.1499999999999995,847594.7499999999
2425,2025-03-05,B52,B,5,2,372216.0,467044.0,467044.0,2.0,54.0,6.0,14.0,23.0,150.0,96,20.24052083333333,15.92,24.52,20.626562500000002,20.4265625,72.00552083333334,0.1,14.517604166666667,141.5659375,13590.33,14.812708333333333,10.240520833333331,18.139756944444443,17.166622023809524,15.172968749999999,19.571597222222223,18.99547619047619,17.163742559523808,71.16472222222222,68.74470238095238,71.94304315476191,0.1,0.1,0.8099999999999999,177.42802083333333,194.01522321428573,173.07479785401003,51099.270000000004,130378.23,232462.36,24.41927083333333,50.166354166666665,75.35479166666666,288.3189583333333,4.1499999999999995,847594.7499999999
2425,2025-03-05,B53,B,5,3,298131.0,369317.0,369317.0,2.0,52.0,5.0,10.0,7.0,147.0,96,20.24052083333333,15.92,24.52,20.626562500000002,20.4265625,72.00552083333334,0.1,14.517604166666667,141.5659375,13590.33,14.812708333333333,10.240520833333331,18.139756944444443,17.166622023809524,15.172968749999999,19.571597222222223,18.99547619047619,17.163742559523808,71.16472222222222,68.74470238095238,71.94304315476191,0.1,0.1,0.8099999999999999,177.42802083333333,194.01522321428573,173.07479785401003,51099.270000000004,130378.23,232462.36,24.41927083333333,50.166354166666665,75.35479166666666,288.3189583333333,4.1499999999999995,847594.7499999999
2425,2025-03-05,B54,B,5,4,237594.0,327325.0,327325.0,4.0,46.0,2.0,10.0,5.0,98.0,96,20.24052083333333,15.92,24.52,20.626562500000002,20.4265625,72.00552083333334,0.1,14.517604166666667,141.5659375,13590.33,14.812708333333333,10.240520833333331,18.139756944444443,17.166622023809524,15.172968749999999,19.571597222222223,18.99547619047619,17.163742559523808,71.16472222222222,68.74470238095238,71.94304315476191,0.1,0.1,0.8099999999999999,177.42802083333333,194.01522321428573,173.07479785401003,51099.270000000004,130378.23,232462.36,24.41927083333333,50.166354166666665,75.35479166666666,288.3189583333333,4.1499999999999995,847594.7499999999
2425,2025-03-05,B55,B,5,5,219464.0,289556.0,289556.0,2.0,55.0,0.0,4.0,5.0,7.0,96,20.24052083333333,15.92,24.52,20.626562500000002,20.4265625,72.00552083333334,0.1,14.517604166666667,141.5659375,13590.33,14.812708333333333,10.240520833333331,18.139756944444443,17.166622023809524,15.172968749999999,19.571597222222223,18.99547619047619,17.163742559523808,71.16472222222222,68.74470238095238,71.94304315476191,0.1,0.1,0.8099999999999999,177.42802083333333,194.01522321428573,173.07479785401003,51099.270000000004,130378.23,232462.36,24.41927083333333,50.166354166666665,75.35479166666666,288.3189583333333,4.1499999999999995,847594.7499999999
2425,2025-03-05,M11,M,1,1,231572.0,292542.0,292542.0,2.0,47.0,1.0,2.0,5.0,5.0,96,20.24052083333333,15.92,24.52,20.626562500000002,20.4265625,72.00552083333334,0.1,14.517604166666667,141.5659375,13590.33,14.812708333333333,10.240520833333331,18.139756944444443,17.166622023809524,15.172968749999999,19.571597222222223,18.99547619047619,17.163742559523808,71.16472222222222,68.74470238095238,71.94304315476191,0.1,0.1,0.8099999999999999,177.42802083333333,194.01522321428573,173.07479785401003,51099.270000000004,130378.23,232462.36,24.41927083333333,50.166354166666665,75.35479166666666,288.3189583333333,4.1499999999999995,847594.7499999999
2425,2025-03-05,M12,M,1,2,400623.0,510325.0,510325.0,0.0,53.0,1.0,11.0,9.0,71.0,96,20.24052083333333,15.92,24.52,20.626562500000002,20.4265625,72.00552083333334,0.1,14.517604166666667,141.5659375,13590.33,14.812708333333333,10.240520833333331,18.139756944444443,17.166622023809524,15.172968749999999,19.571597222222223,18.99547619047619,17.163742559523808,71.16472222222222,68.74470238095238,71.94304315476191,0.1,0.1,0.8099999999999999,177.42802083333333,194.01522321428573,173.07479785401003,51099.270000000004,130378.23,232462.36,24.41927083333333,50.166354166666665,75.35479166666666,288.3189583333333,4.1499999999999995,847594.7499999999
2425,2025-03-05,M13,M,1,3,389857.0,508913.0,508913.0,2.0,43.0,1.0,8.0,17.0,107.0,96,20.24052083333333,15.92,24.52,20.626562500000002,20.4265625,72.00552083333334,0.1,14.517604166666667,141.5659375,13590.33,14.812708333333333,10.240520833333331,18.139756944444443,17.166622023809524,15.172968749999999,19.571597222222223,18.99547619047619,17.163742559523808,71.16472222222222,68.74470238095238,71.94304315476191,0.1,0.1,0.8099999999999999,177.42802083333333,194.01522321428573,173.07479785401003,51099.270000000004,130378.23,232462.36,24.41927083333333,50.166354166666665,75.35479166666666,288.3189583333333,4.1499999999999995,847594.7499999999
2425,2025-03-05,M14,M,1,4,154589.0,196309.0,196309.0,1.0,32.0,2.0,4.0,3.0,32.0,96,20.24052083333333,15.92,24.52,20.626562500000002,20.4265625,72.00552083333334,0.1,14.517604166666667,141.5659375,13590.33,14.812708333333333,10.240520833333331,18.139756944444443,17.166622023809524,15.172968749999999,19.571597222222223,18.99547619047619,17.163742559523808,71.16472222222222,68.74470238095238,71.94304315476191,0.1,0.1,0.8099999999999999,177.42802083333333,194.01522321428573,173.07479785401003,51099.270000000004,130378.23,232462.36,24.41927083333333,50.166354166666665,75.35479166666666,288.3189583333333,4.1499999999999995,847594.7499999999
2425,2025-03-05,M15,M,1,5,233714.0,293291.0,293291.0,0.0,54.0,1.0,2.0,1.0,34.0,96,20.24052083333333,15.92,24.52,20.626562500000002,20.4265625,72.00552083333334,0.1,14.517604166666667,141.5659375,13590.33,14.812708333333333,10.240520833333331,18.139756944444443,17.166622023809524,15.172968749999999,19.571597222222223,18.99547619047619,17.163742559523808,71.16472222222222,68.74470238095238,71.94304315476191,0.1,0.1,0.8099999999999999,177.42802083333333,194.01522321428573,173.07479785401003,51099.270000000004,130378.23,232462.36,24.41927083333333,50.166354166666665,75.35479166666666,288.3189583333333,4.1499999999999995,847594.7499999999
2425,2025-03-05,M21,M,2,1,426754.0,578470.0,578470.0,2.0,36.0,0.0,2.0,2.0,38.0,96,20.24052083333333,15.92,24.52,20.626562500000002,20.4265625,72.00552083333334,0.1,14.517604166666667,141.5659375,13590.33,14.812708333333333,10.240520833333331,18.139756944444443,17.166622023809524,15.172968749999999,19.571597222222223,18.99547619047619,17.163742559523808,71.16472222222222,68.74470238095238,71.94304315476191,0.1,0.1,0.8099999999999999,177.42802083333333,194.01522321428573,173.07479785401003,51099.270000000004,130378.23,232462.36,24.41927083333333,50.166354166666665,75.35479166666666,288.3189583333333,4.1499999999999995,847594.7499999999
2425,2025-03-05,M22,M,2,2,363451.0,448447.0,448447.0,0.0,43.0,0.0,6.0,11.0,102.0,96,20.24052083333333,15.92,24.52,20.626562500000002,20.4265625,72.00552083333334,0.1,14.517604166666667,141.5659375,13590.33,14.812708333333333,10.240520833333331,18.139756944444443,17.166622023809524,15.172968749999999,19.571597222222223,18.99547619047619,17.163742559523808,71.16472222222222,68.74470238095238,71.94304315476191,0.1,0.1,0.8099999999999999,177.42802083333333,194.01522321428573,173.07479785401003,51099.270000000004,130378.23,232462.36,24.41927083333333,50.166354166666665,75.35479166666666,288.3189583333333,4.1499999999999995,847594.7499999999
2425,2025-03-05,M23,M,2,3,275160.0,368470.0,368470.0,0.0,27.0,2.0,4.0,5.0,26.0,96,20.24052083333333,15.92,24.52,20.626562500000002,20.4265625,72.00552083333334,0.1,14.517604166666667,141.5659375,13590.33,14.812708333333333,10.240520833333331,18.139756944444443,17.166622023809524,15.172968749999999,19.571597222222223,18.99547619047619,17.163742559523808,71.16472222222222,68.74470238095238,71.94304315476191,0.1,0.1,0.8099999999999999,177.42802083333333,194.01522321428573,173.07479785401003,51099.270000000004,130378.23,232462.36,24.41927083333333,50.166354166666665,75.35479166666666,288.3189583333333,4.1499999999999995,847594.7499999999
2425,2025-03-05,M24,M,2,4,192637.0,238365.0,238365.0,1.0,22.0,0.0,5.0,3.0,18.0,96,20.24052083333333,15.92,24.52,20.626562500000002,20.4265625,72.00552083333334,0.1,14.517604166666667,141.5659375,13590.33,14.812708333333333,10.240520833333331,18.139756944444443,17.166622023809524,15.172968749999999,19.571597222222223,18.99547619047619,17.163742559523808,71.16472222222222,68.74470238095238,71.94304315476191,0.1,0.1,0.8099999999999999,177.42802083333333,194.01522321428573,173.07479785401003,51099.270000000004,130378.23,232462.36,24.41927083333333,50.166354166666665,75.35479166666666,288.3189583333333,4.1499999999999995,847594.7499999999
2425,2025-03-05,M25,M,2,5,194017.0,236546.0,236546.0,1.0,24.0,0.0,5.0,2.0,9.0,96,20.24052083333333,15.92,24.52,20.626562500000002,20.4265625,72.00552083333334,0.1,14.517604166666667,141.5659375,13590.33,14.812708333333333,10.240520833333331,18.139756944444443,17.166622023809524,15.172968749999999,19.571597222222223,18.99547619047619,17.163742559523808,71.16472222222222,68.74470238095238,71.94304315476191,0.1,0.1,0.8099999999999999,177.42802083333333,194.01522321428573,173.07479785401003,51099.270000000004,130378.23,232462.36,24.41927083333333,50.166354166666665,75.35479166666666,288.3189583333333,4.1499999999999995,847594.7499999999
2425,2025-03-05,M41,M,4,1,357824.0,470821.0,470821.0,1.0,38.0,3.0,0.0,9.0,28.0,96,20.24052083333333,15.92,24.52,20.626562500000002,20.4265625,72.00552083333334,0.1,14.517604166666667,141.5659375,13590.33,14.812708333333333,10.240520833333331,18.139756944444443,17.166622023809524,15.172968749999999,19.571597222222223,18.99547619047619,17.163742559523808,71.16472222222222,68.74470238095238,71.94304315476191,0.1,0.1,0.8099999999999999,177.42802083333333,194.01522321428573,173.07479785401003,51099.270000000004,130378.23,232462.36,24.41927083333333,50.166354166666665,75.35479166666666,288.3189583333333,4.1499999999999995,847594.7499999999
2425,2025-03-05,M42,M,4,2,315465.0,407799.0,407799.0,2.0,59.0,1.0,5.0,9.0,5.0,96,20.24052083333333,15.92,24.52,20.626562500000002,20.4265625,72.00552083333334,0.1,14.517604166666667,141.5659375,13590.33,14.812708333333333,10.240520833333331,18.139756944444443,17.166622023809524,15.172968749999999,19.571597222222223,18.99547619047619,17.163742559523808,71.16472222222222,68.74470238095238,71.94304315476191,0.1,0.1,0.8099999999999999,177.42802083333333,194.01522321428573,173.07479785401003,51099.270000000004,130378.23,232462.36,24.41927083333333,50.166354166666665,75.35479166666666,288.3189583333333,4.1499999999999995,847594.7499999999
2425,2025-03-05,M43,M,4,3,223250.0,284995.0,284995.0,0.0,36.0,1.0,6.0,1.0,24.0,96,20.24052083333333,15.92,24.52,20.626562500000002,20.4265625,72.00552083333334,0.1,14.517604166666667,141.5659375,13590.33,14.812708333333333,10.240520833333331,18.139756944444443,17.166622023809524,15.172968749999999,19.571597222222223,18.99547619047619,17.163742559523808,71.16472222222222,68.74470238095238,71.94304315476191,0.1,0.1,0.8099999999999999,177.42802083333333,194.01522321428573,173.07479785401003,51099.270000000004,130378.23,232462.36,24.41927083333333,50.166354166666665,75.35479166666666,288.3189583333333,4.1499999999999995,847594.7499999999
2425,2025-03-05,M44,M,4,4,436985.0,586213.0,586213.0,0.0,38.0,3.0,9.0,6.0,48.0,96,20.24052083333333,15.92,24.52,20.626562500000002,20.4265625,72.00552083333334,0.1,14.517604166666667,141.5659375,13590.33,14.812708333333333,10.240520833333331,18.139756944444443,17.166622023809524,15.172968749999999,19.571597222222223,18.99547619047619,17.163742559523808,71.16472222222222,68.74470238095238,71.94304315476191,0.1,0.1,0.8099999999999999,177.42802083333333,194.01522321428573,173.07479785401003,51099.270000000004,130378.23,232462.36,24.41927083333333,50.166354166666665,75.35479166666666,288.3189583333333,4.1499999999999995,847594.7499999999
2425,2025-03-05,M45,M,4,5,252263.0,308412.0,308412.0,0.0,44.0,2.0,4.0,7.0,2.0,96,20.24052083333333,15.92,24.52,20.626562500000002,20.4265625,72.00552083333334,0.1,14.517604166666667,141.5659375,13590.33,14.812708333333333,10.240520833333331,18.139756944444443,17.166622023809524,15.172968749999999,19.571597222222223,18.99547619047619,17.163742559523808,71.16472222222222,68.74470238095238,71.94304315476191,0.1,0.1,0.8099999999999999,177.42802083333333,194.01522321428573,173.07479785401003,51099.270000000004,130378.23,232462.36,24.41927083333333,50.166354166666665,75.35479166666666,288.3189583333333,4.1499999999999995,847594.7499999999
2425,2025-03-05,M51,M,5,1,336207.0,419277.0,419277.0,1.0,42.0,1.0,2.0,9.0,17.0,96,20.24052083333333,15.92,24.52,20.626562500000002,20.4265625,72.00552083333334,0.1,14.517604166666667,141.5659375,13590.33,14.812708333333333,10.240520833333331,18.139756944444443,17.166622023809524,15.172968749999999,19.571597222222223,18.99547619047619,17.163742559523808,71.16472222222222,68.74470238095238,71.94304315476191,0.1,0.1,0.8099999999999999,177.42802083333333,194.01522321428573,173.07479785401003,51099.270000000004,130378.23,232462.36,24.41927083333333,50.166354166666665,75.35479166666666,288.3189583333333,4.1499999999999995,847594.7499999999
2425,2025-03-05,M52,M,5,2,316579.0,420190.0,420190.0,3.0,40.0,1.0,2.0,6.0,26.0,96,20.24052083333333,15.92,24.52,20.626562500000002,20.4265625,72.00552083333334,0.1,14.517604166666667,141.5659375,13590.33,14.812708333333333,10.240520833333331,18.139756944444443,17.166622023809524,15.172968749999999,19.571597222222223,18.99547619047619,17.163742559523808,71.16472222222222,68.74470238095238,71.94304315476191,0.1,0.1,0.8099999999999999,177.42802083333333,194.01522321428573,173.07479785401003,51099.270000000004,130378.23,232462.36,24.41927083333333,50.166354166666665,75.35479166666666,288.3189583333333,4.1499999999999995,847594.7499999999
2425,2025-03-05,M53,M,5,3,214565.0,266097.0,266097.0,1.0,38.0,0.0,3.0,5.0,7.0,96,20.24052083333333,15.92,24.52,20.626562500000002,20.4265625,72.00552083333334,0.1,14.517604166666667,141.5659375,13590.33,14.812708333333333,10.240520833333331,18.139756944444443,17.166622023809524,15.172968749999999,19.571597222222223,18.99547619047619,17.163742559523808,71.16472222222222,68.74470238095238,71.94304315476191,0.1,0.1,0.8099999999999999,177.42802083333333,194.01522321428573,173.07479785401003,51099.270000000004,130378.23,232462.36,24.41927083333333,50.166354166666665,75.35479166666666,288.3189583333333,4.1499999999999995,847594.7499999999
2425,2025-03-05,M54,M,5,4,537332.0,693467.0,693467.0,1.0,87.0,1.0,15.0,10.0,47.0,96,20.24052083333333,15.92,24.52,20.626562500000002,20.4265625,72.00552083333334,0.1,14.517604166666667,141.5659375,13590.33,14.812708333333333,10.240520833333331,18.139756944444443,17.166622023809524,15.172968749999999,19.571597222222223,18.99547619047619,17.163742559523808,71.16472222222222,68.74470238095238,71.94304315476191,0.1,0.1,0.8099999999999999,177.42802083333333,194.01522321428573,173.07479785401003,51099.270000000004,130378.23,232462.36,24.41927083333333,50.166354166666665,75.35479166666666,288.3189583333333,4.1499999999999995,847594.7499999999
2425,2025-03-05,M55,M,5,5,332633.0,378529.0,378529.0,0.0,48.0,4.0,9.0,12.0,29.0,96,20.24052083333333,15.92,24.52,20.626562500000002,20.4265625,72.00552083333334,0.1,14.517604166666667,141.5659375,13590.33,14.812708333333333,10.240520833333331,18.139756944444443,17.166622023809524,15.172968749999999,19.571597222222223,18.99547619047619,17.163742559523808,71.16472222222222,68.74470238095238,71.94304315476191,0.1,0.1,0.8099999999999999,177.42802083333333,194.01522321428573,173.07479785401003,51099.270000000004,130378.23,232462.36,24.41927083333333,50.166354166666665,75.35479166666666,288.3189583333333,4.1499999999999995,847594.7499999999
