season,plot_id,cultivar,target_horizon_index,target_date,input_start_date,input_end_date,forecast_horizon_days,target_yield_g,prediction_g,baseline_last_observed_yield_g,baseline_mean_observed_yield_g,feature_set,model_label,validation_protocol,fold_id,n_cv_folds,n_model_features
2324,B15,Florida Brilliance,1,2024-02-13,2024-01-08,2024-02-06,7,299.0,420.4375,294.0,139.4,paper_informed_nonreactive,Training horizon mean baseline,within-season 5-fold CV over plots; fixed input history; horizon-specific models,1,5,0
2324,B43,Florida Brilliance,1,2024-02-13,2024-01-08,2024-02-06,7,464.0,420.4375,285.0,171.8,paper_informed_nonreactive,Training horizon mean baseline,within-season 5-fold CV over plots; fixed input history; horizon-specific models,1,5,0
2324,B51,Florida Brilliance,1,2024-02-13,2024-01-08,2024-02-06,7,420.0,420.4375,216.0,145.4,paper_informed_nonreactive,Training horizon mean baseline,within-season 5-fold CV over plots; fixed input history; horizon-specific models,1,5,0
2324,B52,Florida Brilliance,1,2024-02-13,2024-01-08,2024-02-06,7,425.0,420.4375,472.0,225.0,paper_informed_nonreactive,Training horizon mean baseline,within-season 5-fold CV over plots; fixed input history; horizon-specific models,1,5,0
2324,B55,Florida Brilliance,1,2024-02-13,2024-01-08,2024-02-06,7,566.0,420.4375,348.0,198.8,paper_informed_nonreactive,Training horizon mean baseline,within-season 5-fold CV over plots; fixed input history; horizon-specific models,1,5,0
2324,M22,Florida Medallion,1,2024-02-13,2024-01-08,2024-02-06,7,626.0,420.4375,558.0,259.4,paper_informed_nonreactive,Training horizon mean baseline,within-season 5-fold CV over plots; fixed input history; horizon-specific models,1,5,0
2324,M23,Florida Medallion,1,2024-02-13,2024-01-08,2024-02-06,7,140.0,420.4375,139.0,91.6,paper_informed_nonreactive,Training horizon mean baseline,within-season 5-fold CV over plots; fixed input history; horizon-specific models,1,5,0
2324,M53,Florida Medallion,1,2024-02-13,2024-01-08,2024-02-06,7,594.0,420.4375,435.0,174.2,paper_informed_nonreactive,Training horizon mean baseline,within-season 5-fold CV over plots; fixed input history; horizon-specific models,1,5,0
2324,B22,Florida Brilliance,1,2024-02-13,2024-01-08,2024-02-06,7,134.0,428.25,236.0,167.4,paper_informed_nonreactive,Training horizon mean baseline,within-season 5-fold CV over plots; fixed input history; horizon-specific models,2,5,0
2324,B24,Florida Brilliance,1,2024-02-13,2024-01-08,2024-02-06,7,490.0,428.25,343.0,224.0,paper_informed_nonreactive,Training horizon mean baseline,within-season 5-fold CV over plots; fixed input history; horizon-specific models,2,5,0
2324,B25,Florida Brilliance,1,2024-02-13,2024-01-08,2024-02-06,7,633.0,428.25,507.0,290.4,paper_informed_nonreactive,Training horizon mean baseline,within-season 5-fold CV over plots; fixed input history; horizon-specific models,2,5,0
2324,B44,Florida Brilliance,1,2024-02-13,2024-01-08,2024-02-06,7,275.0,428.25,303.0,215.2,paper_informed_nonreactive,Training horizon mean baseline,within-season 5-fold CV over plots; fixed input history; horizon-specific models,2,5,0
2324,M21,Florida Medallion,1,2024-02-13,2024-01-08,2024-02-06,7,431.0,428.25,375.0,167.2,paper_informed_nonreactive,Training horizon mean baseline,within-season 5-fold CV over plots; fixed input history; horizon-specific models,2,5,0
2324,M42,Florida Medallion,1,2024-02-13,2024-01-08,2024-02-06,7,470.0,428.25,506.0,250.8,paper_informed_nonreactive,Training horizon mean baseline,within-season 5-fold CV over plots; fixed input history; horizon-specific models,2,5,0
2324,M45,Florida Medallion,1,2024-02-13,2024-01-08,2024-02-06,7,229.0,428.25,441.0,211.8,paper_informed_nonreactive,Training horizon mean baseline,within-season 5-fold CV over plots; fixed input history; horizon-specific models,2,5,0
2324,M55,Florida Medallion,1,2024-02-13,2024-01-08,2024-02-06,7,622.0,428.25,537.0,244.0,paper_informed_nonreactive,Training horizon mean baseline,within-season 5-fold CV over plots; fixed input history; horizon-specific models,2,5,0
2324,B11,Florida Brilliance,1,2024-02-13,2024-01-08,2024-02-06,7,99.0,434.375,264.0,133.0,paper_informed_nonreactive,Training horizon mean baseline,within-season 5-fold CV over plots; fixed input history; horizon-specific models,3,5,0
2324,B12,Florida Brilliance,1,2024-02-13,2024-01-08,2024-02-06,7,433.0,434.375,431.0,212.8,paper_informed_nonreactive,Training horizon mean baseline,within-season 5-fold CV over plots; fixed input history; horizon-specific models,3,5,0
2324,B21,Florida Brilliance,1,2024-02-13,2024-01-08,2024-02-06,7,135.0,434.375,237.0,82.6,paper_informed_nonreactive,Training horizon mean baseline,within-season 5-fold CV over plots; fixed input history; horizon-specific models,3,5,0
2324,B42,Florida Brilliance,1,2024-02-13,2024-01-08,2024-02-06,7,455.0,434.375,651.0,377.2,paper_informed_nonreactive,Training horizon mean baseline,within-season 5-fold CV over plots; fixed input history; horizon-specific models,3,5,0
2324,B53,Florida Brilliance,1,2024-02-13,2024-01-08,2024-02-06,7,451.0,434.375,391.0,207.0,paper_informed_nonreactive,Training horizon mean baseline,within-season 5-fold CV over plots; fixed input history; horizon-specific models,3,5,0
2324,M15,Florida Medallion,1,2024-02-13,2024-01-08,2024-02-06,7,634.0,434.375,477.0,290.6,paper_informed_nonreactive,Training horizon mean baseline,within-season 5-fold CV over plots; fixed input history; horizon-specific models,3,5,0
2324,M25,Florida Medallion,1,2024-02-13,2024-01-08,2024-02-06,7,361.0,434.375,365.0,112.0,paper_informed_nonreactive,Training horizon mean baseline,within-season 5-fold CV over plots; fixed input history; horizon-specific models,3,5,0
2324,M44,Florida Medallion,1,2024-02-13,2024-01-08,2024-02-06,7,520.0,434.375,357.0,223.8,paper_informed_nonreactive,Training horizon mean baseline,within-season 5-fold CV over plots; fixed input history; horizon-specific models,3,5,0
2324,B13,Florida Brilliance,1,2024-02-13,2024-01-08,2024-02-06,7,182.0,400.46875,209.0,103.6,paper_informed_nonreactive,Training horizon mean baseline,within-season 5-fold CV over plots; fixed input history; horizon-specific models,4,5,0
2324,B14,Florida Brilliance,1,2024-02-13,2024-01-08,2024-02-06,7,293.0,400.46875,188.0,106.8,paper_informed_nonreactive,Training horizon mean baseline,within-season 5-fold CV over plots; fixed input history; horizon-specific models,4,5,0
2324,M12,Florida Medallion,1,2024-02-13,2024-01-08,2024-02-06,7,729.0,400.46875,484.0,270.6,paper_informed_nonreactive,Training horizon mean baseline,within-season 5-fold CV over plots; fixed input history; horizon-specific models,4,5,0
2324,M14,Florida Medallion,1,2024-02-13,2024-01-08,2024-02-06,7,581.0,400.46875,562.0,385.0,paper_informed_nonreactive,Training horizon mean baseline,within-season 5-fold CV over plots; fixed input history; horizon-specific models,4,5,0
2324,M41,Florida Medallion,1,2024-02-13,2024-01-08,2024-02-06,7,269.0,400.46875,298.0,163.8,paper_informed_nonreactive,Training horizon mean baseline,within-season 5-fold CV over plots; fixed input history; horizon-specific models,4,5,0
2324,M43,Florida Medallion,1,2024-02-13,2024-01-08,2024-02-06,7,635.0,400.46875,225.0,176.8,paper_informed_nonreactive,Training horizon mean baseline,within-season 5-fold CV over plots; fixed input history; horizon-specific models,4,5,0
2324,M51,Florida Medallion,1,2024-02-13,2024-01-08,2024-02-06,7,750.0,400.46875,511.0,225.4,paper_informed_nonreactive,Training horizon mean baseline,within-season 5-fold CV over plots; fixed input history; horizon-specific models,4,5,0
2324,M52,Florida Medallion,1,2024-02-13,2024-01-08,2024-02-06,7,734.0,400.46875,1077.0,431.2,paper_informed_nonreactive,Training horizon mean baseline,within-season 5-fold CV over plots; fixed input history; horizon-specific models,4,5,0
2324,B23,Florida Brilliance,1,2024-02-13,2024-01-08,2024-02-06,7,266.0,439.96875,228.0,182.0,paper_informed_nonreactive,Training horizon mean baseline,within-season 5-fold CV over plots; fixed input history; horizon-specific models,5,5,0
2324,B41,Florida Brilliance,1,2024-02-13,2024-01-08,2024-02-06,7,351.0,439.96875,707.0,213.2,paper_informed_nonreactive,Training horizon mean baseline,within-season 5-fold CV over plots; fixed input history; horizon-specific models,5,5,0
2324,B45,Florida Brilliance,1,2024-02-13,2024-01-08,2024-02-06,7,512.0,439.96875,589.0,399.2,paper_informed_nonreactive,Training horizon mean baseline,within-season 5-fold CV over plots; fixed input history; horizon-specific models,5,5,0
2324,B54,Florida Brilliance,1,2024-02-13,2024-01-08,2024-02-06,7,493.0,439.96875,454.0,259.0,paper_informed_nonreactive,Training horizon mean baseline,within-season 5-fold CV over plots; fixed input history; horizon-specific models,5,5,0
2324,M11,Florida Medallion,1,2024-02-13,2024-01-08,2024-02-06,7,110.0,439.96875,125.0,69.6,paper_informed_nonreactive,Training horizon mean baseline,within-season 5-fold CV over plots; fixed input history; horizon-specific models,5,5,0
2324,M13,Florida Medallion,1,2024-02-13,2024-01-08,2024-02-06,7,736.0,439.96875,400.0,174.0,paper_informed_nonreactive,Training horizon mean baseline,within-season 5-fold CV over plots; fixed input history; horizon-specific models,5,5,0
2324,M24,Florida Medallion,1,2024-02-13,2024-01-08,2024-02-06,7,116.0,439.96875,238.0,93.2,paper_informed_nonreactive,Training horizon mean baseline,within-season 5-fold CV over plots; fixed input history; horizon-specific models,5,5,0
2324,M54,Florida Medallion,1,2024-02-13,2024-01-08,2024-02-06,7,325.0,439.96875,328.0,150.4,paper_informed_nonreactive,Training horizon mean baseline,within-season 5-fold CV over plots; fixed input history; horizon-specific models,5,5,0
2324,B15,Florida Brilliance,1,2024-02-13,2024-01-08,2024-02-06,7,299.0,346.8,294.0,139.4,paper_informed_nonreactive,Cultivar horizon mean baseline,within-season 5-fold CV over plots; fixed input history; horizon-specific models,1,5,0
2324,B43,Florida Brilliance,1,2024-02-13,2024-01-08,2024-02-06,7,464.0,346.8,285.0,171.8,paper_informed_nonreactive,Cultivar horizon mean baseline,within-season 5-fold CV over plots; fixed input history; horizon-specific models,1,5,0
2324,B51,Florida Brilliance,1,2024-02-13,2024-01-08,2024-02-06,7,420.0,346.8,216.0,145.4,paper_informed_nonreactive,Cultivar horizon mean baseline,within-season 5-fold CV over plots; fixed input history; horizon-specific models,1,5,0
2324,B52,Florida Brilliance,1,2024-02-13,2024-01-08,2024-02-06,7,425.0,346.8,472.0,225.0,paper_informed_nonreactive,Cultivar horizon mean baseline,within-season 5-fold CV over plots; fixed input history; horizon-specific models,1,5,0
2324,B55,Florida Brilliance,1,2024-02-13,2024-01-08,2024-02-06,7,566.0,346.8,348.0,198.8,paper_informed_nonreactive,Cultivar horizon mean baseline,within-season 5-fold CV over plots; fixed input history; horizon-specific models,1,5,0
2324,M22,Florida Medallion,1,2024-02-13,2024-01-08,2024-02-06,7,626.0,485.4117647058824,558.0,259.4,paper_informed_nonreactive,Cultivar horizon mean baseline,within-season 5-fold CV over plots; fixed input history; horizon-specific models,1,5,0
2324,M23,Florida Medallion,1,2024-02-13,2024-01-08,2024-02-06,7,140.0,485.4117647058824,139.0,91.6,paper_informed_nonreactive,Cultivar horizon mean baseline,within-season 5-fold CV over plots; fixed input history; horizon-specific models,1,5,0
2324,M53,Florida Medallion,1,2024-02-13,2024-01-08,2024-02-06,7,594.0,485.4117647058824,435.0,174.2,paper_informed_nonreactive,Cultivar horizon mean baseline,within-season 5-fold CV over plots; fixed input history; horizon-specific models,1,5,0
2324,B22,Florida Brilliance,1,2024-02-13,2024-01-08,2024-02-06,7,134.0,365.25,236.0,167.4,paper_informed_nonreactive,Cultivar horizon mean baseline,within-season 5-fold CV over plots; fixed input history; horizon-specific models,2,5,0
2324,B24,Florida Brilliance,1,2024-02-13,2024-01-08,2024-02-06,7,490.0,365.25,343.0,224.0,paper_informed_nonreactive,Cultivar horizon mean baseline,within-season 5-fold CV over plots; fixed input history; horizon-specific models,2,5,0
2324,B25,Florida Brilliance,1,2024-02-13,2024-01-08,2024-02-06,7,633.0,365.25,507.0,290.4,paper_informed_nonreactive,Cultivar horizon mean baseline,within-season 5-fold CV over plots; fixed input history; horizon-specific models,2,5,0
2324,B44,Florida Brilliance,1,2024-02-13,2024-01-08,2024-02-06,7,275.0,365.25,303.0,215.2,paper_informed_nonreactive,Cultivar horizon mean baseline,within-season 5-fold CV over plots; fixed input history; horizon-specific models,2,5,0
2324,M21,Florida Medallion,1,2024-02-13,2024-01-08,2024-02-06,7,431.0,491.25,375.0,167.2,paper_informed_nonreactive,Cultivar horizon mean baseline,within-season 5-fold CV over plots; fixed input history; horizon-specific models,2,5,0
2324,M42,Florida Medallion,1,2024-02-13,2024-01-08,2024-02-06,7,470.0,491.25,506.0,250.8,paper_informed_nonreactive,Cultivar horizon mean baseline,within-season 5-fold CV over plots; fixed input history; horizon-specific models,2,5,0
2324,M45,Florida Medallion,1,2024-02-13,2024-01-08,2024-02-06,7,229.0,491.25,441.0,211.8,paper_informed_nonreactive,Cultivar horizon mean baseline,within-season 5-fold CV over plots; fixed input history; horizon-specific models,2,5,0
2324,M55,Florida Medallion,1,2024-02-13,2024-01-08,2024-02-06,7,622.0,491.25,537.0,244.0,paper_informed_nonreactive,Cultivar horizon mean baseline,within-season 5-fold CV over plots; fixed input history; horizon-specific models,2,5,0
2324,B11,Florida Brilliance,1,2024-02-13,2024-01-08,2024-02-06,7,99.0,386.8666666666667,264.0,133.0,paper_informed_nonreactive,Cultivar horizon mean baseline,within-season 5-fold CV over plots; fixed input history; horizon-specific models,3,5,0
2324,B12,Florida Brilliance,1,2024-02-13,2024-01-08,2024-02-06,7,433.0,386.8666666666667,431.0,212.8,paper_informed_nonreactive,Cultivar horizon mean baseline,within-season 5-fold CV over plots; fixed input history; horizon-specific models,3,5,0
2324,B21,Florida Brilliance,1,2024-02-13,2024-01-08,2024-02-06,7,135.0,386.8666666666667,237.0,82.6,paper_informed_nonreactive,Cultivar horizon mean baseline,within-season 5-fold CV over plots; fixed input history; horizon-specific models,3,5,0
2324,B42,Florida Brilliance,1,2024-02-13,2024-01-08,2024-02-06,7,455.0,386.8666666666667,651.0,377.2,paper_informed_nonreactive,Cultivar horizon mean baseline,within-season 5-fold CV over plots; fixed input history; horizon-specific models,3,5,0
2324,B53,Florida Brilliance,1,2024-02-13,2024-01-08,2024-02-06,7,451.0,386.8666666666667,391.0,207.0,paper_informed_nonreactive,Cultivar horizon mean baseline,within-season 5-fold CV over plots; fixed input history; horizon-specific models,3,5,0
2324,M15,Florida Medallion,1,2024-02-13,2024-01-08,2024-02-06,7,634.0,476.29411764705884,477.0,290.6,paper_informed_nonreactive,Cultivar horizon mean baseline,within-season 5-fold CV over plots; fixed input history; horizon-specific models,3,5,0
2324,M25,Florida Medallion,1,2024-02-13,2024-01-08,2024-02-06,7,361.0,476.29411764705884,365.0,112.0,paper_informed_nonreactive,Cultivar horizon mean baseline,within-season 5-fold CV over plots; fixed input history; horizon-specific models,3,5,0
2324,M44,Florida Medallion,1,2024-02-13,2024-01-08,2024-02-06,7,520.0,476.29411764705884,357.0,223.8,paper_informed_nonreactive,Cultivar horizon mean baseline,within-season 5-fold CV over plots; fixed input history; horizon-specific models,3,5,0
2324,B13,Florida Brilliance,1,2024-02-13,2024-01-08,2024-02-06,7,182.0,383.3888888888889,209.0,103.6,paper_informed_nonreactive,Cultivar horizon mean baseline,within-season 5-fold CV over plots; fixed input history; horizon-specific models,4,5,0
2324,B14,Florida Brilliance,1,2024-02-13,2024-01-08,2024-02-06,7,293.0,383.3888888888889,188.0,106.8,paper_informed_nonreactive,Cultivar horizon mean baseline,within-season 5-fold CV over plots; fixed input history; horizon-specific models,4,5,0
2324,M12,Florida Medallion,1,2024-02-13,2024-01-08,2024-02-06,7,729.0,422.42857142857144,484.0,270.6,paper_informed_nonreactive,Cultivar horizon mean baseline,within-season 5-fold CV over plots; fixed input history; horizon-specific models,4,5,0
2324,M14,Florida Medallion,1,2024-02-13,2024-01-08,2024-02-06,7,581.0,422.42857142857144,562.0,385.0,paper_informed_nonreactive,Cultivar horizon mean baseline,within-season 5-fold CV over plots; fixed input history; horizon-specific models,4,5,0
2324,M41,Florida Medallion,1,2024-02-13,2024-01-08,2024-02-06,7,269.0,422.42857142857144,298.0,163.8,paper_informed_nonreactive,Cultivar horizon mean baseline,within-season 5-fold CV over plots; fixed input history; horizon-specific models,4,5,0
2324,M43,Florida Medallion,1,2024-02-13,2024-01-08,2024-02-06,7,635.0,422.42857142857144,225.0,176.8,paper_informed_nonreactive,Cultivar horizon mean baseline,within-season 5-fold CV over plots; fixed input history; horizon-specific models,4,5,0
2324,M51,Florida Medallion,1,2024-02-13,2024-01-08,2024-02-06,7,750.0,422.42857142857144,511.0,225.4,paper_informed_nonreactive,Cultivar horizon mean baseline,within-season 5-fold CV over plots; fixed input history; horizon-specific models,4,5,0
2324,M52,Florida Medallion,1,2024-02-13,2024-01-08,2024-02-06,7,734.0,422.42857142857144,1077.0,431.2,paper_informed_nonreactive,Cultivar horizon mean baseline,within-season 5-fold CV over plots; fixed input history; horizon-specific models,4,5,0
2324,B23,Florida Brilliance,1,2024-02-13,2024-01-08,2024-02-06,7,266.0,359.625,228.0,182.0,paper_informed_nonreactive,Cultivar horizon mean baseline,within-season 5-fold CV over plots; fixed input history; horizon-specific models,5,5,0
2324,B41,Florida Brilliance,1,2024-02-13,2024-01-08,2024-02-06,7,351.0,359.625,707.0,213.2,paper_informed_nonreactive,Cultivar horizon mean baseline,within-season 5-fold CV over plots; fixed input history; horizon-specific models,5,5,0
2324,B45,Florida Brilliance,1,2024-02-13,2024-01-08,2024-02-06,7,512.0,359.625,589.0,399.2,paper_informed_nonreactive,Cultivar horizon mean baseline,within-season 5-fold CV over plots; fixed input history; horizon-specific models,5,5,0
2324,B54,Florida Brilliance,1,2024-02-13,2024-01-08,2024-02-06,7,493.0,359.625,454.0,259.0,paper_informed_nonreactive,Cultivar horizon mean baseline,within-season 5-fold CV over plots; fixed input history; horizon-specific models,5,5,0
2324,M11,Florida Medallion,1,2024-02-13,2024-01-08,2024-02-06,7,110.0,520.3125,125.0,69.6,paper_informed_nonreactive,Cultivar horizon mean baseline,within-season 5-fold CV over plots; fixed input history; horizon-specific models,5,5,0
2324,M13,Florida Medallion,1,2024-02-13,2024-01-08,2024-02-06,7,736.0,520.3125,400.0,174.0,paper_informed_nonreactive,Cultivar horizon mean baseline,within-season 5-fold CV over plots; fixed input history; horizon-specific models,5,5,0
2324,M24,Florida Medallion,1,2024-02-13,2024-01-08,2024-02-06,7,116.0,520.3125,238.0,93.2,paper_informed_nonreactive,Cultivar horizon mean baseline,within-season 5-fold CV over plots; fixed input history; horizon-specific models,5,5,0
2324,M54,Florida Medallion,1,2024-02-13,2024-01-08,2024-02-06,7,325.0,520.3125,328.0,150.4,paper_informed_nonreactive,Cultivar horizon mean baseline,within-season 5-fold CV over plots; fixed input history; horizon-specific models,5,5,0
2324,B15,Florida Brilliance,1,2024-02-13,2024-01-08,2024-02-06,7,299.0,294.0,294.0,139.4,paper_informed_nonreactive,Last observed week-5 yield baseline,within-season 5-fold CV over plots; fixed input history; horizon-specific models,1,5,0
2324,B43,Florida Brilliance,1,2024-02-13,2024-01-08,2024-02-06,7,464.0,285.0,285.0,171.8,paper_informed_nonreactive,Last observed week-5 yield baseline,within-season 5-fold CV over plots; fixed input history; horizon-specific models,1,5,0
2324,B51,Florida Brilliance,1,2024-02-13,2024-01-08,2024-02-06,7,420.0,216.0,216.0,145.4,paper_informed_nonreactive,Last observed week-5 yield baseline,within-season 5-fold CV over plots; fixed input history; horizon-specific models,1,5,0
2324,B52,Florida Brilliance,1,2024-02-13,2024-01-08,2024-02-06,7,425.0,472.0,472.0,225.0,paper_informed_nonreactive,Last observed week-5 yield baseline,within-season 5-fold CV over plots; fixed input history; horizon-specific models,1,5,0
2324,B55,Florida Brilliance,1,2024-02-13,2024-01-08,2024-02-06,7,566.0,348.0,348.0,198.8,paper_informed_nonreactive,Last observed week-5 yield baseline,within-season 5-fold CV over plots; fixed input history; horizon-specific models,1,5,0
2324,M22,Florida Medallion,1,2024-02-13,2024-01-08,2024-02-06,7,626.0,558.0,558.0,259.4,paper_informed_nonreactive,Last observed week-5 yield baseline,within-season 5-fold CV over plots; fixed input history; horizon-specific models,1,5,0
2324,M23,Florida Medallion,1,2024-02-13,2024-01-08,2024-02-06,7,140.0,139.0,139.0,91.6,paper_informed_nonreactive,Last observed week-5 yield baseline,within-season 5-fold CV over plots; fixed input history; horizon-specific models,1,5,0
2324,M53,Florida Medallion,1,2024-02-13,2024-01-08,2024-02-06,7,594.0,435.0,435.0,174.2,paper_informed_nonreactive,Last observed week-5 yield baseline,within-season 5-fold CV over plots; fixed input history; horizon-specific models,1,5,0
2324,B22,Florida Brilliance,1,2024-02-13,2024-01-08,2024-02-06,7,134.0,236.0,236.0,167.4,paper_informed_nonreactive,Last observed week-5 yield baseline,within-season 5-fold CV over plots; fixed input history; horizon-specific models,2,5,0
2324,B24,Florida Brilliance,1,2024-02-13,2024-01-08,2024-02-06,7,490.0,343.0,343.0,224.0,paper_informed_nonreactive,Last observed week-5 yield baseline,within-season 5-fold CV over plots; fixed input history; horizon-specific models,2,5,0
2324,B25,Florida Brilliance,1,2024-02-13,2024-01-08,2024-02-06,7,633.0,507.0,507.0,290.4,paper_informed_nonreactive,Last observed week-5 yield baseline,within-season 5-fold CV over plots; fixed input history; horizon-specific models,2,5,0
2324,B44,Florida Brilliance,1,2024-02-13,2024-01-08,2024-02-06,7,275.0,303.0,303.0,215.2,paper_informed_nonreactive,Last observed week-5 yield baseline,within-season 5-fold CV over plots; fixed input history; horizon-specific models,2,5,0
2324,M21,Florida Medallion,1,2024-02-13,2024-01-08,2024-02-06,7,431.0,375.0,375.0,167.2,paper_informed_nonreactive,Last observed week-5 yield baseline,within-season 5-fold CV over plots; fixed input history; horizon-specific models,2,5,0
2324,M42,Florida Medallion,1,2024-02-13,2024-01-08,2024-02-06,7,470.0,506.0,506.0,250.8,paper_informed_nonreactive,Last observed week-5 yield baseline,within-season 5-fold CV over plots; fixed input history; horizon-specific models,2,5,0
2324,M45,Florida Medallion,1,2024-02-13,2024-01-08,2024-02-06,7,229.0,441.0,441.0,211.8,paper_informed_nonreactive,Last observed week-5 yield baseline,within-season 5-fold CV over plots; fixed input history; horizon-specific models,2,5,0
2324,M55,Florida Medallion,1,2024-02-13,2024-01-08,2024-02-06,7,622.0,537.0,537.0,244.0,paper_informed_nonreactive,Last observed week-5 yield baseline,within-season 5-fold CV over plots; fixed input history; horizon-specific models,2,5,0
2324,B11,Florida Brilliance,1,2024-02-13,2024-01-08,2024-02-06,7,99.0,264.0,264.0,133.0,paper_informed_nonreactive,Last observed week-5 yield baseline,within-season 5-fold CV over plots; fixed input history; horizon-specific models,3,5,0
2324,B12,Florida Brilliance,1,2024-02-13,2024-01-08,2024-02-06,7,433.0,431.0,431.0,212.8,paper_informed_nonreactive,Last observed week-5 yield baseline,within-season 5-fold CV over plots; fixed input history; horizon-specific models,3,5,0
2324,B21,Florida Brilliance,1,2024-02-13,2024-01-08,2024-02-06,7,135.0,237.0,237.0,82.6,paper_informed_nonreactive,Last observed week-5 yield baseline,within-season 5-fold CV over plots; fixed input history; horizon-specific models,3,5,0
2324,B42,Florida Brilliance,1,2024-02-13,2024-01-08,2024-02-06,7,455.0,651.0,651.0,377.2,paper_informed_nonreactive,Last observed week-5 yield baseline,within-season 5-fold CV over plots; fixed input history; horizon-specific models,3,5,0
2324,B53,Florida Brilliance,1,2024-02-13,2024-01-08,2024-02-06,7,451.0,391.0,391.0,207.0,paper_informed_nonreactive,Last observed week-5 yield baseline,within-season 5-fold CV over plots; fixed input history; horizon-specific models,3,5,0
2324,M15,Florida Medallion,1,2024-02-13,2024-01-08,2024-02-06,7,634.0,477.0,477.0,290.6,paper_informed_nonreactive,Last observed week-5 yield baseline,within-season 5-fold CV over plots; fixed input history; horizon-specific models,3,5,0
2324,M25,Florida Medallion,1,2024-02-13,2024-01-08,2024-02-06,7,361.0,365.0,365.0,112.0,paper_informed_nonreactive,Last observed week-5 yield baseline,within-season 5-fold CV over plots; fixed input history; horizon-specific models,3,5,0
2324,M44,Florida Medallion,1,2024-02-13,2024-01-08,2024-02-06,7,520.0,357.0,357.0,223.8,paper_informed_nonreactive,Last observed week-5 yield baseline,within-season 5-fold CV over plots; fixed input history; horizon-specific models,3,5,0
2324,B13,Florida Brilliance,1,2024-02-13,2024-01-08,2024-02-06,7,182.0,209.0,209.0,103.6,paper_informed_nonreactive,Last observed week-5 yield baseline,within-season 5-fold CV over plots; fixed input history; horizon-specific models,4,5,0
2324,B14,Florida Brilliance,1,2024-02-13,2024-01-08,2024-02-06,7,293.0,188.0,188.0,106.8,paper_informed_nonreactive,Last observed week-5 yield baseline,within-season 5-fold CV over plots; fixed input history; horizon-specific models,4,5,0
2324,M12,Florida Medallion,1,2024-02-13,2024-01-08,2024-02-06,7,729.0,484.0,484.0,270.6,paper_informed_nonreactive,Last observed week-5 yield baseline,within-season 5-fold CV over plots; fixed input history; horizon-specific models,4,5,0
2324,M14,Florida Medallion,1,2024-02-13,2024-01-08,2024-02-06,7,581.0,562.0,562.0,385.0,paper_informed_nonreactive,Last observed week-5 yield baseline,within-season 5-fold CV over plots; fixed input history; horizon-specific models,4,5,0
2324,M41,Florida Medallion,1,2024-02-13,2024-01-08,2024-02-06,7,269.0,298.0,298.0,163.8,paper_informed_nonreactive,Last observed week-5 yield baseline,within-season 5-fold CV over plots; fixed input history; horizon-specific models,4,5,0
2324,M43,Florida Medallion,1,2024-02-13,2024-01-08,2024-02-06,7,635.0,225.0,225.0,176.8,paper_informed_nonreactive,Last observed week-5 yield baseline,within-season 5-fold CV over plots; fixed input history; horizon-specific models,4,5,0
2324,M51,Florida Medallion,1,2024-02-13,2024-01-08,2024-02-06,7,750.0,511.0,511.0,225.4,paper_informed_nonreactive,Last observed week-5 yield baseline,within-season 5-fold CV over plots; fixed input history; horizon-specific models,4,5,0
2324,M52,Florida Medallion,1,2024-02-13,2024-01-08,2024-02-06,7,734.0,1077.0,1077.0,431.2,paper_informed_nonreactive,Last observed week-5 yield baseline,within-season 5-fold CV over plots; fixed input history; horizon-specific models,4,5,0
2324,B23,Florida Brilliance,1,2024-02-13,2024-01-08,2024-02-06,7,266.0,228.0,228.0,182.0,paper_informed_nonreactive,Last observed week-5 yield baseline,within-season 5-fold CV over plots; fixed input history; horizon-specific models,5,5,0
2324,B41,Florida Brilliance,1,2024-02-13,2024-01-08,2024-02-06,7,351.0,707.0,707.0,213.2,paper_informed_nonreactive,Last observed week-5 yield baseline,within-season 5-fold CV over plots; fixed input history; horizon-specific models,5,5,0
2324,B45,Florida Brilliance,1,2024-02-13,2024-01-08,2024-02-06,7,512.0,589.0,589.0,399.2,paper_informed_nonreactive,Last observed week-5 yield baseline,within-season 5-fold CV over plots; fixed input history; horizon-specific models,5,5,0
2324,B54,Florida Brilliance,1,2024-02-13,2024-01-08,2024-02-06,7,493.0,454.0,454.0,259.0,paper_informed_nonreactive,Last observed week-5 yield baseline,within-season 5-fold CV over plots; fixed input history; horizon-specific models,5,5,0
2324,M11,Florida Medallion,1,2024-02-13,2024-01-08,2024-02-06,7,110.0,125.0,125.0,69.6,paper_informed_nonreactive,Last observed week-5 yield baseline,within-season 5-fold CV over plots; fixed input history; horizon-specific models,5,5,0
2324,M13,Florida Medallion,1,2024-02-13,2024-01-08,2024-02-06,7,736.0,400.0,400.0,174.0,paper_informed_nonreactive,Last observed week-5 yield baseline,within-season 5-fold CV over plots; fixed input history; horizon-specific models,5,5,0
2324,M24,Florida Medallion,1,2024-02-13,2024-01-08,2024-02-06,7,116.0,238.0,238.0,93.2,paper_informed_nonreactive,Last observed week-5 yield baseline,within-season 5-fold CV over plots; fixed input history; horizon-specific models,5,5,0
2324,M54,Florida Medallion,1,2024-02-13,2024-01-08,2024-02-06,7,325.0,328.0,328.0,150.4,paper_informed_nonreactive,Last observed week-5 yield baseline,within-season 5-fold CV over plots; fixed input history; horizon-specific models,5,5,0
2324,B15,Florida Brilliance,1,2024-02-13,2024-01-08,2024-02-06,7,299.0,139.4,294.0,139.4,paper_informed_nonreactive,Observed 5-week mean yield baseline,within-season 5-fold CV over plots; fixed input history; horizon-specific models,1,5,0
2324,B43,Florida Brilliance,1,2024-02-13,2024-01-08,2024-02-06,7,464.0,171.8,285.0,171.8,paper_informed_nonreactive,Observed 5-week mean yield baseline,within-season 5-fold CV over plots; fixed input history; horizon-specific models,1,5,0
2324,B51,Florida Brilliance,1,2024-02-13,2024-01-08,2024-02-06,7,420.0,145.4,216.0,145.4,paper_informed_nonreactive,Observed 5-week mean yield baseline,within-season 5-fold CV over plots; fixed input history; horizon-specific models,1,5,0
2324,B52,Florida Brilliance,1,2024-02-13,2024-01-08,2024-02-06,7,425.0,225.0,472.0,225.0,paper_informed_nonreactive,Observed 5-week mean yield baseline,within-season 5-fold CV over plots; fixed input history; horizon-specific models,1,5,0
2324,B55,Florida Brilliance,1,2024-02-13,2024-01-08,2024-02-06,7,566.0,198.8,348.0,198.8,paper_informed_nonreactive,Observed 5-week mean yield baseline,within-season 5-fold CV over plots; fixed input history; horizon-specific models,1,5,0
2324,M22,Florida Medallion,1,2024-02-13,2024-01-08,2024-02-06,7,626.0,259.4,558.0,259.4,paper_informed_nonreactive,Observed 5-week mean yield baseline,within-season 5-fold CV over plots; fixed input history; horizon-specific models,1,5,0
2324,M23,Florida Medallion,1,2024-02-13,2024-01-08,2024-02-06,7,140.0,91.6,139.0,91.6,paper_informed_nonreactive,Observed 5-week mean yield baseline,within-season 5-fold CV over plots; fixed input history; horizon-specific models,1,5,0
2324,M53,Florida Medallion,1,2024-02-13,2024-01-08,2024-02-06,7,594.0,174.2,435.0,174.2,paper_informed_nonreactive,Observed 5-week mean yield baseline,within-season 5-fold CV over plots; fixed input history; horizon-specific models,1,5,0
2324,B22,Florida Brilliance,1,2024-02-13,2024-01-08,2024-02-06,7,134.0,167.4,236.0,167.4,paper_informed_nonreactive,Observed 5-week mean yield baseline,within-season 5-fold CV over plots; fixed input history; horizon-specific models,2,5,0
2324,B24,Florida Brilliance,1,2024-02-13,2024-01-08,2024-02-06,7,490.0,224.0,343.0,224.0,paper_informed_nonreactive,Observed 5-week mean yield baseline,within-season 5-fold CV over plots; fixed input history; horizon-specific models,2,5,0
2324,B25,Florida Brilliance,1,2024-02-13,2024-01-08,2024-02-06,7,633.0,290.4,507.0,290.4,paper_informed_nonreactive,Observed 5-week mean yield baseline,within-season 5-fold CV over plots; fixed input history; horizon-specific models,2,5,0
2324,B44,Florida Brilliance,1,2024-02-13,2024-01-08,2024-02-06,7,275.0,215.2,303.0,215.2,paper_informed_nonreactive,Observed 5-week mean yield baseline,within-season 5-fold CV over plots; fixed input history; horizon-specific models,2,5,0
2324,M21,Florida Medallion,1,2024-02-13,2024-01-08,2024-02-06,7,431.0,167.2,375.0,167.2,paper_informed_nonreactive,Observed 5-week mean yield baseline,within-season 5-fold CV over plots; fixed input history; horizon-specific models,2,5,0
2324,M42,Florida Medallion,1,2024-02-13,2024-01-08,2024-02-06,7,470.0,250.8,506.0,250.8,paper_informed_nonreactive,Observed 5-week mean yield baseline,within-season 5-fold CV over plots; fixed input history; horizon-specific models,2,5,0
2324,M45,Florida Medallion,1,2024-02-13,2024-01-08,2024-02-06,7,229.0,211.8,441.0,211.8,paper_informed_nonreactive,Observed 5-week mean yield baseline,within-season 5-fold CV over plots; fixed input history; horizon-specific models,2,5,0
2324,M55,Florida Medallion,1,2024-02-13,2024-01-08,2024-02-06,7,622.0,244.0,537.0,244.0,paper_informed_nonreactive,Observed 5-week mean yield baseline,within-season 5-fold CV over plots; fixed input history; horizon-specific models,2,5,0
2324,B11,Florida Brilliance,1,2024-02-13,2024-01-08,2024-02-06,7,99.0,133.0,264.0,133.0,paper_informed_nonreactive,Observed 5-week mean yield baseline,within-season 5-fold CV over plots; fixed input history; horizon-specific models,3,5,0
2324,B12,Florida Brilliance,1,2024-02-13,2024-01-08,2024-02-06,7,433.0,212.8,431.0,212.8,paper_informed_nonreactive,Observed 5-week mean yield baseline,within-season 5-fold CV over plots; fixed input history; horizon-specific models,3,5,0
2324,B21,Florida Brilliance,1,2024-02-13,2024-01-08,2024-02-06,7,135.0,82.6,237.0,82.6,paper_informed_nonreactive,Observed 5-week mean yield baseline,within-season 5-fold CV over plots; fixed input history; horizon-specific models,3,5,0
2324,B42,Florida Brilliance,1,2024-02-13,2024-01-08,2024-02-06,7,455.0,377.2,651.0,377.2,paper_informed_nonreactive,Observed 5-week mean yield baseline,within-season 5-fold CV over plots; fixed input history; horizon-specific models,3,5,0
2324,B53,Florida Brilliance,1,2024-02-13,2024-01-08,2024-02-06,7,451.0,207.0,391.0,207.0,paper_informed_nonreactive,Observed 5-week mean yield baseline,within-season 5-fold CV over plots; fixed input history; horizon-specific models,3,5,0
2324,M15,Florida Medallion,1,2024-02-13,2024-01-08,2024-02-06,7,634.0,290.6,477.0,290.6,paper_informed_nonreactive,Observed 5-week mean yield baseline,within-season 5-fold CV over plots; fixed input history; horizon-specific models,3,5,0
2324,M25,Florida Medallion,1,2024-02-13,2024-01-08,2024-02-06,7,361.0,112.0,365.0,112.0,paper_informed_nonreactive,Observed 5-week mean yield baseline,within-season 5-fold CV over plots; fixed input history; horizon-specific models,3,5,0
2324,M44,Florida Medallion,1,2024-02-13,2024-01-08,2024-02-06,7,520.0,223.8,357.0,223.8,paper_informed_nonreactive,Observed 5-week mean yield baseline,within-season 5-fold CV over plots; fixed input history; horizon-specific models,3,5,0
2324,B13,Florida Brilliance,1,2024-02-13,2024-01-08,2024-02-06,7,182.0,103.6,209.0,103.6,paper_informed_nonreactive,Observed 5-week mean yield baseline,within-season 5-fold CV over plots; fixed input history; horizon-specific models,4,5,0
2324,B14,Florida Brilliance,1,2024-02-13,2024-01-08,2024-02-06,7,293.0,106.8,188.0,106.8,paper_informed_nonreactive,Observed 5-week mean yield baseline,within-season 5-fold CV over plots; fixed input history; horizon-specific models,4,5,0
2324,M12,Florida Medallion,1,2024-02-13,2024-01-08,2024-02-06,7,729.0,270.6,484.0,270.6,paper_informed_nonreactive,Observed 5-week mean yield baseline,within-season 5-fold CV over plots; fixed input history; horizon-specific models,4,5,0
2324,M14,Florida Medallion,1,2024-02-13,2024-01-08,2024-02-06,7,581.0,385.0,562.0,385.0,paper_informed_nonreactive,Observed 5-week mean yield baseline,within-season 5-fold CV over plots; fixed input history; horizon-specific models,4,5,0
2324,M41,Florida Medallion,1,2024-02-13,2024-01-08,2024-02-06,7,269.0,163.8,298.0,163.8,paper_informed_nonreactive,Observed 5-week mean yield baseline,within-season 5-fold CV over plots; fixed input history; horizon-specific models,4,5,0
2324,M43,Florida Medallion,1,2024-02-13,2024-01-08,2024-02-06,7,635.0,176.8,225.0,176.8,paper_informed_nonreactive,Observed 5-week mean yield baseline,within-season 5-fold CV over plots; fixed input history; horizon-specific models,4,5,0
2324,M51,Florida Medallion,1,2024-02-13,2024-01-08,2024-02-06,7,750.0,225.4,511.0,225.4,paper_informed_nonreactive,Observed 5-week mean yield baseline,within-season 5-fold CV over plots; fixed input history; horizon-specific models,4,5,0
2324,M52,Florida Medallion,1,2024-02-13,2024-01-08,2024-02-06,7,734.0,431.2,1077.0,431.2,paper_informed_nonreactive,Observed 5-week mean yield baseline,within-season 5-fold CV over plots; fixed input history; horizon-specific models,4,5,0
2324,B23,Florida Brilliance,1,2024-02-13,2024-01-08,2024-02-06,7,266.0,182.0,228.0,182.0,paper_informed_nonreactive,Observed 5-week mean yield baseline,within-season 5-fold CV over plots; fixed input history; horizon-specific models,5,5,0
2324,B41,Florida Brilliance,1,2024-02-13,2024-01-08,2024-02-06,7,351.0,213.2,707.0,213.2,paper_informed_nonreactive,Observed 5-week mean yield baseline,within-season 5-fold CV over plots; fixed input history; horizon-specific models,5,5,0
2324,B45,Florida Brilliance,1,2024-02-13,2024-01-08,2024-02-06,7,512.0,399.2,589.0,399.2,paper_informed_nonreactive,Observed 5-week mean yield baseline,within-season 5-fold CV over plots; fixed input history; horizon-specific models,5,5,0
2324,B54,Florida Brilliance,1,2024-02-13,2024-01-08,2024-02-06,7,493.0,259.0,454.0,259.0,paper_informed_nonreactive,Observed 5-week mean yield baseline,within-season 5-fold CV over plots; fixed input history; horizon-specific models,5,5,0
2324,M11,Florida Medallion,1,2024-02-13,2024-01-08,2024-02-06,7,110.0,69.6,125.0,69.6,paper_informed_nonreactive,Observed 5-week mean yield baseline,within-season 5-fold CV over plots; fixed input history; horizon-specific models,5,5,0
2324,M13,Florida Medallion,1,2024-02-13,2024-01-08,2024-02-06,7,736.0,174.0,400.0,174.0,paper_informed_nonreactive,Observed 5-week mean yield baseline,within-season 5-fold CV over plots; fixed input history; horizon-specific models,5,5,0
2324,M24,Florida Medallion,1,2024-02-13,2024-01-08,2024-02-06,7,116.0,93.2,238.0,93.2,paper_informed_nonreactive,Observed 5-week mean yield baseline,within-season 5-fold CV over plots; fixed input history; horizon-specific models,5,5,0
2324,M54,Florida Medallion,1,2024-02-13,2024-01-08,2024-02-06,7,325.0,150.4,328.0,150.4,paper_informed_nonreactive,Observed 5-week mean yield baseline,within-season 5-fold CV over plots; fixed input history; horizon-specific models,5,5,0
2324,B15,Florida Brilliance,1,2024-02-13,2024-01-08,2024-02-06,7,299.0,0.0,294.0,139.4,paper_informed_nonreactive,Zero yield baseline,within-season 5-fold CV over plots; fixed input history; horizon-specific models,1,5,0
2324,B43,Florida Brilliance,1,2024-02-13,2024-01-08,2024-02-06,7,464.0,0.0,285.0,171.8,paper_informed_nonreactive,Zero yield baseline,within-season 5-fold CV over plots; fixed input history; horizon-specific models,1,5,0
2324,B51,Florida Brilliance,1,2024-02-13,2024-01-08,2024-02-06,7,420.0,0.0,216.0,145.4,paper_informed_nonreactive,Zero yield baseline,within-season 5-fold CV over plots; fixed input history; horizon-specific models,1,5,0
2324,B52,Florida Brilliance,1,2024-02-13,2024-01-08,2024-02-06,7,425.0,0.0,472.0,225.0,paper_informed_nonreactive,Zero yield baseline,within-season 5-fold CV over plots; fixed input history; horizon-specific models,1,5,0
2324,B55,Florida Brilliance,1,2024-02-13,2024-01-08,2024-02-06,7,566.0,0.0,348.0,198.8,paper_informed_nonreactive,Zero yield baseline,within-season 5-fold CV over plots; fixed input history; horizon-specific models,1,5,0
2324,M22,Florida Medallion,1,2024-02-13,2024-01-08,2024-02-06,7,626.0,0.0,558.0,259.4,paper_informed_nonreactive,Zero yield baseline,within-season 5-fold CV over plots; fixed input history; horizon-specific models,1,5,0
2324,M23,Florida Medallion,1,2024-02-13,2024-01-08,2024-02-06,7,140.0,0.0,139.0,91.6,paper_informed_nonreactive,Zero yield baseline,within-season 5-fold CV over plots; fixed input history; horizon-specific models,1,5,0
2324,M53,Florida Medallion,1,2024-02-13,2024-01-08,2024-02-06,7,594.0,0.0,435.0,174.2,paper_informed_nonreactive,Zero yield baseline,within-season 5-fold CV over plots; fixed input history; horizon-specific models,1,5,0
2324,B22,Florida Brilliance,1,2024-02-13,2024-01-08,2024-02-06,7,134.0,0.0,236.0,167.4,paper_informed_nonreactive,Zero yield baseline,within-season 5-fold CV over plots; fixed input history; horizon-specific models,2,5,0
2324,B24,Florida Brilliance,1,2024-02-13,2024-01-08,2024-02-06,7,490.0,0.0,343.0,224.0,paper_informed_nonreactive,Zero yield baseline,within-season 5-fold CV over plots; fixed input history; horizon-specific models,2,5,0
2324,B25,Florida Brilliance,1,2024-02-13,2024-01-08,2024-02-06,7,633.0,0.0,507.0,290.4,paper_informed_nonreactive,Zero yield baseline,within-season 5-fold CV over plots; fixed input history; horizon-specific models,2,5,0
2324,B44,Florida Brilliance,1,2024-02-13,2024-01-08,2024-02-06,7,275.0,0.0,303.0,215.2,paper_informed_nonreactive,Zero yield baseline,within-season 5-fold CV over plots; fixed input history; horizon-specific models,2,5,0
2324,M21,Florida Medallion,1,2024-02-13,2024-01-08,2024-02-06,7,431.0,0.0,375.0,167.2,paper_informed_nonreactive,Zero yield baseline,within-season 5-fold CV over plots; fixed input history; horizon-specific models,2,5,0
2324,M42,Florida Medallion,1,2024-02-13,2024-01-08,2024-02-06,7,470.0,0.0,506.0,250.8,paper_informed_nonreactive,Zero yield baseline,within-season 5-fold CV over plots; fixed input history; horizon-specific models,2,5,0
2324,M45,Florida Medallion,1,2024-02-13,2024-01-08,2024-02-06,7,229.0,0.0,441.0,211.8,paper_informed_nonreactive,Zero yield baseline,within-season 5-fold CV over plots; fixed input history; horizon-specific models,2,5,0
2324,M55,Florida Medallion,1,2024-02-13,2024-01-08,2024-02-06,7,622.0,0.0,537.0,244.0,paper_informed_nonreactive,Zero yield baseline,within-season 5-fold CV over plots; fixed input history; horizon-specific models,2,5,0
2324,B11,Florida Brilliance,1,2024-02-13,2024-01-08,2024-02-06,7,99.0,0.0,264.0,133.0,paper_informed_nonreactive,Zero yield baseline,within-season 5-fold CV over plots; fixed input history; horizon-specific models,3,5,0
2324,B12,Florida Brilliance,1,2024-02-13,2024-01-08,2024-02-06,7,433.0,0.0,431.0,212.8,paper_informed_nonreactive,Zero yield baseline,within-season 5-fold CV over plots; fixed input history; horizon-specific models,3,5,0
2324,B21,Florida Brilliance,1,2024-02-13,2024-01-08,2024-02-06,7,135.0,0.0,237.0,82.6,paper_informed_nonreactive,Zero yield baseline,within-season 5-fold CV over plots; fixed input history; horizon-specific models,3,5,0
2324,B42,Florida Brilliance,1,2024-02-13,2024-01-08,2024-02-06,7,455.0,0.0,651.0,377.2,paper_informed_nonreactive,Zero yield baseline,within-season 5-fold CV over plots; fixed input history; horizon-specific models,3,5,0
2324,B53,Florida Brilliance,1,2024-02-13,2024-01-08,2024-02-06,7,451.0,0.0,391.0,207.0,paper_informed_nonreactive,Zero yield baseline,within-season 5-fold CV over plots; fixed input history; horizon-specific models,3,5,0
2324,M15,Florida Medallion,1,2024-02-13,2024-01-08,2024-02-06,7,634.0,0.0,477.0,290.6,paper_informed_nonreactive,Zero yield baseline,within-season 5-fold CV over plots; fixed input history; horizon-specific models,3,5,0
2324,M25,Florida Medallion,1,2024-02-13,2024-01-08,2024-02-06,7,361.0,0.0,365.0,112.0,paper_informed_nonreactive,Zero yield baseline,within-season 5-fold CV over plots; fixed input history; horizon-specific models,3,5,0
2324,M44,Florida Medallion,1,2024-02-13,2024-01-08,2024-02-06,7,520.0,0.0,357.0,223.8,paper_informed_nonreactive,Zero yield baseline,within-season 5-fold CV over plots; fixed input history; horizon-specific models,3,5,0
2324,B13,Florida Brilliance,1,2024-02-13,2024-01-08,2024-02-06,7,182.0,0.0,209.0,103.6,paper_informed_nonreactive,Zero yield baseline,within-season 5-fold CV over plots; fixed input history; horizon-specific models,4,5,0
2324,B14,Florida Brilliance,1,2024-02-13,2024-01-08,2024-02-06,7,293.0,0.0,188.0,106.8,paper_informed_nonreactive,Zero yield baseline,within-season 5-fold CV over plots; fixed input history; horizon-specific models,4,5,0
2324,M12,Florida Medallion,1,2024-02-13,2024-01-08,2024-02-06,7,729.0,0.0,484.0,270.6,paper_informed_nonreactive,Zero yield baseline,within-season 5-fold CV over plots; fixed input history; horizon-specific models,4,5,0
2324,M14,Florida Medallion,1,2024-02-13,2024-01-08,2024-02-06,7,581.0,0.0,562.0,385.0,paper_informed_nonreactive,Zero yield baseline,within-season 5-fold CV over plots; fixed input history; horizon-specific models,4,5,0
2324,M41,Florida Medallion,1,2024-02-13,2024-01-08,2024-02-06,7,269.0,0.0,298.0,163.8,paper_informed_nonreactive,Zero yield baseline,within-season 5-fold CV over plots; fixed input history; horizon-specific models,4,5,0
2324,M43,Florida Medallion,1,2024-02-13,2024-01-08,2024-02-06,7,635.0,0.0,225.0,176.8,paper_informed_nonreactive,Zero yield baseline,within-season 5-fold CV over plots; fixed input history; horizon-specific models,4,5,0
2324,M51,Florida Medallion,1,2024-02-13,2024-01-08,2024-02-06,7,750.0,0.0,511.0,225.4,paper_informed_nonreactive,Zero yield baseline,within-season 5-fold CV over plots; fixed input history; horizon-specific models,4,5,0
2324,M52,Florida Medallion,1,2024-02-13,2024-01-08,2024-02-06,7,734.0,0.0,1077.0,431.2,paper_informed_nonreactive,Zero yield baseline,within-season 5-fold CV over plots; fixed input history; horizon-specific models,4,5,0
2324,B23,Florida Brilliance,1,2024-02-13,2024-01-08,2024-02-06,7,266.0,0.0,228.0,182.0,paper_informed_nonreactive,Zero yield baseline,within-season 5-fold CV over plots; fixed input history; horizon-specific models,5,5,0
2324,B41,Florida Brilliance,1,2024-02-13,2024-01-08,2024-02-06,7,351.0,0.0,707.0,213.2,paper_informed_nonreactive,Zero yield baseline,within-season 5-fold CV over plots; fixed input history; horizon-specific models,5,5,0
2324,B45,Florida Brilliance,1,2024-02-13,2024-01-08,2024-02-06,7,512.0,0.0,589.0,399.2,paper_informed_nonreactive,Zero yield baseline,within-season 5-fold CV over plots; fixed input history; horizon-specific models,5,5,0
2324,B54,Florida Brilliance,1,2024-02-13,2024-01-08,2024-02-06,7,493.0,0.0,454.0,259.0,paper_informed_nonreactive,Zero yield baseline,within-season 5-fold CV over plots; fixed input history; horizon-specific models,5,5,0
2324,M11,Florida Medallion,1,2024-02-13,2024-01-08,2024-02-06,7,110.0,0.0,125.0,69.6,paper_informed_nonreactive,Zero yield baseline,within-season 5-fold CV over plots; fixed input history; horizon-specific models,5,5,0
2324,M13,Florida Medallion,1,2024-02-13,2024-01-08,2024-02-06,7,736.0,0.0,400.0,174.0,paper_informed_nonreactive,Zero yield baseline,within-season 5-fold CV over plots; fixed input history; horizon-specific models,5,5,0
2324,M24,Florida Medallion,1,2024-02-13,2024-01-08,2024-02-06,7,116.0,0.0,238.0,93.2,paper_informed_nonreactive,Zero yield baseline,within-season 5-fold CV over plots; fixed input history; horizon-specific models,5,5,0
2324,M54,Florida Medallion,1,2024-02-13,2024-01-08,2024-02-06,7,325.0,0.0,328.0,150.4,paper_informed_nonreactive,Zero yield baseline,within-season 5-fold CV over plots; fixed input history; horizon-specific models,5,5,0
2324,B15,Florida Brilliance,1,2024-02-13,2024-01-08,2024-02-06,7,299.0,541.3241435823586,294.0,139.4,paper_informed_nonreactive,Ridge,within-season 5-fold CV over plots; fixed input history; horizon-specific models,1,5,98
2324,B43,Florida Brilliance,1,2024-02-13,2024-01-08,2024-02-06,7,464.0,531.533288395254,285.0,171.8,paper_informed_nonreactive,Ridge,within-season 5-fold CV over plots; fixed input history; horizon-specific models,1,5,98
2324,B51,Florida Brilliance,1,2024-02-13,2024-01-08,2024-02-06,7,420.0,673.1407760314692,216.0,145.4,paper_informed_nonreactive,Ridge,within-season 5-fold CV over plots; fixed input history; horizon-specific models,1,5,98
2324,B52,Florida Brilliance,1,2024-02-13,2024-01-08,2024-02-06,7,425.0,420.4120500240918,472.0,225.0,paper_informed_nonreactive,Ridge,within-season 5-fold CV over plots; fixed input history; horizon-specific models,1,5,98
2324,B55,Florida Brilliance,1,2024-02-13,2024-01-08,2024-02-06,7,566.0,299.21460560813705,348.0,198.8,paper_informed_nonreactive,Ridge,within-season 5-fold CV over plots; fixed input history; horizon-specific models,1,5,98
2324,M22,Florida Medallion,1,2024-02-13,2024-01-08,2024-02-06,7,626.0,818.3556526623858,558.0,259.4,paper_informed_nonreactive,Ridge,within-season 5-fold CV over plots; fixed input history; horizon-specific models,1,5,98
2324,M23,Florida Medallion,1,2024-02-13,2024-01-08,2024-02-06,7,140.0,249.23092968186006,139.0,91.6,paper_informed_nonreactive,Ridge,within-season 5-fold CV over plots; fixed input history; horizon-specific models,1,5,98
2324,M53,Florida Medallion,1,2024-02-13,2024-01-08,2024-02-06,7,594.0,595.8554927752804,435.0,174.2,paper_informed_nonreactive,Ridge,within-season 5-fold CV over plots; fixed input history; horizon-specific models,1,5,98
2324,B22,Florida Brilliance,1,2024-02-13,2024-01-08,2024-02-06,7,134.0,535.3263790479584,236.0,167.4,paper_informed_nonreactive,Ridge,within-season 5-fold CV over plots; fixed input history; horizon-specific models,2,5,98
2324,B24,Florida Brilliance,1,2024-02-13,2024-01-08,2024-02-06,7,490.0,506.717645761583,343.0,224.0,paper_informed_nonreactive,Ridge,within-season 5-fold CV over plots; fixed input history; horizon-specific models,2,5,98
2324,B25,Florida Brilliance,1,2024-02-13,2024-01-08,2024-02-06,7,633.0,512.3918335675531,507.0,290.4,paper_informed_nonreactive,Ridge,within-season 5-fold CV over plots; fixed input history; horizon-specific models,2,5,98
2324,B44,Florida Brilliance,1,2024-02-13,2024-01-08,2024-02-06,7,275.0,299.44259586199,303.0,215.2,paper_informed_nonreactive,Ridge,within-season 5-fold CV over plots; fixed input history; horizon-specific models,2,5,98
2324,M21,Florida Medallion,1,2024-02-13,2024-01-08,2024-02-06,7,431.0,224.6578689898684,375.0,167.2,paper_informed_nonreactive,Ridge,within-season 5-fold CV over plots; fixed input history; horizon-specific models,2,5,98
2324,M42,Florida Medallion,1,2024-02-13,2024-01-08,2024-02-06,7,470.0,537.9395836758964,506.0,250.8,paper_informed_nonreactive,Ridge,within-season 5-fold CV over plots; fixed input history; horizon-specific models,2,5,98
2324,M45,Florida Medallion,1,2024-02-13,2024-01-08,2024-02-06,7,229.0,629.093805481951,441.0,211.8,paper_informed_nonreactive,Ridge,within-season 5-fold CV over plots; fixed input history; horizon-specific models,2,5,98
2324,M55,Florida Medallion,1,2024-02-13,2024-01-08,2024-02-06,7,622.0,658.7904319473344,537.0,244.0,paper_informed_nonreactive,Ridge,within-season 5-fold CV over plots; fixed input history; horizon-specific models,2,5,98
2324,B11,Florida Brilliance,1,2024-02-13,2024-01-08,2024-02-06,7,99.0,148.43193254748775,264.0,133.0,paper_informed_nonreactive,Ridge,within-season 5-fold CV over plots; fixed input history; horizon-specific models,3,5,98
2324,B12,Florida Brilliance,1,2024-02-13,2024-01-08,2024-02-06,7,433.0,256.7625312380344,431.0,212.8,paper_informed_nonreactive,Ridge,within-season 5-fold CV over plots; fixed input history; horizon-specific models,3,5,98
2324,B21,Florida Brilliance,1,2024-02-13,2024-01-08,2024-02-06,7,135.0,26.421515752551727,237.0,82.6,paper_informed_nonreactive,Ridge,within-season 5-fold CV over plots; fixed input history; horizon-specific models,3,5,98
2324,B42,Florida Brilliance,1,2024-02-13,2024-01-08,2024-02-06,7,455.0,804.1616286643375,651.0,377.2,paper_informed_nonreactive,Ridge,within-season 5-fold CV over plots; fixed input history; horizon-specific models,3,5,98
2324,B53,Florida Brilliance,1,2024-02-13,2024-01-08,2024-02-06,7,451.0,331.10050752713,391.0,207.0,paper_informed_nonreactive,Ridge,within-season 5-fold CV over plots; fixed input history; horizon-specific models,3,5,98
2324,M15,Florida Medallion,1,2024-02-13,2024-01-08,2024-02-06,7,634.0,797.3482146455779,477.0,290.6,paper_informed_nonreactive,Ridge,within-season 5-fold CV over plots; fixed input history; horizon-specific models,3,5,98
2324,M25,Florida Medallion,1,2024-02-13,2024-01-08,2024-02-06,7,361.0,447.64543719374535,365.0,112.0,paper_informed_nonreactive,Ridge,within-season 5-fold CV over plots; fixed input history; horizon-specific models,3,5,98
2324,M44,Florida Medallion,1,2024-02-13,2024-01-08,2024-02-06,7,520.0,675.2405582877998,357.0,223.8,paper_informed_nonreactive,Ridge,within-season 5-fold CV over plots; fixed input history; horizon-specific models,3,5,98
2324,B13,Florida Brilliance,1,2024-02-13,2024-01-08,2024-02-06,7,182.0,253.94677877946287,209.0,103.6,paper_informed_nonreactive,Ridge,within-season 5-fold CV over plots; fixed input history; horizon-specific models,4,5,98
2324,B14,Florida Brilliance,1,2024-02-13,2024-01-08,2024-02-06,7,293.0,241.92170742564176,188.0,106.8,paper_informed_nonreactive,Ridge,within-season 5-fold CV over plots; fixed input history; horizon-specific models,4,5,98
2324,M12,Florida Medallion,1,2024-02-13,2024-01-08,2024-02-06,7,729.0,388.33596500977984,484.0,270.6,paper_informed_nonreactive,Ridge,within-season 5-fold CV over plots; fixed input history; horizon-specific models,4,5,98
2324,M14,Florida Medallion,1,2024-02-13,2024-01-08,2024-02-06,7,581.0,473.65272287286166,562.0,385.0,paper_informed_nonreactive,Ridge,within-season 5-fold CV over plots; fixed input history; horizon-specific models,4,5,98
2324,M41,Florida Medallion,1,2024-02-13,2024-01-08,2024-02-06,7,269.0,526.1825490332703,298.0,163.8,paper_informed_nonreactive,Ridge,within-season 5-fold CV over plots; fixed input history; horizon-specific models,4,5,98
2324,M43,Florida Medallion,1,2024-02-13,2024-01-08,2024-02-06,7,635.0,506.4107273106171,225.0,176.8,paper_informed_nonreactive,Ridge,within-season 5-fold CV over plots; fixed input history; horizon-specific models,4,5,98
2324,M51,Florida Medallion,1,2024-02-13,2024-01-08,2024-02-06,7,750.0,525.9627930581826,511.0,225.4,paper_informed_nonreactive,Ridge,within-season 5-fold CV over plots; fixed input history; horizon-specific models,4,5,98
2324,M52,Florida Medallion,1,2024-02-13,2024-01-08,2024-02-06,7,734.0,456.9197611873864,1077.0,431.2,paper_informed_nonreactive,Ridge,within-season 5-fold CV over plots; fixed input history; horizon-specific models,4,5,98
2324,B23,Florida Brilliance,1,2024-02-13,2024-01-08,2024-02-06,7,266.0,311.5409886842632,228.0,182.0,paper_informed_nonreactive,Ridge,within-season 5-fold CV over plots; fixed input history; horizon-specific models,5,5,98
2324,B41,Florida Brilliance,1,2024-02-13,2024-01-08,2024-02-06,7,351.0,350.71884561526554,707.0,213.2,paper_informed_nonreactive,Ridge,within-season 5-fold CV over plots; fixed input history; horizon-specific models,5,5,98
2324,B45,Florida Brilliance,1,2024-02-13,2024-01-08,2024-02-06,7,512.0,268.1125894843209,589.0,399.2,paper_informed_nonreactive,Ridge,within-season 5-fold CV over plots; fixed input history; horizon-specific models,5,5,98
2324,B54,Florida Brilliance,1,2024-02-13,2024-01-08,2024-02-06,7,493.0,262.17901980133206,454.0,259.0,paper_informed_nonreactive,Ridge,within-season 5-fold CV over plots; fixed input history; horizon-specific models,5,5,98
2324,M11,Florida Medallion,1,2024-02-13,2024-01-08,2024-02-06,7,110.0,123.0268314441796,125.0,69.6,paper_informed_nonreactive,Ridge,within-season 5-fold CV over plots; fixed input history; horizon-specific models,5,5,98
2324,M13,Florida Medallion,1,2024-02-13,2024-01-08,2024-02-06,7,736.0,466.24951492660955,400.0,174.0,paper_informed_nonreactive,Ridge,within-season 5-fold CV over plots; fixed input history; horizon-specific models,5,5,98
2324,M24,Florida Medallion,1,2024-02-13,2024-01-08,2024-02-06,7,116.0,164.31579199861136,238.0,93.2,paper_informed_nonreactive,Ridge,within-season 5-fold CV over plots; fixed input history; horizon-specific models,5,5,98
2324,M54,Florida Medallion,1,2024-02-13,2024-01-08,2024-02-06,7,325.0,334.8409556212412,328.0,150.4,paper_informed_nonreactive,Ridge,within-season 5-fold CV over plots; fixed input history; horizon-specific models,5,5,98
2324,B15,Florida Brilliance,1,2024-02-13,2024-01-08,2024-02-06,7,299.0,528.3708485790695,294.0,139.4,paper_informed_nonreactive,ElasticNet,within-season 5-fold CV over plots; fixed input history; horizon-specific models,1,5,98
2324,B43,Florida Brilliance,1,2024-02-13,2024-01-08,2024-02-06,7,464.0,617.9737485228914,285.0,171.8,paper_informed_nonreactive,ElasticNet,within-season 5-fold CV over plots; fixed input history; horizon-specific models,1,5,98
2324,B51,Florida Brilliance,1,2024-02-13,2024-01-08,2024-02-06,7,420.0,721.2915840079686,216.0,145.4,paper_informed_nonreactive,ElasticNet,within-season 5-fold CV over plots; fixed input history; horizon-specific models,1,5,98
2324,B52,Florida Brilliance,1,2024-02-13,2024-01-08,2024-02-06,7,425.0,455.9591638812183,472.0,225.0,paper_informed_nonreactive,ElasticNet,within-season 5-fold CV over plots; fixed input history; horizon-specific models,1,5,98
2324,B55,Florida Brilliance,1,2024-02-13,2024-01-08,2024-02-06,7,566.0,104.11642977993569,348.0,198.8,paper_informed_nonreactive,ElasticNet,within-season 5-fold CV over plots; fixed input history; horizon-specific models,1,5,98
2324,M22,Florida Medallion,1,2024-02-13,2024-01-08,2024-02-06,7,626.0,901.1845781747429,558.0,259.4,paper_informed_nonreactive,ElasticNet,within-season 5-fold CV over plots; fixed input history; horizon-specific models,1,5,98
2324,M23,Florida Medallion,1,2024-02-13,2024-01-08,2024-02-06,7,140.0,337.1213317772524,139.0,91.6,paper_informed_nonreactive,ElasticNet,within-season 5-fold CV over plots; fixed input history; horizon-specific models,1,5,98
2324,M53,Florida Medallion,1,2024-02-13,2024-01-08,2024-02-06,7,594.0,597.3401441809693,435.0,174.2,paper_informed_nonreactive,ElasticNet,within-season 5-fold CV over plots; fixed input history; horizon-specific models,1,5,98
2324,B22,Florida Brilliance,1,2024-02-13,2024-01-08,2024-02-06,7,134.0,556.0963537810995,236.0,167.4,paper_informed_nonreactive,ElasticNet,within-season 5-fold CV over plots; fixed input history; horizon-specific models,2,5,98
2324,B24,Florida Brilliance,1,2024-02-13,2024-01-08,2024-02-06,7,490.0,596.9736990368136,343.0,224.0,paper_informed_nonreactive,ElasticNet,within-season 5-fold CV over plots; fixed input history; horizon-specific models,2,5,98
2324,B25,Florida Brilliance,1,2024-02-13,2024-01-08,2024-02-06,7,633.0,438.862658219042,507.0,290.4,paper_informed_nonreactive,ElasticNet,within-season 5-fold CV over plots; fixed input history; horizon-specific models,2,5,98
2324,B44,Florida Brilliance,1,2024-02-13,2024-01-08,2024-02-06,7,275.0,344.25397440624437,303.0,215.2,paper_informed_nonreactive,ElasticNet,within-season 5-fold CV over plots; fixed input history; horizon-specific models,2,5,98
2324,M21,Florida Medallion,1,2024-02-13,2024-01-08,2024-02-06,7,431.0,92.53050243610079,375.0,167.2,paper_informed_nonreactive,ElasticNet,within-season 5-fold CV over plots; fixed input history; horizon-specific models,2,5,98
2324,M42,Florida Medallion,1,2024-02-13,2024-01-08,2024-02-06,7,470.0,639.438254826362,506.0,250.8,paper_informed_nonreactive,ElasticNet,within-season 5-fold CV over plots; fixed input history; horizon-specific models,2,5,98
2324,M45,Florida Medallion,1,2024-02-13,2024-01-08,2024-02-06,7,229.0,692.915105219193,441.0,211.8,paper_informed_nonreactive,ElasticNet,within-season 5-fold CV over plots; fixed input history; horizon-specific models,2,5,98
2324,M55,Florida Medallion,1,2024-02-13,2024-01-08,2024-02-06,7,622.0,672.4121690265205,537.0,244.0,paper_informed_nonreactive,ElasticNet,within-season 5-fold CV over plots; fixed input history; horizon-specific models,2,5,98
2324,B11,Florida Brilliance,1,2024-02-13,2024-01-08,2024-02-06,7,99.0,59.33530369155784,264.0,133.0,paper_informed_nonreactive,ElasticNet,within-season 5-fold CV over plots; fixed input history; horizon-specific models,3,5,98
2324,B12,Florida Brilliance,1,2024-02-13,2024-01-08,2024-02-06,7,433.0,178.8853455013413,431.0,212.8,paper_informed_nonreactive,ElasticNet,within-season 5-fold CV over plots; fixed input history; horizon-specific models,3,5,98
2324,B21,Florida Brilliance,1,2024-02-13,2024-01-08,2024-02-06,7,135.0,-92.27727204741313,237.0,82.6,paper_informed_nonreactive,ElasticNet,within-season 5-fold CV over plots; fixed input history; horizon-specific models,3,5,98
2324,B42,Florida Brilliance,1,2024-02-13,2024-01-08,2024-02-06,7,455.0,786.3960995620281,651.0,377.2,paper_informed_nonreactive,ElasticNet,within-season 5-fold CV over plots; fixed input history; horizon-specific models,3,5,98
2324,B53,Florida Brilliance,1,2024-02-13,2024-01-08,2024-02-06,7,451.0,263.8026340572542,391.0,207.0,paper_informed_nonreactive,ElasticNet,within-season 5-fold CV over plots; fixed input history; horizon-specific models,3,5,98
2324,M15,Florida Medallion,1,2024-02-13,2024-01-08,2024-02-06,7,634.0,1011.5505305507194,477.0,290.6,paper_informed_nonreactive,ElasticNet,within-season 5-fold CV over plots; fixed input history; horizon-specific models,3,5,98
2324,M25,Florida Medallion,1,2024-02-13,2024-01-08,2024-02-06,7,361.0,528.6668997638633,365.0,112.0,paper_informed_nonreactive,ElasticNet,within-season 5-fold CV over plots; fixed input history; horizon-specific models,3,5,98
2324,M44,Florida Medallion,1,2024-02-13,2024-01-08,2024-02-06,7,520.0,740.3020355029112,357.0,223.8,paper_informed_nonreactive,ElasticNet,within-season 5-fold CV over plots; fixed input history; horizon-specific models,3,5,98
2324,B13,Florida Brilliance,1,2024-02-13,2024-01-08,2024-02-06,7,182.0,318.3819097167427,209.0,103.6,paper_informed_nonreactive,ElasticNet,within-season 5-fold CV over plots; fixed input history; horizon-specific models,4,5,98
2324,B14,Florida Brilliance,1,2024-02-13,2024-01-08,2024-02-06,7,293.0,240.3057735516189,188.0,106.8,paper_informed_nonreactive,ElasticNet,within-season 5-fold CV over plots; fixed input history; horizon-specific models,4,5,98
2324,M12,Florida Medallion,1,2024-02-13,2024-01-08,2024-02-06,7,729.0,323.4874356412148,484.0,270.6,paper_informed_nonreactive,ElasticNet,within-season 5-fold CV over plots; fixed input history; horizon-specific models,4,5,98
2324,M14,Florida Medallion,1,2024-02-13,2024-01-08,2024-02-06,7,581.0,480.28649332334265,562.0,385.0,paper_informed_nonreactive,ElasticNet,within-season 5-fold CV over plots; fixed input history; horizon-specific models,4,5,98
2324,M41,Florida Medallion,1,2024-02-13,2024-01-08,2024-02-06,7,269.0,444.231067051461,298.0,163.8,paper_informed_nonreactive,ElasticNet,within-season 5-fold CV over plots; fixed input history; horizon-specific models,4,5,98
2324,M43,Florida Medallion,1,2024-02-13,2024-01-08,2024-02-06,7,635.0,596.6098934873086,225.0,176.8,paper_informed_nonreactive,ElasticNet,within-season 5-fold CV over plots; fixed input history; horizon-specific models,4,5,98
2324,M51,Florida Medallion,1,2024-02-13,2024-01-08,2024-02-06,7,750.0,514.3820603406265,511.0,225.4,paper_informed_nonreactive,ElasticNet,within-season 5-fold CV over plots; fixed input history; horizon-specific models,4,5,98
2324,M52,Florida Medallion,1,2024-02-13,2024-01-08,2024-02-06,7,734.0,366.95444057823465,1077.0,431.2,paper_informed_nonreactive,ElasticNet,within-season 5-fold CV over plots; fixed input history; horizon-specific models,4,5,98
2324,B23,Florida Brilliance,1,2024-02-13,2024-01-08,2024-02-06,7,266.0,222.83675340362097,228.0,182.0,paper_informed_nonreactive,ElasticNet,within-season 5-fold CV over plots; fixed input history; horizon-specific models,5,5,98
2324,B41,Florida Brilliance,1,2024-02-13,2024-01-08,2024-02-06,7,351.0,311.7468148329253,707.0,213.2,paper_informed_nonreactive,ElasticNet,within-season 5-fold CV over plots; fixed input history; horizon-specific models,5,5,98
2324,B45,Florida Brilliance,1,2024-02-13,2024-01-08,2024-02-06,7,512.0,113.47764502525564,589.0,399.2,paper_informed_nonreactive,ElasticNet,within-season 5-fold CV over plots; fixed input history; horizon-specific models,5,5,98
2324,B54,Florida Brilliance,1,2024-02-13,2024-01-08,2024-02-06,7,493.0,203.10794857484285,454.0,259.0,paper_informed_nonreactive,ElasticNet,within-season 5-fold CV over plots; fixed input history; horizon-specific models,5,5,98
2324,M11,Florida Medallion,1,2024-02-13,2024-01-08,2024-02-06,7,110.0,168.08244518566676,125.0,69.6,paper_informed_nonreactive,ElasticNet,within-season 5-fold CV over plots; fixed input history; horizon-specific models,5,5,98
2324,M13,Florida Medallion,1,2024-02-13,2024-01-08,2024-02-06,7,736.0,420.6598686326929,400.0,174.0,paper_informed_nonreactive,ElasticNet,within-season 5-fold CV over plots; fixed input history; horizon-specific models,5,5,98
2324,M24,Florida Medallion,1,2024-02-13,2024-01-08,2024-02-06,7,116.0,181.33327486223976,238.0,93.2,paper_informed_nonreactive,ElasticNet,within-season 5-fold CV over plots; fixed input history; horizon-specific models,5,5,98
2324,M54,Florida Medallion,1,2024-02-13,2024-01-08,2024-02-06,7,325.0,283.3733017588203,328.0,150.4,paper_informed_nonreactive,ElasticNet,within-season 5-fold CV over plots; fixed input history; horizon-specific models,5,5,98
2324,B15,Florida Brilliance,1,2024-02-13,2024-01-08,2024-02-06,7,299.0,451.05881986532,294.0,139.4,paper_informed_nonreactive,Random Forest,within-season 5-fold CV over plots; fixed input history; horizon-specific models,1,5,98
2324,B43,Florida Brilliance,1,2024-02-13,2024-01-08,2024-02-06,7,464.0,540.0933958633958,285.0,171.8,paper_informed_nonreactive,Random Forest,within-season 5-fold CV over plots; fixed input history; horizon-specific models,1,5,98
2324,B51,Florida Brilliance,1,2024-02-13,2024-01-08,2024-02-06,7,420.0,537.183177008177,216.0,145.4,paper_informed_nonreactive,Random Forest,within-season 5-fold CV over plots; fixed input history; horizon-specific models,1,5,98
2324,B52,Florida Brilliance,1,2024-02-13,2024-01-08,2024-02-06,7,425.0,498.3921746031745,472.0,225.0,paper_informed_nonreactive,Random Forest,within-season 5-fold CV over plots; fixed input history; horizon-specific models,1,5,98
2324,B55,Florida Brilliance,1,2024-02-13,2024-01-08,2024-02-06,7,566.0,501.6872626262628,348.0,198.8,paper_informed_nonreactive,Random Forest,within-season 5-fold CV over plots; fixed input history; horizon-specific models,1,5,98
2324,M22,Florida Medallion,1,2024-02-13,2024-01-08,2024-02-06,7,626.0,589.0448422873425,558.0,259.4,paper_informed_nonreactive,Random Forest,within-season 5-fold CV over plots; fixed input history; horizon-specific models,1,5,98
2324,M23,Florida Medallion,1,2024-02-13,2024-01-08,2024-02-06,7,140.0,185.22191366041363,139.0,91.6,paper_informed_nonreactive,Random Forest,within-season 5-fold CV over plots; fixed input history; horizon-specific models,1,5,98
2324,M53,Florida Medallion,1,2024-02-13,2024-01-08,2024-02-06,7,594.0,476.02382900432895,435.0,174.2,paper_informed_nonreactive,Random Forest,within-season 5-fold CV over plots; fixed input history; horizon-specific models,1,5,98
2324,B22,Florida Brilliance,1,2024-02-13,2024-01-08,2024-02-06,7,134.0,360.6108850963851,236.0,167.4,paper_informed_nonreactive,Random Forest,within-season 5-fold CV over plots; fixed input history; horizon-specific models,2,5,98
2324,B24,Florida Brilliance,1,2024-02-13,2024-01-08,2024-02-06,7,490.0,426.99338555888556,343.0,224.0,paper_informed_nonreactive,Random Forest,within-season 5-fold CV over plots; fixed input history; horizon-specific models,2,5,98
2324,B25,Florida Brilliance,1,2024-02-13,2024-01-08,2024-02-06,7,633.0,549.8617556517555,507.0,290.4,paper_informed_nonreactive,Random Forest,within-season 5-fold CV over plots; fixed input history; horizon-specific models,2,5,98
2324,B44,Florida Brilliance,1,2024-02-13,2024-01-08,2024-02-06,7,275.0,415.6973746993745,303.0,215.2,paper_informed_nonreactive,Random Forest,within-season 5-fold CV over plots; fixed input history; horizon-specific models,2,5,98
2324,M21,Florida Medallion,1,2024-02-13,2024-01-08,2024-02-06,7,431.0,258.43401901801906,375.0,167.2,paper_informed_nonreactive,Random Forest,within-season 5-fold CV over plots; fixed input history; horizon-specific models,2,5,98
2324,M42,Florida Medallion,1,2024-02-13,2024-01-08,2024-02-06,7,470.0,470.37751779701784,506.0,250.8,paper_informed_nonreactive,Random Forest,within-season 5-fold CV over plots; fixed input history; horizon-specific models,2,5,98
2324,M45,Florida Medallion,1,2024-02-13,2024-01-08,2024-02-06,7,229.0,581.3920052910051,441.0,211.8,paper_informed_nonreactive,Random Forest,within-season 5-fold CV over plots; fixed input history; horizon-specific models,2,5,98
2324,M55,Florida Medallion,1,2024-02-13,2024-01-08,2024-02-06,7,622.0,619.4669523809521,537.0,244.0,paper_informed_nonreactive,Random Forest,within-season 5-fold CV over plots; fixed input history; horizon-specific models,2,5,98
2324,B11,Florida Brilliance,1,2024-02-13,2024-01-08,2024-02-06,7,99.0,237.4109645354645,264.0,133.0,paper_informed_nonreactive,Random Forest,within-season 5-fold CV over plots; fixed input history; horizon-specific models,3,5,98
2324,B12,Florida Brilliance,1,2024-02-13,2024-01-08,2024-02-06,7,433.0,367.9147811447812,431.0,212.8,paper_informed_nonreactive,Random Forest,within-season 5-fold CV over plots; fixed input history; horizon-specific models,3,5,98
2324,B21,Florida Brilliance,1,2024-02-13,2024-01-08,2024-02-06,7,135.0,311.0669504569505,237.0,82.6,paper_informed_nonreactive,Random Forest,within-season 5-fold CV over plots; fixed input history; horizon-specific models,3,5,98
2324,B42,Florida Brilliance,1,2024-02-13,2024-01-08,2024-02-06,7,455.0,518.8216648721649,651.0,377.2,paper_informed_nonreactive,Random Forest,within-season 5-fold CV over plots; fixed input history; horizon-specific models,3,5,98
2324,B53,Florida Brilliance,1,2024-02-13,2024-01-08,2024-02-06,7,451.0,391.6554048914049,391.0,207.0,paper_informed_nonreactive,Random Forest,within-season 5-fold CV over plots; fixed input history; horizon-specific models,3,5,98
2324,M15,Florida Medallion,1,2024-02-13,2024-01-08,2024-02-06,7,634.0,597.0476765271765,477.0,290.6,paper_informed_nonreactive,Random Forest,within-season 5-fold CV over plots; fixed input history; horizon-specific models,3,5,98
2324,M25,Florida Medallion,1,2024-02-13,2024-01-08,2024-02-06,7,361.0,271.66848989898995,365.0,112.0,paper_informed_nonreactive,Random Forest,within-season 5-fold CV over plots; fixed input history; horizon-specific models,3,5,98
2324,M44,Florida Medallion,1,2024-02-13,2024-01-08,2024-02-06,7,520.0,595.5156743626744,357.0,223.8,paper_informed_nonreactive,Random Forest,within-season 5-fold CV over plots; fixed input history; horizon-specific models,3,5,98
2324,B13,Florida Brilliance,1,2024-02-13,2024-01-08,2024-02-06,7,182.0,267.3661259111259,209.0,103.6,paper_informed_nonreactive,Random Forest,within-season 5-fold CV over plots; fixed input history; horizon-specific models,4,5,98
2324,B14,Florida Brilliance,1,2024-02-13,2024-01-08,2024-02-06,7,293.0,323.9117063492064,188.0,106.8,paper_informed_nonreactive,Random Forest,within-season 5-fold CV over plots; fixed input history; horizon-specific models,4,5,98
2324,M12,Florida Medallion,1,2024-02-13,2024-01-08,2024-02-06,7,729.0,491.2948804713802,484.0,270.6,paper_informed_nonreactive,Random Forest,within-season 5-fold CV over plots; fixed input history; horizon-specific models,4,5,98
2324,M14,Florida Medallion,1,2024-02-13,2024-01-08,2024-02-06,7,581.0,415.4353845598846,562.0,385.0,paper_informed_nonreactive,Random Forest,within-season 5-fold CV over plots; fixed input history; horizon-specific models,4,5,98
2324,M41,Florida Medallion,1,2024-02-13,2024-01-08,2024-02-06,7,269.0,541.5426488696488,298.0,163.8,paper_informed_nonreactive,Random Forest,within-season 5-fold CV over plots; fixed input history; horizon-specific models,4,5,98
2324,M43,Florida Medallion,1,2024-02-13,2024-01-08,2024-02-06,7,635.0,452.74772486772497,225.0,176.8,paper_informed_nonreactive,Random Forest,within-season 5-fold CV over plots; fixed input history; horizon-specific models,4,5,98
2324,M51,Florida Medallion,1,2024-02-13,2024-01-08,2024-02-06,7,750.0,534.4714639249638,511.0,225.4,paper_informed_nonreactive,Random Forest,within-season 5-fold CV over plots; fixed input history; horizon-specific models,4,5,98
2324,M52,Florida Medallion,1,2024-02-13,2024-01-08,2024-02-06,7,734.0,535.2486265031264,1077.0,431.2,paper_informed_nonreactive,Random Forest,within-season 5-fold CV over plots; fixed input history; horizon-specific models,4,5,98
2324,B23,Florida Brilliance,1,2024-02-13,2024-01-08,2024-02-06,7,266.0,363.3648727753727,228.0,182.0,paper_informed_nonreactive,Random Forest,within-season 5-fold CV over plots; fixed input history; horizon-specific models,5,5,98
2324,B41,Florida Brilliance,1,2024-02-13,2024-01-08,2024-02-06,7,351.0,473.42874819624836,707.0,213.2,paper_informed_nonreactive,Random Forest,within-season 5-fold CV over plots; fixed input history; horizon-specific models,5,5,98
2324,B45,Florida Brilliance,1,2024-02-13,2024-01-08,2024-02-06,7,512.0,408.61972486772487,589.0,399.2,paper_informed_nonreactive,Random Forest,within-season 5-fold CV over plots; fixed input history; horizon-specific models,5,5,98
2324,B54,Florida Brilliance,1,2024-02-13,2024-01-08,2024-02-06,7,493.0,433.06011471861467,454.0,259.0,paper_informed_nonreactive,Random Forest,within-season 5-fold CV over plots; fixed input history; horizon-specific models,5,5,98
2324,M11,Florida Medallion,1,2024-02-13,2024-01-08,2024-02-06,7,110.0,195.93672871572875,125.0,69.6,paper_informed_nonreactive,Random Forest,within-season 5-fold CV over plots; fixed input history; horizon-specific models,5,5,98
2324,M13,Florida Medallion,1,2024-02-13,2024-01-08,2024-02-06,7,736.0,411.0218982683982,400.0,174.0,paper_informed_nonreactive,Random Forest,within-season 5-fold CV over plots; fixed input history; horizon-specific models,5,5,98
2324,M24,Florida Medallion,1,2024-02-13,2024-01-08,2024-02-06,7,116.0,237.6982886002885,238.0,93.2,paper_informed_nonreactive,Random Forest,within-season 5-fold CV over plots; fixed input history; horizon-specific models,5,5,98
2324,M54,Florida Medallion,1,2024-02-13,2024-01-08,2024-02-06,7,325.0,322.5557138047137,328.0,150.4,paper_informed_nonreactive,Random Forest,within-season 5-fold CV over plots; fixed input history; horizon-specific models,5,5,98
2324,B15,Florida Brilliance,1,2024-02-13,2024-01-08,2024-02-06,7,299.0,472.030157046657,294.0,139.4,paper_informed_nonreactive,Extra Trees,within-season 5-fold CV over plots; fixed input history; horizon-specific models,1,5,98
2324,B43,Florida Brilliance,1,2024-02-13,2024-01-08,2024-02-06,7,464.0,517.2113345358346,285.0,171.8,paper_informed_nonreactive,Extra Trees,within-season 5-fold CV over plots; fixed input history; horizon-specific models,1,5,98
2324,B51,Florida Brilliance,1,2024-02-13,2024-01-08,2024-02-06,7,420.0,551.3092417027416,216.0,145.4,paper_informed_nonreactive,Extra Trees,within-season 5-fold CV over plots; fixed input history; horizon-specific models,1,5,98
2324,B52,Florida Brilliance,1,2024-02-13,2024-01-08,2024-02-06,7,425.0,463.16955675805684,472.0,225.0,paper_informed_nonreactive,Extra Trees,within-season 5-fold CV over plots; fixed input history; horizon-specific models,1,5,98
2324,B55,Florida Brilliance,1,2024-02-13,2024-01-08,2024-02-06,7,566.0,533.9599480519481,348.0,198.8,paper_informed_nonreactive,Extra Trees,within-season 5-fold CV over plots; fixed input history; horizon-specific models,1,5,98
2324,M22,Florida Medallion,1,2024-02-13,2024-01-08,2024-02-06,7,626.0,603.571708994709,558.0,259.4,paper_informed_nonreactive,Extra Trees,within-season 5-fold CV over plots; fixed input history; horizon-specific models,1,5,98
2324,M23,Florida Medallion,1,2024-02-13,2024-01-08,2024-02-06,7,140.0,182.4922734487735,139.0,91.6,paper_informed_nonreactive,Extra Trees,within-season 5-fold CV over plots; fixed input history; horizon-specific models,1,5,98
2324,M53,Florida Medallion,1,2024-02-13,2024-01-08,2024-02-06,7,594.0,467.66820755170767,435.0,174.2,paper_informed_nonreactive,Extra Trees,within-season 5-fold CV over plots; fixed input history; horizon-specific models,1,5,98
2324,B22,Florida Brilliance,1,2024-02-13,2024-01-08,2024-02-06,7,134.0,374.14260176860165,236.0,167.4,paper_informed_nonreactive,Extra Trees,within-season 5-fold CV over plots; fixed input history; horizon-specific models,2,5,98
2324,B24,Florida Brilliance,1,2024-02-13,2024-01-08,2024-02-06,7,490.0,402.2119112924112,343.0,224.0,paper_informed_nonreactive,Extra Trees,within-season 5-fold CV over plots; fixed input history; horizon-specific models,2,5,98
2324,B25,Florida Brilliance,1,2024-02-13,2024-01-08,2024-02-06,7,633.0,527.8235555555559,507.0,290.4,paper_informed_nonreactive,Extra Trees,within-season 5-fold CV over plots; fixed input history; horizon-specific models,2,5,98
2324,B44,Florida Brilliance,1,2024-02-13,2024-01-08,2024-02-06,7,275.0,395.2083559403558,303.0,215.2,paper_informed_nonreactive,Extra Trees,within-season 5-fold CV over plots; fixed input history; horizon-specific models,2,5,98
2324,M21,Florida Medallion,1,2024-02-13,2024-01-08,2024-02-06,7,431.0,295.61718398268385,375.0,167.2,paper_informed_nonreactive,Extra Trees,within-season 5-fold CV over plots; fixed input history; horizon-specific models,2,5,98
2324,M42,Florida Medallion,1,2024-02-13,2024-01-08,2024-02-06,7,470.0,520.7424880119879,506.0,250.8,paper_informed_nonreactive,Extra Trees,within-season 5-fold CV over plots; fixed input history; horizon-specific models,2,5,98
2324,M45,Florida Medallion,1,2024-02-13,2024-01-08,2024-02-06,7,229.0,629.4524285714285,441.0,211.8,paper_informed_nonreactive,Extra Trees,within-season 5-fold CV over plots; fixed input history; horizon-specific models,2,5,98
2324,M55,Florida Medallion,1,2024-02-13,2024-01-08,2024-02-06,7,622.0,611.7709047619047,537.0,244.0,paper_informed_nonreactive,Extra Trees,within-season 5-fold CV over plots; fixed input history; horizon-specific models,2,5,98
2324,B11,Florida Brilliance,1,2024-02-13,2024-01-08,2024-02-06,7,99.0,237.76433333333335,264.0,133.0,paper_informed_nonreactive,Extra Trees,within-season 5-fold CV over plots; fixed input history; horizon-specific models,3,5,98
2324,B12,Florida Brilliance,1,2024-02-13,2024-01-08,2024-02-06,7,433.0,374.5317669922669,431.0,212.8,paper_informed_nonreactive,Extra Trees,within-season 5-fold CV over plots; fixed input history; horizon-specific models,3,5,98
2324,B21,Florida Brilliance,1,2024-02-13,2024-01-08,2024-02-06,7,135.0,290.24494424094433,237.0,82.6,paper_informed_nonreactive,Extra Trees,within-season 5-fold CV over plots; fixed input history; horizon-specific models,3,5,98
2324,B42,Florida Brilliance,1,2024-02-13,2024-01-08,2024-02-06,7,455.0,508.6864021164022,651.0,377.2,paper_informed_nonreactive,Extra Trees,within-season 5-fold CV over plots; fixed input history; horizon-specific models,3,5,98
2324,B53,Florida Brilliance,1,2024-02-13,2024-01-08,2024-02-06,7,451.0,369.3719733414733,391.0,207.0,paper_informed_nonreactive,Extra Trees,within-season 5-fold CV over plots; fixed input history; horizon-specific models,3,5,98
2324,M15,Florida Medallion,1,2024-02-13,2024-01-08,2024-02-06,7,634.0,588.1050396825395,477.0,290.6,paper_informed_nonreactive,Extra Trees,within-season 5-fold CV over plots; fixed input history; horizon-specific models,3,5,98
2324,M25,Florida Medallion,1,2024-02-13,2024-01-08,2024-02-06,7,361.0,279.9381851851852,365.0,112.0,paper_informed_nonreactive,Extra Trees,within-season 5-fold CV over plots; fixed input history; horizon-specific models,3,5,98
2324,M44,Florida Medallion,1,2024-02-13,2024-01-08,2024-02-06,7,520.0,636.2853201058199,357.0,223.8,paper_informed_nonreactive,Extra Trees,within-season 5-fold CV over plots; fixed input history; horizon-specific models,3,5,98
2324,B13,Florida Brilliance,1,2024-02-13,2024-01-08,2024-02-06,7,182.0,265.731574074074,209.0,103.6,paper_informed_nonreactive,Extra Trees,within-season 5-fold CV over plots; fixed input history; horizon-specific models,4,5,98
2324,B14,Florida Brilliance,1,2024-02-13,2024-01-08,2024-02-06,7,293.0,309.1410211640211,188.0,106.8,paper_informed_nonreactive,Extra Trees,within-season 5-fold CV over plots; fixed input history; horizon-specific models,4,5,98
2324,M12,Florida Medallion,1,2024-02-13,2024-01-08,2024-02-06,7,729.0,485.4147936507939,484.0,270.6,paper_informed_nonreactive,Extra Trees,within-season 5-fold CV over plots; fixed input history; horizon-specific models,4,5,98
2324,M14,Florida Medallion,1,2024-02-13,2024-01-08,2024-02-06,7,581.0,467.5173174603174,562.0,385.0,paper_informed_nonreactive,Extra Trees,within-season 5-fold CV over plots; fixed input history; horizon-specific models,4,5,98
2324,M41,Florida Medallion,1,2024-02-13,2024-01-08,2024-02-06,7,269.0,521.5987683982686,298.0,163.8,paper_informed_nonreactive,Extra Trees,within-season 5-fold CV over plots; fixed input history; horizon-specific models,4,5,98
2324,M43,Florida Medallion,1,2024-02-13,2024-01-08,2024-02-06,7,635.0,478.0377049062048,225.0,176.8,paper_informed_nonreactive,Extra Trees,within-season 5-fold CV over plots; fixed input history; horizon-specific models,4,5,98
2324,M51,Florida Medallion,1,2024-02-13,2024-01-08,2024-02-06,7,750.0,514.9209117364119,511.0,225.4,paper_informed_nonreactive,Extra Trees,within-season 5-fold CV over plots; fixed input history; horizon-specific models,4,5,98
2324,M52,Florida Medallion,1,2024-02-13,2024-01-08,2024-02-06,7,734.0,518.9527816257818,1077.0,431.2,paper_informed_nonreactive,Extra Trees,within-season 5-fold CV over plots; fixed input history; horizon-specific models,4,5,98
2324,B23,Florida Brilliance,1,2024-02-13,2024-01-08,2024-02-06,7,266.0,305.81255555555555,228.0,182.0,paper_informed_nonreactive,Extra Trees,within-season 5-fold CV over plots; fixed input history; horizon-specific models,5,5,98
2324,B41,Florida Brilliance,1,2024-02-13,2024-01-08,2024-02-06,7,351.0,453.02791269841254,707.0,213.2,paper_informed_nonreactive,Extra Trees,within-season 5-fold CV over plots; fixed input history; horizon-specific models,5,5,98
2324,B45,Florida Brilliance,1,2024-02-13,2024-01-08,2024-02-06,7,512.0,433.0003888888888,589.0,399.2,paper_informed_nonreactive,Extra Trees,within-season 5-fold CV over plots; fixed input history; horizon-specific models,5,5,98
2324,B54,Florida Brilliance,1,2024-02-13,2024-01-08,2024-02-06,7,493.0,420.23647089947076,454.0,259.0,paper_informed_nonreactive,Extra Trees,within-season 5-fold CV over plots; fixed input history; horizon-specific models,5,5,98
2324,M11,Florida Medallion,1,2024-02-13,2024-01-08,2024-02-06,7,110.0,185.31633333333357,125.0,69.6,paper_informed_nonreactive,Extra Trees,within-season 5-fold CV over plots; fixed input history; horizon-specific models,5,5,98
2324,M13,Florida Medallion,1,2024-02-13,2024-01-08,2024-02-06,7,736.0,427.3357460317458,400.0,174.0,paper_informed_nonreactive,Extra Trees,within-season 5-fold CV over plots; fixed input history; horizon-specific models,5,5,98
2324,M24,Florida Medallion,1,2024-02-13,2024-01-08,2024-02-06,7,116.0,197.37633333333355,238.0,93.2,paper_informed_nonreactive,Extra Trees,within-season 5-fold CV over plots; fixed input history; horizon-specific models,5,5,98
2324,M54,Florida Medallion,1,2024-02-13,2024-01-08,2024-02-06,7,325.0,385.4272301587296,328.0,150.4,paper_informed_nonreactive,Extra Trees,within-season 5-fold CV over plots; fixed input history; horizon-specific models,5,5,98
2324,B15,Florida Brilliance,1,2024-02-13,2024-01-08,2024-02-06,7,299.0,469.75336320477453,294.0,139.4,paper_informed_nonreactive,Gradient Boosting,within-season 5-fold CV over plots; fixed input history; horizon-specific models,1,5,98
2324,B43,Florida Brilliance,1,2024-02-13,2024-01-08,2024-02-06,7,464.0,567.5747536715588,285.0,171.8,paper_informed_nonreactive,Gradient Boosting,within-season 5-fold CV over plots; fixed input history; horizon-specific models,1,5,98
2324,B51,Florida Brilliance,1,2024-02-13,2024-01-08,2024-02-06,7,420.0,521.2917829273584,216.0,145.4,paper_informed_nonreactive,Gradient Boosting,within-season 5-fold CV over plots; fixed input history; horizon-specific models,1,5,98
2324,B52,Florida Brilliance,1,2024-02-13,2024-01-08,2024-02-06,7,425.0,528.540628266483,472.0,225.0,paper_informed_nonreactive,Gradient Boosting,within-season 5-fold CV over plots; fixed input history; horizon-specific models,1,5,98
2324,B55,Florida Brilliance,1,2024-02-13,2024-01-08,2024-02-06,7,566.0,486.86033711386926,348.0,198.8,paper_informed_nonreactive,Gradient Boosting,within-season 5-fold CV over plots; fixed input history; horizon-specific models,1,5,98
2324,M22,Florida Medallion,1,2024-02-13,2024-01-08,2024-02-06,7,626.0,595.6768600937745,558.0,259.4,paper_informed_nonreactive,Gradient Boosting,within-season 5-fold CV over plots; fixed input history; horizon-specific models,1,5,98
2324,M23,Florida Medallion,1,2024-02-13,2024-01-08,2024-02-06,7,140.0,176.20681728342387,139.0,91.6,paper_informed_nonreactive,Gradient Boosting,within-season 5-fold CV over plots; fixed input history; horizon-specific models,1,5,98
2324,M53,Florida Medallion,1,2024-02-13,2024-01-08,2024-02-06,7,594.0,461.73612524725775,435.0,174.2,paper_informed_nonreactive,Gradient Boosting,within-season 5-fold CV over plots; fixed input history; horizon-specific models,1,5,98
2324,B22,Florida Brilliance,1,2024-02-13,2024-01-08,2024-02-06,7,134.0,398.32012219454606,236.0,167.4,paper_informed_nonreactive,Gradient Boosting,within-season 5-fold CV over plots; fixed input history; horizon-specific models,2,5,98
2324,B24,Florida Brilliance,1,2024-02-13,2024-01-08,2024-02-06,7,490.0,478.5705328620745,343.0,224.0,paper_informed_nonreactive,Gradient Boosting,within-season 5-fold CV over plots; fixed input history; horizon-specific models,2,5,98
2324,B25,Florida Brilliance,1,2024-02-13,2024-01-08,2024-02-06,7,633.0,583.9053235451507,507.0,290.4,paper_informed_nonreactive,Gradient Boosting,within-season 5-fold CV over plots; fixed input history; horizon-specific models,2,5,98
2324,B44,Florida Brilliance,1,2024-02-13,2024-01-08,2024-02-06,7,275.0,456.48652644542574,303.0,215.2,paper_informed_nonreactive,Gradient Boosting,within-season 5-fold CV over plots; fixed input history; horizon-specific models,2,5,98
2324,M21,Florida Medallion,1,2024-02-13,2024-01-08,2024-02-06,7,431.0,303.6563748478902,375.0,167.2,paper_informed_nonreactive,Gradient Boosting,within-season 5-fold CV over plots; fixed input history; horizon-specific models,2,5,98
2324,M42,Florida Medallion,1,2024-02-13,2024-01-08,2024-02-06,7,470.0,472.6213072576632,506.0,250.8,paper_informed_nonreactive,Gradient Boosting,within-season 5-fold CV over plots; fixed input history; horizon-specific models,2,5,98
2324,M45,Florida Medallion,1,2024-02-13,2024-01-08,2024-02-06,7,229.0,501.6312054913972,441.0,211.8,paper_informed_nonreactive,Gradient Boosting,within-season 5-fold CV over plots; fixed input history; horizon-specific models,2,5,98
2324,M55,Florida Medallion,1,2024-02-13,2024-01-08,2024-02-06,7,622.0,653.5813019029965,537.0,244.0,paper_informed_nonreactive,Gradient Boosting,within-season 5-fold CV over plots; fixed input history; horizon-specific models,2,5,98
2324,B11,Florida Brilliance,1,2024-02-13,2024-01-08,2024-02-06,7,99.0,264.9238867949749,264.0,133.0,paper_informed_nonreactive,Gradient Boosting,within-season 5-fold CV over plots; fixed input history; horizon-specific models,3,5,98
2324,B12,Florida Brilliance,1,2024-02-13,2024-01-08,2024-02-06,7,433.0,322.1963937851513,431.0,212.8,paper_informed_nonreactive,Gradient Boosting,within-season 5-fold CV over plots; fixed input history; horizon-specific models,3,5,98
2324,B21,Florida Brilliance,1,2024-02-13,2024-01-08,2024-02-06,7,135.0,340.1275515428469,237.0,82.6,paper_informed_nonreactive,Gradient Boosting,within-season 5-fold CV over plots; fixed input history; horizon-specific models,3,5,98
2324,B42,Florida Brilliance,1,2024-02-13,2024-01-08,2024-02-06,7,455.0,531.5370188092786,651.0,377.2,paper_informed_nonreactive,Gradient Boosting,within-season 5-fold CV over plots; fixed input history; horizon-specific models,3,5,98
2324,B53,Florida Brilliance,1,2024-02-13,2024-01-08,2024-02-06,7,451.0,381.9872108600455,391.0,207.0,paper_informed_nonreactive,Gradient Boosting,within-season 5-fold CV over plots; fixed input history; horizon-specific models,3,5,98
2324,M15,Florida Medallion,1,2024-02-13,2024-01-08,2024-02-06,7,634.0,678.023890837556,477.0,290.6,paper_informed_nonreactive,Gradient Boosting,within-season 5-fold CV over plots; fixed input history; horizon-specific models,3,5,98
2324,M25,Florida Medallion,1,2024-02-13,2024-01-08,2024-02-06,7,361.0,305.09690108833047,365.0,112.0,paper_informed_nonreactive,Gradient Boosting,within-season 5-fold CV over plots; fixed input history; horizon-specific models,3,5,98
2324,M44,Florida Medallion,1,2024-02-13,2024-01-08,2024-02-06,7,520.0,666.6212679462425,357.0,223.8,paper_informed_nonreactive,Gradient Boosting,within-season 5-fold CV over plots; fixed input history; horizon-specific models,3,5,98
2324,B13,Florida Brilliance,1,2024-02-13,2024-01-08,2024-02-06,7,182.0,267.9914766752864,209.0,103.6,paper_informed_nonreactive,Gradient Boosting,within-season 5-fold CV over plots; fixed input history; horizon-specific models,4,5,98
2324,B14,Florida Brilliance,1,2024-02-13,2024-01-08,2024-02-06,7,293.0,273.42838906662365,188.0,106.8,paper_informed_nonreactive,Gradient Boosting,within-season 5-fold CV over plots; fixed input history; horizon-specific models,4,5,98
2324,M12,Florida Medallion,1,2024-02-13,2024-01-08,2024-02-06,7,729.0,371.8615798775453,484.0,270.6,paper_informed_nonreactive,Gradient Boosting,within-season 5-fold CV over plots; fixed input history; horizon-specific models,4,5,98
2324,M14,Florida Medallion,1,2024-02-13,2024-01-08,2024-02-06,7,581.0,453.9554250374179,562.0,385.0,paper_informed_nonreactive,Gradient Boosting,within-season 5-fold CV over plots; fixed input history; horizon-specific models,4,5,98
2324,M41,Florida Medallion,1,2024-02-13,2024-01-08,2024-02-06,7,269.0,541.3305955815133,298.0,163.8,paper_informed_nonreactive,Gradient Boosting,within-season 5-fold CV over plots; fixed input history; horizon-specific models,4,5,98
2324,M43,Florida Medallion,1,2024-02-13,2024-01-08,2024-02-06,7,635.0,529.765368424474,225.0,176.8,paper_informed_nonreactive,Gradient Boosting,within-season 5-fold CV over plots; fixed input history; horizon-specific models,4,5,98
2324,M51,Florida Medallion,1,2024-02-13,2024-01-08,2024-02-06,7,750.0,542.7769242040064,511.0,225.4,paper_informed_nonreactive,Gradient Boosting,within-season 5-fold CV over plots; fixed input history; horizon-specific models,4,5,98
2324,M52,Florida Medallion,1,2024-02-13,2024-01-08,2024-02-06,7,734.0,528.5562618374473,1077.0,431.2,paper_informed_nonreactive,Gradient Boosting,within-season 5-fold CV over plots; fixed input history; horizon-specific models,4,5,98
2324,B23,Florida Brilliance,1,2024-02-13,2024-01-08,2024-02-06,7,266.0,441.1733666919931,228.0,182.0,paper_informed_nonreactive,Gradient Boosting,within-season 5-fold CV over plots; fixed input history; horizon-specific models,5,5,98
2324,B41,Florida Brilliance,1,2024-02-13,2024-01-08,2024-02-06,7,351.0,501.0588055652616,707.0,213.2,paper_informed_nonreactive,Gradient Boosting,within-season 5-fold CV over plots; fixed input history; horizon-specific models,5,5,98
2324,B45,Florida Brilliance,1,2024-02-13,2024-01-08,2024-02-06,7,512.0,418.2485531536925,589.0,399.2,paper_informed_nonreactive,Gradient Boosting,within-season 5-fold CV over plots; fixed input history; horizon-specific models,5,5,98
2324,B54,Florida Brilliance,1,2024-02-13,2024-01-08,2024-02-06,7,493.0,466.7090286021058,454.0,259.0,paper_informed_nonreactive,Gradient Boosting,within-season 5-fold CV over plots; fixed input history; horizon-specific models,5,5,98
2324,M11,Florida Medallion,1,2024-02-13,2024-01-08,2024-02-06,7,110.0,182.76306622999084,125.0,69.6,paper_informed_nonreactive,Gradient Boosting,within-season 5-fold CV over plots; fixed input history; horizon-specific models,5,5,98
2324,M13,Florida Medallion,1,2024-02-13,2024-01-08,2024-02-06,7,736.0,375.69592234113526,400.0,174.0,paper_informed_nonreactive,Gradient Boosting,within-season 5-fold CV over plots; fixed input history; horizon-specific models,5,5,98
2324,M24,Florida Medallion,1,2024-02-13,2024-01-08,2024-02-06,7,116.0,280.7378042969253,238.0,93.2,paper_informed_nonreactive,Gradient Boosting,within-season 5-fold CV over plots; fixed input history; horizon-specific models,5,5,98
2324,M54,Florida Medallion,1,2024-02-13,2024-01-08,2024-02-06,7,325.0,296.35626217240645,328.0,150.4,paper_informed_nonreactive,Gradient Boosting,within-season 5-fold CV over plots; fixed input history; horizon-specific models,5,5,98
2324,B15,Florida Brilliance,1,2024-02-13,2024-01-08,2024-02-06,7,299.0,420.4375,294.0,139.4,paper_informed_nonreactive,HistGradientBoosting,within-season 5-fold CV over plots; fixed input history; horizon-specific models,1,5,98
2324,B43,Florida Brilliance,1,2024-02-13,2024-01-08,2024-02-06,7,464.0,420.4375,285.0,171.8,paper_informed_nonreactive,HistGradientBoosting,within-season 5-fold CV over plots; fixed input history; horizon-specific models,1,5,98
2324,B51,Florida Brilliance,1,2024-02-13,2024-01-08,2024-02-06,7,420.0,420.4375,216.0,145.4,paper_informed_nonreactive,HistGradientBoosting,within-season 5-fold CV over plots; fixed input history; horizon-specific models,1,5,98
2324,B52,Florida Brilliance,1,2024-02-13,2024-01-08,2024-02-06,7,425.0,420.4375,472.0,225.0,paper_informed_nonreactive,HistGradientBoosting,within-season 5-fold CV over plots; fixed input history; horizon-specific models,1,5,98
2324,B55,Florida Brilliance,1,2024-02-13,2024-01-08,2024-02-06,7,566.0,420.4375,348.0,198.8,paper_informed_nonreactive,HistGradientBoosting,within-season 5-fold CV over plots; fixed input history; horizon-specific models,1,5,98
2324,M22,Florida Medallion,1,2024-02-13,2024-01-08,2024-02-06,7,626.0,420.4375,558.0,259.4,paper_informed_nonreactive,HistGradientBoosting,within-season 5-fold CV over plots; fixed input history; horizon-specific models,1,5,98
2324,M23,Florida Medallion,1,2024-02-13,2024-01-08,2024-02-06,7,140.0,420.4375,139.0,91.6,paper_informed_nonreactive,HistGradientBoosting,within-season 5-fold CV over plots; fixed input history; horizon-specific models,1,5,98
2324,M53,Florida Medallion,1,2024-02-13,2024-01-08,2024-02-06,7,594.0,420.4375,435.0,174.2,paper_informed_nonreactive,HistGradientBoosting,within-season 5-fold CV over plots; fixed input history; horizon-specific models,1,5,98
2324,B22,Florida Brilliance,1,2024-02-13,2024-01-08,2024-02-06,7,134.0,428.25,236.0,167.4,paper_informed_nonreactive,HistGradientBoosting,within-season 5-fold CV over plots; fixed input history; horizon-specific models,2,5,98
2324,B24,Florida Brilliance,1,2024-02-13,2024-01-08,2024-02-06,7,490.0,428.25,343.0,224.0,paper_informed_nonreactive,HistGradientBoosting,within-season 5-fold CV over plots; fixed input history; horizon-specific models,2,5,98
2324,B25,Florida Brilliance,1,2024-02-13,2024-01-08,2024-02-06,7,633.0,428.25,507.0,290.4,paper_informed_nonreactive,HistGradientBoosting,within-season 5-fold CV over plots; fixed input history; horizon-specific models,2,5,98
2324,B44,Florida Brilliance,1,2024-02-13,2024-01-08,2024-02-06,7,275.0,428.25,303.0,215.2,paper_informed_nonreactive,HistGradientBoosting,within-season 5-fold CV over plots; fixed input history; horizon-specific models,2,5,98
2324,M21,Florida Medallion,1,2024-02-13,2024-01-08,2024-02-06,7,431.0,428.25,375.0,167.2,paper_informed_nonreactive,HistGradientBoosting,within-season 5-fold CV over plots; fixed input history; horizon-specific models,2,5,98
2324,M42,Florida Medallion,1,2024-02-13,2024-01-08,2024-02-06,7,470.0,428.25,506.0,250.8,paper_informed_nonreactive,HistGradientBoosting,within-season 5-fold CV over plots; fixed input history; horizon-specific models,2,5,98
2324,M45,Florida Medallion,1,2024-02-13,2024-01-08,2024-02-06,7,229.0,428.25,441.0,211.8,paper_informed_nonreactive,HistGradientBoosting,within-season 5-fold CV over plots; fixed input history; horizon-specific models,2,5,98
2324,M55,Florida Medallion,1,2024-02-13,2024-01-08,2024-02-06,7,622.0,428.25,537.0,244.0,paper_informed_nonreactive,HistGradientBoosting,within-season 5-fold CV over plots; fixed input history; horizon-specific models,2,5,98
2324,B11,Florida Brilliance,1,2024-02-13,2024-01-08,2024-02-06,7,99.0,434.375,264.0,133.0,paper_informed_nonreactive,HistGradientBoosting,within-season 5-fold CV over plots; fixed input history; horizon-specific models,3,5,98
2324,B12,Florida Brilliance,1,2024-02-13,2024-01-08,2024-02-06,7,433.0,434.375,431.0,212.8,paper_informed_nonreactive,HistGradientBoosting,within-season 5-fold CV over plots; fixed input history; horizon-specific models,3,5,98
2324,B21,Florida Brilliance,1,2024-02-13,2024-01-08,2024-02-06,7,135.0,434.375,237.0,82.6,paper_informed_nonreactive,HistGradientBoosting,within-season 5-fold CV over plots; fixed input history; horizon-specific models,3,5,98
2324,B42,Florida Brilliance,1,2024-02-13,2024-01-08,2024-02-06,7,455.0,434.375,651.0,377.2,paper_informed_nonreactive,HistGradientBoosting,within-season 5-fold CV over plots; fixed input history; horizon-specific models,3,5,98
2324,B53,Florida Brilliance,1,2024-02-13,2024-01-08,2024-02-06,7,451.0,434.375,391.0,207.0,paper_informed_nonreactive,HistGradientBoosting,within-season 5-fold CV over plots; fixed input history; horizon-specific models,3,5,98
2324,M15,Florida Medallion,1,2024-02-13,2024-01-08,2024-02-06,7,634.0,434.375,477.0,290.6,paper_informed_nonreactive,HistGradientBoosting,within-season 5-fold CV over plots; fixed input history; horizon-specific models,3,5,98
2324,M25,Florida Medallion,1,2024-02-13,2024-01-08,2024-02-06,7,361.0,434.375,365.0,112.0,paper_informed_nonreactive,HistGradientBoosting,within-season 5-fold CV over plots; fixed input history; horizon-specific models,3,5,98
2324,M44,Florida Medallion,1,2024-02-13,2024-01-08,2024-02-06,7,520.0,434.375,357.0,223.8,paper_informed_nonreactive,HistGradientBoosting,within-season 5-fold CV over plots; fixed input history; horizon-specific models,3,5,98
2324,B13,Florida Brilliance,1,2024-02-13,2024-01-08,2024-02-06,7,182.0,400.46875,209.0,103.6,paper_informed_nonreactive,HistGradientBoosting,within-season 5-fold CV over plots; fixed input history; horizon-specific models,4,5,98
2324,B14,Florida Brilliance,1,2024-02-13,2024-01-08,2024-02-06,7,293.0,400.46875,188.0,106.8,paper_informed_nonreactive,HistGradientBoosting,within-season 5-fold CV over plots; fixed input history; horizon-specific models,4,5,98
2324,M12,Florida Medallion,1,2024-02-13,2024-01-08,2024-02-06,7,729.0,400.46875,484.0,270.6,paper_informed_nonreactive,HistGradientBoosting,within-season 5-fold CV over plots; fixed input history; horizon-specific models,4,5,98
2324,M14,Florida Medallion,1,2024-02-13,2024-01-08,2024-02-06,7,581.0,400.46875,562.0,385.0,paper_informed_nonreactive,HistGradientBoosting,within-season 5-fold CV over plots; fixed input history; horizon-specific models,4,5,98
2324,M41,Florida Medallion,1,2024-02-13,2024-01-08,2024-02-06,7,269.0,400.46875,298.0,163.8,paper_informed_nonreactive,HistGradientBoosting,within-season 5-fold CV over plots; fixed input history; horizon-specific models,4,5,98
2324,M43,Florida Medallion,1,2024-02-13,2024-01-08,2024-02-06,7,635.0,400.46875,225.0,176.8,paper_informed_nonreactive,HistGradientBoosting,within-season 5-fold CV over plots; fixed input history; horizon-specific models,4,5,98
2324,M51,Florida Medallion,1,2024-02-13,2024-01-08,2024-02-06,7,750.0,400.46875,511.0,225.4,paper_informed_nonreactive,HistGradientBoosting,within-season 5-fold CV over plots; fixed input history; horizon-specific models,4,5,98
2324,M52,Florida Medallion,1,2024-02-13,2024-01-08,2024-02-06,7,734.0,400.46875,1077.0,431.2,paper_informed_nonreactive,HistGradientBoosting,within-season 5-fold CV over plots; fixed input history; horizon-specific models,4,5,98
2324,B23,Florida Brilliance,1,2024-02-13,2024-01-08,2024-02-06,7,266.0,439.96875,228.0,182.0,paper_informed_nonreactive,HistGradientBoosting,within-season 5-fold CV over plots; fixed input history; horizon-specific models,5,5,98
2324,B41,Florida Brilliance,1,2024-02-13,2024-01-08,2024-02-06,7,351.0,439.96875,707.0,213.2,paper_informed_nonreactive,HistGradientBoosting,within-season 5-fold CV over plots; fixed input history; horizon-specific models,5,5,98
2324,B45,Florida Brilliance,1,2024-02-13,2024-01-08,2024-02-06,7,512.0,439.96875,589.0,399.2,paper_informed_nonreactive,HistGradientBoosting,within-season 5-fold CV over plots; fixed input history; horizon-specific models,5,5,98
2324,B54,Florida Brilliance,1,2024-02-13,2024-01-08,2024-02-06,7,493.0,439.96875,454.0,259.0,paper_informed_nonreactive,HistGradientBoosting,within-season 5-fold CV over plots; fixed input history; horizon-specific models,5,5,98
2324,M11,Florida Medallion,1,2024-02-13,2024-01-08,2024-02-06,7,110.0,439.96875,125.0,69.6,paper_informed_nonreactive,HistGradientBoosting,within-season 5-fold CV over plots; fixed input history; horizon-specific models,5,5,98
2324,M13,Florida Medallion,1,2024-02-13,2024-01-08,2024-02-06,7,736.0,439.96875,400.0,174.0,paper_informed_nonreactive,HistGradientBoosting,within-season 5-fold CV over plots; fixed input history; horizon-specific models,5,5,98
2324,M24,Florida Medallion,1,2024-02-13,2024-01-08,2024-02-06,7,116.0,439.96875,238.0,93.2,paper_informed_nonreactive,HistGradientBoosting,within-season 5-fold CV over plots; fixed input history; horizon-specific models,5,5,98
2324,M54,Florida Medallion,1,2024-02-13,2024-01-08,2024-02-06,7,325.0,439.96875,328.0,150.4,paper_informed_nonreactive,HistGradientBoosting,within-season 5-fold CV over plots; fixed input history; horizon-specific models,5,5,98
2324,B15,Florida Brilliance,2,2024-02-20,2024-01-08,2024-02-06,14,67.0,282.625,294.0,139.4,paper_informed_nonreactive,Training horizon mean baseline,within-season 5-fold CV over plots; fixed input history; horizon-specific models,1,5,0
2324,B43,Florida Brilliance,2,2024-02-20,2024-01-08,2024-02-06,14,318.0,282.625,285.0,171.8,paper_informed_nonreactive,Training horizon mean baseline,within-season 5-fold CV over plots; fixed input history; horizon-specific models,1,5,0
2324,B51,Florida Brilliance,2,2024-02-20,2024-01-08,2024-02-06,14,424.0,282.625,216.0,145.4,paper_informed_nonreactive,Training horizon mean baseline,within-season 5-fold CV over plots; fixed input history; horizon-specific models,1,5,0
2324,B52,Florida Brilliance,2,2024-02-20,2024-01-08,2024-02-06,14,407.0,282.625,472.0,225.0,paper_informed_nonreactive,Training horizon mean baseline,within-season 5-fold CV over plots; fixed input history; horizon-specific models,1,5,0
2324,B55,Florida Brilliance,2,2024-02-20,2024-01-08,2024-02-06,14,289.0,282.625,348.0,198.8,paper_informed_nonreactive,Training horizon mean baseline,within-season 5-fold CV over plots; fixed input history; horizon-specific models,1,5,0
2324,M22,Florida Medallion,2,2024-02-20,2024-01-08,2024-02-06,14,517.0,282.625,558.0,259.4,paper_informed_nonreactive,Training horizon mean baseline,within-season 5-fold CV over plots; fixed input history; horizon-specific models,1,5,0
2324,M23,Florida Medallion,2,2024-02-20,2024-01-08,2024-02-06,14,106.0,282.625,139.0,91.6,paper_informed_nonreactive,Training horizon mean baseline,within-season 5-fold CV over plots; fixed input history; horizon-specific models,1,5,0
2324,M53,Florida Medallion,2,2024-02-20,2024-01-08,2024-02-06,14,340.0,282.625,435.0,174.2,paper_informed_nonreactive,Training horizon mean baseline,within-season 5-fold CV over plots; fixed input history; horizon-specific models,1,5,0
2324,B22,Florida Brilliance,2,2024-02-20,2024-01-08,2024-02-06,14,264.0,275.90625,236.0,167.4,paper_informed_nonreactive,Training horizon mean baseline,within-season 5-fold CV over plots; fixed input history; horizon-specific models,2,5,0
2324,B24,Florida Brilliance,2,2024-02-20,2024-01-08,2024-02-06,14,398.0,275.90625,343.0,224.0,paper_informed_nonreactive,Training horizon mean baseline,within-season 5-fold CV over plots; fixed input history; horizon-specific models,2,5,0
2324,B25,Florida Brilliance,2,2024-02-20,2024-01-08,2024-02-06,14,266.0,275.90625,507.0,290.4,paper_informed_nonreactive,Training horizon mean baseline,within-season 5-fold CV over plots; fixed input history; horizon-specific models,2,5,0
2324,B44,Florida Brilliance,2,2024-02-20,2024-01-08,2024-02-06,14,507.0,275.90625,303.0,215.2,paper_informed_nonreactive,Training horizon mean baseline,within-season 5-fold CV over plots; fixed input history; horizon-specific models,2,5,0
2324,M21,Florida Medallion,2,2024-02-20,2024-01-08,2024-02-06,14,77.0,275.90625,375.0,167.2,paper_informed_nonreactive,Training horizon mean baseline,within-season 5-fold CV over plots; fixed input history; horizon-specific models,2,5,0
2324,M42,Florida Medallion,2,2024-02-20,2024-01-08,2024-02-06,14,451.0,275.90625,506.0,250.8,paper_informed_nonreactive,Training horizon mean baseline,within-season 5-fold CV over plots; fixed input history; horizon-specific models,2,5,0
2324,M45,Florida Medallion,2,2024-02-20,2024-01-08,2024-02-06,14,417.0,275.90625,441.0,211.8,paper_informed_nonreactive,Training horizon mean baseline,within-season 5-fold CV over plots; fixed input history; horizon-specific models,2,5,0
2324,M55,Florida Medallion,2,2024-02-20,2024-01-08,2024-02-06,14,303.0,275.90625,537.0,244.0,paper_informed_nonreactive,Training horizon mean baseline,within-season 5-fold CV over plots; fixed input history; horizon-specific models,2,5,0
2324,B11,Florida Brilliance,2,2024-02-20,2024-01-08,2024-02-06,14,143.0,299.9375,264.0,133.0,paper_informed_nonreactive,Training horizon mean baseline,within-season 5-fold CV over plots; fixed input history; horizon-specific models,3,5,0
2324,B12,Florida Brilliance,2,2024-02-20,2024-01-08,2024-02-06,14,169.0,299.9375,431.0,212.8,paper_informed_nonreactive,Training horizon mean baseline,within-season 5-fold CV over plots; fixed input history; horizon-specific models,3,5,0
2324,B21,Florida Brilliance,2,2024-02-20,2024-01-08,2024-02-06,14,144.0,299.9375,237.0,82.6,paper_informed_nonreactive,Training horizon mean baseline,within-season 5-fold CV over plots; fixed input history; horizon-specific models,3,5,0
2324,B42,Florida Brilliance,2,2024-02-20,2024-01-08,2024-02-06,14,356.0,299.9375,651.0,377.2,paper_informed_nonreactive,Training horizon mean baseline,within-season 5-fold CV over plots; fixed input history; horizon-specific models,3,5,0
2324,B53,Florida Brilliance,2,2024-02-20,2024-01-08,2024-02-06,14,166.0,299.9375,391.0,207.0,paper_informed_nonreactive,Training horizon mean baseline,within-season 5-fold CV over plots; fixed input history; horizon-specific models,3,5,0
2324,M15,Florida Medallion,2,2024-02-20,2024-01-08,2024-02-06,14,445.0,299.9375,477.0,290.6,paper_informed_nonreactive,Training horizon mean baseline,within-season 5-fold CV over plots; fixed input history; horizon-specific models,3,5,0
2324,M25,Florida Medallion,2,2024-02-20,2024-01-08,2024-02-06,14,194.0,299.9375,365.0,112.0,paper_informed_nonreactive,Training horizon mean baseline,within-season 5-fold CV over plots; fixed input history; horizon-specific models,3,5,0
2324,M44,Florida Medallion,2,2024-02-20,2024-01-08,2024-02-06,14,297.0,299.9375,357.0,223.8,paper_informed_nonreactive,Training horizon mean baseline,within-season 5-fold CV over plots; fixed input history; horizon-specific models,3,5,0
2324,B13,Florida Brilliance,2,2024-02-20,2024-01-08,2024-02-06,14,199.0,284.5,209.0,103.6,paper_informed_nonreactive,Training horizon mean baseline,within-season 5-fold CV over plots; fixed input history; horizon-specific models,4,5,0
2324,B14,Florida Brilliance,2,2024-02-20,2024-01-08,2024-02-06,14,100.0,284.5,188.0,106.8,paper_informed_nonreactive,Training horizon mean baseline,within-season 5-fold CV over plots; fixed input history; horizon-specific models,4,5,0
2324,M12,Florida Medallion,2,2024-02-20,2024-01-08,2024-02-06,14,479.0,284.5,484.0,270.6,paper_informed_nonreactive,Training horizon mean baseline,within-season 5-fold CV over plots; fixed input history; horizon-specific models,4,5,0
2324,M14,Florida Medallion,2,2024-02-20,2024-01-08,2024-02-06,14,421.0,284.5,562.0,385.0,paper_informed_nonreactive,Training horizon mean baseline,within-season 5-fold CV over plots; fixed input history; horizon-specific models,4,5,0
2324,M41,Florida Medallion,2,2024-02-20,2024-01-08,2024-02-06,14,232.0,284.5,298.0,163.8,paper_informed_nonreactive,Training horizon mean baseline,within-season 5-fold CV over plots; fixed input history; horizon-specific models,4,5,0
2324,M43,Florida Medallion,2,2024-02-20,2024-01-08,2024-02-06,14,394.0,284.5,225.0,176.8,paper_informed_nonreactive,Training horizon mean baseline,within-season 5-fold CV over plots; fixed input history; horizon-specific models,4,5,0
2324,M51,Florida Medallion,2,2024-02-20,2024-01-08,2024-02-06,14,278.0,284.5,511.0,225.4,paper_informed_nonreactive,Training horizon mean baseline,within-season 5-fold CV over plots; fixed input history; horizon-specific models,4,5,0
2324,M52,Florida Medallion,2,2024-02-20,2024-01-08,2024-02-06,14,305.0,284.5,1077.0,431.2,paper_informed_nonreactive,Training horizon mean baseline,within-season 5-fold CV over plots; fixed input history; horizon-specific models,4,5,0
2324,B23,Florida Brilliance,2,2024-02-20,2024-01-08,2024-02-06,14,279.0,296.03125,228.0,182.0,paper_informed_nonreactive,Training horizon mean baseline,within-season 5-fold CV over plots; fixed input history; horizon-specific models,5,5,0
2324,B41,Florida Brilliance,2,2024-02-20,2024-01-08,2024-02-06,14,256.0,296.03125,707.0,213.2,paper_informed_nonreactive,Training horizon mean baseline,within-season 5-fold CV over plots; fixed input history; horizon-specific models,5,5,0
2324,B45,Florida Brilliance,2,2024-02-20,2024-01-08,2024-02-06,14,258.0,296.03125,589.0,399.2,paper_informed_nonreactive,Training horizon mean baseline,within-season 5-fold CV over plots; fixed input history; horizon-specific models,5,5,0
2324,B54,Florida Brilliance,2,2024-02-20,2024-01-08,2024-02-06,14,473.0,296.03125,454.0,259.0,paper_informed_nonreactive,Training horizon mean baseline,within-season 5-fold CV over plots; fixed input history; horizon-specific models,5,5,0
2324,M11,Florida Medallion,2,2024-02-20,2024-01-08,2024-02-06,14,84.0,296.03125,125.0,69.6,paper_informed_nonreactive,Training horizon mean baseline,within-season 5-fold CV over plots; fixed input history; horizon-specific models,5,5,0
2324,M13,Florida Medallion,2,2024-02-20,2024-01-08,2024-02-06,14,341.0,296.03125,400.0,174.0,paper_informed_nonreactive,Training horizon mean baseline,within-season 5-fold CV over plots; fixed input history; horizon-specific models,5,5,0
2324,M24,Florida Medallion,2,2024-02-20,2024-01-08,2024-02-06,14,192.0,296.03125,238.0,93.2,paper_informed_nonreactive,Training horizon mean baseline,within-season 5-fold CV over plots; fixed input history; horizon-specific models,5,5,0
2324,M54,Florida Medallion,2,2024-02-20,2024-01-08,2024-02-06,14,156.0,296.03125,328.0,150.4,paper_informed_nonreactive,Training horizon mean baseline,within-season 5-fold CV over plots; fixed input history; horizon-specific models,5,5,0
2324,B15,Florida Brilliance,2,2024-02-20,2024-01-08,2024-02-06,14,67.0,265.2,294.0,139.4,paper_informed_nonreactive,Cultivar horizon mean baseline,within-season 5-fold CV over plots; fixed input history; horizon-specific models,1,5,0
2324,B43,Florida Brilliance,2,2024-02-20,2024-01-08,2024-02-06,14,318.0,265.2,285.0,171.8,paper_informed_nonreactive,Cultivar horizon mean baseline,within-season 5-fold CV over plots; fixed input history; horizon-specific models,1,5,0
2324,B51,Florida Brilliance,2,2024-02-20,2024-01-08,2024-02-06,14,424.0,265.2,216.0,145.4,paper_informed_nonreactive,Cultivar horizon mean baseline,within-season 5-fold CV over plots; fixed input history; horizon-specific models,1,5,0
2324,B52,Florida Brilliance,2,2024-02-20,2024-01-08,2024-02-06,14,407.0,265.2,472.0,225.0,paper_informed_nonreactive,Cultivar horizon mean baseline,within-season 5-fold CV over plots; fixed input history; horizon-specific models,1,5,0
2324,B55,Florida Brilliance,2,2024-02-20,2024-01-08,2024-02-06,14,289.0,265.2,348.0,198.8,paper_informed_nonreactive,Cultivar horizon mean baseline,within-season 5-fold CV over plots; fixed input history; horizon-specific models,1,5,0
2324,M22,Florida Medallion,2,2024-02-20,2024-01-08,2024-02-06,14,517.0,298.0,558.0,259.4,paper_informed_nonreactive,Cultivar horizon mean baseline,within-season 5-fold CV over plots; fixed input history; horizon-specific models,1,5,0
2324,M23,Florida Medallion,2,2024-02-20,2024-01-08,2024-02-06,14,106.0,298.0,139.0,91.6,paper_informed_nonreactive,Cultivar horizon mean baseline,within-season 5-fold CV over plots; fixed input history; horizon-specific models,1,5,0
2324,M53,Florida Medallion,2,2024-02-20,2024-01-08,2024-02-06,14,340.0,298.0,435.0,174.2,paper_informed_nonreactive,Cultivar horizon mean baseline,within-season 5-fold CV over plots; fixed input history; horizon-specific models,1,5,0
2324,B22,Florida Brilliance,2,2024-02-20,2024-01-08,2024-02-06,14,264.0,253.0,236.0,167.4,paper_informed_nonreactive,Cultivar horizon mean baseline,within-season 5-fold CV over plots; fixed input history; horizon-specific models,2,5,0
2324,B24,Florida Brilliance,2,2024-02-20,2024-01-08,2024-02-06,14,398.0,253.0,343.0,224.0,paper_informed_nonreactive,Cultivar horizon mean baseline,within-season 5-fold CV over plots; fixed input history; horizon-specific models,2,5,0
2324,B25,Florida Brilliance,2,2024-02-20,2024-01-08,2024-02-06,14,266.0,253.0,507.0,290.4,paper_informed_nonreactive,Cultivar horizon mean baseline,within-season 5-fold CV over plots; fixed input history; horizon-specific models,2,5,0
2324,B44,Florida Brilliance,2,2024-02-20,2024-01-08,2024-02-06,14,507.0,253.0,303.0,215.2,paper_informed_nonreactive,Cultivar horizon mean baseline,within-season 5-fold CV over plots; fixed input history; horizon-specific models,2,5,0
2324,M21,Florida Medallion,2,2024-02-20,2024-01-08,2024-02-06,14,77.0,298.8125,375.0,167.2,paper_informed_nonreactive,Cultivar horizon mean baseline,within-season 5-fold CV over plots; fixed input history; horizon-specific models,2,5,0
2324,M42,Florida Medallion,2,2024-02-20,2024-01-08,2024-02-06,14,451.0,298.8125,506.0,250.8,paper_informed_nonreactive,Cultivar horizon mean baseline,within-season 5-fold CV over plots; fixed input history; horizon-specific models,2,5,0
2324,M45,Florida Medallion,2,2024-02-20,2024-01-08,2024-02-06,14,417.0,298.8125,441.0,211.8,paper_informed_nonreactive,Cultivar horizon mean baseline,within-season 5-fold CV over plots; fixed input history; horizon-specific models,2,5,0
2324,M55,Florida Medallion,2,2024-02-20,2024-01-08,2024-02-06,14,303.0,298.8125,537.0,244.0,paper_informed_nonreactive,Cultivar horizon mean baseline,within-season 5-fold CV over plots; fixed input history; horizon-specific models,2,5,0
2324,B11,Florida Brilliance,2,2024-02-20,2024-01-08,2024-02-06,14,143.0,300.3333333333333,264.0,133.0,paper_informed_nonreactive,Cultivar horizon mean baseline,within-season 5-fold CV over plots; fixed input history; horizon-specific models,3,5,0
2324,B12,Florida Brilliance,2,2024-02-20,2024-01-08,2024-02-06,14,169.0,300.3333333333333,431.0,212.8,paper_informed_nonreactive,Cultivar horizon mean baseline,within-season 5-fold CV over plots; fixed input history; horizon-specific models,3,5,0
2324,B21,Florida Brilliance,2,2024-02-20,2024-01-08,2024-02-06,14,144.0,300.3333333333333,237.0,82.6,paper_informed_nonreactive,Cultivar horizon mean baseline,within-season 5-fold CV over plots; fixed input history; horizon-specific models,3,5,0
2324,B42,Florida Brilliance,2,2024-02-20,2024-01-08,2024-02-06,14,356.0,300.3333333333333,651.0,377.2,paper_informed_nonreactive,Cultivar horizon mean baseline,within-season 5-fold CV over plots; fixed input history; horizon-specific models,3,5,0
2324,B53,Florida Brilliance,2,2024-02-20,2024-01-08,2024-02-06,14,166.0,300.3333333333333,391.0,207.0,paper_informed_nonreactive,Cultivar horizon mean baseline,within-season 5-fold CV over plots; fixed input history; horizon-specific models,3,5,0
2324,M15,Florida Medallion,2,2024-02-20,2024-01-08,2024-02-06,14,445.0,299.5882352941176,477.0,290.6,paper_informed_nonreactive,Cultivar horizon mean baseline,within-season 5-fold CV over plots; fixed input history; horizon-specific models,3,5,0
2324,M25,Florida Medallion,2,2024-02-20,2024-01-08,2024-02-06,14,194.0,299.5882352941176,365.0,112.0,paper_informed_nonreactive,Cultivar horizon mean baseline,within-season 5-fold CV over plots; fixed input history; horizon-specific models,3,5,0
2324,M44,Florida Medallion,2,2024-02-20,2024-01-08,2024-02-06,14,297.0,299.5882352941176,357.0,223.8,paper_informed_nonreactive,Cultivar horizon mean baseline,within-season 5-fold CV over plots; fixed input history; horizon-specific models,3,5,0
2324,B13,Florida Brilliance,2,2024-02-20,2024-01-08,2024-02-06,14,199.0,288.0,209.0,103.6,paper_informed_nonreactive,Cultivar horizon mean baseline,within-season 5-fold CV over plots; fixed input history; horizon-specific models,4,5,0
2324,B14,Florida Brilliance,2,2024-02-20,2024-01-08,2024-02-06,14,100.0,288.0,188.0,106.8,paper_informed_nonreactive,Cultivar horizon mean baseline,within-season 5-fold CV over plots; fixed input history; horizon-specific models,4,5,0
2324,M12,Florida Medallion,2,2024-02-20,2024-01-08,2024-02-06,14,479.0,280.0,484.0,270.6,paper_informed_nonreactive,Cultivar horizon mean baseline,within-season 5-fold CV over plots; fixed input history; horizon-specific models,4,5,0
2324,M14,Florida Medallion,2,2024-02-20,2024-01-08,2024-02-06,14,421.0,280.0,562.0,385.0,paper_informed_nonreactive,Cultivar horizon mean baseline,within-season 5-fold CV over plots; fixed input history; horizon-specific models,4,5,0
2324,M41,Florida Medallion,2,2024-02-20,2024-01-08,2024-02-06,14,232.0,280.0,298.0,163.8,paper_informed_nonreactive,Cultivar horizon mean baseline,within-season 5-fold CV over plots; fixed input history; horizon-specific models,4,5,0
2324,M43,Florida Medallion,2,2024-02-20,2024-01-08,2024-02-06,14,394.0,280.0,225.0,176.8,paper_informed_nonreactive,Cultivar horizon mean baseline,within-season 5-fold CV over plots; fixed input history; horizon-specific models,4,5,0
2324,M51,Florida Medallion,2,2024-02-20,2024-01-08,2024-02-06,14,278.0,280.0,511.0,225.4,paper_informed_nonreactive,Cultivar horizon mean baseline,within-season 5-fold CV over plots; fixed input history; horizon-specific models,4,5,0
2324,M52,Florida Medallion,2,2024-02-20,2024-01-08,2024-02-06,14,305.0,280.0,1077.0,431.2,paper_informed_nonreactive,Cultivar horizon mean baseline,within-season 5-fold CV over plots; fixed input history; horizon-specific models,4,5,0
2324,B23,Florida Brilliance,2,2024-02-20,2024-01-08,2024-02-06,14,279.0,263.5625,228.0,182.0,paper_informed_nonreactive,Cultivar horizon mean baseline,within-season 5-fold CV over plots; fixed input history; horizon-specific models,5,5,0
2324,B41,Florida Brilliance,2,2024-02-20,2024-01-08,2024-02-06,14,256.0,263.5625,707.0,213.2,paper_informed_nonreactive,Cultivar horizon mean baseline,within-season 5-fold CV over plots; fixed input history; horizon-specific models,5,5,0
2324,B45,Florida Brilliance,2,2024-02-20,2024-01-08,2024-02-06,14,258.0,263.5625,589.0,399.2,paper_informed_nonreactive,Cultivar horizon mean baseline,within-season 5-fold CV over plots; fixed input history; horizon-specific models,5,5,0
2324,B54,Florida Brilliance,2,2024-02-20,2024-01-08,2024-02-06,14,473.0,263.5625,454.0,259.0,paper_informed_nonreactive,Cultivar horizon mean baseline,within-season 5-fold CV over plots; fixed input history; horizon-specific models,5,5,0
2324,M11,Florida Medallion,2,2024-02-20,2024-01-08,2024-02-06,14,84.0,328.5,125.0,69.6,paper_informed_nonreactive,Cultivar horizon mean baseline,within-season 5-fold CV over plots; fixed input history; horizon-specific models,5,5,0
2324,M13,Florida Medallion,2,2024-02-20,2024-01-08,2024-02-06,14,341.0,328.5,400.0,174.0,paper_informed_nonreactive,Cultivar horizon mean baseline,within-season 5-fold CV over plots; fixed input history; horizon-specific models,5,5,0
2324,M24,Florida Medallion,2,2024-02-20,2024-01-08,2024-02-06,14,192.0,328.5,238.0,93.2,paper_informed_nonreactive,Cultivar horizon mean baseline,within-season 5-fold CV over plots; fixed input history; horizon-specific models,5,5,0
2324,M54,Florida Medallion,2,2024-02-20,2024-01-08,2024-02-06,14,156.0,328.5,328.0,150.4,paper_informed_nonreactive,Cultivar horizon mean baseline,within-season 5-fold CV over plots; fixed input history; horizon-specific models,5,5,0
2324,B15,Florida Brilliance,2,2024-02-20,2024-01-08,2024-02-06,14,67.0,294.0,294.0,139.4,paper_informed_nonreactive,Last observed week-5 yield baseline,within-season 5-fold CV over plots; fixed input history; horizon-specific models,1,5,0
2324,B43,Florida Brilliance,2,2024-02-20,2024-01-08,2024-02-06,14,318.0,285.0,285.0,171.8,paper_informed_nonreactive,Last observed week-5 yield baseline,within-season 5-fold CV over plots; fixed input history; horizon-specific models,1,5,0
2324,B51,Florida Brilliance,2,2024-02-20,2024-01-08,2024-02-06,14,424.0,216.0,216.0,145.4,paper_informed_nonreactive,Last observed week-5 yield baseline,within-season 5-fold CV over plots; fixed input history; horizon-specific models,1,5,0
2324,B52,Florida Brilliance,2,2024-02-20,2024-01-08,2024-02-06,14,407.0,472.0,472.0,225.0,paper_informed_nonreactive,Last observed week-5 yield baseline,within-season 5-fold CV over plots; fixed input history; horizon-specific models,1,5,0
2324,B55,Florida Brilliance,2,2024-02-20,2024-01-08,2024-02-06,14,289.0,348.0,348.0,198.8,paper_informed_nonreactive,Last observed week-5 yield baseline,within-season 5-fold CV over plots; fixed input history; horizon-specific models,1,5,0
2324,M22,Florida Medallion,2,2024-02-20,2024-01-08,2024-02-06,14,517.0,558.0,558.0,259.4,paper_informed_nonreactive,Last observed week-5 yield baseline,within-season 5-fold CV over plots; fixed input history; horizon-specific models,1,5,0
2324,M23,Florida Medallion,2,2024-02-20,2024-01-08,2024-02-06,14,106.0,139.0,139.0,91.6,paper_informed_nonreactive,Last observed week-5 yield baseline,within-season 5-fold CV over plots; fixed input history; horizon-specific models,1,5,0
2324,M53,Florida Medallion,2,2024-02-20,2024-01-08,2024-02-06,14,340.0,435.0,435.0,174.2,paper_informed_nonreactive,Last observed week-5 yield baseline,within-season 5-fold CV over plots; fixed input history; horizon-specific models,1,5,0
2324,B22,Florida Brilliance,2,2024-02-20,2024-01-08,2024-02-06,14,264.0,236.0,236.0,167.4,paper_informed_nonreactive,Last observed week-5 yield baseline,within-season 5-fold CV over plots; fixed input history; horizon-specific models,2,5,0
2324,B24,Florida Brilliance,2,2024-02-20,2024-01-08,2024-02-06,14,398.0,343.0,343.0,224.0,paper_informed_nonreactive,Last observed week-5 yield baseline,within-season 5-fold CV over plots; fixed input history; horizon-specific models,2,5,0
2324,B25,Florida Brilliance,2,2024-02-20,2024-01-08,2024-02-06,14,266.0,507.0,507.0,290.4,paper_informed_nonreactive,Last observed week-5 yield baseline,within-season 5-fold CV over plots; fixed input history; horizon-specific models,2,5,0
2324,B44,Florida Brilliance,2,2024-02-20,2024-01-08,2024-02-06,14,507.0,303.0,303.0,215.2,paper_informed_nonreactive,Last observed week-5 yield baseline,within-season 5-fold CV over plots; fixed input history; horizon-specific models,2,5,0
2324,M21,Florida Medallion,2,2024-02-20,2024-01-08,2024-02-06,14,77.0,375.0,375.0,167.2,paper_informed_nonreactive,Last observed week-5 yield baseline,within-season 5-fold CV over plots; fixed input history; horizon-specific models,2,5,0
2324,M42,Florida Medallion,2,2024-02-20,2024-01-08,2024-02-06,14,451.0,506.0,506.0,250.8,paper_informed_nonreactive,Last observed week-5 yield baseline,within-season 5-fold CV over plots; fixed input history; horizon-specific models,2,5,0
2324,M45,Florida Medallion,2,2024-02-20,2024-01-08,2024-02-06,14,417.0,441.0,441.0,211.8,paper_informed_nonreactive,Last observed week-5 yield baseline,within-season 5-fold CV over plots; fixed input history; horizon-specific models,2,5,0
2324,M55,Florida Medallion,2,2024-02-20,2024-01-08,2024-02-06,14,303.0,537.0,537.0,244.0,paper_informed_nonreactive,Last observed week-5 yield baseline,within-season 5-fold CV over plots; fixed input history; horizon-specific models,2,5,0
2324,B11,Florida Brilliance,2,2024-02-20,2024-01-08,2024-02-06,14,143.0,264.0,264.0,133.0,paper_informed_nonreactive,Last observed week-5 yield baseline,within-season 5-fold CV over plots; fixed input history; horizon-specific models,3,5,0
2324,B12,Florida Brilliance,2,2024-02-20,2024-01-08,2024-02-06,14,169.0,431.0,431.0,212.8,paper_informed_nonreactive,Last observed week-5 yield baseline,within-season 5-fold CV over plots; fixed input history; horizon-specific models,3,5,0
2324,B21,Florida Brilliance,2,2024-02-20,2024-01-08,2024-02-06,14,144.0,237.0,237.0,82.6,paper_informed_nonreactive,Last observed week-5 yield baseline,within-season 5-fold CV over plots; fixed input history; horizon-specific models,3,5,0
2324,B42,Florida Brilliance,2,2024-02-20,2024-01-08,2024-02-06,14,356.0,651.0,651.0,377.2,paper_informed_nonreactive,Last observed week-5 yield baseline,within-season 5-fold CV over plots; fixed input history; horizon-specific models,3,5,0
2324,B53,Florida Brilliance,2,2024-02-20,2024-01-08,2024-02-06,14,166.0,391.0,391.0,207.0,paper_informed_nonreactive,Last observed week-5 yield baseline,within-season 5-fold CV over plots; fixed input history; horizon-specific models,3,5,0
2324,M15,Florida Medallion,2,2024-02-20,2024-01-08,2024-02-06,14,445.0,477.0,477.0,290.6,paper_informed_nonreactive,Last observed week-5 yield baseline,within-season 5-fold CV over plots; fixed input history; horizon-specific models,3,5,0
2324,M25,Florida Medallion,2,2024-02-20,2024-01-08,2024-02-06,14,194.0,365.0,365.0,112.0,paper_informed_nonreactive,Last observed week-5 yield baseline,within-season 5-fold CV over plots; fixed input history; horizon-specific models,3,5,0
2324,M44,Florida Medallion,2,2024-02-20,2024-01-08,2024-02-06,14,297.0,357.0,357.0,223.8,paper_informed_nonreactive,Last observed week-5 yield baseline,within-season 5-fold CV over plots; fixed input history; horizon-specific models,3,5,0
2324,B13,Florida Brilliance,2,2024-02-20,2024-01-08,2024-02-06,14,199.0,209.0,209.0,103.6,paper_informed_nonreactive,Last observed week-5 yield baseline,within-season 5-fold CV over plots; fixed input history; horizon-specific models,4,5,0
2324,B14,Florida Brilliance,2,2024-02-20,2024-01-08,2024-02-06,14,100.0,188.0,188.0,106.8,paper_informed_nonreactive,Last observed week-5 yield baseline,within-season 5-fold CV over plots; fixed input history; horizon-specific models,4,5,0
2324,M12,Florida Medallion,2,2024-02-20,2024-01-08,2024-02-06,14,479.0,484.0,484.0,270.6,paper_informed_nonreactive,Last observed week-5 yield baseline,within-season 5-fold CV over plots; fixed input history; horizon-specific models,4,5,0
2324,M14,Florida Medallion,2,2024-02-20,2024-01-08,2024-02-06,14,421.0,562.0,562.0,385.0,paper_informed_nonreactive,Last observed week-5 yield baseline,within-season 5-fold CV over plots; fixed input history; horizon-specific models,4,5,0
2324,M41,Florida Medallion,2,2024-02-20,2024-01-08,2024-02-06,14,232.0,298.0,298.0,163.8,paper_informed_nonreactive,Last observed week-5 yield baseline,within-season 5-fold CV over plots; fixed input history; horizon-specific models,4,5,0
2324,M43,Florida Medallion,2,2024-02-20,2024-01-08,2024-02-06,14,394.0,225.0,225.0,176.8,paper_informed_nonreactive,Last observed week-5 yield baseline,within-season 5-fold CV over plots; fixed input history; horizon-specific models,4,5,0
2324,M51,Florida Medallion,2,2024-02-20,2024-01-08,2024-02-06,14,278.0,511.0,511.0,225.4,paper_informed_nonreactive,Last observed week-5 yield baseline,within-season 5-fold CV over plots; fixed input history; horizon-specific models,4,5,0
2324,M52,Florida Medallion,2,2024-02-20,2024-01-08,2024-02-06,14,305.0,1077.0,1077.0,431.2,paper_informed_nonreactive,Last observed week-5 yield baseline,within-season 5-fold CV over plots; fixed input history; horizon-specific models,4,5,0
2324,B23,Florida Brilliance,2,2024-02-20,2024-01-08,2024-02-06,14,279.0,228.0,228.0,182.0,paper_informed_nonreactive,Last observed week-5 yield baseline,within-season 5-fold CV over plots; fixed input history; horizon-specific models,5,5,0
2324,B41,Florida Brilliance,2,2024-02-20,2024-01-08,2024-02-06,14,256.0,707.0,707.0,213.2,paper_informed_nonreactive,Last observed week-5 yield baseline,within-season 5-fold CV over plots; fixed input history; horizon-specific models,5,5,0
2324,B45,Florida Brilliance,2,2024-02-20,2024-01-08,2024-02-06,14,258.0,589.0,589.0,399.2,paper_informed_nonreactive,Last observed week-5 yield baseline,within-season 5-fold CV over plots; fixed input history; horizon-specific models,5,5,0
2324,B54,Florida Brilliance,2,2024-02-20,2024-01-08,2024-02-06,14,473.0,454.0,454.0,259.0,paper_informed_nonreactive,Last observed week-5 yield baseline,within-season 5-fold CV over plots; fixed input history; horizon-specific models,5,5,0
2324,M11,Florida Medallion,2,2024-02-20,2024-01-08,2024-02-06,14,84.0,125.0,125.0,69.6,paper_informed_nonreactive,Last observed week-5 yield baseline,within-season 5-fold CV over plots; fixed input history; horizon-specific models,5,5,0
2324,M13,Florida Medallion,2,2024-02-20,2024-01-08,2024-02-06,14,341.0,400.0,400.0,174.0,paper_informed_nonreactive,Last observed week-5 yield baseline,within-season 5-fold CV over plots; fixed input history; horizon-specific models,5,5,0
2324,M24,Florida Medallion,2,2024-02-20,2024-01-08,2024-02-06,14,192.0,238.0,238.0,93.2,paper_informed_nonreactive,Last observed week-5 yield baseline,within-season 5-fold CV over plots; fixed input history; horizon-specific models,5,5,0
2324,M54,Florida Medallion,2,2024-02-20,2024-01-08,2024-02-06,14,156.0,328.0,328.0,150.4,paper_informed_nonreactive,Last observed week-5 yield baseline,within-season 5-fold CV over plots; fixed input history; horizon-specific models,5,5,0
2324,B15,Florida Brilliance,2,2024-02-20,2024-01-08,2024-02-06,14,67.0,139.4,294.0,139.4,paper_informed_nonreactive,Observed 5-week mean yield baseline,within-season 5-fold CV over plots; fixed input history; horizon-specific models,1,5,0
2324,B43,Florida Brilliance,2,2024-02-20,2024-01-08,2024-02-06,14,318.0,171.8,285.0,171.8,paper_informed_nonreactive,Observed 5-week mean yield baseline,within-season 5-fold CV over plots; fixed input history; horizon-specific models,1,5,0
2324,B51,Florida Brilliance,2,2024-02-20,2024-01-08,2024-02-06,14,424.0,145.4,216.0,145.4,paper_informed_nonreactive,Observed 5-week mean yield baseline,within-season 5-fold CV over plots; fixed input history; horizon-specific models,1,5,0
2324,B52,Florida Brilliance,2,2024-02-20,2024-01-08,2024-02-06,14,407.0,225.0,472.0,225.0,paper_informed_nonreactive,Observed 5-week mean yield baseline,within-season 5-fold CV over plots; fixed input history; horizon-specific models,1,5,0
2324,B55,Florida Brilliance,2,2024-02-20,2024-01-08,2024-02-06,14,289.0,198.8,348.0,198.8,paper_informed_nonreactive,Observed 5-week mean yield baseline,within-season 5-fold CV over plots; fixed input history; horizon-specific models,1,5,0
2324,M22,Florida Medallion,2,2024-02-20,2024-01-08,2024-02-06,14,517.0,259.4,558.0,259.4,paper_informed_nonreactive,Observed 5-week mean yield baseline,within-season 5-fold CV over plots; fixed input history; horizon-specific models,1,5,0
2324,M23,Florida Medallion,2,2024-02-20,2024-01-08,2024-02-06,14,106.0,91.6,139.0,91.6,paper_informed_nonreactive,Observed 5-week mean yield baseline,within-season 5-fold CV over plots; fixed input history; horizon-specific models,1,5,0
2324,M53,Florida Medallion,2,2024-02-20,2024-01-08,2024-02-06,14,340.0,174.2,435.0,174.2,paper_informed_nonreactive,Observed 5-week mean yield baseline,within-season 5-fold CV over plots; fixed input history; horizon-specific models,1,5,0
2324,B22,Florida Brilliance,2,2024-02-20,2024-01-08,2024-02-06,14,264.0,167.4,236.0,167.4,paper_informed_nonreactive,Observed 5-week mean yield baseline,within-season 5-fold CV over plots; fixed input history; horizon-specific models,2,5,0
2324,B24,Florida Brilliance,2,2024-02-20,2024-01-08,2024-02-06,14,398.0,224.0,343.0,224.0,paper_informed_nonreactive,Observed 5-week mean yield baseline,within-season 5-fold CV over plots; fixed input history; horizon-specific models,2,5,0
2324,B25,Florida Brilliance,2,2024-02-20,2024-01-08,2024-02-06,14,266.0,290.4,507.0,290.4,paper_informed_nonreactive,Observed 5-week mean yield baseline,within-season 5-fold CV over plots; fixed input history; horizon-specific models,2,5,0
2324,B44,Florida Brilliance,2,2024-02-20,2024-01-08,2024-02-06,14,507.0,215.2,303.0,215.2,paper_informed_nonreactive,Observed 5-week mean yield baseline,within-season 5-fold CV over plots; fixed input history; horizon-specific models,2,5,0
2324,M21,Florida Medallion,2,2024-02-20,2024-01-08,2024-02-06,14,77.0,167.2,375.0,167.2,paper_informed_nonreactive,Observed 5-week mean yield baseline,within-season 5-fold CV over plots; fixed input history; horizon-specific models,2,5,0
2324,M42,Florida Medallion,2,2024-02-20,2024-01-08,2024-02-06,14,451.0,250.8,506.0,250.8,paper_informed_nonreactive,Observed 5-week mean yield baseline,within-season 5-fold CV over plots; fixed input history; horizon-specific models,2,5,0
2324,M45,Florida Medallion,2,2024-02-20,2024-01-08,2024-02-06,14,417.0,211.8,441.0,211.8,paper_informed_nonreactive,Observed 5-week mean yield baseline,within-season 5-fold CV over plots; fixed input history; horizon-specific models,2,5,0
2324,M55,Florida Medallion,2,2024-02-20,2024-01-08,2024-02-06,14,303.0,244.0,537.0,244.0,paper_informed_nonreactive,Observed 5-week mean yield baseline,within-season 5-fold CV over plots; fixed input history; horizon-specific models,2,5,0
2324,B11,Florida Brilliance,2,2024-02-20,2024-01-08,2024-02-06,14,143.0,133.0,264.0,133.0,paper_informed_nonreactive,Observed 5-week mean yield baseline,within-season 5-fold CV over plots; fixed input history; horizon-specific models,3,5,0
2324,B12,Florida Brilliance,2,2024-02-20,2024-01-08,2024-02-06,14,169.0,212.8,431.0,212.8,paper_informed_nonreactive,Observed 5-week mean yield baseline,within-season 5-fold CV over plots; fixed input history; horizon-specific models,3,5,0
2324,B21,Florida Brilliance,2,2024-02-20,2024-01-08,2024-02-06,14,144.0,82.6,237.0,82.6,paper_informed_nonreactive,Observed 5-week mean yield baseline,within-season 5-fold CV over plots; fixed input history; horizon-specific models,3,5,0
2324,B42,Florida Brilliance,2,2024-02-20,2024-01-08,2024-02-06,14,356.0,377.2,651.0,377.2,paper_informed_nonreactive,Observed 5-week mean yield baseline,within-season 5-fold CV over plots; fixed input history; horizon-specific models,3,5,0
2324,B53,Florida Brilliance,2,2024-02-20,2024-01-08,2024-02-06,14,166.0,207.0,391.0,207.0,paper_informed_nonreactive,Observed 5-week mean yield baseline,within-season 5-fold CV over plots; fixed input history; horizon-specific models,3,5,0
2324,M15,Florida Medallion,2,2024-02-20,2024-01-08,2024-02-06,14,445.0,290.6,477.0,290.6,paper_informed_nonreactive,Observed 5-week mean yield baseline,within-season 5-fold CV over plots; fixed input history; horizon-specific models,3,5,0
2324,M25,Florida Medallion,2,2024-02-20,2024-01-08,2024-02-06,14,194.0,112.0,365.0,112.0,paper_informed_nonreactive,Observed 5-week mean yield baseline,within-season 5-fold CV over plots; fixed input history; horizon-specific models,3,5,0
2324,M44,Florida Medallion,2,2024-02-20,2024-01-08,2024-02-06,14,297.0,223.8,357.0,223.8,paper_informed_nonreactive,Observed 5-week mean yield baseline,within-season 5-fold CV over plots; fixed input history; horizon-specific models,3,5,0
2324,B13,Florida Brilliance,2,2024-02-20,2024-01-08,2024-02-06,14,199.0,103.6,209.0,103.6,paper_informed_nonreactive,Observed 5-week mean yield baseline,within-season 5-fold CV over plots; fixed input history; horizon-specific models,4,5,0
2324,B14,Florida Brilliance,2,2024-02-20,2024-01-08,2024-02-06,14,100.0,106.8,188.0,106.8,paper_informed_nonreactive,Observed 5-week mean yield baseline,within-season 5-fold CV over plots; fixed input history; horizon-specific models,4,5,0
2324,M12,Florida Medallion,2,2024-02-20,2024-01-08,2024-02-06,14,479.0,270.6,484.0,270.6,paper_informed_nonreactive,Observed 5-week mean yield baseline,within-season 5-fold CV over plots; fixed input history; horizon-specific models,4,5,0
2324,M14,Florida Medallion,2,2024-02-20,2024-01-08,2024-02-06,14,421.0,385.0,562.0,385.0,paper_informed_nonreactive,Observed 5-week mean yield baseline,within-season 5-fold CV over plots; fixed input history; horizon-specific models,4,5,0
2324,M41,Florida Medallion,2,2024-02-20,2024-01-08,2024-02-06,14,232.0,163.8,298.0,163.8,paper_informed_nonreactive,Observed 5-week mean yield baseline,within-season 5-fold CV over plots; fixed input history; horizon-specific models,4,5,0
2324,M43,Florida Medallion,2,2024-02-20,2024-01-08,2024-02-06,14,394.0,176.8,225.0,176.8,paper_informed_nonreactive,Observed 5-week mean yield baseline,within-season 5-fold CV over plots; fixed input history; horizon-specific models,4,5,0
2324,M51,Florida Medallion,2,2024-02-20,2024-01-08,2024-02-06,14,278.0,225.4,511.0,225.4,paper_informed_nonreactive,Observed 5-week mean yield baseline,within-season 5-fold CV over plots; fixed input history; horizon-specific models,4,5,0
2324,M52,Florida Medallion,2,2024-02-20,2024-01-08,2024-02-06,14,305.0,431.2,1077.0,431.2,paper_informed_nonreactive,Observed 5-week mean yield baseline,within-season 5-fold CV over plots; fixed input history; horizon-specific models,4,5,0
2324,B23,Florida Brilliance,2,2024-02-20,2024-01-08,2024-02-06,14,279.0,182.0,228.0,182.0,paper_informed_nonreactive,Observed 5-week mean yield baseline,within-season 5-fold CV over plots; fixed input history; horizon-specific models,5,5,0
2324,B41,Florida Brilliance,2,2024-02-20,2024-01-08,2024-02-06,14,256.0,213.2,707.0,213.2,paper_informed_nonreactive,Observed 5-week mean yield baseline,within-season 5-fold CV over plots; fixed input history; horizon-specific models,5,5,0
2324,B45,Florida Brilliance,2,2024-02-20,2024-01-08,2024-02-06,14,258.0,399.2,589.0,399.2,paper_informed_nonreactive,Observed 5-week mean yield baseline,within-season 5-fold CV over plots; fixed input history; horizon-specific models,5,5,0
2324,B54,Florida Brilliance,2,2024-02-20,2024-01-08,2024-02-06,14,473.0,259.0,454.0,259.0,paper_informed_nonreactive,Observed 5-week mean yield baseline,within-season 5-fold CV over plots; fixed input history; horizon-specific models,5,5,0
2324,M11,Florida Medallion,2,2024-02-20,2024-01-08,2024-02-06,14,84.0,69.6,125.0,69.6,paper_informed_nonreactive,Observed 5-week mean yield baseline,within-season 5-fold CV over plots; fixed input history; horizon-specific models,5,5,0
2324,M13,Florida Medallion,2,2024-02-20,2024-01-08,2024-02-06,14,341.0,174.0,400.0,174.0,paper_informed_nonreactive,Observed 5-week mean yield baseline,within-season 5-fold CV over plots; fixed input history; horizon-specific models,5,5,0
2324,M24,Florida Medallion,2,2024-02-20,2024-01-08,2024-02-06,14,192.0,93.2,238.0,93.2,paper_informed_nonreactive,Observed 5-week mean yield baseline,within-season 5-fold CV over plots; fixed input history; horizon-specific models,5,5,0
2324,M54,Florida Medallion,2,2024-02-20,2024-01-08,2024-02-06,14,156.0,150.4,328.0,150.4,paper_informed_nonreactive,Observed 5-week mean yield baseline,within-season 5-fold CV over plots; fixed input history; horizon-specific models,5,5,0
2324,B15,Florida Brilliance,2,2024-02-20,2024-01-08,2024-02-06,14,67.0,0.0,294.0,139.4,paper_informed_nonreactive,Zero yield baseline,within-season 5-fold CV over plots; fixed input history; horizon-specific models,1,5,0
2324,B43,Florida Brilliance,2,2024-02-20,2024-01-08,2024-02-06,14,318.0,0.0,285.0,171.8,paper_informed_nonreactive,Zero yield baseline,within-season 5-fold CV over plots; fixed input history; horizon-specific models,1,5,0
2324,B51,Florida Brilliance,2,2024-02-20,2024-01-08,2024-02-06,14,424.0,0.0,216.0,145.4,paper_informed_nonreactive,Zero yield baseline,within-season 5-fold CV over plots; fixed input history; horizon-specific models,1,5,0
2324,B52,Florida Brilliance,2,2024-02-20,2024-01-08,2024-02-06,14,407.0,0.0,472.0,225.0,paper_informed_nonreactive,Zero yield baseline,within-season 5-fold CV over plots; fixed input history; horizon-specific models,1,5,0
2324,B55,Florida Brilliance,2,2024-02-20,2024-01-08,2024-02-06,14,289.0,0.0,348.0,198.8,paper_informed_nonreactive,Zero yield baseline,within-season 5-fold CV over plots; fixed input history; horizon-specific models,1,5,0
2324,M22,Florida Medallion,2,2024-02-20,2024-01-08,2024-02-06,14,517.0,0.0,558.0,259.4,paper_informed_nonreactive,Zero yield baseline,within-season 5-fold CV over plots; fixed input history; horizon-specific models,1,5,0
2324,M23,Florida Medallion,2,2024-02-20,2024-01-08,2024-02-06,14,106.0,0.0,139.0,91.6,paper_informed_nonreactive,Zero yield baseline,within-season 5-fold CV over plots; fixed input history; horizon-specific models,1,5,0
2324,M53,Florida Medallion,2,2024-02-20,2024-01-08,2024-02-06,14,340.0,0.0,435.0,174.2,paper_informed_nonreactive,Zero yield baseline,within-season 5-fold CV over plots; fixed input history; horizon-specific models,1,5,0
2324,B22,Florida Brilliance,2,2024-02-20,2024-01-08,2024-02-06,14,264.0,0.0,236.0,167.4,paper_informed_nonreactive,Zero yield baseline,within-season 5-fold CV over plots; fixed input history; horizon-specific models,2,5,0
2324,B24,Florida Brilliance,2,2024-02-20,2024-01-08,2024-02-06,14,398.0,0.0,343.0,224.0,paper_informed_nonreactive,Zero yield baseline,within-season 5-fold CV over plots; fixed input history; horizon-specific models,2,5,0
2324,B25,Florida Brilliance,2,2024-02-20,2024-01-08,2024-02-06,14,266.0,0.0,507.0,290.4,paper_informed_nonreactive,Zero yield baseline,within-season 5-fold CV over plots; fixed input history; horizon-specific models,2,5,0
2324,B44,Florida Brilliance,2,2024-02-20,2024-01-08,2024-02-06,14,507.0,0.0,303.0,215.2,paper_informed_nonreactive,Zero yield baseline,within-season 5-fold CV over plots; fixed input history; horizon-specific models,2,5,0
2324,M21,Florida Medallion,2,2024-02-20,2024-01-08,2024-02-06,14,77.0,0.0,375.0,167.2,paper_informed_nonreactive,Zero yield baseline,within-season 5-fold CV over plots; fixed input history; horizon-specific models,2,5,0
2324,M42,Florida Medallion,2,2024-02-20,2024-01-08,2024-02-06,14,451.0,0.0,506.0,250.8,paper_informed_nonreactive,Zero yield baseline,within-season 5-fold CV over plots; fixed input history; horizon-specific models,2,5,0
2324,M45,Florida Medallion,2,2024-02-20,2024-01-08,2024-02-06,14,417.0,0.0,441.0,211.8,paper_informed_nonreactive,Zero yield baseline,within-season 5-fold CV over plots; fixed input history; horizon-specific models,2,5,0
2324,M55,Florida Medallion,2,2024-02-20,2024-01-08,2024-02-06,14,303.0,0.0,537.0,244.0,paper_informed_nonreactive,Zero yield baseline,within-season 5-fold CV over plots; fixed input history; horizon-specific models,2,5,0
2324,B11,Florida Brilliance,2,2024-02-20,2024-01-08,2024-02-06,14,143.0,0.0,264.0,133.0,paper_informed_nonreactive,Zero yield baseline,within-season 5-fold CV over plots; fixed input history; horizon-specific models,3,5,0
2324,B12,Florida Brilliance,2,2024-02-20,2024-01-08,2024-02-06,14,169.0,0.0,431.0,212.8,paper_informed_nonreactive,Zero yield baseline,within-season 5-fold CV over plots; fixed input history; horizon-specific models,3,5,0
2324,B21,Florida Brilliance,2,2024-02-20,2024-01-08,2024-02-06,14,144.0,0.0,237.0,82.6,paper_informed_nonreactive,Zero yield baseline,within-season 5-fold CV over plots; fixed input history; horizon-specific models,3,5,0
2324,B42,Florida Brilliance,2,2024-02-20,2024-01-08,2024-02-06,14,356.0,0.0,651.0,377.2,paper_informed_nonreactive,Zero yield baseline,within-season 5-fold CV over plots; fixed input history; horizon-specific models,3,5,0
2324,B53,Florida Brilliance,2,2024-02-20,2024-01-08,2024-02-06,14,166.0,0.0,391.0,207.0,paper_informed_nonreactive,Zero yield baseline,within-season 5-fold CV over plots; fixed input history; horizon-specific models,3,5,0
2324,M15,Florida Medallion,2,2024-02-20,2024-01-08,2024-02-06,14,445.0,0.0,477.0,290.6,paper_informed_nonreactive,Zero yield baseline,within-season 5-fold CV over plots; fixed input history; horizon-specific models,3,5,0
2324,M25,Florida Medallion,2,2024-02-20,2024-01-08,2024-02-06,14,194.0,0.0,365.0,112.0,paper_informed_nonreactive,Zero yield baseline,within-season 5-fold CV over plots; fixed input history; horizon-specific models,3,5,0
2324,M44,Florida Medallion,2,2024-02-20,2024-01-08,2024-02-06,14,297.0,0.0,357.0,223.8,paper_informed_nonreactive,Zero yield baseline,within-season 5-fold CV over plots; fixed input history; horizon-specific models,3,5,0
2324,B13,Florida Brilliance,2,2024-02-20,2024-01-08,2024-02-06,14,199.0,0.0,209.0,103.6,paper_informed_nonreactive,Zero yield baseline,within-season 5-fold CV over plots; fixed input history; horizon-specific models,4,5,0
2324,B14,Florida Brilliance,2,2024-02-20,2024-01-08,2024-02-06,14,100.0,0.0,188.0,106.8,paper_informed_nonreactive,Zero yield baseline,within-season 5-fold CV over plots; fixed input history; horizon-specific models,4,5,0
2324,M12,Florida Medallion,2,2024-02-20,2024-01-08,2024-02-06,14,479.0,0.0,484.0,270.6,paper_informed_nonreactive,Zero yield baseline,within-season 5-fold CV over plots; fixed input history; horizon-specific models,4,5,0
2324,M14,Florida Medallion,2,2024-02-20,2024-01-08,2024-02-06,14,421.0,0.0,562.0,385.0,paper_informed_nonreactive,Zero yield baseline,within-season 5-fold CV over plots; fixed input history; horizon-specific models,4,5,0
2324,M41,Florida Medallion,2,2024-02-20,2024-01-08,2024-02-06,14,232.0,0.0,298.0,163.8,paper_informed_nonreactive,Zero yield baseline,within-season 5-fold CV over plots; fixed input history; horizon-specific models,4,5,0
2324,M43,Florida Medallion,2,2024-02-20,2024-01-08,2024-02-06,14,394.0,0.0,225.0,176.8,paper_informed_nonreactive,Zero yield baseline,within-season 5-fold CV over plots; fixed input history; horizon-specific models,4,5,0
2324,M51,Florida Medallion,2,2024-02-20,2024-01-08,2024-02-06,14,278.0,0.0,511.0,225.4,paper_informed_nonreactive,Zero yield baseline,within-season 5-fold CV over plots; fixed input history; horizon-specific models,4,5,0
2324,M52,Florida Medallion,2,2024-02-20,2024-01-08,2024-02-06,14,305.0,0.0,1077.0,431.2,paper_informed_nonreactive,Zero yield baseline,within-season 5-fold CV over plots; fixed input history; horizon-specific models,4,5,0
2324,B23,Florida Brilliance,2,2024-02-20,2024-01-08,2024-02-06,14,279.0,0.0,228.0,182.0,paper_informed_nonreactive,Zero yield baseline,within-season 5-fold CV over plots; fixed input history; horizon-specific models,5,5,0
2324,B41,Florida Brilliance,2,2024-02-20,2024-01-08,2024-02-06,14,256.0,0.0,707.0,213.2,paper_informed_nonreactive,Zero yield baseline,within-season 5-fold CV over plots; fixed input history; horizon-specific models,5,5,0
2324,B45,Florida Brilliance,2,2024-02-20,2024-01-08,2024-02-06,14,258.0,0.0,589.0,399.2,paper_informed_nonreactive,Zero yield baseline,within-season 5-fold CV over plots; fixed input history; horizon-specific models,5,5,0
2324,B54,Florida Brilliance,2,2024-02-20,2024-01-08,2024-02-06,14,473.0,0.0,454.0,259.0,paper_informed_nonreactive,Zero yield baseline,within-season 5-fold CV over plots; fixed input history; horizon-specific models,5,5,0
2324,M11,Florida Medallion,2,2024-02-20,2024-01-08,2024-02-06,14,84.0,0.0,125.0,69.6,paper_informed_nonreactive,Zero yield baseline,within-season 5-fold CV over plots; fixed input history; horizon-specific models,5,5,0
2324,M13,Florida Medallion,2,2024-02-20,2024-01-08,2024-02-06,14,341.0,0.0,400.0,174.0,paper_informed_nonreactive,Zero yield baseline,within-season 5-fold CV over plots; fixed input history; horizon-specific models,5,5,0
2324,M24,Florida Medallion,2,2024-02-20,2024-01-08,2024-02-06,14,192.0,0.0,238.0,93.2,paper_informed_nonreactive,Zero yield baseline,within-season 5-fold CV over plots; fixed input history; horizon-specific models,5,5,0
2324,M54,Florida Medallion,2,2024-02-20,2024-01-08,2024-02-06,14,156.0,0.0,328.0,150.4,paper_informed_nonreactive,Zero yield baseline,within-season 5-fold CV over plots; fixed input history; horizon-specific models,5,5,0
2324,B15,Florida Brilliance,2,2024-02-20,2024-01-08,2024-02-06,14,67.0,347.5093498447456,294.0,139.4,paper_informed_nonreactive,Ridge,within-season 5-fold CV over plots; fixed input history; horizon-specific models,1,5,98
2324,B43,Florida Brilliance,2,2024-02-20,2024-01-08,2024-02-06,14,318.0,283.6436702793281,285.0,171.8,paper_informed_nonreactive,Ridge,within-season 5-fold CV over plots; fixed input history; horizon-specific models,1,5,98
2324,B51,Florida Brilliance,2,2024-02-20,2024-01-08,2024-02-06,14,424.0,293.43308998757516,216.0,145.4,paper_informed_nonreactive,Ridge,within-season 5-fold CV over plots; fixed input history; horizon-specific models,1,5,98
2324,B52,Florida Brilliance,2,2024-02-20,2024-01-08,2024-02-06,14,407.0,163.06330867920715,472.0,225.0,paper_informed_nonreactive,Ridge,within-season 5-fold CV over plots; fixed input history; horizon-specific models,1,5,98
2324,B55,Florida Brilliance,2,2024-02-20,2024-01-08,2024-02-06,14,289.0,192.8071560008728,348.0,198.8,paper_informed_nonreactive,Ridge,within-season 5-fold CV over plots; fixed input history; horizon-specific models,1,5,98
2324,M22,Florida Medallion,2,2024-02-20,2024-01-08,2024-02-06,14,517.0,372.9684394012044,558.0,259.4,paper_informed_nonreactive,Ridge,within-season 5-fold CV over plots; fixed input history; horizon-specific models,1,5,98
2324,M23,Florida Medallion,2,2024-02-20,2024-01-08,2024-02-06,14,106.0,128.38298669451078,139.0,91.6,paper_informed_nonreactive,Ridge,within-season 5-fold CV over plots; fixed input history; horizon-specific models,1,5,98
2324,M53,Florida Medallion,2,2024-02-20,2024-01-08,2024-02-06,14,340.0,451.4905619312717,435.0,174.2,paper_informed_nonreactive,Ridge,within-season 5-fold CV over plots; fixed input history; horizon-specific models,1,5,98
2324,B22,Florida Brilliance,2,2024-02-20,2024-01-08,2024-02-06,14,264.0,261.63854858970694,236.0,167.4,paper_informed_nonreactive,Ridge,within-season 5-fold CV over plots; fixed input history; horizon-specific models,2,5,98
2324,B24,Florida Brilliance,2,2024-02-20,2024-01-08,2024-02-06,14,398.0,289.1618151891701,343.0,224.0,paper_informed_nonreactive,Ridge,within-season 5-fold CV over plots; fixed input history; horizon-specific models,2,5,98
2324,B25,Florida Brilliance,2,2024-02-20,2024-01-08,2024-02-06,14,266.0,267.1198667594309,507.0,290.4,paper_informed_nonreactive,Ridge,within-season 5-fold CV over plots; fixed input history; horizon-specific models,2,5,98
2324,B44,Florida Brilliance,2,2024-02-20,2024-01-08,2024-02-06,14,507.0,255.54415564355247,303.0,215.2,paper_informed_nonreactive,Ridge,within-season 5-fold CV over plots; fixed input history; horizon-specific models,2,5,98
2324,M21,Florida Medallion,2,2024-02-20,2024-01-08,2024-02-06,14,77.0,341.2441470903178,375.0,167.2,paper_informed_nonreactive,Ridge,within-season 5-fold CV over plots; fixed input history; horizon-specific models,2,5,98
2324,M42,Florida Medallion,2,2024-02-20,2024-01-08,2024-02-06,14,451.0,326.15222162499913,506.0,250.8,paper_informed_nonreactive,Ridge,within-season 5-fold CV over plots; fixed input history; horizon-specific models,2,5,98
2324,M45,Florida Medallion,2,2024-02-20,2024-01-08,2024-02-06,14,417.0,238.5563916533531,441.0,211.8,paper_informed_nonreactive,Ridge,within-season 5-fold CV over plots; fixed input history; horizon-specific models,2,5,98
2324,M55,Florida Medallion,2,2024-02-20,2024-01-08,2024-02-06,14,303.0,208.99493635469875,537.0,244.0,paper_informed_nonreactive,Ridge,within-season 5-fold CV over plots; fixed input history; horizon-specific models,2,5,98
2324,B11,Florida Brilliance,2,2024-02-20,2024-01-08,2024-02-06,14,143.0,9.413387955170492,264.0,133.0,paper_informed_nonreactive,Ridge,within-season 5-fold CV over plots; fixed input history; horizon-specific models,3,5,98
2324,B12,Florida Brilliance,2,2024-02-20,2024-01-08,2024-02-06,14,169.0,313.0383676500094,431.0,212.8,paper_informed_nonreactive,Ridge,within-season 5-fold CV over plots; fixed input history; horizon-specific models,3,5,98
2324,B21,Florida Brilliance,2,2024-02-20,2024-01-08,2024-02-06,14,144.0,15.226065291190366,237.0,82.6,paper_informed_nonreactive,Ridge,within-season 5-fold CV over plots; fixed input history; horizon-specific models,3,5,98
2324,B42,Florida Brilliance,2,2024-02-20,2024-01-08,2024-02-06,14,356.0,443.4943716598186,651.0,377.2,paper_informed_nonreactive,Ridge,within-season 5-fold CV over plots; fixed input history; horizon-specific models,3,5,98
2324,B53,Florida Brilliance,2,2024-02-20,2024-01-08,2024-02-06,14,166.0,218.3486588940764,391.0,207.0,paper_informed_nonreactive,Ridge,within-season 5-fold CV over plots; fixed input history; horizon-specific models,3,5,98
2324,M15,Florida Medallion,2,2024-02-20,2024-01-08,2024-02-06,14,445.0,410.37413450490686,477.0,290.6,paper_informed_nonreactive,Ridge,within-season 5-fold CV over plots; fixed input history; horizon-specific models,3,5,98
2324,M25,Florida Medallion,2,2024-02-20,2024-01-08,2024-02-06,14,194.0,312.291589970612,365.0,112.0,paper_informed_nonreactive,Ridge,within-season 5-fold CV over plots; fixed input history; horizon-specific models,3,5,98
2324,M44,Florida Medallion,2,2024-02-20,2024-01-08,2024-02-06,14,297.0,453.37576856883135,357.0,223.8,paper_informed_nonreactive,Ridge,within-season 5-fold CV over plots; fixed input history; horizon-specific models,3,5,98
2324,B13,Florida Brilliance,2,2024-02-20,2024-01-08,2024-02-06,14,199.0,96.69443653528816,209.0,103.6,paper_informed_nonreactive,Ridge,within-season 5-fold CV over plots; fixed input history; horizon-specific models,4,5,98
2324,B14,Florida Brilliance,2,2024-02-20,2024-01-08,2024-02-06,14,100.0,164.2148619053683,188.0,106.8,paper_informed_nonreactive,Ridge,within-season 5-fold CV over plots; fixed input history; horizon-specific models,4,5,98
2324,M12,Florida Medallion,2,2024-02-20,2024-01-08,2024-02-06,14,479.0,393.36244098004204,484.0,270.6,paper_informed_nonreactive,Ridge,within-season 5-fold CV over plots; fixed input history; horizon-specific models,4,5,98
2324,M14,Florida Medallion,2,2024-02-20,2024-01-08,2024-02-06,14,421.0,264.2582855626642,562.0,385.0,paper_informed_nonreactive,Ridge,within-season 5-fold CV over plots; fixed input history; horizon-specific models,4,5,98
2324,M41,Florida Medallion,2,2024-02-20,2024-01-08,2024-02-06,14,232.0,325.23359572424715,298.0,163.8,paper_informed_nonreactive,Ridge,within-season 5-fold CV over plots; fixed input history; horizon-specific models,4,5,98
2324,M43,Florida Medallion,2,2024-02-20,2024-01-08,2024-02-06,14,394.0,320.60850155733624,225.0,176.8,paper_informed_nonreactive,Ridge,within-season 5-fold CV over plots; fixed input history; horizon-specific models,4,5,98
2324,M51,Florida Medallion,2,2024-02-20,2024-01-08,2024-02-06,14,278.0,350.3540734318294,511.0,225.4,paper_informed_nonreactive,Ridge,within-season 5-fold CV over plots; fixed input history; horizon-specific models,4,5,98
2324,M52,Florida Medallion,2,2024-02-20,2024-01-08,2024-02-06,14,305.0,425.6097394478968,1077.0,431.2,paper_informed_nonreactive,Ridge,within-season 5-fold CV over plots; fixed input history; horizon-specific models,4,5,98
2324,B23,Florida Brilliance,2,2024-02-20,2024-01-08,2024-02-06,14,279.0,190.7732954175196,228.0,182.0,paper_informed_nonreactive,Ridge,within-season 5-fold CV over plots; fixed input history; horizon-specific models,5,5,98
2324,B41,Florida Brilliance,2,2024-02-20,2024-01-08,2024-02-06,14,256.0,314.2269947098781,707.0,213.2,paper_informed_nonreactive,Ridge,within-season 5-fold CV over plots; fixed input history; horizon-specific models,5,5,98
2324,B45,Florida Brilliance,2,2024-02-20,2024-01-08,2024-02-06,14,258.0,295.75552948796906,589.0,399.2,paper_informed_nonreactive,Ridge,within-season 5-fold CV over plots; fixed input history; horizon-specific models,5,5,98
2324,B54,Florida Brilliance,2,2024-02-20,2024-01-08,2024-02-06,14,473.0,343.72690979334607,454.0,259.0,paper_informed_nonreactive,Ridge,within-season 5-fold CV over plots; fixed input history; horizon-specific models,5,5,98
2324,M11,Florida Medallion,2,2024-02-20,2024-01-08,2024-02-06,14,84.0,355.30180533057654,125.0,69.6,paper_informed_nonreactive,Ridge,within-season 5-fold CV over plots; fixed input history; horizon-specific models,5,5,98
2324,M13,Florida Medallion,2,2024-02-20,2024-01-08,2024-02-06,14,341.0,356.5937649636887,400.0,174.0,paper_informed_nonreactive,Ridge,within-season 5-fold CV over plots; fixed input history; horizon-specific models,5,5,98
2324,M24,Florida Medallion,2,2024-02-20,2024-01-08,2024-02-06,14,192.0,394.1017696505664,238.0,93.2,paper_informed_nonreactive,Ridge,within-season 5-fold CV over plots; fixed input history; horizon-specific models,5,5,98
2324,M54,Florida Medallion,2,2024-02-20,2024-01-08,2024-02-06,14,156.0,192.6086278037355,328.0,150.4,paper_informed_nonreactive,Ridge,within-season 5-fold CV over plots; fixed input history; horizon-specific models,5,5,98
2324,B15,Florida Brilliance,2,2024-02-20,2024-01-08,2024-02-06,14,67.0,409.2404285482777,294.0,139.4,paper_informed_nonreactive,ElasticNet,within-season 5-fold CV over plots; fixed input history; horizon-specific models,1,5,98
2324,B43,Florida Brilliance,2,2024-02-20,2024-01-08,2024-02-06,14,318.0,292.1169449078571,285.0,171.8,paper_informed_nonreactive,ElasticNet,within-season 5-fold CV over plots; fixed input history; horizon-specific models,1,5,98
2324,B51,Florida Brilliance,2,2024-02-20,2024-01-08,2024-02-06,14,424.0,330.32501381274744,216.0,145.4,paper_informed_nonreactive,ElasticNet,within-season 5-fold CV over plots; fixed input history; horizon-specific models,1,5,98
2324,B52,Florida Brilliance,2,2024-02-20,2024-01-08,2024-02-06,14,407.0,147.31339885005727,472.0,225.0,paper_informed_nonreactive,ElasticNet,within-season 5-fold CV over plots; fixed input history; horizon-specific models,1,5,98
2324,B55,Florida Brilliance,2,2024-02-20,2024-01-08,2024-02-06,14,289.0,131.10419852929346,348.0,198.8,paper_informed_nonreactive,ElasticNet,within-season 5-fold CV over plots; fixed input history; horizon-specific models,1,5,98
2324,M22,Florida Medallion,2,2024-02-20,2024-01-08,2024-02-06,14,517.0,414.6941333404486,558.0,259.4,paper_informed_nonreactive,ElasticNet,within-season 5-fold CV over plots; fixed input history; horizon-specific models,1,5,98
2324,M23,Florida Medallion,2,2024-02-20,2024-01-08,2024-02-06,14,106.0,86.39933253191339,139.0,91.6,paper_informed_nonreactive,ElasticNet,within-season 5-fold CV over plots; fixed input history; horizon-specific models,1,5,98
2324,M53,Florida Medallion,2,2024-02-20,2024-01-08,2024-02-06,14,340.0,471.7071749957221,435.0,174.2,paper_informed_nonreactive,ElasticNet,within-season 5-fold CV over plots; fixed input history; horizon-specific models,1,5,98
2324,B22,Florida Brilliance,2,2024-02-20,2024-01-08,2024-02-06,14,264.0,235.8066064450992,236.0,167.4,paper_informed_nonreactive,ElasticNet,within-season 5-fold CV over plots; fixed input history; horizon-specific models,2,5,98
2324,B24,Florida Brilliance,2,2024-02-20,2024-01-08,2024-02-06,14,398.0,316.22853674849944,343.0,224.0,paper_informed_nonreactive,ElasticNet,within-season 5-fold CV over plots; fixed input history; horizon-specific models,2,5,98
2324,B25,Florida Brilliance,2,2024-02-20,2024-01-08,2024-02-06,14,266.0,242.69710344940427,507.0,290.4,paper_informed_nonreactive,ElasticNet,within-season 5-fold CV over plots; fixed input history; horizon-specific models,2,5,98
2324,B44,Florida Brilliance,2,2024-02-20,2024-01-08,2024-02-06,14,507.0,246.01063828893382,303.0,215.2,paper_informed_nonreactive,ElasticNet,within-season 5-fold CV over plots; fixed input history; horizon-specific models,2,5,98
2324,M21,Florida Medallion,2,2024-02-20,2024-01-08,2024-02-06,14,77.0,351.46007509551634,375.0,167.2,paper_informed_nonreactive,ElasticNet,within-season 5-fold CV over plots; fixed input history; horizon-specific models,2,5,98
2324,M42,Florida Medallion,2,2024-02-20,2024-01-08,2024-02-06,14,451.0,372.7489855359536,506.0,250.8,paper_informed_nonreactive,ElasticNet,within-season 5-fold CV over plots; fixed input history; horizon-specific models,2,5,98
2324,M45,Florida Medallion,2,2024-02-20,2024-01-08,2024-02-06,14,417.0,248.28412638227388,441.0,211.8,paper_informed_nonreactive,ElasticNet,within-season 5-fold CV over plots; fixed input history; horizon-specific models,2,5,98
2324,M55,Florida Medallion,2,2024-02-20,2024-01-08,2024-02-06,14,303.0,163.69357441186622,537.0,244.0,paper_informed_nonreactive,ElasticNet,within-season 5-fold CV over plots; fixed input history; horizon-specific models,2,5,98
2324,B11,Florida Brilliance,2,2024-02-20,2024-01-08,2024-02-06,14,143.0,-62.22128092505011,264.0,133.0,paper_informed_nonreactive,ElasticNet,within-season 5-fold CV over plots; fixed input history; horizon-specific models,3,5,98
2324,B12,Florida Brilliance,2,2024-02-20,2024-01-08,2024-02-06,14,169.0,300.49326822273133,431.0,212.8,paper_informed_nonreactive,ElasticNet,within-season 5-fold CV over plots; fixed input history; horizon-specific models,3,5,98
2324,B21,Florida Brilliance,2,2024-02-20,2024-01-08,2024-02-06,14,144.0,-13.028390478982715,237.0,82.6,paper_informed_nonreactive,ElasticNet,within-season 5-fold CV over plots; fixed input history; horizon-specific models,3,5,98
2324,B42,Florida Brilliance,2,2024-02-20,2024-01-08,2024-02-06,14,356.0,441.69019731166526,651.0,377.2,paper_informed_nonreactive,ElasticNet,within-season 5-fold CV over plots; fixed input history; horizon-specific models,3,5,98
2324,B53,Florida Brilliance,2,2024-02-20,2024-01-08,2024-02-06,14,166.0,230.1316114729696,391.0,207.0,paper_informed_nonreactive,ElasticNet,within-season 5-fold CV over plots; fixed input history; horizon-specific models,3,5,98
2324,M15,Florida Medallion,2,2024-02-20,2024-01-08,2024-02-06,14,445.0,379.1690300420195,477.0,290.6,paper_informed_nonreactive,ElasticNet,within-season 5-fold CV over plots; fixed input history; horizon-specific models,3,5,98
2324,M25,Florida Medallion,2,2024-02-20,2024-01-08,2024-02-06,14,194.0,321.48232668169146,365.0,112.0,paper_informed_nonreactive,ElasticNet,within-season 5-fold CV over plots; fixed input history; horizon-specific models,3,5,98
2324,M44,Florida Medallion,2,2024-02-20,2024-01-08,2024-02-06,14,297.0,448.5267963879161,357.0,223.8,paper_informed_nonreactive,ElasticNet,within-season 5-fold CV over plots; fixed input history; horizon-specific models,3,5,98
2324,B13,Florida Brilliance,2,2024-02-20,2024-01-08,2024-02-06,14,199.0,43.76044423327542,209.0,103.6,paper_informed_nonreactive,ElasticNet,within-season 5-fold CV over plots; fixed input history; horizon-specific models,4,5,98
2324,B14,Florida Brilliance,2,2024-02-20,2024-01-08,2024-02-06,14,100.0,152.49768746424039,188.0,106.8,paper_informed_nonreactive,ElasticNet,within-season 5-fold CV over plots; fixed input history; horizon-specific models,4,5,98
2324,M12,Florida Medallion,2,2024-02-20,2024-01-08,2024-02-06,14,479.0,474.36615372568554,484.0,270.6,paper_informed_nonreactive,ElasticNet,within-season 5-fold CV over plots; fixed input history; horizon-specific models,4,5,98
2324,M14,Florida Medallion,2,2024-02-20,2024-01-08,2024-02-06,14,421.0,229.32201627432607,562.0,385.0,paper_informed_nonreactive,ElasticNet,within-season 5-fold CV over plots; fixed input history; horizon-specific models,4,5,98
2324,M41,Florida Medallion,2,2024-02-20,2024-01-08,2024-02-06,14,232.0,271.96124764899474,298.0,163.8,paper_informed_nonreactive,ElasticNet,within-season 5-fold CV over plots; fixed input history; horizon-specific models,4,5,98
2324,M43,Florida Medallion,2,2024-02-20,2024-01-08,2024-02-06,14,394.0,321.1104592019096,225.0,176.8,paper_informed_nonreactive,ElasticNet,within-season 5-fold CV over plots; fixed input history; horizon-specific models,4,5,98
2324,M51,Florida Medallion,2,2024-02-20,2024-01-08,2024-02-06,14,278.0,338.0699988407998,511.0,225.4,paper_informed_nonreactive,ElasticNet,within-season 5-fold CV over plots; fixed input history; horizon-specific models,4,5,98
2324,M52,Florida Medallion,2,2024-02-20,2024-01-08,2024-02-06,14,305.0,403.2379848695649,1077.0,431.2,paper_informed_nonreactive,ElasticNet,within-season 5-fold CV over plots; fixed input history; horizon-specific models,4,5,98
2324,B23,Florida Brilliance,2,2024-02-20,2024-01-08,2024-02-06,14,279.0,207.9307636201258,228.0,182.0,paper_informed_nonreactive,ElasticNet,within-season 5-fold CV over plots; fixed input history; horizon-specific models,5,5,98
2324,B41,Florida Brilliance,2,2024-02-20,2024-01-08,2024-02-06,14,256.0,318.3360225931606,707.0,213.2,paper_informed_nonreactive,ElasticNet,within-season 5-fold CV over plots; fixed input history; horizon-specific models,5,5,98
2324,B45,Florida Brilliance,2,2024-02-20,2024-01-08,2024-02-06,14,258.0,259.1450710892394,589.0,399.2,paper_informed_nonreactive,ElasticNet,within-season 5-fold CV over plots; fixed input history; horizon-specific models,5,5,98
2324,B54,Florida Brilliance,2,2024-02-20,2024-01-08,2024-02-06,14,473.0,317.6550265818103,454.0,259.0,paper_informed_nonreactive,ElasticNet,within-season 5-fold CV over plots; fixed input history; horizon-specific models,5,5,98
2324,M11,Florida Medallion,2,2024-02-20,2024-01-08,2024-02-06,14,84.0,439.4251298127426,125.0,69.6,paper_informed_nonreactive,ElasticNet,within-season 5-fold CV over plots; fixed input history; horizon-specific models,5,5,98
2324,M13,Florida Medallion,2,2024-02-20,2024-01-08,2024-02-06,14,341.0,400.95581276829404,400.0,174.0,paper_informed_nonreactive,ElasticNet,within-season 5-fold CV over plots; fixed input history; horizon-specific models,5,5,98
2324,M24,Florida Medallion,2,2024-02-20,2024-01-08,2024-02-06,14,192.0,480.6878662460224,238.0,93.2,paper_informed_nonreactive,ElasticNet,within-season 5-fold CV over plots; fixed input history; horizon-specific models,5,5,98
2324,M54,Florida Medallion,2,2024-02-20,2024-01-08,2024-02-06,14,156.0,198.49232751200176,328.0,150.4,paper_informed_nonreactive,ElasticNet,within-season 5-fold CV over plots; fixed input history; horizon-specific models,5,5,98
2324,B15,Florida Brilliance,2,2024-02-20,2024-01-08,2024-02-06,14,67.0,342.67596945646943,294.0,139.4,paper_informed_nonreactive,Random Forest,within-season 5-fold CV over plots; fixed input history; horizon-specific models,1,5,98
2324,B43,Florida Brilliance,2,2024-02-20,2024-01-08,2024-02-06,14,318.0,344.0024396344396,285.0,171.8,paper_informed_nonreactive,Random Forest,within-season 5-fold CV over plots; fixed input history; horizon-specific models,1,5,98
2324,B51,Florida Brilliance,2,2024-02-20,2024-01-08,2024-02-06,14,424.0,330.1754182299181,216.0,145.4,paper_informed_nonreactive,Random Forest,within-season 5-fold CV over plots; fixed input history; horizon-specific models,1,5,98
2324,B52,Florida Brilliance,2,2024-02-20,2024-01-08,2024-02-06,14,407.0,282.03951106301105,472.0,225.0,paper_informed_nonreactive,Random Forest,within-season 5-fold CV over plots; fixed input history; horizon-specific models,1,5,98
2324,B55,Florida Brilliance,2,2024-02-20,2024-01-08,2024-02-06,14,289.0,312.7387292522292,348.0,198.8,paper_informed_nonreactive,Random Forest,within-season 5-fold CV over plots; fixed input history; horizon-specific models,1,5,98
2324,M22,Florida Medallion,2,2024-02-20,2024-01-08,2024-02-06,14,517.0,342.39363497613476,558.0,259.4,paper_informed_nonreactive,Random Forest,within-season 5-fold CV over plots; fixed input history; horizon-specific models,1,5,98
2324,M23,Florida Medallion,2,2024-02-20,2024-01-08,2024-02-06,14,106.0,153.20882323232317,139.0,91.6,paper_informed_nonreactive,Random Forest,within-season 5-fold CV over plots; fixed input history; horizon-specific models,1,5,98
2324,M53,Florida Medallion,2,2024-02-20,2024-01-08,2024-02-06,14,340.0,369.6280115995115,435.0,174.2,paper_informed_nonreactive,Random Forest,within-season 5-fold CV over plots; fixed input history; horizon-specific models,1,5,98
2324,B22,Florida Brilliance,2,2024-02-20,2024-01-08,2024-02-06,14,264.0,241.09505098605106,236.0,167.4,paper_informed_nonreactive,Random Forest,within-season 5-fold CV over plots; fixed input history; horizon-specific models,2,5,98
2324,B24,Florida Brilliance,2,2024-02-20,2024-01-08,2024-02-06,14,398.0,252.8319312169313,343.0,224.0,paper_informed_nonreactive,Random Forest,within-season 5-fold CV over plots; fixed input history; horizon-specific models,2,5,98
2324,B25,Florida Brilliance,2,2024-02-20,2024-01-08,2024-02-06,14,266.0,352.7147811447812,507.0,290.4,paper_informed_nonreactive,Random Forest,within-season 5-fold CV over plots; fixed input history; horizon-specific models,2,5,98
2324,B44,Florida Brilliance,2,2024-02-20,2024-01-08,2024-02-06,14,507.0,331.7208177008177,303.0,215.2,paper_informed_nonreactive,Random Forest,within-season 5-fold CV over plots; fixed input history; horizon-specific models,2,5,98
2324,M21,Florida Medallion,2,2024-02-20,2024-01-08,2024-02-06,14,77.0,215.81298109298115,375.0,167.2,paper_informed_nonreactive,Random Forest,within-season 5-fold CV over plots; fixed input history; horizon-specific models,2,5,98
2324,M42,Florida Medallion,2,2024-02-20,2024-01-08,2024-02-06,14,451.0,326.97168037518037,506.0,250.8,paper_informed_nonreactive,Random Forest,within-season 5-fold CV over plots; fixed input history; horizon-specific models,2,5,98
2324,M45,Florida Medallion,2,2024-02-20,2024-01-08,2024-02-06,14,417.0,314.3346721981721,441.0,211.8,paper_informed_nonreactive,Random Forest,within-season 5-fold CV over plots; fixed input history; horizon-specific models,2,5,98
2324,M55,Florida Medallion,2,2024-02-20,2024-01-08,2024-02-06,14,303.0,335.2049764309763,537.0,244.0,paper_informed_nonreactive,Random Forest,within-season 5-fold CV over plots; fixed input history; horizon-specific models,2,5,98
2324,B11,Florida Brilliance,2,2024-02-20,2024-01-08,2024-02-06,14,143.0,193.39831690531685,264.0,133.0,paper_informed_nonreactive,Random Forest,within-season 5-fold CV over plots; fixed input history; horizon-specific models,3,5,98
2324,B12,Florida Brilliance,2,2024-02-20,2024-01-08,2024-02-06,14,169.0,286.43311640211647,431.0,212.8,paper_informed_nonreactive,Random Forest,within-season 5-fold CV over plots; fixed input history; horizon-specific models,3,5,98
2324,B21,Florida Brilliance,2,2024-02-20,2024-01-08,2024-02-06,14,144.0,185.65384336034333,237.0,82.6,paper_informed_nonreactive,Random Forest,within-season 5-fold CV over plots; fixed input history; horizon-specific models,3,5,98
2324,B42,Florida Brilliance,2,2024-02-20,2024-01-08,2024-02-06,14,356.0,336.1771707551707,651.0,377.2,paper_informed_nonreactive,Random Forest,within-season 5-fold CV over plots; fixed input history; horizon-specific models,3,5,98
2324,B53,Florida Brilliance,2,2024-02-20,2024-01-08,2024-02-06,14,166.0,273.5721517371517,391.0,207.0,paper_informed_nonreactive,Random Forest,within-season 5-fold CV over plots; fixed input history; horizon-specific models,3,5,98
2324,M15,Florida Medallion,2,2024-02-20,2024-01-08,2024-02-06,14,445.0,352.3251625781627,477.0,290.6,paper_informed_nonreactive,Random Forest,within-season 5-fold CV over plots; fixed input history; horizon-specific models,3,5,98
2324,M25,Florida Medallion,2,2024-02-20,2024-01-08,2024-02-06,14,194.0,248.42539362489362,365.0,112.0,paper_informed_nonreactive,Random Forest,within-season 5-fold CV over plots; fixed input history; horizon-specific models,3,5,98
2324,M44,Florida Medallion,2,2024-02-20,2024-01-08,2024-02-06,14,297.0,344.77960052910066,357.0,223.8,paper_informed_nonreactive,Random Forest,within-season 5-fold CV over plots; fixed input history; horizon-specific models,3,5,98
2324,B13,Florida Brilliance,2,2024-02-20,2024-01-08,2024-02-06,14,199.0,235.60265873015877,209.0,103.6,paper_informed_nonreactive,Random Forest,within-season 5-fold CV over plots; fixed input history; horizon-specific models,4,5,98
2324,B14,Florida Brilliance,2,2024-02-20,2024-01-08,2024-02-06,14,100.0,270.8161984126985,188.0,106.8,paper_informed_nonreactive,Random Forest,within-season 5-fold CV over plots; fixed input history; horizon-specific models,4,5,98
2324,M12,Florida Medallion,2,2024-02-20,2024-01-08,2024-02-06,14,479.0,315.1810716690718,484.0,270.6,paper_informed_nonreactive,Random Forest,within-season 5-fold CV over plots; fixed input history; horizon-specific models,4,5,98
2324,M14,Florida Medallion,2,2024-02-20,2024-01-08,2024-02-06,14,421.0,357.67880543530555,562.0,385.0,paper_informed_nonreactive,Random Forest,within-season 5-fold CV over plots; fixed input history; horizon-specific models,4,5,98
2324,M41,Florida Medallion,2,2024-02-20,2024-01-08,2024-02-06,14,232.0,388.31824458874456,298.0,163.8,paper_informed_nonreactive,Random Forest,within-season 5-fold CV over plots; fixed input history; horizon-specific models,4,5,98
2324,M43,Florida Medallion,2,2024-02-20,2024-01-08,2024-02-06,14,394.0,330.2207433862434,225.0,176.8,paper_informed_nonreactive,Random Forest,within-season 5-fold CV over plots; fixed input history; horizon-specific models,4,5,98
2324,M51,Florida Medallion,2,2024-02-20,2024-01-08,2024-02-06,14,278.0,339.48495189995197,511.0,225.4,paper_informed_nonreactive,Random Forest,within-season 5-fold CV over plots; fixed input history; horizon-specific models,4,5,98
2324,M52,Florida Medallion,2,2024-02-20,2024-01-08,2024-02-06,14,305.0,379.6627554112553,1077.0,431.2,paper_informed_nonreactive,Random Forest,within-season 5-fold CV over plots; fixed input history; horizon-specific models,4,5,98
2324,B23,Florida Brilliance,2,2024-02-20,2024-01-08,2024-02-06,14,279.0,234.35245632145632,228.0,182.0,paper_informed_nonreactive,Random Forest,within-season 5-fold CV over plots; fixed input history; horizon-specific models,5,5,98
2324,B41,Florida Brilliance,2,2024-02-20,2024-01-08,2024-02-06,14,256.0,233.10060606060614,707.0,213.2,paper_informed_nonreactive,Random Forest,within-season 5-fold CV over plots; fixed input history; horizon-specific models,5,5,98
2324,B45,Florida Brilliance,2,2024-02-20,2024-01-08,2024-02-06,14,258.0,376.89359233359244,589.0,399.2,paper_informed_nonreactive,Random Forest,within-season 5-fold CV over plots; fixed input history; horizon-specific models,5,5,98
2324,B54,Florida Brilliance,2,2024-02-20,2024-01-08,2024-02-06,14,473.0,343.39037973137977,454.0,259.0,paper_informed_nonreactive,Random Forest,within-season 5-fold CV over plots; fixed input history; horizon-specific models,5,5,98
2324,M11,Florida Medallion,2,2024-02-20,2024-01-08,2024-02-06,14,84.0,169.84651322751324,125.0,69.6,paper_informed_nonreactive,Random Forest,within-season 5-fold CV over plots; fixed input history; horizon-specific models,5,5,98
2324,M13,Florida Medallion,2,2024-02-20,2024-01-08,2024-02-06,14,341.0,361.68577502127516,400.0,174.0,paper_informed_nonreactive,Random Forest,within-season 5-fold CV over plots; fixed input history; horizon-specific models,5,5,98
2324,M24,Florida Medallion,2,2024-02-20,2024-01-08,2024-02-06,14,192.0,171.99074338624337,238.0,93.2,paper_informed_nonreactive,Random Forest,within-season 5-fold CV over plots; fixed input history; horizon-specific models,5,5,98
2324,M54,Florida Medallion,2,2024-02-20,2024-01-08,2024-02-06,14,156.0,154.42734559884568,328.0,150.4,paper_informed_nonreactive,Random Forest,within-season 5-fold CV over plots; fixed input history; horizon-specific models,5,5,98
2324,B15,Florida Brilliance,2,2024-02-20,2024-01-08,2024-02-06,14,67.0,311.2101693121692,294.0,139.4,paper_informed_nonreactive,Extra Trees,within-season 5-fold CV over plots; fixed input history; horizon-specific models,1,5,98
2324,B43,Florida Brilliance,2,2024-02-20,2024-01-08,2024-02-06,14,318.0,321.8431255411254,285.0,171.8,paper_informed_nonreactive,Extra Trees,within-season 5-fold CV over plots; fixed input history; horizon-specific models,1,5,98
2324,B51,Florida Brilliance,2,2024-02-20,2024-01-08,2024-02-06,14,424.0,300.47659740259735,216.0,145.4,paper_informed_nonreactive,Extra Trees,within-season 5-fold CV over plots; fixed input history; horizon-specific models,1,5,98
2324,B52,Florida Brilliance,2,2024-02-20,2024-01-08,2024-02-06,14,407.0,264.03638624338635,472.0,225.0,paper_informed_nonreactive,Extra Trees,within-season 5-fold CV over plots; fixed input history; horizon-specific models,1,5,98
2324,B55,Florida Brilliance,2,2024-02-20,2024-01-08,2024-02-06,14,289.0,285.90121909571894,348.0,198.8,paper_informed_nonreactive,Extra Trees,within-season 5-fold CV over plots; fixed input history; horizon-specific models,1,5,98
2324,M22,Florida Medallion,2,2024-02-20,2024-01-08,2024-02-06,14,517.0,338.7299254449253,558.0,259.4,paper_informed_nonreactive,Extra Trees,within-season 5-fold CV over plots; fixed input history; horizon-specific models,1,5,98
2324,M23,Florida Medallion,2,2024-02-20,2024-01-08,2024-02-06,14,106.0,160.7593306878307,139.0,91.6,paper_informed_nonreactive,Extra Trees,within-season 5-fold CV over plots; fixed input history; horizon-specific models,1,5,98
2324,M53,Florida Medallion,2,2024-02-20,2024-01-08,2024-02-06,14,340.0,401.4451334776336,435.0,174.2,paper_informed_nonreactive,Extra Trees,within-season 5-fold CV over plots; fixed input history; horizon-specific models,1,5,98
2324,B22,Florida Brilliance,2,2024-02-20,2024-01-08,2024-02-06,14,264.0,238.47866666666658,236.0,167.4,paper_informed_nonreactive,Extra Trees,within-season 5-fold CV over plots; fixed input history; horizon-specific models,2,5,98
2324,B24,Florida Brilliance,2,2024-02-20,2024-01-08,2024-02-06,14,398.0,260.39099206349204,343.0,224.0,paper_informed_nonreactive,Extra Trees,within-season 5-fold CV over plots; fixed input history; horizon-specific models,2,5,98
2324,B25,Florida Brilliance,2,2024-02-20,2024-01-08,2024-02-06,14,266.0,313.1338864468863,507.0,290.4,paper_informed_nonreactive,Extra Trees,within-season 5-fold CV over plots; fixed input history; horizon-specific models,2,5,98
2324,B44,Florida Brilliance,2,2024-02-20,2024-01-08,2024-02-06,14,507.0,318.56182702482687,303.0,215.2,paper_informed_nonreactive,Extra Trees,within-season 5-fold CV over plots; fixed input history; horizon-specific models,2,5,98
2324,M21,Florida Medallion,2,2024-02-20,2024-01-08,2024-02-06,14,77.0,200.4887116402117,375.0,167.2,paper_informed_nonreactive,Extra Trees,within-season 5-fold CV over plots; fixed input history; horizon-specific models,2,5,98
2324,M42,Florida Medallion,2,2024-02-20,2024-01-08,2024-02-06,14,451.0,290.4403534798535,506.0,250.8,paper_informed_nonreactive,Extra Trees,within-season 5-fold CV over plots; fixed input history; horizon-specific models,2,5,98
2324,M45,Florida Medallion,2,2024-02-20,2024-01-08,2024-02-06,14,417.0,317.81541961741954,441.0,211.8,paper_informed_nonreactive,Extra Trees,within-season 5-fold CV over plots; fixed input history; horizon-specific models,2,5,98
2324,M55,Florida Medallion,2,2024-02-20,2024-01-08,2024-02-06,14,303.0,313.14858913308905,537.0,244.0,paper_informed_nonreactive,Extra Trees,within-season 5-fold CV over plots; fixed input history; horizon-specific models,2,5,98
2324,B11,Florida Brilliance,2,2024-02-20,2024-01-08,2024-02-06,14,143.0,204.52366666666677,264.0,133.0,paper_informed_nonreactive,Extra Trees,within-season 5-fold CV over plots; fixed input history; horizon-specific models,3,5,98
2324,B12,Florida Brilliance,2,2024-02-20,2024-01-08,2024-02-06,14,169.0,319.12409832759823,431.0,212.8,paper_informed_nonreactive,Extra Trees,within-season 5-fold CV over plots; fixed input history; horizon-specific models,3,5,98
2324,B21,Florida Brilliance,2,2024-02-20,2024-01-08,2024-02-06,14,144.0,195.19212962962965,237.0,82.6,paper_informed_nonreactive,Extra Trees,within-season 5-fold CV over plots; fixed input history; horizon-specific models,3,5,98
2324,B42,Florida Brilliance,2,2024-02-20,2024-01-08,2024-02-06,14,356.0,349.53052545602543,651.0,377.2,paper_informed_nonreactive,Extra Trees,within-season 5-fold CV over plots; fixed input history; horizon-specific models,3,5,98
2324,B53,Florida Brilliance,2,2024-02-20,2024-01-08,2024-02-06,14,166.0,273.26968514818503,391.0,207.0,paper_informed_nonreactive,Extra Trees,within-season 5-fold CV over plots; fixed input history; horizon-specific models,3,5,98
2324,M15,Florida Medallion,2,2024-02-20,2024-01-08,2024-02-06,14,445.0,355.50515025715026,477.0,290.6,paper_informed_nonreactive,Extra Trees,within-season 5-fold CV over plots; fixed input history; horizon-specific models,3,5,98
2324,M25,Florida Medallion,2,2024-02-20,2024-01-08,2024-02-06,14,194.0,248.49520346320355,365.0,112.0,paper_informed_nonreactive,Extra Trees,within-season 5-fold CV over plots; fixed input history; horizon-specific models,3,5,98
2324,M44,Florida Medallion,2,2024-02-20,2024-01-08,2024-02-06,14,297.0,340.7529825914826,357.0,223.8,paper_informed_nonreactive,Extra Trees,within-season 5-fold CV over plots; fixed input history; horizon-specific models,3,5,98
2324,B13,Florida Brilliance,2,2024-02-20,2024-01-08,2024-02-06,14,199.0,171.90301731601727,209.0,103.6,paper_informed_nonreactive,Extra Trees,within-season 5-fold CV over plots; fixed input history; horizon-specific models,4,5,98
2324,B14,Florida Brilliance,2,2024-02-20,2024-01-08,2024-02-06,14,100.0,257.0673916083915,188.0,106.8,paper_informed_nonreactive,Extra Trees,within-season 5-fold CV over plots; fixed input history; horizon-specific models,4,5,98
2324,M12,Florida Medallion,2,2024-02-20,2024-01-08,2024-02-06,14,479.0,312.77765567765573,484.0,270.6,paper_informed_nonreactive,Extra Trees,within-season 5-fold CV over plots; fixed input history; horizon-specific models,4,5,98
2324,M14,Florida Medallion,2,2024-02-20,2024-01-08,2024-02-06,14,421.0,363.95646880896874,562.0,385.0,paper_informed_nonreactive,Extra Trees,within-season 5-fold CV over plots; fixed input history; horizon-specific models,4,5,98
2324,M41,Florida Medallion,2,2024-02-20,2024-01-08,2024-02-06,14,232.0,384.4811345136347,298.0,163.8,paper_informed_nonreactive,Extra Trees,within-season 5-fold CV over plots; fixed input history; horizon-specific models,4,5,98
2324,M43,Florida Medallion,2,2024-02-20,2024-01-08,2024-02-06,14,394.0,327.34730118030114,225.0,176.8,paper_informed_nonreactive,Extra Trees,within-season 5-fold CV over plots; fixed input history; horizon-specific models,4,5,98
2324,M51,Florida Medallion,2,2024-02-20,2024-01-08,2024-02-06,14,278.0,331.5077539682542,511.0,225.4,paper_informed_nonreactive,Extra Trees,within-season 5-fold CV over plots; fixed input history; horizon-specific models,4,5,98
2324,M52,Florida Medallion,2,2024-02-20,2024-01-08,2024-02-06,14,305.0,378.6783954563954,1077.0,431.2,paper_informed_nonreactive,Extra Trees,within-season 5-fold CV over plots; fixed input history; horizon-specific models,4,5,98
2324,B23,Florida Brilliance,2,2024-02-20,2024-01-08,2024-02-06,14,279.0,209.49828751803747,228.0,182.0,paper_informed_nonreactive,Extra Trees,within-season 5-fold CV over plots; fixed input history; horizon-specific models,5,5,98
2324,B41,Florida Brilliance,2,2024-02-20,2024-01-08,2024-02-06,14,256.0,253.12610826210818,707.0,213.2,paper_informed_nonreactive,Extra Trees,within-season 5-fold CV over plots; fixed input history; horizon-specific models,5,5,98
2324,B45,Florida Brilliance,2,2024-02-20,2024-01-08,2024-02-06,14,258.0,346.9817336922337,589.0,399.2,paper_informed_nonreactive,Extra Trees,within-season 5-fold CV over plots; fixed input history; horizon-specific models,5,5,98
2324,B54,Florida Brilliance,2,2024-02-20,2024-01-08,2024-02-06,14,473.0,357.17987558737565,454.0,259.0,paper_informed_nonreactive,Extra Trees,within-season 5-fold CV over plots; fixed input history; horizon-specific models,5,5,98
2324,M11,Florida Medallion,2,2024-02-20,2024-01-08,2024-02-06,14,84.0,142.7566111111111,125.0,69.6,paper_informed_nonreactive,Extra Trees,within-season 5-fold CV over plots; fixed input history; horizon-specific models,5,5,98
2324,M13,Florida Medallion,2,2024-02-20,2024-01-08,2024-02-06,14,341.0,360.0391266788768,400.0,174.0,paper_informed_nonreactive,Extra Trees,within-season 5-fold CV over plots; fixed input history; horizon-specific models,5,5,98
2324,M24,Florida Medallion,2,2024-02-20,2024-01-08,2024-02-06,14,192.0,158.37805555555553,238.0,93.2,paper_informed_nonreactive,Extra Trees,within-season 5-fold CV over plots; fixed input history; horizon-specific models,5,5,98
2324,M54,Florida Medallion,2,2024-02-20,2024-01-08,2024-02-06,14,156.0,182.76060185185182,328.0,150.4,paper_informed_nonreactive,Extra Trees,within-season 5-fold CV over plots; fixed input history; horizon-specific models,5,5,98
2324,B15,Florida Brilliance,2,2024-02-20,2024-01-08,2024-02-06,14,67.0,311.1418505399541,294.0,139.4,paper_informed_nonreactive,Gradient Boosting,within-season 5-fold CV over plots; fixed input history; horizon-specific models,1,5,98
2324,B43,Florida Brilliance,2,2024-02-20,2024-01-08,2024-02-06,14,318.0,335.0448260450483,285.0,171.8,paper_informed_nonreactive,Gradient Boosting,within-season 5-fold CV over plots; fixed input history; horizon-specific models,1,5,98
2324,B51,Florida Brilliance,2,2024-02-20,2024-01-08,2024-02-06,14,424.0,321.79906946567115,216.0,145.4,paper_informed_nonreactive,Gradient Boosting,within-season 5-fold CV over plots; fixed input history; horizon-specific models,1,5,98
2324,B52,Florida Brilliance,2,2024-02-20,2024-01-08,2024-02-06,14,407.0,237.6532937032089,472.0,225.0,paper_informed_nonreactive,Gradient Boosting,within-season 5-fold CV over plots; fixed input history; horizon-specific models,1,5,98
2324,B55,Florida Brilliance,2,2024-02-20,2024-01-08,2024-02-06,14,289.0,306.58346557986056,348.0,198.8,paper_informed_nonreactive,Gradient Boosting,within-season 5-fold CV over plots; fixed input history; horizon-specific models,1,5,98
2324,M22,Florida Medallion,2,2024-02-20,2024-01-08,2024-02-06,14,517.0,306.6457359229186,558.0,259.4,paper_informed_nonreactive,Gradient Boosting,within-season 5-fold CV over plots; fixed input history; horizon-specific models,1,5,98
2324,M23,Florida Medallion,2,2024-02-20,2024-01-08,2024-02-06,14,106.0,178.1400313310129,139.0,91.6,paper_informed_nonreactive,Gradient Boosting,within-season 5-fold CV over plots; fixed input history; horizon-specific models,1,5,98
2324,M53,Florida Medallion,2,2024-02-20,2024-01-08,2024-02-06,14,340.0,418.82363217042996,435.0,174.2,paper_informed_nonreactive,Gradient Boosting,within-season 5-fold CV over plots; fixed input history; horizon-specific models,1,5,98
2324,B22,Florida Brilliance,2,2024-02-20,2024-01-08,2024-02-06,14,264.0,260.2314222693146,236.0,167.4,paper_informed_nonreactive,Gradient Boosting,within-season 5-fold CV over plots; fixed input history; horizon-specific models,2,5,98
2324,B24,Florida Brilliance,2,2024-02-20,2024-01-08,2024-02-06,14,398.0,253.32668266145728,343.0,224.0,paper_informed_nonreactive,Gradient Boosting,within-season 5-fold CV over plots; fixed input history; horizon-specific models,2,5,98
2324,B25,Florida Brilliance,2,2024-02-20,2024-01-08,2024-02-06,14,266.0,368.39981821567,507.0,290.4,paper_informed_nonreactive,Gradient Boosting,within-season 5-fold CV over plots; fixed input history; horizon-specific models,2,5,98
2324,B44,Florida Brilliance,2,2024-02-20,2024-01-08,2024-02-06,14,507.0,317.71021308950304,303.0,215.2,paper_informed_nonreactive,Gradient Boosting,within-season 5-fold CV over plots; fixed input history; horizon-specific models,2,5,98
2324,M21,Florida Medallion,2,2024-02-20,2024-01-08,2024-02-06,14,77.0,266.89642254319944,375.0,167.2,paper_informed_nonreactive,Gradient Boosting,within-season 5-fold CV over plots; fixed input history; horizon-specific models,2,5,98
2324,M42,Florida Medallion,2,2024-02-20,2024-01-08,2024-02-06,14,451.0,344.0429326518043,506.0,250.8,paper_informed_nonreactive,Gradient Boosting,within-season 5-fold CV over plots; fixed input history; horizon-specific models,2,5,98
2324,M45,Florida Medallion,2,2024-02-20,2024-01-08,2024-02-06,14,417.0,282.83517341412437,441.0,211.8,paper_informed_nonreactive,Gradient Boosting,within-season 5-fold CV over plots; fixed input history; horizon-specific models,2,5,98
2324,M55,Florida Medallion,2,2024-02-20,2024-01-08,2024-02-06,14,303.0,274.2899546021279,537.0,244.0,paper_informed_nonreactive,Gradient Boosting,within-season 5-fold CV over plots; fixed input history; horizon-specific models,2,5,98
2324,B11,Florida Brilliance,2,2024-02-20,2024-01-08,2024-02-06,14,143.0,218.10850633700065,264.0,133.0,paper_informed_nonreactive,Gradient Boosting,within-season 5-fold CV over plots; fixed input history; horizon-specific models,3,5,98
2324,B12,Florida Brilliance,2,2024-02-20,2024-01-08,2024-02-06,14,169.0,317.3498151150923,431.0,212.8,paper_informed_nonreactive,Gradient Boosting,within-season 5-fold CV over plots; fixed input history; horizon-specific models,3,5,98
2324,B21,Florida Brilliance,2,2024-02-20,2024-01-08,2024-02-06,14,144.0,160.52770155240788,237.0,82.6,paper_informed_nonreactive,Gradient Boosting,within-season 5-fold CV over plots; fixed input history; horizon-specific models,3,5,98
2324,B42,Florida Brilliance,2,2024-02-20,2024-01-08,2024-02-06,14,356.0,407.1615271298921,651.0,377.2,paper_informed_nonreactive,Gradient Boosting,within-season 5-fold CV over plots; fixed input history; horizon-specific models,3,5,98
2324,B53,Florida Brilliance,2,2024-02-20,2024-01-08,2024-02-06,14,166.0,217.94684491038402,391.0,207.0,paper_informed_nonreactive,Gradient Boosting,within-season 5-fold CV over plots; fixed input history; horizon-specific models,3,5,98
2324,M15,Florida Medallion,2,2024-02-20,2024-01-08,2024-02-06,14,445.0,315.5490838117963,477.0,290.6,paper_informed_nonreactive,Gradient Boosting,within-season 5-fold CV over plots; fixed input history; horizon-specific models,3,5,98
2324,M25,Florida Medallion,2,2024-02-20,2024-01-08,2024-02-06,14,194.0,268.8120572879641,365.0,112.0,paper_informed_nonreactive,Gradient Boosting,within-season 5-fold CV over plots; fixed input history; horizon-specific models,3,5,98
2324,M44,Florida Medallion,2,2024-02-20,2024-01-08,2024-02-06,14,297.0,344.33407900453386,357.0,223.8,paper_informed_nonreactive,Gradient Boosting,within-season 5-fold CV over plots; fixed input history; horizon-specific models,3,5,98
2324,B13,Florida Brilliance,2,2024-02-20,2024-01-08,2024-02-06,14,199.0,171.90839747132077,209.0,103.6,paper_informed_nonreactive,Gradient Boosting,within-season 5-fold CV over plots; fixed input history; horizon-specific models,4,5,98
2324,B14,Florida Brilliance,2,2024-02-20,2024-01-08,2024-02-06,14,100.0,190.64756470057876,188.0,106.8,paper_informed_nonreactive,Gradient Boosting,within-season 5-fold CV over plots; fixed input history; horizon-specific models,4,5,98
2324,M12,Florida Medallion,2,2024-02-20,2024-01-08,2024-02-06,14,479.0,256.597163906472,484.0,270.6,paper_informed_nonreactive,Gradient Boosting,within-season 5-fold CV over plots; fixed input history; horizon-specific models,4,5,98
2324,M14,Florida Medallion,2,2024-02-20,2024-01-08,2024-02-06,14,421.0,338.86105687052634,562.0,385.0,paper_informed_nonreactive,Gradient Boosting,within-season 5-fold CV over plots; fixed input history; horizon-specific models,4,5,98
2324,M41,Florida Medallion,2,2024-02-20,2024-01-08,2024-02-06,14,232.0,423.3800052358609,298.0,163.8,paper_informed_nonreactive,Gradient Boosting,within-season 5-fold CV over plots; fixed input history; horizon-specific models,4,5,98
2324,M43,Florida Medallion,2,2024-02-20,2024-01-08,2024-02-06,14,394.0,298.3075965296483,225.0,176.8,paper_informed_nonreactive,Gradient Boosting,within-season 5-fold CV over plots; fixed input history; horizon-specific models,4,5,98
2324,M51,Florida Medallion,2,2024-02-20,2024-01-08,2024-02-06,14,278.0,320.8733171919674,511.0,225.4,paper_informed_nonreactive,Gradient Boosting,within-season 5-fold CV over plots; fixed input history; horizon-specific models,4,5,98
2324,M52,Florida Medallion,2,2024-02-20,2024-01-08,2024-02-06,14,305.0,355.68826180310583,1077.0,431.2,paper_informed_nonreactive,Gradient Boosting,within-season 5-fold CV over plots; fixed input history; horizon-specific models,4,5,98
2324,B23,Florida Brilliance,2,2024-02-20,2024-01-08,2024-02-06,14,279.0,218.02815353543926,228.0,182.0,paper_informed_nonreactive,Gradient Boosting,within-season 5-fold CV over plots; fixed input history; horizon-specific models,5,5,98
2324,B41,Florida Brilliance,2,2024-02-20,2024-01-08,2024-02-06,14,256.0,206.9917614742888,707.0,213.2,paper_informed_nonreactive,Gradient Boosting,within-season 5-fold CV over plots; fixed input history; horizon-specific models,5,5,98
2324,B45,Florida Brilliance,2,2024-02-20,2024-01-08,2024-02-06,14,258.0,408.4187606937155,589.0,399.2,paper_informed_nonreactive,Gradient Boosting,within-season 5-fold CV over plots; fixed input history; horizon-specific models,5,5,98
2324,B54,Florida Brilliance,2,2024-02-20,2024-01-08,2024-02-06,14,473.0,381.9894669248851,454.0,259.0,paper_informed_nonreactive,Gradient Boosting,within-season 5-fold CV over plots; fixed input history; horizon-specific models,5,5,98
2324,M11,Florida Medallion,2,2024-02-20,2024-01-08,2024-02-06,14,84.0,191.34702159073464,125.0,69.6,paper_informed_nonreactive,Gradient Boosting,within-season 5-fold CV over plots; fixed input history; horizon-specific models,5,5,98
2324,M13,Florida Medallion,2,2024-02-20,2024-01-08,2024-02-06,14,341.0,373.0466464920803,400.0,174.0,paper_informed_nonreactive,Gradient Boosting,within-season 5-fold CV over plots; fixed input history; horizon-specific models,5,5,98
2324,M24,Florida Medallion,2,2024-02-20,2024-01-08,2024-02-06,14,192.0,205.1800382562071,238.0,93.2,paper_informed_nonreactive,Gradient Boosting,within-season 5-fold CV over plots; fixed input history; horizon-specific models,5,5,98
2324,M54,Florida Medallion,2,2024-02-20,2024-01-08,2024-02-06,14,156.0,136.832068039349,328.0,150.4,paper_informed_nonreactive,Gradient Boosting,within-season 5-fold CV over plots; fixed input history; horizon-specific models,5,5,98
2324,B15,Florida Brilliance,2,2024-02-20,2024-01-08,2024-02-06,14,67.0,282.625,294.0,139.4,paper_informed_nonreactive,HistGradientBoosting,within-season 5-fold CV over plots; fixed input history; horizon-specific models,1,5,98
2324,B43,Florida Brilliance,2,2024-02-20,2024-01-08,2024-02-06,14,318.0,282.625,285.0,171.8,paper_informed_nonreactive,HistGradientBoosting,within-season 5-fold CV over plots; fixed input history; horizon-specific models,1,5,98
2324,B51,Florida Brilliance,2,2024-02-20,2024-01-08,2024-02-06,14,424.0,282.625,216.0,145.4,paper_informed_nonreactive,HistGradientBoosting,within-season 5-fold CV over plots; fixed input history; horizon-specific models,1,5,98
2324,B52,Florida Brilliance,2,2024-02-20,2024-01-08,2024-02-06,14,407.0,282.625,472.0,225.0,paper_informed_nonreactive,HistGradientBoosting,within-season 5-fold CV over plots; fixed input history; horizon-specific models,1,5,98
2324,B55,Florida Brilliance,2,2024-02-20,2024-01-08,2024-02-06,14,289.0,282.625,348.0,198.8,paper_informed_nonreactive,HistGradientBoosting,within-season 5-fold CV over plots; fixed input history; horizon-specific models,1,5,98
2324,M22,Florida Medallion,2,2024-02-20,2024-01-08,2024-02-06,14,517.0,282.625,558.0,259.4,paper_informed_nonreactive,HistGradientBoosting,within-season 5-fold CV over plots; fixed input history; horizon-specific models,1,5,98
2324,M23,Florida Medallion,2,2024-02-20,2024-01-08,2024-02-06,14,106.0,282.625,139.0,91.6,paper_informed_nonreactive,HistGradientBoosting,within-season 5-fold CV over plots; fixed input history; horizon-specific models,1,5,98
2324,M53,Florida Medallion,2,2024-02-20,2024-01-08,2024-02-06,14,340.0,282.625,435.0,174.2,paper_informed_nonreactive,HistGradientBoosting,within-season 5-fold CV over plots; fixed input history; horizon-specific models,1,5,98
2324,B22,Florida Brilliance,2,2024-02-20,2024-01-08,2024-02-06,14,264.0,275.90625,236.0,167.4,paper_informed_nonreactive,HistGradientBoosting,within-season 5-fold CV over plots; fixed input history; horizon-specific models,2,5,98
2324,B24,Florida Brilliance,2,2024-02-20,2024-01-08,2024-02-06,14,398.0,275.90625,343.0,224.0,paper_informed_nonreactive,HistGradientBoosting,within-season 5-fold CV over plots; fixed input history; horizon-specific models,2,5,98
2324,B25,Florida Brilliance,2,2024-02-20,2024-01-08,2024-02-06,14,266.0,275.90625,507.0,290.4,paper_informed_nonreactive,HistGradientBoosting,within-season 5-fold CV over plots; fixed input history; horizon-specific models,2,5,98
2324,B44,Florida Brilliance,2,2024-02-20,2024-01-08,2024-02-06,14,507.0,275.90625,303.0,215.2,paper_informed_nonreactive,HistGradientBoosting,within-season 5-fold CV over plots; fixed input history; horizon-specific models,2,5,98
2324,M21,Florida Medallion,2,2024-02-20,2024-01-08,2024-02-06,14,77.0,275.90625,375.0,167.2,paper_informed_nonreactive,HistGradientBoosting,within-season 5-fold CV over plots; fixed input history; horizon-specific models,2,5,98
2324,M42,Florida Medallion,2,2024-02-20,2024-01-08,2024-02-06,14,451.0,275.90625,506.0,250.8,paper_informed_nonreactive,HistGradientBoosting,within-season 5-fold CV over plots; fixed input history; horizon-specific models,2,5,98
2324,M45,Florida Medallion,2,2024-02-20,2024-01-08,2024-02-06,14,417.0,275.90625,441.0,211.8,paper_informed_nonreactive,HistGradientBoosting,within-season 5-fold CV over plots; fixed input history; horizon-specific models,2,5,98
2324,M55,Florida Medallion,2,2024-02-20,2024-01-08,2024-02-06,14,303.0,275.90625,537.0,244.0,paper_informed_nonreactive,HistGradientBoosting,within-season 5-fold CV over plots; fixed input history; horizon-specific models,2,5,98
2324,B11,Florida Brilliance,2,2024-02-20,2024-01-08,2024-02-06,14,143.0,299.9375,264.0,133.0,paper_informed_nonreactive,HistGradientBoosting,within-season 5-fold CV over plots; fixed input history; horizon-specific models,3,5,98
2324,B12,Florida Brilliance,2,2024-02-20,2024-01-08,2024-02-06,14,169.0,299.9375,431.0,212.8,paper_informed_nonreactive,HistGradientBoosting,within-season 5-fold CV over plots; fixed input history; horizon-specific models,3,5,98
2324,B21,Florida Brilliance,2,2024-02-20,2024-01-08,2024-02-06,14,144.0,299.9375,237.0,82.6,paper_informed_nonreactive,HistGradientBoosting,within-season 5-fold CV over plots; fixed input history; horizon-specific models,3,5,98
2324,B42,Florida Brilliance,2,2024-02-20,2024-01-08,2024-02-06,14,356.0,299.9375,651.0,377.2,paper_informed_nonreactive,HistGradientBoosting,within-season 5-fold CV over plots; fixed input history; horizon-specific models,3,5,98
2324,B53,Florida Brilliance,2,2024-02-20,2024-01-08,2024-02-06,14,166.0,299.9375,391.0,207.0,paper_informed_nonreactive,HistGradientBoosting,within-season 5-fold CV over plots; fixed input history; horizon-specific models,3,5,98
2324,M15,Florida Medallion,2,2024-02-20,2024-01-08,2024-02-06,14,445.0,299.9375,477.0,290.6,paper_informed_nonreactive,HistGradientBoosting,within-season 5-fold CV over plots; fixed input history; horizon-specific models,3,5,98
2324,M25,Florida Medallion,2,2024-02-20,2024-01-08,2024-02-06,14,194.0,299.9375,365.0,112.0,paper_informed_nonreactive,HistGradientBoosting,within-season 5-fold CV over plots; fixed input history; horizon-specific models,3,5,98
2324,M44,Florida Medallion,2,2024-02-20,2024-01-08,2024-02-06,14,297.0,299.9375,357.0,223.8,paper_informed_nonreactive,HistGradientBoosting,within-season 5-fold CV over plots; fixed input history; horizon-specific models,3,5,98
2324,B13,Florida Brilliance,2,2024-02-20,2024-01-08,2024-02-06,14,199.0,284.5,209.0,103.6,paper_informed_nonreactive,HistGradientBoosting,within-season 5-fold CV over plots; fixed input history; horizon-specific models,4,5,98
2324,B14,Florida Brilliance,2,2024-02-20,2024-01-08,2024-02-06,14,100.0,284.5,188.0,106.8,paper_informed_nonreactive,HistGradientBoosting,within-season 5-fold CV over plots; fixed input history; horizon-specific models,4,5,98
2324,M12,Florida Medallion,2,2024-02-20,2024-01-08,2024-02-06,14,479.0,284.5,484.0,270.6,paper_informed_nonreactive,HistGradientBoosting,within-season 5-fold CV over plots; fixed input history; horizon-specific models,4,5,98
2324,M14,Florida Medallion,2,2024-02-20,2024-01-08,2024-02-06,14,421.0,284.5,562.0,385.0,paper_informed_nonreactive,HistGradientBoosting,within-season 5-fold CV over plots; fixed input history; horizon-specific models,4,5,98
2324,M41,Florida Medallion,2,2024-02-20,2024-01-08,2024-02-06,14,232.0,284.5,298.0,163.8,paper_informed_nonreactive,HistGradientBoosting,within-season 5-fold CV over plots; fixed input history; horizon-specific models,4,5,98
2324,M43,Florida Medallion,2,2024-02-20,2024-01-08,2024-02-06,14,394.0,284.5,225.0,176.8,paper_informed_nonreactive,HistGradientBoosting,within-season 5-fold CV over plots; fixed input history; horizon-specific models,4,5,98
2324,M51,Florida Medallion,2,2024-02-20,2024-01-08,2024-02-06,14,278.0,284.5,511.0,225.4,paper_informed_nonreactive,HistGradientBoosting,within-season 5-fold CV over plots; fixed input history; horizon-specific models,4,5,98
2324,M52,Florida Medallion,2,2024-02-20,2024-01-08,2024-02-06,14,305.0,284.5,1077.0,431.2,paper_informed_nonreactive,HistGradientBoosting,within-season 5-fold CV over plots; fixed input history; horizon-specific models,4,5,98
2324,B23,Florida Brilliance,2,2024-02-20,2024-01-08,2024-02-06,14,279.0,296.03125,228.0,182.0,paper_informed_nonreactive,HistGradientBoosting,within-season 5-fold CV over plots; fixed input history; horizon-specific models,5,5,98
2324,B41,Florida Brilliance,2,2024-02-20,2024-01-08,2024-02-06,14,256.0,296.03125,707.0,213.2,paper_informed_nonreactive,HistGradientBoosting,within-season 5-fold CV over plots; fixed input history; horizon-specific models,5,5,98
2324,B45,Florida Brilliance,2,2024-02-20,2024-01-08,2024-02-06,14,258.0,296.03125,589.0,399.2,paper_informed_nonreactive,HistGradientBoosting,within-season 5-fold CV over plots; fixed input history; horizon-specific models,5,5,98
2324,B54,Florida Brilliance,2,2024-02-20,2024-01-08,2024-02-06,14,473.0,296.03125,454.0,259.0,paper_informed_nonreactive,HistGradientBoosting,within-season 5-fold CV over plots; fixed input history; horizon-specific models,5,5,98
2324,M11,Florida Medallion,2,2024-02-20,2024-01-08,2024-02-06,14,84.0,296.03125,125.0,69.6,paper_informed_nonreactive,HistGradientBoosting,within-season 5-fold CV over plots; fixed input history; horizon-specific models,5,5,98
2324,M13,Florida Medallion,2,2024-02-20,2024-01-08,2024-02-06,14,341.0,296.03125,400.0,174.0,paper_informed_nonreactive,HistGradientBoosting,within-season 5-fold CV over plots; fixed input history; horizon-specific models,5,5,98
2324,M24,Florida Medallion,2,2024-02-20,2024-01-08,2024-02-06,14,192.0,296.03125,238.0,93.2,paper_informed_nonreactive,HistGradientBoosting,within-season 5-fold CV over plots; fixed input history; horizon-specific models,5,5,98
2324,M54,Florida Medallion,2,2024-02-20,2024-01-08,2024-02-06,14,156.0,296.03125,328.0,150.4,paper_informed_nonreactive,HistGradientBoosting,within-season 5-fold CV over plots; fixed input history; horizon-specific models,5,5,98
2324,B15,Florida Brilliance,3,2024-02-27,2024-01-08,2024-02-06,21,165.0,397.4375,294.0,139.4,paper_informed_nonreactive,Training horizon mean baseline,within-season 5-fold CV over plots; fixed input history; horizon-specific models,1,5,0
2324,B43,Florida Brilliance,3,2024-02-27,2024-01-08,2024-02-06,21,352.0,397.4375,285.0,171.8,paper_informed_nonreactive,Training horizon mean baseline,within-season 5-fold CV over plots; fixed input history; horizon-specific models,1,5,0
2324,B51,Florida Brilliance,3,2024-02-27,2024-01-08,2024-02-06,21,485.0,397.4375,216.0,145.4,paper_informed_nonreactive,Training horizon mean baseline,within-season 5-fold CV over plots; fixed input history; horizon-specific models,1,5,0
2324,B52,Florida Brilliance,3,2024-02-27,2024-01-08,2024-02-06,21,283.0,397.4375,472.0,225.0,paper_informed_nonreactive,Training horizon mean baseline,within-season 5-fold CV over plots; fixed input history; horizon-specific models,1,5,0
2324,B55,Florida Brilliance,3,2024-02-27,2024-01-08,2024-02-06,21,233.0,397.4375,348.0,198.8,paper_informed_nonreactive,Training horizon mean baseline,within-season 5-fold CV over plots; fixed input history; horizon-specific models,1,5,0
2324,M22,Florida Medallion,3,2024-02-27,2024-01-08,2024-02-06,21,272.0,397.4375,558.0,259.4,paper_informed_nonreactive,Training horizon mean baseline,within-season 5-fold CV over plots; fixed input history; horizon-specific models,1,5,0
2324,M23,Florida Medallion,3,2024-02-27,2024-01-08,2024-02-06,21,151.0,397.4375,139.0,91.6,paper_informed_nonreactive,Training horizon mean baseline,within-season 5-fold CV over plots; fixed input history; horizon-specific models,1,5,0
2324,M53,Florida Medallion,3,2024-02-27,2024-01-08,2024-02-06,21,426.0,397.4375,435.0,174.2,paper_informed_nonreactive,Training horizon mean baseline,within-season 5-fold CV over plots; fixed input history; horizon-specific models,1,5,0
2324,B22,Florida Brilliance,3,2024-02-27,2024-01-08,2024-02-06,21,430.0,349.125,236.0,167.4,paper_informed_nonreactive,Training horizon mean baseline,within-season 5-fold CV over plots; fixed input history; horizon-specific models,2,5,0
2324,B24,Florida Brilliance,3,2024-02-27,2024-01-08,2024-02-06,21,659.0,349.125,343.0,224.0,paper_informed_nonreactive,Training horizon mean baseline,within-season 5-fold CV over plots; fixed input history; horizon-specific models,2,5,0
2324,B25,Florida Brilliance,3,2024-02-27,2024-01-08,2024-02-06,21,616.0,349.125,507.0,290.4,paper_informed_nonreactive,Training horizon mean baseline,within-season 5-fold CV over plots; fixed input history; horizon-specific models,2,5,0
2324,B44,Florida Brilliance,3,2024-02-27,2024-01-08,2024-02-06,21,636.0,349.125,303.0,215.2,paper_informed_nonreactive,Training horizon mean baseline,within-season 5-fold CV over plots; fixed input history; horizon-specific models,2,5,0
2324,M21,Florida Medallion,3,2024-02-27,2024-01-08,2024-02-06,21,242.0,349.125,375.0,167.2,paper_informed_nonreactive,Training horizon mean baseline,within-season 5-fold CV over plots; fixed input history; horizon-specific models,2,5,0
2324,M42,Florida Medallion,3,2024-02-27,2024-01-08,2024-02-06,21,461.0,349.125,506.0,250.8,paper_informed_nonreactive,Training horizon mean baseline,within-season 5-fold CV over plots; fixed input history; horizon-specific models,2,5,0
2324,M45,Florida Medallion,3,2024-02-27,2024-01-08,2024-02-06,21,530.0,349.125,441.0,211.8,paper_informed_nonreactive,Training horizon mean baseline,within-season 5-fold CV over plots; fixed input history; horizon-specific models,2,5,0
2324,M55,Florida Medallion,3,2024-02-27,2024-01-08,2024-02-06,21,339.0,349.125,537.0,244.0,paper_informed_nonreactive,Training horizon mean baseline,within-season 5-fold CV over plots; fixed input history; horizon-specific models,2,5,0
2324,B11,Florida Brilliance,3,2024-02-27,2024-01-08,2024-02-06,21,128.0,394.78125,264.0,133.0,paper_informed_nonreactive,Training horizon mean baseline,within-season 5-fold CV over plots; fixed input history; horizon-specific models,3,5,0
2324,B12,Florida Brilliance,3,2024-02-27,2024-01-08,2024-02-06,21,402.0,394.78125,431.0,212.8,paper_informed_nonreactive,Training horizon mean baseline,within-season 5-fold CV over plots; fixed input history; horizon-specific models,3,5,0
2324,B21,Florida Brilliance,3,2024-02-27,2024-01-08,2024-02-06,21,300.0,394.78125,237.0,82.6,paper_informed_nonreactive,Training horizon mean baseline,within-season 5-fold CV over plots; fixed input history; horizon-specific models,3,5,0
2324,B42,Florida Brilliance,3,2024-02-27,2024-01-08,2024-02-06,21,471.0,394.78125,651.0,377.2,paper_informed_nonreactive,Training horizon mean baseline,within-season 5-fold CV over plots; fixed input history; horizon-specific models,3,5,0
2324,B53,Florida Brilliance,3,2024-02-27,2024-01-08,2024-02-06,21,299.0,394.78125,391.0,207.0,paper_informed_nonreactive,Training horizon mean baseline,within-season 5-fold CV over plots; fixed input history; horizon-specific models,3,5,0
2324,M15,Florida Medallion,3,2024-02-27,2024-01-08,2024-02-06,21,502.0,394.78125,477.0,290.6,paper_informed_nonreactive,Training horizon mean baseline,within-season 5-fold CV over plots; fixed input history; horizon-specific models,3,5,0
2324,M25,Florida Medallion,3,2024-02-27,2024-01-08,2024-02-06,21,114.0,394.78125,365.0,112.0,paper_informed_nonreactive,Training horizon mean baseline,within-season 5-fold CV over plots; fixed input history; horizon-specific models,3,5,0
2324,M44,Florida Medallion,3,2024-02-27,2024-01-08,2024-02-06,21,236.0,394.78125,357.0,223.8,paper_informed_nonreactive,Training horizon mean baseline,within-season 5-fold CV over plots; fixed input history; horizon-specific models,3,5,0
2324,B13,Florida Brilliance,3,2024-02-27,2024-01-08,2024-02-06,21,253.0,361.71875,209.0,103.6,paper_informed_nonreactive,Training horizon mean baseline,within-season 5-fold CV over plots; fixed input history; horizon-specific models,4,5,0
2324,B14,Florida Brilliance,3,2024-02-27,2024-01-08,2024-02-06,21,359.0,361.71875,188.0,106.8,paper_informed_nonreactive,Training horizon mean baseline,within-season 5-fold CV over plots; fixed input history; horizon-specific models,4,5,0
2324,M12,Florida Medallion,3,2024-02-27,2024-01-08,2024-02-06,21,617.0,361.71875,484.0,270.6,paper_informed_nonreactive,Training horizon mean baseline,within-season 5-fold CV over plots; fixed input history; horizon-specific models,4,5,0
2324,M14,Florida Medallion,3,2024-02-27,2024-01-08,2024-02-06,21,566.0,361.71875,562.0,385.0,paper_informed_nonreactive,Training horizon mean baseline,within-season 5-fold CV over plots; fixed input history; horizon-specific models,4,5,0
2324,M41,Florida Medallion,3,2024-02-27,2024-01-08,2024-02-06,21,283.0,361.71875,298.0,163.8,paper_informed_nonreactive,Training horizon mean baseline,within-season 5-fold CV over plots; fixed input history; horizon-specific models,4,5,0
2324,M43,Florida Medallion,3,2024-02-27,2024-01-08,2024-02-06,21,390.0,361.71875,225.0,176.8,paper_informed_nonreactive,Training horizon mean baseline,within-season 5-fold CV over plots; fixed input history; horizon-specific models,4,5,0
2324,M51,Florida Medallion,3,2024-02-27,2024-01-08,2024-02-06,21,568.0,361.71875,511.0,225.4,paper_informed_nonreactive,Training horizon mean baseline,within-season 5-fold CV over plots; fixed input history; horizon-specific models,4,5,0
2324,M52,Florida Medallion,3,2024-02-27,2024-01-08,2024-02-06,21,474.0,361.71875,1077.0,431.2,paper_informed_nonreactive,Training horizon mean baseline,within-season 5-fold CV over plots; fixed input history; horizon-specific models,4,5,0
2324,B23,Florida Brilliance,3,2024-02-27,2024-01-08,2024-02-06,21,468.0,382.5625,228.0,182.0,paper_informed_nonreactive,Training horizon mean baseline,within-season 5-fold CV over plots; fixed input history; horizon-specific models,5,5,0
2324,B41,Florida Brilliance,3,2024-02-27,2024-01-08,2024-02-06,21,673.0,382.5625,707.0,213.2,paper_informed_nonreactive,Training horizon mean baseline,within-season 5-fold CV over plots; fixed input history; horizon-specific models,5,5,0
2324,B45,Florida Brilliance,3,2024-02-27,2024-01-08,2024-02-06,21,275.0,382.5625,589.0,399.2,paper_informed_nonreactive,Training horizon mean baseline,within-season 5-fold CV over plots; fixed input history; horizon-specific models,5,5,0
2324,B54,Florida Brilliance,3,2024-02-27,2024-01-08,2024-02-06,21,490.0,382.5625,454.0,259.0,paper_informed_nonreactive,Training horizon mean baseline,within-season 5-fold CV over plots; fixed input history; horizon-specific models,5,5,0
2324,M11,Florida Medallion,3,2024-02-27,2024-01-08,2024-02-06,21,176.0,382.5625,125.0,69.6,paper_informed_nonreactive,Training horizon mean baseline,within-season 5-fold CV over plots; fixed input history; horizon-specific models,5,5,0
2324,M13,Florida Medallion,3,2024-02-27,2024-01-08,2024-02-06,21,305.0,382.5625,400.0,174.0,paper_informed_nonreactive,Training horizon mean baseline,within-season 5-fold CV over plots; fixed input history; horizon-specific models,5,5,0
2324,M24,Florida Medallion,3,2024-02-27,2024-01-08,2024-02-06,21,157.0,382.5625,238.0,93.2,paper_informed_nonreactive,Training horizon mean baseline,within-season 5-fold CV over plots; fixed input history; horizon-specific models,5,5,0
2324,M54,Florida Medallion,3,2024-02-27,2024-01-08,2024-02-06,21,299.0,382.5625,328.0,150.4,paper_informed_nonreactive,Training horizon mean baseline,within-season 5-fold CV over plots; fixed input history; horizon-specific models,5,5,0
2324,B15,Florida Brilliance,3,2024-02-27,2024-01-08,2024-02-06,21,165.0,430.6,294.0,139.4,paper_informed_nonreactive,Cultivar horizon mean baseline,within-season 5-fold CV over plots; fixed input history; horizon-specific models,1,5,0
2324,B43,Florida Brilliance,3,2024-02-27,2024-01-08,2024-02-06,21,352.0,430.6,285.0,171.8,paper_informed_nonreactive,Cultivar horizon mean baseline,within-season 5-fold CV over plots; fixed input history; horizon-specific models,1,5,0
2324,B51,Florida Brilliance,3,2024-02-27,2024-01-08,2024-02-06,21,485.0,430.6,216.0,145.4,paper_informed_nonreactive,Cultivar horizon mean baseline,within-season 5-fold CV over plots; fixed input history; horizon-specific models,1,5,0
2324,B52,Florida Brilliance,3,2024-02-27,2024-01-08,2024-02-06,21,283.0,430.6,472.0,225.0,paper_informed_nonreactive,Cultivar horizon mean baseline,within-season 5-fold CV over plots; fixed input history; horizon-specific models,1,5,0
2324,B55,Florida Brilliance,3,2024-02-27,2024-01-08,2024-02-06,21,233.0,430.6,348.0,198.8,paper_informed_nonreactive,Cultivar horizon mean baseline,within-season 5-fold CV over plots; fixed input history; horizon-specific models,1,5,0
2324,M22,Florida Medallion,3,2024-02-27,2024-01-08,2024-02-06,21,272.0,368.1764705882353,558.0,259.4,paper_informed_nonreactive,Cultivar horizon mean baseline,within-season 5-fold CV over plots; fixed input history; horizon-specific models,1,5,0
2324,M23,Florida Medallion,3,2024-02-27,2024-01-08,2024-02-06,21,151.0,368.1764705882353,139.0,91.6,paper_informed_nonreactive,Cultivar horizon mean baseline,within-season 5-fold CV over plots; fixed input history; horizon-specific models,1,5,0
2324,M53,Florida Medallion,3,2024-02-27,2024-01-08,2024-02-06,21,426.0,368.1764705882353,435.0,174.2,paper_informed_nonreactive,Cultivar horizon mean baseline,within-season 5-fold CV over plots; fixed input history; horizon-specific models,1,5,0
2324,B22,Florida Brilliance,3,2024-02-27,2024-01-08,2024-02-06,21,430.0,352.25,236.0,167.4,paper_informed_nonreactive,Cultivar horizon mean baseline,within-season 5-fold CV over plots; fixed input history; horizon-specific models,2,5,0
2324,B24,Florida Brilliance,3,2024-02-27,2024-01-08,2024-02-06,21,659.0,352.25,343.0,224.0,paper_informed_nonreactive,Cultivar horizon mean baseline,within-season 5-fold CV over plots; fixed input history; horizon-specific models,2,5,0
2324,B25,Florida Brilliance,3,2024-02-27,2024-01-08,2024-02-06,21,616.0,352.25,507.0,290.4,paper_informed_nonreactive,Cultivar horizon mean baseline,within-season 5-fold CV over plots; fixed input history; horizon-specific models,2,5,0
2324,B44,Florida Brilliance,3,2024-02-27,2024-01-08,2024-02-06,21,636.0,352.25,303.0,215.2,paper_informed_nonreactive,Cultivar horizon mean baseline,within-season 5-fold CV over plots; fixed input history; horizon-specific models,2,5,0
2324,M21,Florida Medallion,3,2024-02-27,2024-01-08,2024-02-06,21,242.0,346.0,375.0,167.2,paper_informed_nonreactive,Cultivar horizon mean baseline,within-season 5-fold CV over plots; fixed input history; horizon-specific models,2,5,0
2324,M42,Florida Medallion,3,2024-02-27,2024-01-08,2024-02-06,21,461.0,346.0,506.0,250.8,paper_informed_nonreactive,Cultivar horizon mean baseline,within-season 5-fold CV over plots; fixed input history; horizon-specific models,2,5,0
2324,M45,Florida Medallion,3,2024-02-27,2024-01-08,2024-02-06,21,530.0,346.0,441.0,211.8,paper_informed_nonreactive,Cultivar horizon mean baseline,within-season 5-fold CV over plots; fixed input history; horizon-specific models,2,5,0
2324,M55,Florida Medallion,3,2024-02-27,2024-01-08,2024-02-06,21,339.0,346.0,537.0,244.0,paper_informed_nonreactive,Cultivar horizon mean baseline,within-season 5-fold CV over plots; fixed input history; horizon-specific models,2,5,0
2324,B11,Florida Brilliance,3,2024-02-27,2024-01-08,2024-02-06,21,128.0,425.1333333333333,264.0,133.0,paper_informed_nonreactive,Cultivar horizon mean baseline,within-season 5-fold CV over plots; fixed input history; horizon-specific models,3,5,0
2324,B12,Florida Brilliance,3,2024-02-27,2024-01-08,2024-02-06,21,402.0,425.1333333333333,431.0,212.8,paper_informed_nonreactive,Cultivar horizon mean baseline,within-season 5-fold CV over plots; fixed input history; horizon-specific models,3,5,0
2324,B21,Florida Brilliance,3,2024-02-27,2024-01-08,2024-02-06,21,300.0,425.1333333333333,237.0,82.6,paper_informed_nonreactive,Cultivar horizon mean baseline,within-season 5-fold CV over plots; fixed input history; horizon-specific models,3,5,0
2324,B42,Florida Brilliance,3,2024-02-27,2024-01-08,2024-02-06,21,471.0,425.1333333333333,651.0,377.2,paper_informed_nonreactive,Cultivar horizon mean baseline,within-season 5-fold CV over plots; fixed input history; horizon-specific models,3,5,0
2324,B53,Florida Brilliance,3,2024-02-27,2024-01-08,2024-02-06,21,299.0,425.1333333333333,391.0,207.0,paper_informed_nonreactive,Cultivar horizon mean baseline,within-season 5-fold CV over plots; fixed input history; horizon-specific models,3,5,0
2324,M15,Florida Medallion,3,2024-02-27,2024-01-08,2024-02-06,21,502.0,368.0,477.0,290.6,paper_informed_nonreactive,Cultivar horizon mean baseline,within-season 5-fold CV over plots; fixed input history; horizon-specific models,3,5,0
2324,M25,Florida Medallion,3,2024-02-27,2024-01-08,2024-02-06,21,114.0,368.0,365.0,112.0,paper_informed_nonreactive,Cultivar horizon mean baseline,within-season 5-fold CV over plots; fixed input history; horizon-specific models,3,5,0
2324,M44,Florida Medallion,3,2024-02-27,2024-01-08,2024-02-06,21,236.0,368.0,357.0,223.8,paper_informed_nonreactive,Cultivar horizon mean baseline,within-season 5-fold CV over plots; fixed input history; horizon-specific models,3,5,0
2324,B13,Florida Brilliance,3,2024-02-27,2024-01-08,2024-02-06,21,253.0,409.1666666666667,209.0,103.6,paper_informed_nonreactive,Cultivar horizon mean baseline,within-season 5-fold CV over plots; fixed input history; horizon-specific models,4,5,0
2324,B14,Florida Brilliance,3,2024-02-27,2024-01-08,2024-02-06,21,359.0,409.1666666666667,188.0,106.8,paper_informed_nonreactive,Cultivar horizon mean baseline,within-season 5-fold CV over plots; fixed input history; horizon-specific models,4,5,0
2324,M12,Florida Medallion,3,2024-02-27,2024-01-08,2024-02-06,21,617.0,300.7142857142857,484.0,270.6,paper_informed_nonreactive,Cultivar horizon mean baseline,within-season 5-fold CV over plots; fixed input history; horizon-specific models,4,5,0
2324,M14,Florida Medallion,3,2024-02-27,2024-01-08,2024-02-06,21,566.0,300.7142857142857,562.0,385.0,paper_informed_nonreactive,Cultivar horizon mean baseline,within-season 5-fold CV over plots; fixed input history; horizon-specific models,4,5,0
2324,M41,Florida Medallion,3,2024-02-27,2024-01-08,2024-02-06,21,283.0,300.7142857142857,298.0,163.8,paper_informed_nonreactive,Cultivar horizon mean baseline,within-season 5-fold CV over plots; fixed input history; horizon-specific models,4,5,0
2324,M43,Florida Medallion,3,2024-02-27,2024-01-08,2024-02-06,21,390.0,300.7142857142857,225.0,176.8,paper_informed_nonreactive,Cultivar horizon mean baseline,within-season 5-fold CV over plots; fixed input history; horizon-specific models,4,5,0
2324,M51,Florida Medallion,3,2024-02-27,2024-01-08,2024-02-06,21,568.0,300.7142857142857,511.0,225.4,paper_informed_nonreactive,Cultivar horizon mean baseline,within-season 5-fold CV over plots; fixed input history; horizon-specific models,4,5,0
2324,M52,Florida Medallion,3,2024-02-27,2024-01-08,2024-02-06,21,474.0,300.7142857142857,1077.0,431.2,paper_informed_nonreactive,Cultivar horizon mean baseline,within-season 5-fold CV over plots; fixed input history; horizon-specific models,4,5,0
2324,B23,Florida Brilliance,3,2024-02-27,2024-01-08,2024-02-06,21,468.0,379.4375,228.0,182.0,paper_informed_nonreactive,Cultivar horizon mean baseline,within-season 5-fold CV over plots; fixed input history; horizon-specific models,5,5,0
2324,B41,Florida Brilliance,3,2024-02-27,2024-01-08,2024-02-06,21,673.0,379.4375,707.0,213.2,paper_informed_nonreactive,Cultivar horizon mean baseline,within-season 5-fold CV over plots; fixed input history; horizon-specific models,5,5,0
2324,B45,Florida Brilliance,3,2024-02-27,2024-01-08,2024-02-06,21,275.0,379.4375,589.0,399.2,paper_informed_nonreactive,Cultivar horizon mean baseline,within-season 5-fold CV over plots; fixed input history; horizon-specific models,5,5,0
2324,B54,Florida Brilliance,3,2024-02-27,2024-01-08,2024-02-06,21,490.0,379.4375,454.0,259.0,paper_informed_nonreactive,Cultivar horizon mean baseline,within-season 5-fold CV over plots; fixed input history; horizon-specific models,5,5,0
2324,M11,Florida Medallion,3,2024-02-27,2024-01-08,2024-02-06,21,176.0,385.6875,125.0,69.6,paper_informed_nonreactive,Cultivar horizon mean baseline,within-season 5-fold CV over plots; fixed input history; horizon-specific models,5,5,0
2324,M13,Florida Medallion,3,2024-02-27,2024-01-08,2024-02-06,21,305.0,385.6875,400.0,174.0,paper_informed_nonreactive,Cultivar horizon mean baseline,within-season 5-fold CV over plots; fixed input history; horizon-specific models,5,5,0
2324,M24,Florida Medallion,3,2024-02-27,2024-01-08,2024-02-06,21,157.0,385.6875,238.0,93.2,paper_informed_nonreactive,Cultivar horizon mean baseline,within-season 5-fold CV over plots; fixed input history; horizon-specific models,5,5,0
2324,M54,Florida Medallion,3,2024-02-27,2024-01-08,2024-02-06,21,299.0,385.6875,328.0,150.4,paper_informed_nonreactive,Cultivar horizon mean baseline,within-season 5-fold CV over plots; fixed input history; horizon-specific models,5,5,0
2324,B15,Florida Brilliance,3,2024-02-27,2024-01-08,2024-02-06,21,165.0,294.0,294.0,139.4,paper_informed_nonreactive,Last observed week-5 yield baseline,within-season 5-fold CV over plots; fixed input history; horizon-specific models,1,5,0
2324,B43,Florida Brilliance,3,2024-02-27,2024-01-08,2024-02-06,21,352.0,285.0,285.0,171.8,paper_informed_nonreactive,Last observed week-5 yield baseline,within-season 5-fold CV over plots; fixed input history; horizon-specific models,1,5,0
2324,B51,Florida Brilliance,3,2024-02-27,2024-01-08,2024-02-06,21,485.0,216.0,216.0,145.4,paper_informed_nonreactive,Last observed week-5 yield baseline,within-season 5-fold CV over plots; fixed input history; horizon-specific models,1,5,0
2324,B52,Florida Brilliance,3,2024-02-27,2024-01-08,2024-02-06,21,283.0,472.0,472.0,225.0,paper_informed_nonreactive,Last observed week-5 yield baseline,within-season 5-fold CV over plots; fixed input history; horizon-specific models,1,5,0
2324,B55,Florida Brilliance,3,2024-02-27,2024-01-08,2024-02-06,21,233.0,348.0,348.0,198.8,paper_informed_nonreactive,Last observed week-5 yield baseline,within-season 5-fold CV over plots; fixed input history; horizon-specific models,1,5,0
2324,M22,Florida Medallion,3,2024-02-27,2024-01-08,2024-02-06,21,272.0,558.0,558.0,259.4,paper_informed_nonreactive,Last observed week-5 yield baseline,within-season 5-fold CV over plots; fixed input history; horizon-specific models,1,5,0
2324,M23,Florida Medallion,3,2024-02-27,2024-01-08,2024-02-06,21,151.0,139.0,139.0,91.6,paper_informed_nonreactive,Last observed week-5 yield baseline,within-season 5-fold CV over plots; fixed input history; horizon-specific models,1,5,0
2324,M53,Florida Medallion,3,2024-02-27,2024-01-08,2024-02-06,21,426.0,435.0,435.0,174.2,paper_informed_nonreactive,Last observed week-5 yield baseline,within-season 5-fold CV over plots; fixed input history; horizon-specific models,1,5,0
2324,B22,Florida Brilliance,3,2024-02-27,2024-01-08,2024-02-06,21,430.0,236.0,236.0,167.4,paper_informed_nonreactive,Last observed week-5 yield baseline,within-season 5-fold CV over plots; fixed input history; horizon-specific models,2,5,0
2324,B24,Florida Brilliance,3,2024-02-27,2024-01-08,2024-02-06,21,659.0,343.0,343.0,224.0,paper_informed_nonreactive,Last observed week-5 yield baseline,within-season 5-fold CV over plots; fixed input history; horizon-specific models,2,5,0
2324,B25,Florida Brilliance,3,2024-02-27,2024-01-08,2024-02-06,21,616.0,507.0,507.0,290.4,paper_informed_nonreactive,Last observed week-5 yield baseline,within-season 5-fold CV over plots; fixed input history; horizon-specific models,2,5,0
2324,B44,Florida Brilliance,3,2024-02-27,2024-01-08,2024-02-06,21,636.0,303.0,303.0,215.2,paper_informed_nonreactive,Last observed week-5 yield baseline,within-season 5-fold CV over plots; fixed input history; horizon-specific models,2,5,0
2324,M21,Florida Medallion,3,2024-02-27,2024-01-08,2024-02-06,21,242.0,375.0,375.0,167.2,paper_informed_nonreactive,Last observed week-5 yield baseline,within-season 5-fold CV over plots; fixed input history; horizon-specific models,2,5,0
2324,M42,Florida Medallion,3,2024-02-27,2024-01-08,2024-02-06,21,461.0,506.0,506.0,250.8,paper_informed_nonreactive,Last observed week-5 yield baseline,within-season 5-fold CV over plots; fixed input history; horizon-specific models,2,5,0
2324,M45,Florida Medallion,3,2024-02-27,2024-01-08,2024-02-06,21,530.0,441.0,441.0,211.8,paper_informed_nonreactive,Last observed week-5 yield baseline,within-season 5-fold CV over plots; fixed input history; horizon-specific models,2,5,0
2324,M55,Florida Medallion,3,2024-02-27,2024-01-08,2024-02-06,21,339.0,537.0,537.0,244.0,paper_informed_nonreactive,Last observed week-5 yield baseline,within-season 5-fold CV over plots; fixed input history; horizon-specific models,2,5,0
2324,B11,Florida Brilliance,3,2024-02-27,2024-01-08,2024-02-06,21,128.0,264.0,264.0,133.0,paper_informed_nonreactive,Last observed week-5 yield baseline,within-season 5-fold CV over plots; fixed input history; horizon-specific models,3,5,0
2324,B12,Florida Brilliance,3,2024-02-27,2024-01-08,2024-02-06,21,402.0,431.0,431.0,212.8,paper_informed_nonreactive,Last observed week-5 yield baseline,within-season 5-fold CV over plots; fixed input history; horizon-specific models,3,5,0
2324,B21,Florida Brilliance,3,2024-02-27,2024-01-08,2024-02-06,21,300.0,237.0,237.0,82.6,paper_informed_nonreactive,Last observed week-5 yield baseline,within-season 5-fold CV over plots; fixed input history; horizon-specific models,3,5,0
2324,B42,Florida Brilliance,3,2024-02-27,2024-01-08,2024-02-06,21,471.0,651.0,651.0,377.2,paper_informed_nonreactive,Last observed week-5 yield baseline,within-season 5-fold CV over plots; fixed input history; horizon-specific models,3,5,0
2324,B53,Florida Brilliance,3,2024-02-27,2024-01-08,2024-02-06,21,299.0,391.0,391.0,207.0,paper_informed_nonreactive,Last observed week-5 yield baseline,within-season 5-fold CV over plots; fixed input history; horizon-specific models,3,5,0
2324,M15,Florida Medallion,3,2024-02-27,2024-01-08,2024-02-06,21,502.0,477.0,477.0,290.6,paper_informed_nonreactive,Last observed week-5 yield baseline,within-season 5-fold CV over plots; fixed input history; horizon-specific models,3,5,0
2324,M25,Florida Medallion,3,2024-02-27,2024-01-08,2024-02-06,21,114.0,365.0,365.0,112.0,paper_informed_nonreactive,Last observed week-5 yield baseline,within-season 5-fold CV over plots; fixed input history; horizon-specific models,3,5,0
2324,M44,Florida Medallion,3,2024-02-27,2024-01-08,2024-02-06,21,236.0,357.0,357.0,223.8,paper_informed_nonreactive,Last observed week-5 yield baseline,within-season 5-fold CV over plots; fixed input history; horizon-specific models,3,5,0
2324,B13,Florida Brilliance,3,2024-02-27,2024-01-08,2024-02-06,21,253.0,209.0,209.0,103.6,paper_informed_nonreactive,Last observed week-5 yield baseline,within-season 5-fold CV over plots; fixed input history; horizon-specific models,4,5,0
2324,B14,Florida Brilliance,3,2024-02-27,2024-01-08,2024-02-06,21,359.0,188.0,188.0,106.8,paper_informed_nonreactive,Last observed week-5 yield baseline,within-season 5-fold CV over plots; fixed input history; horizon-specific models,4,5,0
2324,M12,Florida Medallion,3,2024-02-27,2024-01-08,2024-02-06,21,617.0,484.0,484.0,270.6,paper_informed_nonreactive,Last observed week-5 yield baseline,within-season 5-fold CV over plots; fixed input history; horizon-specific models,4,5,0
2324,M14,Florida Medallion,3,2024-02-27,2024-01-08,2024-02-06,21,566.0,562.0,562.0,385.0,paper_informed_nonreactive,Last observed week-5 yield baseline,within-season 5-fold CV over plots; fixed input history; horizon-specific models,4,5,0
2324,M41,Florida Medallion,3,2024-02-27,2024-01-08,2024-02-06,21,283.0,298.0,298.0,163.8,paper_informed_nonreactive,Last observed week-5 yield baseline,within-season 5-fold CV over plots; fixed input history; horizon-specific models,4,5,0
2324,M43,Florida Medallion,3,2024-02-27,2024-01-08,2024-02-06,21,390.0,225.0,225.0,176.8,paper_informed_nonreactive,Last observed week-5 yield baseline,within-season 5-fold CV over plots; fixed input history; horizon-specific models,4,5,0
2324,M51,Florida Medallion,3,2024-02-27,2024-01-08,2024-02-06,21,568.0,511.0,511.0,225.4,paper_informed_nonreactive,Last observed week-5 yield baseline,within-season 5-fold CV over plots; fixed input history; horizon-specific models,4,5,0
2324,M52,Florida Medallion,3,2024-02-27,2024-01-08,2024-02-06,21,474.0,1077.0,1077.0,431.2,paper_informed_nonreactive,Last observed week-5 yield baseline,within-season 5-fold CV over plots; fixed input history; horizon-specific models,4,5,0
2324,B23,Florida Brilliance,3,2024-02-27,2024-01-08,2024-02-06,21,468.0,228.0,228.0,182.0,paper_informed_nonreactive,Last observed week-5 yield baseline,within-season 5-fold CV over plots; fixed input history; horizon-specific models,5,5,0
2324,B41,Florida Brilliance,3,2024-02-27,2024-01-08,2024-02-06,21,673.0,707.0,707.0,213.2,paper_informed_nonreactive,Last observed week-5 yield baseline,within-season 5-fold CV over plots; fixed input history; horizon-specific models,5,5,0
2324,B45,Florida Brilliance,3,2024-02-27,2024-01-08,2024-02-06,21,275.0,589.0,589.0,399.2,paper_informed_nonreactive,Last observed week-5 yield baseline,within-season 5-fold CV over plots; fixed input history; horizon-specific models,5,5,0
2324,B54,Florida Brilliance,3,2024-02-27,2024-01-08,2024-02-06,21,490.0,454.0,454.0,259.0,paper_informed_nonreactive,Last observed week-5 yield baseline,within-season 5-fold CV over plots; fixed input history; horizon-specific models,5,5,0
2324,M11,Florida Medallion,3,2024-02-27,2024-01-08,2024-02-06,21,176.0,125.0,125.0,69.6,paper_informed_nonreactive,Last observed week-5 yield baseline,within-season 5-fold CV over plots; fixed input history; horizon-specific models,5,5,0
2324,M13,Florida Medallion,3,2024-02-27,2024-01-08,2024-02-06,21,305.0,400.0,400.0,174.0,paper_informed_nonreactive,Last observed week-5 yield baseline,within-season 5-fold CV over plots; fixed input history; horizon-specific models,5,5,0
2324,M24,Florida Medallion,3,2024-02-27,2024-01-08,2024-02-06,21,157.0,238.0,238.0,93.2,paper_informed_nonreactive,Last observed week-5 yield baseline,within-season 5-fold CV over plots; fixed input history; horizon-specific models,5,5,0
2324,M54,Florida Medallion,3,2024-02-27,2024-01-08,2024-02-06,21,299.0,328.0,328.0,150.4,paper_informed_nonreactive,Last observed week-5 yield baseline,within-season 5-fold CV over plots; fixed input history; horizon-specific models,5,5,0
2324,B15,Florida Brilliance,3,2024-02-27,2024-01-08,2024-02-06,21,165.0,139.4,294.0,139.4,paper_informed_nonreactive,Observed 5-week mean yield baseline,within-season 5-fold CV over plots; fixed input history; horizon-specific models,1,5,0
2324,B43,Florida Brilliance,3,2024-02-27,2024-01-08,2024-02-06,21,352.0,171.8,285.0,171.8,paper_informed_nonreactive,Observed 5-week mean yield baseline,within-season 5-fold CV over plots; fixed input history; horizon-specific models,1,5,0
2324,B51,Florida Brilliance,3,2024-02-27,2024-01-08,2024-02-06,21,485.0,145.4,216.0,145.4,paper_informed_nonreactive,Observed 5-week mean yield baseline,within-season 5-fold CV over plots; fixed input history; horizon-specific models,1,5,0
2324,B52,Florida Brilliance,3,2024-02-27,2024-01-08,2024-02-06,21,283.0,225.0,472.0,225.0,paper_informed_nonreactive,Observed 5-week mean yield baseline,within-season 5-fold CV over plots; fixed input history; horizon-specific models,1,5,0
2324,B55,Florida Brilliance,3,2024-02-27,2024-01-08,2024-02-06,21,233.0,198.8,348.0,198.8,paper_informed_nonreactive,Observed 5-week mean yield baseline,within-season 5-fold CV over plots; fixed input history; horizon-specific models,1,5,0
2324,M22,Florida Medallion,3,2024-02-27,2024-01-08,2024-02-06,21,272.0,259.4,558.0,259.4,paper_informed_nonreactive,Observed 5-week mean yield baseline,within-season 5-fold CV over plots; fixed input history; horizon-specific models,1,5,0
2324,M23,Florida Medallion,3,2024-02-27,2024-01-08,2024-02-06,21,151.0,91.6,139.0,91.6,paper_informed_nonreactive,Observed 5-week mean yield baseline,within-season 5-fold CV over plots; fixed input history; horizon-specific models,1,5,0
2324,M53,Florida Medallion,3,2024-02-27,2024-01-08,2024-02-06,21,426.0,174.2,435.0,174.2,paper_informed_nonreactive,Observed 5-week mean yield baseline,within-season 5-fold CV over plots; fixed input history; horizon-specific models,1,5,0
2324,B22,Florida Brilliance,3,2024-02-27,2024-01-08,2024-02-06,21,430.0,167.4,236.0,167.4,paper_informed_nonreactive,Observed 5-week mean yield baseline,within-season 5-fold CV over plots; fixed input history; horizon-specific models,2,5,0
2324,B24,Florida Brilliance,3,2024-02-27,2024-01-08,2024-02-06,21,659.0,224.0,343.0,224.0,paper_informed_nonreactive,Observed 5-week mean yield baseline,within-season 5-fold CV over plots; fixed input history; horizon-specific models,2,5,0
2324,B25,Florida Brilliance,3,2024-02-27,2024-01-08,2024-02-06,21,616.0,290.4,507.0,290.4,paper_informed_nonreactive,Observed 5-week mean yield baseline,within-season 5-fold CV over plots; fixed input history; horizon-specific models,2,5,0
2324,B44,Florida Brilliance,3,2024-02-27,2024-01-08,2024-02-06,21,636.0,215.2,303.0,215.2,paper_informed_nonreactive,Observed 5-week mean yield baseline,within-season 5-fold CV over plots; fixed input history; horizon-specific models,2,5,0
2324,M21,Florida Medallion,3,2024-02-27,2024-01-08,2024-02-06,21,242.0,167.2,375.0,167.2,paper_informed_nonreactive,Observed 5-week mean yield baseline,within-season 5-fold CV over plots; fixed input history; horizon-specific models,2,5,0
2324,M42,Florida Medallion,3,2024-02-27,2024-01-08,2024-02-06,21,461.0,250.8,506.0,250.8,paper_informed_nonreactive,Observed 5-week mean yield baseline,within-season 5-fold CV over plots; fixed input history; horizon-specific models,2,5,0
2324,M45,Florida Medallion,3,2024-02-27,2024-01-08,2024-02-06,21,530.0,211.8,441.0,211.8,paper_informed_nonreactive,Observed 5-week mean yield baseline,within-season 5-fold CV over plots; fixed input history; horizon-specific models,2,5,0
2324,M55,Florida Medallion,3,2024-02-27,2024-01-08,2024-02-06,21,339.0,244.0,537.0,244.0,paper_informed_nonreactive,Observed 5-week mean yield baseline,within-season 5-fold CV over plots; fixed input history; horizon-specific models,2,5,0
2324,B11,Florida Brilliance,3,2024-02-27,2024-01-08,2024-02-06,21,128.0,133.0,264.0,133.0,paper_informed_nonreactive,Observed 5-week mean yield baseline,within-season 5-fold CV over plots; fixed input history; horizon-specific models,3,5,0
2324,B12,Florida Brilliance,3,2024-02-27,2024-01-08,2024-02-06,21,402.0,212.8,431.0,212.8,paper_informed_nonreactive,Observed 5-week mean yield baseline,within-season 5-fold CV over plots; fixed input history; horizon-specific models,3,5,0
2324,B21,Florida Brilliance,3,2024-02-27,2024-01-08,2024-02-06,21,300.0,82.6,237.0,82.6,paper_informed_nonreactive,Observed 5-week mean yield baseline,within-season 5-fold CV over plots; fixed input history; horizon-specific models,3,5,0
2324,B42,Florida Brilliance,3,2024-02-27,2024-01-08,2024-02-06,21,471.0,377.2,651.0,377.2,paper_informed_nonreactive,Observed 5-week mean yield baseline,within-season 5-fold CV over plots; fixed input history; horizon-specific models,3,5,0
2324,B53,Florida Brilliance,3,2024-02-27,2024-01-08,2024-02-06,21,299.0,207.0,391.0,207.0,paper_informed_nonreactive,Observed 5-week mean yield baseline,within-season 5-fold CV over plots; fixed input history; horizon-specific models,3,5,0
2324,M15,Florida Medallion,3,2024-02-27,2024-01-08,2024-02-06,21,502.0,290.6,477.0,290.6,paper_informed_nonreactive,Observed 5-week mean yield baseline,within-season 5-fold CV over plots; fixed input history; horizon-specific models,3,5,0
2324,M25,Florida Medallion,3,2024-02-27,2024-01-08,2024-02-06,21,114.0,112.0,365.0,112.0,paper_informed_nonreactive,Observed 5-week mean yield baseline,within-season 5-fold CV over plots; fixed input history; horizon-specific models,3,5,0
2324,M44,Florida Medallion,3,2024-02-27,2024-01-08,2024-02-06,21,236.0,223.8,357.0,223.8,paper_informed_nonreactive,Observed 5-week mean yield baseline,within-season 5-fold CV over plots; fixed input history; horizon-specific models,3,5,0
2324,B13,Florida Brilliance,3,2024-02-27,2024-01-08,2024-02-06,21,253.0,103.6,209.0,103.6,paper_informed_nonreactive,Observed 5-week mean yield baseline,within-season 5-fold CV over plots; fixed input history; horizon-specific models,4,5,0
2324,B14,Florida Brilliance,3,2024-02-27,2024-01-08,2024-02-06,21,359.0,106.8,188.0,106.8,paper_informed_nonreactive,Observed 5-week mean yield baseline,within-season 5-fold CV over plots; fixed input history; horizon-specific models,4,5,0
2324,M12,Florida Medallion,3,2024-02-27,2024-01-08,2024-02-06,21,617.0,270.6,484.0,270.6,paper_informed_nonreactive,Observed 5-week mean yield baseline,within-season 5-fold CV over plots; fixed input history; horizon-specific models,4,5,0
2324,M14,Florida Medallion,3,2024-02-27,2024-01-08,2024-02-06,21,566.0,385.0,562.0,385.0,paper_informed_nonreactive,Observed 5-week mean yield baseline,within-season 5-fold CV over plots; fixed input history; horizon-specific models,4,5,0
2324,M41,Florida Medallion,3,2024-02-27,2024-01-08,2024-02-06,21,283.0,163.8,298.0,163.8,paper_informed_nonreactive,Observed 5-week mean yield baseline,within-season 5-fold CV over plots; fixed input history; horizon-specific models,4,5,0
2324,M43,Florida Medallion,3,2024-02-27,2024-01-08,2024-02-06,21,390.0,176.8,225.0,176.8,paper_informed_nonreactive,Observed 5-week mean yield baseline,within-season 5-fold CV over plots; fixed input history; horizon-specific models,4,5,0
2324,M51,Florida Medallion,3,2024-02-27,2024-01-08,2024-02-06,21,568.0,225.4,511.0,225.4,paper_informed_nonreactive,Observed 5-week mean yield baseline,within-season 5-fold CV over plots; fixed input history; horizon-specific models,4,5,0
2324,M52,Florida Medallion,3,2024-02-27,2024-01-08,2024-02-06,21,474.0,431.2,1077.0,431.2,paper_informed_nonreactive,Observed 5-week mean yield baseline,within-season 5-fold CV over plots; fixed input history; horizon-specific models,4,5,0
2324,B23,Florida Brilliance,3,2024-02-27,2024-01-08,2024-02-06,21,468.0,182.0,228.0,182.0,paper_informed_nonreactive,Observed 5-week mean yield baseline,within-season 5-fold CV over plots; fixed input history; horizon-specific models,5,5,0
2324,B41,Florida Brilliance,3,2024-02-27,2024-01-08,2024-02-06,21,673.0,213.2,707.0,213.2,paper_informed_nonreactive,Observed 5-week mean yield baseline,within-season 5-fold CV over plots; fixed input history; horizon-specific models,5,5,0
2324,B45,Florida Brilliance,3,2024-02-27,2024-01-08,2024-02-06,21,275.0,399.2,589.0,399.2,paper_informed_nonreactive,Observed 5-week mean yield baseline,within-season 5-fold CV over plots; fixed input history; horizon-specific models,5,5,0
2324,B54,Florida Brilliance,3,2024-02-27,2024-01-08,2024-02-06,21,490.0,259.0,454.0,259.0,paper_informed_nonreactive,Observed 5-week mean yield baseline,within-season 5-fold CV over plots; fixed input history; horizon-specific models,5,5,0
2324,M11,Florida Medallion,3,2024-02-27,2024-01-08,2024-02-06,21,176.0,69.6,125.0,69.6,paper_informed_nonreactive,Observed 5-week mean yield baseline,within-season 5-fold CV over plots; fixed input history; horizon-specific models,5,5,0
2324,M13,Florida Medallion,3,2024-02-27,2024-01-08,2024-02-06,21,305.0,174.0,400.0,174.0,paper_informed_nonreactive,Observed 5-week mean yield baseline,within-season 5-fold CV over plots; fixed input history; horizon-specific models,5,5,0
2324,M24,Florida Medallion,3,2024-02-27,2024-01-08,2024-02-06,21,157.0,93.2,238.0,93.2,paper_informed_nonreactive,Observed 5-week mean yield baseline,within-season 5-fold CV over plots; fixed input history; horizon-specific models,5,5,0
2324,M54,Florida Medallion,3,2024-02-27,2024-01-08,2024-02-06,21,299.0,150.4,328.0,150.4,paper_informed_nonreactive,Observed 5-week mean yield baseline,within-season 5-fold CV over plots; fixed input history; horizon-specific models,5,5,0
2324,B15,Florida Brilliance,3,2024-02-27,2024-01-08,2024-02-06,21,165.0,0.0,294.0,139.4,paper_informed_nonreactive,Zero yield baseline,within-season 5-fold CV over plots; fixed input history; horizon-specific models,1,5,0
2324,B43,Florida Brilliance,3,2024-02-27,2024-01-08,2024-02-06,21,352.0,0.0,285.0,171.8,paper_informed_nonreactive,Zero yield baseline,within-season 5-fold CV over plots; fixed input history; horizon-specific models,1,5,0
2324,B51,Florida Brilliance,3,2024-02-27,2024-01-08,2024-02-06,21,485.0,0.0,216.0,145.4,paper_informed_nonreactive,Zero yield baseline,within-season 5-fold CV over plots; fixed input history; horizon-specific models,1,5,0
2324,B52,Florida Brilliance,3,2024-02-27,2024-01-08,2024-02-06,21,283.0,0.0,472.0,225.0,paper_informed_nonreactive,Zero yield baseline,within-season 5-fold CV over plots; fixed input history; horizon-specific models,1,5,0
2324,B55,Florida Brilliance,3,2024-02-27,2024-01-08,2024-02-06,21,233.0,0.0,348.0,198.8,paper_informed_nonreactive,Zero yield baseline,within-season 5-fold CV over plots; fixed input history; horizon-specific models,1,5,0
2324,M22,Florida Medallion,3,2024-02-27,2024-01-08,2024-02-06,21,272.0,0.0,558.0,259.4,paper_informed_nonreactive,Zero yield baseline,within-season 5-fold CV over plots; fixed input history; horizon-specific models,1,5,0
2324,M23,Florida Medallion,3,2024-02-27,2024-01-08,2024-02-06,21,151.0,0.0,139.0,91.6,paper_informed_nonreactive,Zero yield baseline,within-season 5-fold CV over plots; fixed input history; horizon-specific models,1,5,0
2324,M53,Florida Medallion,3,2024-02-27,2024-01-08,2024-02-06,21,426.0,0.0,435.0,174.2,paper_informed_nonreactive,Zero yield baseline,within-season 5-fold CV over plots; fixed input history; horizon-specific models,1,5,0
2324,B22,Florida Brilliance,3,2024-02-27,2024-01-08,2024-02-06,21,430.0,0.0,236.0,167.4,paper_informed_nonreactive,Zero yield baseline,within-season 5-fold CV over plots; fixed input history; horizon-specific models,2,5,0
2324,B24,Florida Brilliance,3,2024-02-27,2024-01-08,2024-02-06,21,659.0,0.0,343.0,224.0,paper_informed_nonreactive,Zero yield baseline,within-season 5-fold CV over plots; fixed input history; horizon-specific models,2,5,0
2324,B25,Florida Brilliance,3,2024-02-27,2024-01-08,2024-02-06,21,616.0,0.0,507.0,290.4,paper_informed_nonreactive,Zero yield baseline,within-season 5-fold CV over plots; fixed input history; horizon-specific models,2,5,0
2324,B44,Florida Brilliance,3,2024-02-27,2024-01-08,2024-02-06,21,636.0,0.0,303.0,215.2,paper_informed_nonreactive,Zero yield baseline,within-season 5-fold CV over plots; fixed input history; horizon-specific models,2,5,0
2324,M21,Florida Medallion,3,2024-02-27,2024-01-08,2024-02-06,21,242.0,0.0,375.0,167.2,paper_informed_nonreactive,Zero yield baseline,within-season 5-fold CV over plots; fixed input history; horizon-specific models,2,5,0
2324,M42,Florida Medallion,3,2024-02-27,2024-01-08,2024-02-06,21,461.0,0.0,506.0,250.8,paper_informed_nonreactive,Zero yield baseline,within-season 5-fold CV over plots; fixed input history; horizon-specific models,2,5,0
2324,M45,Florida Medallion,3,2024-02-27,2024-01-08,2024-02-06,21,530.0,0.0,441.0,211.8,paper_informed_nonreactive,Zero yield baseline,within-season 5-fold CV over plots; fixed input history; horizon-specific models,2,5,0
2324,M55,Florida Medallion,3,2024-02-27,2024-01-08,2024-02-06,21,339.0,0.0,537.0,244.0,paper_informed_nonreactive,Zero yield baseline,within-season 5-fold CV over plots; fixed input history; horizon-specific models,2,5,0
2324,B11,Florida Brilliance,3,2024-02-27,2024-01-08,2024-02-06,21,128.0,0.0,264.0,133.0,paper_informed_nonreactive,Zero yield baseline,within-season 5-fold CV over plots; fixed input history; horizon-specific models,3,5,0
2324,B12,Florida Brilliance,3,2024-02-27,2024-01-08,2024-02-06,21,402.0,0.0,431.0,212.8,paper_informed_nonreactive,Zero yield baseline,within-season 5-fold CV over plots; fixed input history; horizon-specific models,3,5,0
2324,B21,Florida Brilliance,3,2024-02-27,2024-01-08,2024-02-06,21,300.0,0.0,237.0,82.6,paper_informed_nonreactive,Zero yield baseline,within-season 5-fold CV over plots; fixed input history; horizon-specific models,3,5,0
2324,B42,Florida Brilliance,3,2024-02-27,2024-01-08,2024-02-06,21,471.0,0.0,651.0,377.2,paper_informed_nonreactive,Zero yield baseline,within-season 5-fold CV over plots; fixed input history; horizon-specific models,3,5,0
2324,B53,Florida Brilliance,3,2024-02-27,2024-01-08,2024-02-06,21,299.0,0.0,391.0,207.0,paper_informed_nonreactive,Zero yield baseline,within-season 5-fold CV over plots; fixed input history; horizon-specific models,3,5,0
2324,M15,Florida Medallion,3,2024-02-27,2024-01-08,2024-02-06,21,502.0,0.0,477.0,290.6,paper_informed_nonreactive,Zero yield baseline,within-season 5-fold CV over plots; fixed input history; horizon-specific models,3,5,0
2324,M25,Florida Medallion,3,2024-02-27,2024-01-08,2024-02-06,21,114.0,0.0,365.0,112.0,paper_informed_nonreactive,Zero yield baseline,within-season 5-fold CV over plots; fixed input history; horizon-specific models,3,5,0
2324,M44,Florida Medallion,3,2024-02-27,2024-01-08,2024-02-06,21,236.0,0.0,357.0,223.8,paper_informed_nonreactive,Zero yield baseline,within-season 5-fold CV over plots; fixed input history; horizon-specific models,3,5,0
2324,B13,Florida Brilliance,3,2024-02-27,2024-01-08,2024-02-06,21,253.0,0.0,209.0,103.6,paper_informed_nonreactive,Zero yield baseline,within-season 5-fold CV over plots; fixed input history; horizon-specific models,4,5,0
2324,B14,Florida Brilliance,3,2024-02-27,2024-01-08,2024-02-06,21,359.0,0.0,188.0,106.8,paper_informed_nonreactive,Zero yield baseline,within-season 5-fold CV over plots; fixed input history; horizon-specific models,4,5,0
2324,M12,Florida Medallion,3,2024-02-27,2024-01-08,2024-02-06,21,617.0,0.0,484.0,270.6,paper_informed_nonreactive,Zero yield baseline,within-season 5-fold CV over plots; fixed input history; horizon-specific models,4,5,0
2324,M14,Florida Medallion,3,2024-02-27,2024-01-08,2024-02-06,21,566.0,0.0,562.0,385.0,paper_informed_nonreactive,Zero yield baseline,within-season 5-fold CV over plots; fixed input history; horizon-specific models,4,5,0
2324,M41,Florida Medallion,3,2024-02-27,2024-01-08,2024-02-06,21,283.0,0.0,298.0,163.8,paper_informed_nonreactive,Zero yield baseline,within-season 5-fold CV over plots; fixed input history; horizon-specific models,4,5,0
2324,M43,Florida Medallion,3,2024-02-27,2024-01-08,2024-02-06,21,390.0,0.0,225.0,176.8,paper_informed_nonreactive,Zero yield baseline,within-season 5-fold CV over plots; fixed input history; horizon-specific models,4,5,0
2324,M51,Florida Medallion,3,2024-02-27,2024-01-08,2024-02-06,21,568.0,0.0,511.0,225.4,paper_informed_nonreactive,Zero yield baseline,within-season 5-fold CV over plots; fixed input history; horizon-specific models,4,5,0
2324,M52,Florida Medallion,3,2024-02-27,2024-01-08,2024-02-06,21,474.0,0.0,1077.0,431.2,paper_informed_nonreactive,Zero yield baseline,within-season 5-fold CV over plots; fixed input history; horizon-specific models,4,5,0
2324,B23,Florida Brilliance,3,2024-02-27,2024-01-08,2024-02-06,21,468.0,0.0,228.0,182.0,paper_informed_nonreactive,Zero yield baseline,within-season 5-fold CV over plots; fixed input history; horizon-specific models,5,5,0
2324,B41,Florida Brilliance,3,2024-02-27,2024-01-08,2024-02-06,21,673.0,0.0,707.0,213.2,paper_informed_nonreactive,Zero yield baseline,within-season 5-fold CV over plots; fixed input history; horizon-specific models,5,5,0
2324,B45,Florida Brilliance,3,2024-02-27,2024-01-08,2024-02-06,21,275.0,0.0,589.0,399.2,paper_informed_nonreactive,Zero yield baseline,within-season 5-fold CV over plots; fixed input history; horizon-specific models,5,5,0
2324,B54,Florida Brilliance,3,2024-02-27,2024-01-08,2024-02-06,21,490.0,0.0,454.0,259.0,paper_informed_nonreactive,Zero yield baseline,within-season 5-fold CV over plots; fixed input history; horizon-specific models,5,5,0
2324,M11,Florida Medallion,3,2024-02-27,2024-01-08,2024-02-06,21,176.0,0.0,125.0,69.6,paper_informed_nonreactive,Zero yield baseline,within-season 5-fold CV over plots; fixed input history; horizon-specific models,5,5,0
2324,M13,Florida Medallion,3,2024-02-27,2024-01-08,2024-02-06,21,305.0,0.0,400.0,174.0,paper_informed_nonreactive,Zero yield baseline,within-season 5-fold CV over plots; fixed input history; horizon-specific models,5,5,0
2324,M24,Florida Medallion,3,2024-02-27,2024-01-08,2024-02-06,21,157.0,0.0,238.0,93.2,paper_informed_nonreactive,Zero yield baseline,within-season 5-fold CV over plots; fixed input history; horizon-specific models,5,5,0
2324,M54,Florida Medallion,3,2024-02-27,2024-01-08,2024-02-06,21,299.0,0.0,328.0,150.4,paper_informed_nonreactive,Zero yield baseline,within-season 5-fold CV over plots; fixed input history; horizon-specific models,5,5,0
2324,B15,Florida Brilliance,3,2024-02-27,2024-01-08,2024-02-06,21,165.0,639.0022361984115,294.0,139.4,paper_informed_nonreactive,Ridge,within-season 5-fold CV over plots; fixed input history; horizon-specific models,1,5,98
2324,B43,Florida Brilliance,3,2024-02-27,2024-01-08,2024-02-06,21,352.0,332.8258126208492,285.0,171.8,paper_informed_nonreactive,Ridge,within-season 5-fold CV over plots; fixed input history; horizon-specific models,1,5,98
2324,B51,Florida Brilliance,3,2024-02-27,2024-01-08,2024-02-06,21,485.0,534.2914353856052,216.0,145.4,paper_informed_nonreactive,Ridge,within-season 5-fold CV over plots; fixed input history; horizon-specific models,1,5,98
2324,B52,Florida Brilliance,3,2024-02-27,2024-01-08,2024-02-06,21,283.0,275.5928781762224,472.0,225.0,paper_informed_nonreactive,Ridge,within-season 5-fold CV over plots; fixed input history; horizon-specific models,1,5,98
2324,B55,Florida Brilliance,3,2024-02-27,2024-01-08,2024-02-06,21,233.0,298.1294960372058,348.0,198.8,paper_informed_nonreactive,Ridge,within-season 5-fold CV over plots; fixed input history; horizon-specific models,1,5,98
2324,M22,Florida Medallion,3,2024-02-27,2024-01-08,2024-02-06,21,272.0,491.69462272624264,558.0,259.4,paper_informed_nonreactive,Ridge,within-season 5-fold CV over plots; fixed input history; horizon-specific models,1,5,98
2324,M23,Florida Medallion,3,2024-02-27,2024-01-08,2024-02-06,21,151.0,309.141395039951,139.0,91.6,paper_informed_nonreactive,Ridge,within-season 5-fold CV over plots; fixed input history; horizon-specific models,1,5,98
2324,M53,Florida Medallion,3,2024-02-27,2024-01-08,2024-02-06,21,426.0,672.6125710607953,435.0,174.2,paper_informed_nonreactive,Ridge,within-season 5-fold CV over plots; fixed input history; horizon-specific models,1,5,98
2324,B22,Florida Brilliance,3,2024-02-27,2024-01-08,2024-02-06,21,430.0,440.61780537629636,236.0,167.4,paper_informed_nonreactive,Ridge,within-season 5-fold CV over plots; fixed input history; horizon-specific models,2,5,98
2324,B24,Florida Brilliance,3,2024-02-27,2024-01-08,2024-02-06,21,659.0,592.0095043366879,343.0,224.0,paper_informed_nonreactive,Ridge,within-season 5-fold CV over plots; fixed input history; horizon-specific models,2,5,98
2324,B25,Florida Brilliance,3,2024-02-27,2024-01-08,2024-02-06,21,616.0,372.86563075219146,507.0,290.4,paper_informed_nonreactive,Ridge,within-season 5-fold CV over plots; fixed input history; horizon-specific models,2,5,98
2324,B44,Florida Brilliance,3,2024-02-27,2024-01-08,2024-02-06,21,636.0,525.8607984467726,303.0,215.2,paper_informed_nonreactive,Ridge,within-season 5-fold CV over plots; fixed input history; horizon-specific models,2,5,98
2324,M21,Florida Medallion,3,2024-02-27,2024-01-08,2024-02-06,21,242.0,204.74501575607698,375.0,167.2,paper_informed_nonreactive,Ridge,within-season 5-fold CV over plots; fixed input history; horizon-specific models,2,5,98
2324,M42,Florida Medallion,3,2024-02-27,2024-01-08,2024-02-06,21,461.0,346.55396943037084,506.0,250.8,paper_informed_nonreactive,Ridge,within-season 5-fold CV over plots; fixed input history; horizon-specific models,2,5,98
2324,M45,Florida Medallion,3,2024-02-27,2024-01-08,2024-02-06,21,530.0,284.0301361432091,441.0,211.8,paper_informed_nonreactive,Ridge,within-season 5-fold CV over plots; fixed input history; horizon-specific models,2,5,98
2324,M55,Florida Medallion,3,2024-02-27,2024-01-08,2024-02-06,21,339.0,268.0870250041757,537.0,244.0,paper_informed_nonreactive,Ridge,within-season 5-fold CV over plots; fixed input history; horizon-specific models,2,5,98
2324,B11,Florida Brilliance,3,2024-02-27,2024-01-08,2024-02-06,21,128.0,153.801163936466,264.0,133.0,paper_informed_nonreactive,Ridge,within-season 5-fold CV over plots; fixed input history; horizon-specific models,3,5,98
2324,B12,Florida Brilliance,3,2024-02-27,2024-01-08,2024-02-06,21,402.0,313.45475296101563,431.0,212.8,paper_informed_nonreactive,Ridge,within-season 5-fold CV over plots; fixed input history; horizon-specific models,3,5,98
2324,B21,Florida Brilliance,3,2024-02-27,2024-01-08,2024-02-06,21,300.0,316.65677133670283,237.0,82.6,paper_informed_nonreactive,Ridge,within-season 5-fold CV over plots; fixed input history; horizon-specific models,3,5,98
2324,B42,Florida Brilliance,3,2024-02-27,2024-01-08,2024-02-06,21,471.0,584.0608002633749,651.0,377.2,paper_informed_nonreactive,Ridge,within-season 5-fold CV over plots; fixed input history; horizon-specific models,3,5,98
2324,B53,Florida Brilliance,3,2024-02-27,2024-01-08,2024-02-06,21,299.0,355.06378371759547,391.0,207.0,paper_informed_nonreactive,Ridge,within-season 5-fold CV over plots; fixed input history; horizon-specific models,3,5,98
2324,M15,Florida Medallion,3,2024-02-27,2024-01-08,2024-02-06,21,502.0,606.221833613487,477.0,290.6,paper_informed_nonreactive,Ridge,within-season 5-fold CV over plots; fixed input history; horizon-specific models,3,5,98
2324,M25,Florida Medallion,3,2024-02-27,2024-01-08,2024-02-06,21,114.0,371.71381007808475,365.0,112.0,paper_informed_nonreactive,Ridge,within-season 5-fold CV over plots; fixed input history; horizon-specific models,3,5,98
2324,M44,Florida Medallion,3,2024-02-27,2024-01-08,2024-02-06,21,236.0,457.67308963857556,357.0,223.8,paper_informed_nonreactive,Ridge,within-season 5-fold CV over plots; fixed input history; horizon-specific models,3,5,98
2324,B13,Florida Brilliance,3,2024-02-27,2024-01-08,2024-02-06,21,253.0,164.55514983811895,209.0,103.6,paper_informed_nonreactive,Ridge,within-season 5-fold CV over plots; fixed input history; horizon-specific models,4,5,98
2324,B14,Florida Brilliance,3,2024-02-27,2024-01-08,2024-02-06,21,359.0,376.7846929948265,188.0,106.8,paper_informed_nonreactive,Ridge,within-season 5-fold CV over plots; fixed input history; horizon-specific models,4,5,98
2324,M12,Florida Medallion,3,2024-02-27,2024-01-08,2024-02-06,21,617.0,417.10269063690896,484.0,270.6,paper_informed_nonreactive,Ridge,within-season 5-fold CV over plots; fixed input history; horizon-specific models,4,5,98
2324,M14,Florida Medallion,3,2024-02-27,2024-01-08,2024-02-06,21,566.0,184.84299027930183,562.0,385.0,paper_informed_nonreactive,Ridge,within-season 5-fold CV over plots; fixed input history; horizon-specific models,4,5,98
2324,M41,Florida Medallion,3,2024-02-27,2024-01-08,2024-02-06,21,283.0,471.7953709950856,298.0,163.8,paper_informed_nonreactive,Ridge,within-season 5-fold CV over plots; fixed input history; horizon-specific models,4,5,98
2324,M43,Florida Medallion,3,2024-02-27,2024-01-08,2024-02-06,21,390.0,269.69019883055887,225.0,176.8,paper_informed_nonreactive,Ridge,within-season 5-fold CV over plots; fixed input history; horizon-specific models,4,5,98
2324,M51,Florida Medallion,3,2024-02-27,2024-01-08,2024-02-06,21,568.0,630.3566374192501,511.0,225.4,paper_informed_nonreactive,Ridge,within-season 5-fold CV over plots; fixed input history; horizon-specific models,4,5,98
2324,M52,Florida Medallion,3,2024-02-27,2024-01-08,2024-02-06,21,474.0,451.5355238852523,1077.0,431.2,paper_informed_nonreactive,Ridge,within-season 5-fold CV over plots; fixed input history; horizon-specific models,4,5,98
2324,B23,Florida Brilliance,3,2024-02-27,2024-01-08,2024-02-06,21,468.0,287.4127383032138,228.0,182.0,paper_informed_nonreactive,Ridge,within-season 5-fold CV over plots; fixed input history; horizon-specific models,5,5,98
2324,B41,Florida Brilliance,3,2024-02-27,2024-01-08,2024-02-06,21,673.0,425.77652716896984,707.0,213.2,paper_informed_nonreactive,Ridge,within-season 5-fold CV over plots; fixed input history; horizon-specific models,5,5,98
2324,B45,Florida Brilliance,3,2024-02-27,2024-01-08,2024-02-06,21,275.0,259.2217451284497,589.0,399.2,paper_informed_nonreactive,Ridge,within-season 5-fold CV over plots; fixed input history; horizon-specific models,5,5,98
2324,B54,Florida Brilliance,3,2024-02-27,2024-01-08,2024-02-06,21,490.0,355.27283964506194,454.0,259.0,paper_informed_nonreactive,Ridge,within-season 5-fold CV over plots; fixed input history; horizon-specific models,5,5,98
2324,M11,Florida Medallion,3,2024-02-27,2024-01-08,2024-02-06,21,176.0,391.35771838645024,125.0,69.6,paper_informed_nonreactive,Ridge,within-season 5-fold CV over plots; fixed input history; horizon-specific models,5,5,98
2324,M13,Florida Medallion,3,2024-02-27,2024-01-08,2024-02-06,21,305.0,422.5258665381808,400.0,174.0,paper_informed_nonreactive,Ridge,within-season 5-fold CV over plots; fixed input history; horizon-specific models,5,5,98
2324,M24,Florida Medallion,3,2024-02-27,2024-01-08,2024-02-06,21,157.0,344.98667282203303,238.0,93.2,paper_informed_nonreactive,Ridge,within-season 5-fold CV over plots; fixed input history; horizon-specific models,5,5,98
2324,M54,Florida Medallion,3,2024-02-27,2024-01-08,2024-02-06,21,299.0,228.21532452910975,328.0,150.4,paper_informed_nonreactive,Ridge,within-season 5-fold CV over plots; fixed input history; horizon-specific models,5,5,98
2324,B15,Florida Brilliance,3,2024-02-27,2024-01-08,2024-02-06,21,165.0,740.004059124673,294.0,139.4,paper_informed_nonreactive,ElasticNet,within-season 5-fold CV over plots; fixed input history; horizon-specific models,1,5,98
2324,B43,Florida Brilliance,3,2024-02-27,2024-01-08,2024-02-06,21,352.0,291.0815001314687,285.0,171.8,paper_informed_nonreactive,ElasticNet,within-season 5-fold CV over plots; fixed input history; horizon-specific models,1,5,98
2324,B51,Florida Brilliance,3,2024-02-27,2024-01-08,2024-02-06,21,485.0,570.2538311461747,216.0,145.4,paper_informed_nonreactive,ElasticNet,within-season 5-fold CV over plots; fixed input history; horizon-specific models,1,5,98
2324,B52,Florida Brilliance,3,2024-02-27,2024-01-08,2024-02-06,21,283.0,230.264364530477,472.0,225.0,paper_informed_nonreactive,ElasticNet,within-season 5-fold CV over plots; fixed input history; horizon-specific models,1,5,98
2324,B55,Florida Brilliance,3,2024-02-27,2024-01-08,2024-02-06,21,233.0,140.39221241590639,348.0,198.8,paper_informed_nonreactive,ElasticNet,within-season 5-fold CV over plots; fixed input history; horizon-specific models,1,5,98
2324,M22,Florida Medallion,3,2024-02-27,2024-01-08,2024-02-06,21,272.0,496.88748945214087,558.0,259.4,paper_informed_nonreactive,ElasticNet,within-season 5-fold CV over plots; fixed input history; horizon-specific models,1,5,98
2324,M23,Florida Medallion,3,2024-02-27,2024-01-08,2024-02-06,21,151.0,307.084791891115,139.0,91.6,paper_informed_nonreactive,ElasticNet,within-season 5-fold CV over plots; fixed input history; horizon-specific models,1,5,98
2324,M53,Florida Medallion,3,2024-02-27,2024-01-08,2024-02-06,21,426.0,797.5489574191238,435.0,174.2,paper_informed_nonreactive,ElasticNet,within-season 5-fold CV over plots; fixed input history; horizon-specific models,1,5,98
2324,B22,Florida Brilliance,3,2024-02-27,2024-01-08,2024-02-06,21,430.0,449.83356347728966,236.0,167.4,paper_informed_nonreactive,ElasticNet,within-season 5-fold CV over plots; fixed input history; horizon-specific models,2,5,98
2324,B24,Florida Brilliance,3,2024-02-27,2024-01-08,2024-02-06,21,659.0,791.7015966751029,343.0,224.0,paper_informed_nonreactive,ElasticNet,within-season 5-fold CV over plots; fixed input history; horizon-specific models,2,5,98
2324,B25,Florida Brilliance,3,2024-02-27,2024-01-08,2024-02-06,21,616.0,297.174132358617,507.0,290.4,paper_informed_nonreactive,ElasticNet,within-season 5-fold CV over plots; fixed input history; horizon-specific models,2,5,98
2324,B44,Florida Brilliance,3,2024-02-27,2024-01-08,2024-02-06,21,636.0,657.8448309457232,303.0,215.2,paper_informed_nonreactive,ElasticNet,within-season 5-fold CV over plots; fixed input history; horizon-specific models,2,5,98
2324,M21,Florida Medallion,3,2024-02-27,2024-01-08,2024-02-06,21,242.0,99.59194143040571,375.0,167.2,paper_informed_nonreactive,ElasticNet,within-season 5-fold CV over plots; fixed input history; horizon-specific models,2,5,98
2324,M42,Florida Medallion,3,2024-02-27,2024-01-08,2024-02-06,21,461.0,428.6664498511246,506.0,250.8,paper_informed_nonreactive,ElasticNet,within-season 5-fold CV over plots; fixed input history; horizon-specific models,2,5,98
2324,M45,Florida Medallion,3,2024-02-27,2024-01-08,2024-02-06,21,530.0,326.0814221182668,441.0,211.8,paper_informed_nonreactive,ElasticNet,within-season 5-fold CV over plots; fixed input history; horizon-specific models,2,5,98
2324,M55,Florida Medallion,3,2024-02-27,2024-01-08,2024-02-06,21,339.0,225.35758240436783,537.0,244.0,paper_informed_nonreactive,ElasticNet,within-season 5-fold CV over plots; fixed input history; horizon-specific models,2,5,98
2324,B11,Florida Brilliance,3,2024-02-27,2024-01-08,2024-02-06,21,128.0,119.59359841646938,264.0,133.0,paper_informed_nonreactive,ElasticNet,within-season 5-fold CV over plots; fixed input history; horizon-specific models,3,5,98
2324,B12,Florida Brilliance,3,2024-02-27,2024-01-08,2024-02-06,21,402.0,176.53596624722584,431.0,212.8,paper_informed_nonreactive,ElasticNet,within-season 5-fold CV over plots; fixed input history; horizon-specific models,3,5,98
2324,B21,Florida Brilliance,3,2024-02-27,2024-01-08,2024-02-06,21,300.0,313.99012806292836,237.0,82.6,paper_informed_nonreactive,ElasticNet,within-season 5-fold CV over plots; fixed input history; horizon-specific models,3,5,98
2324,B42,Florida Brilliance,3,2024-02-27,2024-01-08,2024-02-06,21,471.0,605.2393025533567,651.0,377.2,paper_informed_nonreactive,ElasticNet,within-season 5-fold CV over plots; fixed input history; horizon-specific models,3,5,98
2324,B53,Florida Brilliance,3,2024-02-27,2024-01-08,2024-02-06,21,299.0,338.3366503009706,391.0,207.0,paper_informed_nonreactive,ElasticNet,within-season 5-fold CV over plots; fixed input history; horizon-specific models,3,5,98
2324,M15,Florida Medallion,3,2024-02-27,2024-01-08,2024-02-06,21,502.0,695.4594416629899,477.0,290.6,paper_informed_nonreactive,ElasticNet,within-season 5-fold CV over plots; fixed input history; horizon-specific models,3,5,98
2324,M25,Florida Medallion,3,2024-02-27,2024-01-08,2024-02-06,21,114.0,404.1909359114516,365.0,112.0,paper_informed_nonreactive,ElasticNet,within-season 5-fold CV over plots; fixed input history; horizon-specific models,3,5,98
2324,M44,Florida Medallion,3,2024-02-27,2024-01-08,2024-02-06,21,236.0,458.70123035766625,357.0,223.8,paper_informed_nonreactive,ElasticNet,within-season 5-fold CV over plots; fixed input history; horizon-specific models,3,5,98
2324,B13,Florida Brilliance,3,2024-02-27,2024-01-08,2024-02-06,21,253.0,138.63445507084455,209.0,103.6,paper_informed_nonreactive,ElasticNet,within-season 5-fold CV over plots; fixed input history; horizon-specific models,4,5,98
2324,B14,Florida Brilliance,3,2024-02-27,2024-01-08,2024-02-06,21,359.0,439.9437175697102,188.0,106.8,paper_informed_nonreactive,ElasticNet,within-season 5-fold CV over plots; fixed input history; horizon-specific models,4,5,98
2324,M12,Florida Medallion,3,2024-02-27,2024-01-08,2024-02-06,21,617.0,439.3078213926253,484.0,270.6,paper_informed_nonreactive,ElasticNet,within-season 5-fold CV over plots; fixed input history; horizon-specific models,4,5,98
2324,M14,Florida Medallion,3,2024-02-27,2024-01-08,2024-02-06,21,566.0,111.46996773085513,562.0,385.0,paper_informed_nonreactive,ElasticNet,within-season 5-fold CV over plots; fixed input history; horizon-specific models,4,5,98
2324,M41,Florida Medallion,3,2024-02-27,2024-01-08,2024-02-06,21,283.0,456.5405170357992,298.0,163.8,paper_informed_nonreactive,ElasticNet,within-season 5-fold CV over plots; fixed input history; horizon-specific models,4,5,98
2324,M43,Florida Medallion,3,2024-02-27,2024-01-08,2024-02-06,21,390.0,201.818056908686,225.0,176.8,paper_informed_nonreactive,ElasticNet,within-season 5-fold CV over plots; fixed input history; horizon-specific models,4,5,98
2324,M51,Florida Medallion,3,2024-02-27,2024-01-08,2024-02-06,21,568.0,698.8279475499965,511.0,225.4,paper_informed_nonreactive,ElasticNet,within-season 5-fold CV over plots; fixed input history; horizon-specific models,4,5,98
2324,M52,Florida Medallion,3,2024-02-27,2024-01-08,2024-02-06,21,474.0,507.12810170910586,1077.0,431.2,paper_informed_nonreactive,ElasticNet,within-season 5-fold CV over plots; fixed input history; horizon-specific models,4,5,98
2324,B23,Florida Brilliance,3,2024-02-27,2024-01-08,2024-02-06,21,468.0,280.50859826571656,228.0,182.0,paper_informed_nonreactive,ElasticNet,within-season 5-fold CV over plots; fixed input history; horizon-specific models,5,5,98
2324,B41,Florida Brilliance,3,2024-02-27,2024-01-08,2024-02-06,21,673.0,373.33021952568197,707.0,213.2,paper_informed_nonreactive,ElasticNet,within-season 5-fold CV over plots; fixed input history; horizon-specific models,5,5,98
2324,B45,Florida Brilliance,3,2024-02-27,2024-01-08,2024-02-06,21,275.0,159.07867094439678,589.0,399.2,paper_informed_nonreactive,ElasticNet,within-season 5-fold CV over plots; fixed input history; horizon-specific models,5,5,98
2324,B54,Florida Brilliance,3,2024-02-27,2024-01-08,2024-02-06,21,490.0,293.9884387088034,454.0,259.0,paper_informed_nonreactive,ElasticNet,within-season 5-fold CV over plots; fixed input history; horizon-specific models,5,5,98
2324,M11,Florida Medallion,3,2024-02-27,2024-01-08,2024-02-06,21,176.0,481.8989383369735,125.0,69.6,paper_informed_nonreactive,ElasticNet,within-season 5-fold CV over plots; fixed input history; horizon-specific models,5,5,98
2324,M13,Florida Medallion,3,2024-02-27,2024-01-08,2024-02-06,21,305.0,471.13302374779386,400.0,174.0,paper_informed_nonreactive,ElasticNet,within-season 5-fold CV over plots; fixed input history; horizon-specific models,5,5,98
2324,M24,Florida Medallion,3,2024-02-27,2024-01-08,2024-02-06,21,157.0,444.221747259677,238.0,93.2,paper_informed_nonreactive,ElasticNet,within-season 5-fold CV over plots; fixed input history; horizon-specific models,5,5,98
2324,M54,Florida Medallion,3,2024-02-27,2024-01-08,2024-02-06,21,299.0,207.08169329191358,328.0,150.4,paper_informed_nonreactive,ElasticNet,within-season 5-fold CV over plots; fixed input history; horizon-specific models,5,5,98
2324,B15,Florida Brilliance,3,2024-02-27,2024-01-08,2024-02-06,21,165.0,459.874534151034,294.0,139.4,paper_informed_nonreactive,Random Forest,within-season 5-fold CV over plots; fixed input history; horizon-specific models,1,5,98
2324,B43,Florida Brilliance,3,2024-02-27,2024-01-08,2024-02-06,21,352.0,469.24411640211656,285.0,171.8,paper_informed_nonreactive,Random Forest,within-season 5-fold CV over plots; fixed input history; horizon-specific models,1,5,98
2324,B51,Florida Brilliance,3,2024-02-27,2024-01-08,2024-02-06,21,485.0,525.9859312169311,216.0,145.4,paper_informed_nonreactive,Random Forest,within-season 5-fold CV over plots; fixed input history; horizon-specific models,1,5,98
2324,B52,Florida Brilliance,3,2024-02-27,2024-01-08,2024-02-06,21,283.0,369.59358273208284,472.0,225.0,paper_informed_nonreactive,Random Forest,within-season 5-fold CV over plots; fixed input history; horizon-specific models,1,5,98
2324,B55,Florida Brilliance,3,2024-02-27,2024-01-08,2024-02-06,21,233.0,475.93088888888866,348.0,198.8,paper_informed_nonreactive,Random Forest,within-season 5-fold CV over plots; fixed input history; horizon-specific models,1,5,98
2324,M22,Florida Medallion,3,2024-02-27,2024-01-08,2024-02-06,21,272.0,528.8556798941797,558.0,259.4,paper_informed_nonreactive,Random Forest,within-season 5-fold CV over plots; fixed input history; horizon-specific models,1,5,98
2324,M23,Florida Medallion,3,2024-02-27,2024-01-08,2024-02-06,21,151.0,277.0671389906389,139.0,91.6,paper_informed_nonreactive,Random Forest,within-season 5-fold CV over plots; fixed input history; horizon-specific models,1,5,98
2324,M53,Florida Medallion,3,2024-02-27,2024-01-08,2024-02-06,21,426.0,419.1473658008658,435.0,174.2,paper_informed_nonreactive,Random Forest,within-season 5-fold CV over plots; fixed input history; horizon-specific models,1,5,98
2324,B22,Florida Brilliance,3,2024-02-27,2024-01-08,2024-02-06,21,430.0,359.2643425648425,236.0,167.4,paper_informed_nonreactive,Random Forest,within-season 5-fold CV over plots; fixed input history; horizon-specific models,2,5,98
2324,B24,Florida Brilliance,3,2024-02-27,2024-01-08,2024-02-06,21,659.0,418.91291255041256,343.0,224.0,paper_informed_nonreactive,Random Forest,within-season 5-fold CV over plots; fixed input history; horizon-specific models,2,5,98
2324,B25,Florida Brilliance,3,2024-02-27,2024-01-08,2024-02-06,21,616.0,431.9775521145522,507.0,290.4,paper_informed_nonreactive,Random Forest,within-season 5-fold CV over plots; fixed input history; horizon-specific models,2,5,98
2324,B44,Florida Brilliance,3,2024-02-27,2024-01-08,2024-02-06,21,636.0,365.6078311318311,303.0,215.2,paper_informed_nonreactive,Random Forest,within-season 5-fold CV over plots; fixed input history; horizon-specific models,2,5,98
2324,M21,Florida Medallion,3,2024-02-27,2024-01-08,2024-02-06,21,242.0,332.5423233433233,375.0,167.2,paper_informed_nonreactive,Random Forest,within-season 5-fold CV over plots; fixed input history; horizon-specific models,2,5,98
2324,M42,Florida Medallion,3,2024-02-27,2024-01-08,2024-02-06,21,461.0,401.2458571058571,506.0,250.8,paper_informed_nonreactive,Random Forest,within-season 5-fold CV over plots; fixed input history; horizon-specific models,2,5,98
2324,M45,Florida Medallion,3,2024-02-27,2024-01-08,2024-02-06,21,530.0,271.4554183224183,441.0,211.8,paper_informed_nonreactive,Random Forest,within-season 5-fold CV over plots; fixed input history; horizon-specific models,2,5,98
2324,M55,Florida Medallion,3,2024-02-27,2024-01-08,2024-02-06,21,339.0,357.5164305139304,537.0,244.0,paper_informed_nonreactive,Random Forest,within-season 5-fold CV over plots; fixed input history; horizon-specific models,2,5,98
2324,B11,Florida Brilliance,3,2024-02-27,2024-01-08,2024-02-06,21,128.0,338.4193020683023,264.0,133.0,paper_informed_nonreactive,Random Forest,within-season 5-fold CV over plots; fixed input history; horizon-specific models,3,5,98
2324,B12,Florida Brilliance,3,2024-02-27,2024-01-08,2024-02-06,21,402.0,365.2303744588747,431.0,212.8,paper_informed_nonreactive,Random Forest,within-season 5-fold CV over plots; fixed input history; horizon-specific models,3,5,98
2324,B21,Florida Brilliance,3,2024-02-27,2024-01-08,2024-02-06,21,300.0,377.8115242905244,237.0,82.6,paper_informed_nonreactive,Random Forest,within-season 5-fold CV over plots; fixed input history; horizon-specific models,3,5,98
2324,B42,Florida Brilliance,3,2024-02-27,2024-01-08,2024-02-06,21,471.0,486.18033381433355,651.0,377.2,paper_informed_nonreactive,Random Forest,within-season 5-fold CV over plots; fixed input history; horizon-specific models,3,5,98
2324,B53,Florida Brilliance,3,2024-02-27,2024-01-08,2024-02-06,21,299.0,390.61469576719594,391.0,207.0,paper_informed_nonreactive,Random Forest,within-season 5-fold CV over plots; fixed input history; horizon-specific models,3,5,98
2324,M15,Florida Medallion,3,2024-02-27,2024-01-08,2024-02-06,21,502.0,405.1167433862435,477.0,290.6,paper_informed_nonreactive,Random Forest,within-season 5-fold CV over plots; fixed input history; horizon-specific models,3,5,98
2324,M25,Florida Medallion,3,2024-02-27,2024-01-08,2024-02-06,21,114.0,391.62689033189054,365.0,112.0,paper_informed_nonreactive,Random Forest,within-season 5-fold CV over plots; fixed input history; horizon-specific models,3,5,98
2324,M44,Florida Medallion,3,2024-02-27,2024-01-08,2024-02-06,21,236.0,387.87121404521395,357.0,223.8,paper_informed_nonreactive,Random Forest,within-season 5-fold CV over plots; fixed input history; horizon-specific models,3,5,98
2324,B13,Florida Brilliance,3,2024-02-27,2024-01-08,2024-02-06,21,253.0,264.56796729196725,209.0,103.6,paper_informed_nonreactive,Random Forest,within-season 5-fold CV over plots; fixed input history; horizon-specific models,4,5,98
2324,B14,Florida Brilliance,3,2024-02-27,2024-01-08,2024-02-06,21,359.0,346.53567989418,188.0,106.8,paper_informed_nonreactive,Random Forest,within-season 5-fold CV over plots; fixed input history; horizon-specific models,4,5,98
2324,M12,Florida Medallion,3,2024-02-27,2024-01-08,2024-02-06,21,617.0,338.1713802308803,484.0,270.6,paper_informed_nonreactive,Random Forest,within-season 5-fold CV over plots; fixed input history; horizon-specific models,4,5,98
2324,M14,Florida Medallion,3,2024-02-27,2024-01-08,2024-02-06,21,566.0,332.2184622414622,562.0,385.0,paper_informed_nonreactive,Random Forest,within-season 5-fold CV over plots; fixed input history; horizon-specific models,4,5,98
2324,M41,Florida Medallion,3,2024-02-27,2024-01-08,2024-02-06,21,283.0,468.40545021645033,298.0,163.8,paper_informed_nonreactive,Random Forest,within-season 5-fold CV over plots; fixed input history; horizon-specific models,4,5,98
2324,M43,Florida Medallion,3,2024-02-27,2024-01-08,2024-02-06,21,390.0,331.8091019721021,225.0,176.8,paper_informed_nonreactive,Random Forest,within-season 5-fold CV over plots; fixed input history; horizon-specific models,4,5,98
2324,M51,Florida Medallion,3,2024-02-27,2024-01-08,2024-02-06,21,568.0,484.12358898508904,511.0,225.4,paper_informed_nonreactive,Random Forest,within-season 5-fold CV over plots; fixed input history; horizon-specific models,4,5,98
2324,M52,Florida Medallion,3,2024-02-27,2024-01-08,2024-02-06,21,474.0,470.58922486772497,1077.0,431.2,paper_informed_nonreactive,Random Forest,within-season 5-fold CV over plots; fixed input history; horizon-specific models,4,5,98
2324,B23,Florida Brilliance,3,2024-02-27,2024-01-08,2024-02-06,21,468.0,304.9570985680986,228.0,182.0,paper_informed_nonreactive,Random Forest,within-season 5-fold CV over plots; fixed input history; horizon-specific models,5,5,98
2324,B41,Florida Brilliance,3,2024-02-27,2024-01-08,2024-02-06,21,673.0,380.1227896547896,707.0,213.2,paper_informed_nonreactive,Random Forest,within-season 5-fold CV over plots; fixed input history; horizon-specific models,5,5,98
2324,B45,Florida Brilliance,3,2024-02-27,2024-01-08,2024-02-06,21,275.0,416.2668152958152,589.0,399.2,paper_informed_nonreactive,Random Forest,within-season 5-fold CV over plots; fixed input history; horizon-specific models,5,5,98
2324,B54,Florida Brilliance,3,2024-02-27,2024-01-08,2024-02-06,21,490.0,380.9854464609464,454.0,259.0,paper_informed_nonreactive,Random Forest,within-season 5-fold CV over plots; fixed input history; horizon-specific models,5,5,98
2324,M11,Florida Medallion,3,2024-02-27,2024-01-08,2024-02-06,21,176.0,285.5686000481001,125.0,69.6,paper_informed_nonreactive,Random Forest,within-season 5-fold CV over plots; fixed input history; horizon-specific models,5,5,98
2324,M13,Florida Medallion,3,2024-02-27,2024-01-08,2024-02-06,21,305.0,412.43412746512746,400.0,174.0,paper_informed_nonreactive,Random Forest,within-season 5-fold CV over plots; fixed input history; horizon-specific models,5,5,98
2324,M24,Florida Medallion,3,2024-02-27,2024-01-08,2024-02-06,21,157.0,282.0430993265993,238.0,93.2,paper_informed_nonreactive,Random Forest,within-season 5-fold CV over plots; fixed input history; horizon-specific models,5,5,98
2324,M54,Florida Medallion,3,2024-02-27,2024-01-08,2024-02-06,21,299.0,305.8277820697821,328.0,150.4,paper_informed_nonreactive,Random Forest,within-season 5-fold CV over plots; fixed input history; horizon-specific models,5,5,98
2324,B15,Florida Brilliance,3,2024-02-27,2024-01-08,2024-02-06,21,165.0,460.76645815295825,294.0,139.4,paper_informed_nonreactive,Extra Trees,within-season 5-fold CV over plots; fixed input history; horizon-specific models,1,5,98
2324,B43,Florida Brilliance,3,2024-02-27,2024-01-08,2024-02-06,21,352.0,448.30194372294375,285.0,171.8,paper_informed_nonreactive,Extra Trees,within-season 5-fold CV over plots; fixed input history; horizon-specific models,1,5,98
2324,B51,Florida Brilliance,3,2024-02-27,2024-01-08,2024-02-06,21,485.0,531.8917513227515,216.0,145.4,paper_informed_nonreactive,Extra Trees,within-season 5-fold CV over plots; fixed input history; horizon-specific models,1,5,98
2324,B52,Florida Brilliance,3,2024-02-27,2024-01-08,2024-02-06,21,283.0,375.56161760461777,472.0,225.0,paper_informed_nonreactive,Extra Trees,within-season 5-fold CV over plots; fixed input history; horizon-specific models,1,5,98
2324,B55,Florida Brilliance,3,2024-02-27,2024-01-08,2024-02-06,21,233.0,489.02180014430013,348.0,198.8,paper_informed_nonreactive,Extra Trees,within-season 5-fold CV over plots; fixed input history; horizon-specific models,1,5,98
2324,M22,Florida Medallion,3,2024-02-27,2024-01-08,2024-02-06,21,272.0,505.2724550264552,558.0,259.4,paper_informed_nonreactive,Extra Trees,within-season 5-fold CV over plots; fixed input history; horizon-specific models,1,5,98
2324,M23,Florida Medallion,3,2024-02-27,2024-01-08,2024-02-06,21,151.0,236.46880952380945,139.0,91.6,paper_informed_nonreactive,Extra Trees,within-season 5-fold CV over plots; fixed input history; horizon-specific models,1,5,98
2324,M53,Florida Medallion,3,2024-02-27,2024-01-08,2024-02-06,21,426.0,447.28895959595957,435.0,174.2,paper_informed_nonreactive,Extra Trees,within-season 5-fold CV over plots; fixed input history; horizon-specific models,1,5,98
2324,B22,Florida Brilliance,3,2024-02-27,2024-01-08,2024-02-06,21,430.0,402.88235316861784,236.0,167.4,paper_informed_nonreactive,Extra Trees,within-season 5-fold CV over plots; fixed input history; horizon-specific models,2,5,98
2324,B24,Florida Brilliance,3,2024-02-27,2024-01-08,2024-02-06,21,659.0,390.3120504343151,343.0,224.0,paper_informed_nonreactive,Extra Trees,within-season 5-fold CV over plots; fixed input history; horizon-specific models,2,5,98
2324,B25,Florida Brilliance,3,2024-02-27,2024-01-08,2024-02-06,21,616.0,380.26141033041034,507.0,290.4,paper_informed_nonreactive,Extra Trees,within-season 5-fold CV over plots; fixed input history; horizon-specific models,2,5,98
2324,B44,Florida Brilliance,3,2024-02-27,2024-01-08,2024-02-06,21,636.0,351.29492091242076,303.0,215.2,paper_informed_nonreactive,Extra Trees,within-season 5-fold CV over plots; fixed input history; horizon-specific models,2,5,98
2324,M21,Florida Medallion,3,2024-02-27,2024-01-08,2024-02-06,21,242.0,316.4632469045117,375.0,167.2,paper_informed_nonreactive,Extra Trees,within-season 5-fold CV over plots; fixed input history; horizon-specific models,2,5,98
2324,M42,Florida Medallion,3,2024-02-27,2024-01-08,2024-02-06,21,461.0,379.10403150553145,506.0,250.8,paper_informed_nonreactive,Extra Trees,within-season 5-fold CV over plots; fixed input history; horizon-specific models,2,5,98
2324,M45,Florida Medallion,3,2024-02-27,2024-01-08,2024-02-06,21,530.0,281.9622800717801,441.0,211.8,paper_informed_nonreactive,Extra Trees,within-season 5-fold CV over plots; fixed input history; horizon-specific models,2,5,98
2324,M55,Florida Medallion,3,2024-02-27,2024-01-08,2024-02-06,21,339.0,332.63015658415657,537.0,244.0,paper_informed_nonreactive,Extra Trees,within-season 5-fold CV over plots; fixed input history; horizon-specific models,2,5,98
2324,B11,Florida Brilliance,3,2024-02-27,2024-01-08,2024-02-06,21,128.0,322.1379797794799,264.0,133.0,paper_informed_nonreactive,Extra Trees,within-season 5-fold CV over plots; fixed input history; horizon-specific models,3,5,98
2324,B12,Florida Brilliance,3,2024-02-27,2024-01-08,2024-02-06,21,402.0,388.3808227294149,431.0,212.8,paper_informed_nonreactive,Extra Trees,within-season 5-fold CV over plots; fixed input history; horizon-specific models,3,5,98
2324,B21,Florida Brilliance,3,2024-02-27,2024-01-08,2024-02-06,21,300.0,402.95901465201473,237.0,82.6,paper_informed_nonreactive,Extra Trees,within-season 5-fold CV over plots; fixed input history; horizon-specific models,3,5,98
2324,B42,Florida Brilliance,3,2024-02-27,2024-01-08,2024-02-06,21,471.0,491.14873626957854,651.0,377.2,paper_informed_nonreactive,Extra Trees,within-season 5-fold CV over plots; fixed input history; horizon-specific models,3,5,98
2324,B53,Florida Brilliance,3,2024-02-27,2024-01-08,2024-02-06,21,299.0,381.65274468708697,391.0,207.0,paper_informed_nonreactive,Extra Trees,within-season 5-fold CV over plots; fixed input history; horizon-specific models,3,5,98
2324,M15,Florida Medallion,3,2024-02-27,2024-01-08,2024-02-06,21,502.0,446.8025540239487,477.0,290.6,paper_informed_nonreactive,Extra Trees,within-season 5-fold CV over plots; fixed input history; horizon-specific models,3,5,98
2324,M25,Florida Medallion,3,2024-02-27,2024-01-08,2024-02-06,21,114.0,375.11842696387436,365.0,112.0,paper_informed_nonreactive,Extra Trees,within-season 5-fold CV over plots; fixed input history; horizon-specific models,3,5,98
2324,M44,Florida Medallion,3,2024-02-27,2024-01-08,2024-02-06,21,236.0,406.74369695703905,357.0,223.8,paper_informed_nonreactive,Extra Trees,within-season 5-fold CV over plots; fixed input history; horizon-specific models,3,5,98
2324,B13,Florida Brilliance,3,2024-02-27,2024-01-08,2024-02-06,21,253.0,250.77640981240992,209.0,103.6,paper_informed_nonreactive,Extra Trees,within-season 5-fold CV over plots; fixed input history; horizon-specific models,4,5,98
2324,B14,Florida Brilliance,3,2024-02-27,2024-01-08,2024-02-06,21,359.0,338.4099345839345,188.0,106.8,paper_informed_nonreactive,Extra Trees,within-season 5-fold CV over plots; fixed input history; horizon-specific models,4,5,98
2324,M12,Florida Medallion,3,2024-02-27,2024-01-08,2024-02-06,21,617.0,335.77710942760956,484.0,270.6,paper_informed_nonreactive,Extra Trees,within-season 5-fold CV over plots; fixed input history; horizon-specific models,4,5,98
2324,M14,Florida Medallion,3,2024-02-27,2024-01-08,2024-02-06,21,566.0,368.1045714285713,562.0,385.0,paper_informed_nonreactive,Extra Trees,within-season 5-fold CV over plots; fixed input history; horizon-specific models,4,5,98
2324,M41,Florida Medallion,3,2024-02-27,2024-01-08,2024-02-06,21,283.0,511.0194920634922,298.0,163.8,paper_informed_nonreactive,Extra Trees,within-season 5-fold CV over plots; fixed input history; horizon-specific models,4,5,98
2324,M43,Florida Medallion,3,2024-02-27,2024-01-08,2024-02-06,21,390.0,328.644841991342,225.0,176.8,paper_informed_nonreactive,Extra Trees,within-season 5-fold CV over plots; fixed input history; horizon-specific models,4,5,98
2324,M51,Florida Medallion,3,2024-02-27,2024-01-08,2024-02-06,21,568.0,525.559412698413,511.0,225.4,paper_informed_nonreactive,Extra Trees,within-season 5-fold CV over plots; fixed input history; horizon-specific models,4,5,98
2324,M52,Florida Medallion,3,2024-02-27,2024-01-08,2024-02-06,21,474.0,463.41743939393956,1077.0,431.2,paper_informed_nonreactive,Extra Trees,within-season 5-fold CV over plots; fixed input history; horizon-specific models,4,5,98
2324,B23,Florida Brilliance,3,2024-02-27,2024-01-08,2024-02-06,21,468.0,259.0764596949891,228.0,182.0,paper_informed_nonreactive,Extra Trees,within-season 5-fold CV over plots; fixed input history; horizon-specific models,5,5,98
2324,B41,Florida Brilliance,3,2024-02-27,2024-01-08,2024-02-06,21,673.0,399.310656121656,707.0,213.2,paper_informed_nonreactive,Extra Trees,within-season 5-fold CV over plots; fixed input history; horizon-specific models,5,5,98
2324,B45,Florida Brilliance,3,2024-02-27,2024-01-08,2024-02-06,21,275.0,383.36058070361,589.0,399.2,paper_informed_nonreactive,Extra Trees,within-season 5-fold CV over plots; fixed input history; horizon-specific models,5,5,98
2324,B54,Florida Brilliance,3,2024-02-27,2024-01-08,2024-02-06,21,490.0,377.51428229069404,454.0,259.0,paper_informed_nonreactive,Extra Trees,within-season 5-fold CV over plots; fixed input history; horizon-specific models,5,5,98
2324,M11,Florida Medallion,3,2024-02-27,2024-01-08,2024-02-06,21,176.0,212.0888518518519,125.0,69.6,paper_informed_nonreactive,Extra Trees,within-season 5-fold CV over plots; fixed input history; horizon-specific models,5,5,98
2324,M13,Florida Medallion,3,2024-02-27,2024-01-08,2024-02-06,21,305.0,430.6645727671023,400.0,174.0,paper_informed_nonreactive,Extra Trees,within-season 5-fold CV over plots; fixed input history; horizon-specific models,5,5,98
2324,M24,Florida Medallion,3,2024-02-27,2024-01-08,2024-02-06,21,157.0,215.0721851851852,238.0,93.2,paper_informed_nonreactive,Extra Trees,within-season 5-fold CV over plots; fixed input history; horizon-specific models,5,5,98
2324,M54,Florida Medallion,3,2024-02-27,2024-01-08,2024-02-06,21,299.0,294.14190720390724,328.0,150.4,paper_informed_nonreactive,Extra Trees,within-season 5-fold CV over plots; fixed input history; horizon-specific models,5,5,98
2324,B15,Florida Brilliance,3,2024-02-27,2024-01-08,2024-02-06,21,165.0,421.9633700394854,294.0,139.4,paper_informed_nonreactive,Gradient Boosting,within-season 5-fold CV over plots; fixed input history; horizon-specific models,1,5,98
2324,B43,Florida Brilliance,3,2024-02-27,2024-01-08,2024-02-06,21,352.0,494.33842559461215,285.0,171.8,paper_informed_nonreactive,Gradient Boosting,within-season 5-fold CV over plots; fixed input history; horizon-specific models,1,5,98
2324,B51,Florida Brilliance,3,2024-02-27,2024-01-08,2024-02-06,21,485.0,525.9019148328227,216.0,145.4,paper_informed_nonreactive,Gradient Boosting,within-season 5-fold CV over plots; fixed input history; horizon-specific models,1,5,98
2324,B52,Florida Brilliance,3,2024-02-27,2024-01-08,2024-02-06,21,283.0,360.96259316914916,472.0,225.0,paper_informed_nonreactive,Gradient Boosting,within-season 5-fold CV over plots; fixed input history; horizon-specific models,1,5,98
2324,B55,Florida Brilliance,3,2024-02-27,2024-01-08,2024-02-06,21,233.0,453.09367006550946,348.0,198.8,paper_informed_nonreactive,Gradient Boosting,within-season 5-fold CV over plots; fixed input history; horizon-specific models,1,5,98
2324,M22,Florida Medallion,3,2024-02-27,2024-01-08,2024-02-06,21,272.0,501.5905446119883,558.0,259.4,paper_informed_nonreactive,Gradient Boosting,within-season 5-fold CV over plots; fixed input history; horizon-specific models,1,5,98
2324,M23,Florida Medallion,3,2024-02-27,2024-01-08,2024-02-06,21,151.0,263.6332595853885,139.0,91.6,paper_informed_nonreactive,Gradient Boosting,within-season 5-fold CV over plots; fixed input history; horizon-specific models,1,5,98
2324,M53,Florida Medallion,3,2024-02-27,2024-01-08,2024-02-06,21,426.0,420.8493631572463,435.0,174.2,paper_informed_nonreactive,Gradient Boosting,within-season 5-fold CV over plots; fixed input history; horizon-specific models,1,5,98
2324,B22,Florida Brilliance,3,2024-02-27,2024-01-08,2024-02-06,21,430.0,399.64570292751984,236.0,167.4,paper_informed_nonreactive,Gradient Boosting,within-season 5-fold CV over plots; fixed input history; horizon-specific models,2,5,98
2324,B24,Florida Brilliance,3,2024-02-27,2024-01-08,2024-02-06,21,659.0,435.8867289625168,343.0,224.0,paper_informed_nonreactive,Gradient Boosting,within-season 5-fold CV over plots; fixed input history; horizon-specific models,2,5,98
2324,B25,Florida Brilliance,3,2024-02-27,2024-01-08,2024-02-06,21,616.0,352.6865785168965,507.0,290.4,paper_informed_nonreactive,Gradient Boosting,within-season 5-fold CV over plots; fixed input history; horizon-specific models,2,5,98
2324,B44,Florida Brilliance,3,2024-02-27,2024-01-08,2024-02-06,21,636.0,269.91829675399794,303.0,215.2,paper_informed_nonreactive,Gradient Boosting,within-season 5-fold CV over plots; fixed input history; horizon-specific models,2,5,98
2324,M21,Florida Medallion,3,2024-02-27,2024-01-08,2024-02-06,21,242.0,275.7295290732968,375.0,167.2,paper_informed_nonreactive,Gradient Boosting,within-season 5-fold CV over plots; fixed input history; horizon-specific models,2,5,98
2324,M42,Florida Medallion,3,2024-02-27,2024-01-08,2024-02-06,21,461.0,417.6568784104819,506.0,250.8,paper_informed_nonreactive,Gradient Boosting,within-season 5-fold CV over plots; fixed input history; horizon-specific models,2,5,98
2324,M45,Florida Medallion,3,2024-02-27,2024-01-08,2024-02-06,21,530.0,224.7842540773342,441.0,211.8,paper_informed_nonreactive,Gradient Boosting,within-season 5-fold CV over plots; fixed input history; horizon-specific models,2,5,98
2324,M55,Florida Medallion,3,2024-02-27,2024-01-08,2024-02-06,21,339.0,337.5290093677818,537.0,244.0,paper_informed_nonreactive,Gradient Boosting,within-season 5-fold CV over plots; fixed input history; horizon-specific models,2,5,98
2324,B11,Florida Brilliance,3,2024-02-27,2024-01-08,2024-02-06,21,128.0,404.30916941565164,264.0,133.0,paper_informed_nonreactive,Gradient Boosting,within-season 5-fold CV over plots; fixed input history; horizon-specific models,3,5,98
2324,B12,Florida Brilliance,3,2024-02-27,2024-01-08,2024-02-06,21,402.0,324.09131073962016,431.0,212.8,paper_informed_nonreactive,Gradient Boosting,within-season 5-fold CV over plots; fixed input history; horizon-specific models,3,5,98
2324,B21,Florida Brilliance,3,2024-02-27,2024-01-08,2024-02-06,21,300.0,353.0490594880985,237.0,82.6,paper_informed_nonreactive,Gradient Boosting,within-season 5-fold CV over plots; fixed input history; horizon-specific models,3,5,98
2324,B42,Florida Brilliance,3,2024-02-27,2024-01-08,2024-02-06,21,471.0,460.6251508553261,651.0,377.2,paper_informed_nonreactive,Gradient Boosting,within-season 5-fold CV over plots; fixed input history; horizon-specific models,3,5,98
2324,B53,Florida Brilliance,3,2024-02-27,2024-01-08,2024-02-06,21,299.0,379.69919211152114,391.0,207.0,paper_informed_nonreactive,Gradient Boosting,within-season 5-fold CV over plots; fixed input history; horizon-specific models,3,5,98
2324,M15,Florida Medallion,3,2024-02-27,2024-01-08,2024-02-06,21,502.0,450.9737401442714,477.0,290.6,paper_informed_nonreactive,Gradient Boosting,within-season 5-fold CV over plots; fixed input history; horizon-specific models,3,5,98
2324,M25,Florida Medallion,3,2024-02-27,2024-01-08,2024-02-06,21,114.0,370.7698667050747,365.0,112.0,paper_informed_nonreactive,Gradient Boosting,within-season 5-fold CV over plots; fixed input history; horizon-specific models,3,5,98
2324,M44,Florida Medallion,3,2024-02-27,2024-01-08,2024-02-06,21,236.0,357.77154277635725,357.0,223.8,paper_informed_nonreactive,Gradient Boosting,within-season 5-fold CV over plots; fixed input history; horizon-specific models,3,5,98
2324,B13,Florida Brilliance,3,2024-02-27,2024-01-08,2024-02-06,21,253.0,241.22837538454894,209.0,103.6,paper_informed_nonreactive,Gradient Boosting,within-season 5-fold CV over plots; fixed input history; horizon-specific models,4,5,98
2324,B14,Florida Brilliance,3,2024-02-27,2024-01-08,2024-02-06,21,359.0,396.03177728703787,188.0,106.8,paper_informed_nonreactive,Gradient Boosting,within-season 5-fold CV over plots; fixed input history; horizon-specific models,4,5,98
2324,M12,Florida Medallion,3,2024-02-27,2024-01-08,2024-02-06,21,617.0,258.3195476687551,484.0,270.6,paper_informed_nonreactive,Gradient Boosting,within-season 5-fold CV over plots; fixed input history; horizon-specific models,4,5,98
2324,M14,Florida Medallion,3,2024-02-27,2024-01-08,2024-02-06,21,566.0,322.67488066868714,562.0,385.0,paper_informed_nonreactive,Gradient Boosting,within-season 5-fold CV over plots; fixed input history; horizon-specific models,4,5,98
2324,M41,Florida Medallion,3,2024-02-27,2024-01-08,2024-02-06,21,283.0,531.4363401105754,298.0,163.8,paper_informed_nonreactive,Gradient Boosting,within-season 5-fold CV over plots; fixed input history; horizon-specific models,4,5,98
2324,M43,Florida Medallion,3,2024-02-27,2024-01-08,2024-02-06,21,390.0,320.99526856995516,225.0,176.8,paper_informed_nonreactive,Gradient Boosting,within-season 5-fold CV over plots; fixed input history; horizon-specific models,4,5,98
2324,M51,Florida Medallion,3,2024-02-27,2024-01-08,2024-02-06,21,568.0,486.0119583571266,511.0,225.4,paper_informed_nonreactive,Gradient Boosting,within-season 5-fold CV over plots; fixed input history; horizon-specific models,4,5,98
2324,M52,Florida Medallion,3,2024-02-27,2024-01-08,2024-02-06,21,474.0,442.33251970376836,1077.0,431.2,paper_informed_nonreactive,Gradient Boosting,within-season 5-fold CV over plots; fixed input history; horizon-specific models,4,5,98
2324,B23,Florida Brilliance,3,2024-02-27,2024-01-08,2024-02-06,21,468.0,235.40346436811416,228.0,182.0,paper_informed_nonreactive,Gradient Boosting,within-season 5-fold CV over plots; fixed input history; horizon-specific models,5,5,98
2324,B41,Florida Brilliance,3,2024-02-27,2024-01-08,2024-02-06,21,673.0,389.0693466278614,707.0,213.2,paper_informed_nonreactive,Gradient Boosting,within-season 5-fold CV over plots; fixed input history; horizon-specific models,5,5,98
2324,B45,Florida Brilliance,3,2024-02-27,2024-01-08,2024-02-06,21,275.0,444.3449025454465,589.0,399.2,paper_informed_nonreactive,Gradient Boosting,within-season 5-fold CV over plots; fixed input history; horizon-specific models,5,5,98
2324,B54,Florida Brilliance,3,2024-02-27,2024-01-08,2024-02-06,21,490.0,506.4792082098205,454.0,259.0,paper_informed_nonreactive,Gradient Boosting,within-season 5-fold CV over plots; fixed input history; horizon-specific models,5,5,98
2324,M11,Florida Medallion,3,2024-02-27,2024-01-08,2024-02-06,21,176.0,334.27460074040846,125.0,69.6,paper_informed_nonreactive,Gradient Boosting,within-season 5-fold CV over plots; fixed input history; horizon-specific models,5,5,98
2324,M13,Florida Medallion,3,2024-02-27,2024-01-08,2024-02-06,21,305.0,442.4999659911358,400.0,174.0,paper_informed_nonreactive,Gradient Boosting,within-season 5-fold CV over plots; fixed input history; horizon-specific models,5,5,98
2324,M24,Florida Medallion,3,2024-02-27,2024-01-08,2024-02-06,21,157.0,334.27460074040846,238.0,93.2,paper_informed_nonreactive,Gradient Boosting,within-season 5-fold CV over plots; fixed input history; horizon-specific models,5,5,98
2324,M54,Florida Medallion,3,2024-02-27,2024-01-08,2024-02-06,21,299.0,349.6771783653788,328.0,150.4,paper_informed_nonreactive,Gradient Boosting,within-season 5-fold CV over plots; fixed input history; horizon-specific models,5,5,98
2324,B15,Florida Brilliance,3,2024-02-27,2024-01-08,2024-02-06,21,165.0,397.4375,294.0,139.4,paper_informed_nonreactive,HistGradientBoosting,within-season 5-fold CV over plots; fixed input history; horizon-specific models,1,5,98
2324,B43,Florida Brilliance,3,2024-02-27,2024-01-08,2024-02-06,21,352.0,397.4375,285.0,171.8,paper_informed_nonreactive,HistGradientBoosting,within-season 5-fold CV over plots; fixed input history; horizon-specific models,1,5,98
2324,B51,Florida Brilliance,3,2024-02-27,2024-01-08,2024-02-06,21,485.0,397.4375,216.0,145.4,paper_informed_nonreactive,HistGradientBoosting,within-season 5-fold CV over plots; fixed input history; horizon-specific models,1,5,98
2324,B52,Florida Brilliance,3,2024-02-27,2024-01-08,2024-02-06,21,283.0,397.4375,472.0,225.0,paper_informed_nonreactive,HistGradientBoosting,within-season 5-fold CV over plots; fixed input history; horizon-specific models,1,5,98
2324,B55,Florida Brilliance,3,2024-02-27,2024-01-08,2024-02-06,21,233.0,397.4375,348.0,198.8,paper_informed_nonreactive,HistGradientBoosting,within-season 5-fold CV over plots; fixed input history; horizon-specific models,1,5,98
2324,M22,Florida Medallion,3,2024-02-27,2024-01-08,2024-02-06,21,272.0,397.4375,558.0,259.4,paper_informed_nonreactive,HistGradientBoosting,within-season 5-fold CV over plots; fixed input history; horizon-specific models,1,5,98
2324,M23,Florida Medallion,3,2024-02-27,2024-01-08,2024-02-06,21,151.0,397.4375,139.0,91.6,paper_informed_nonreactive,HistGradientBoosting,within-season 5-fold CV over plots; fixed input history; horizon-specific models,1,5,98
2324,M53,Florida Medallion,3,2024-02-27,2024-01-08,2024-02-06,21,426.0,397.4375,435.0,174.2,paper_informed_nonreactive,HistGradientBoosting,within-season 5-fold CV over plots; fixed input history; horizon-specific models,1,5,98
2324,B22,Florida Brilliance,3,2024-02-27,2024-01-08,2024-02-06,21,430.0,349.125,236.0,167.4,paper_informed_nonreactive,HistGradientBoosting,within-season 5-fold CV over plots; fixed input history; horizon-specific models,2,5,98
2324,B24,Florida Brilliance,3,2024-02-27,2024-01-08,2024-02-06,21,659.0,349.125,343.0,224.0,paper_informed_nonreactive,HistGradientBoosting,within-season 5-fold CV over plots; fixed input history; horizon-specific models,2,5,98
2324,B25,Florida Brilliance,3,2024-02-27,2024-01-08,2024-02-06,21,616.0,349.125,507.0,290.4,paper_informed_nonreactive,HistGradientBoosting,within-season 5-fold CV over plots; fixed input history; horizon-specific models,2,5,98
2324,B44,Florida Brilliance,3,2024-02-27,2024-01-08,2024-02-06,21,636.0,349.125,303.0,215.2,paper_informed_nonreactive,HistGradientBoosting,within-season 5-fold CV over plots; fixed input history; horizon-specific models,2,5,98
2324,M21,Florida Medallion,3,2024-02-27,2024-01-08,2024-02-06,21,242.0,349.125,375.0,167.2,paper_informed_nonreactive,HistGradientBoosting,within-season 5-fold CV over plots; fixed input history; horizon-specific models,2,5,98
2324,M42,Florida Medallion,3,2024-02-27,2024-01-08,2024-02-06,21,461.0,349.125,506.0,250.8,paper_informed_nonreactive,HistGradientBoosting,within-season 5-fold CV over plots; fixed input history; horizon-specific models,2,5,98
2324,M45,Florida Medallion,3,2024-02-27,2024-01-08,2024-02-06,21,530.0,349.125,441.0,211.8,paper_informed_nonreactive,HistGradientBoosting,within-season 5-fold CV over plots; fixed input history; horizon-specific models,2,5,98
2324,M55,Florida Medallion,3,2024-02-27,2024-01-08,2024-02-06,21,339.0,349.125,537.0,244.0,paper_informed_nonreactive,HistGradientBoosting,within-season 5-fold CV over plots; fixed input history; horizon-specific models,2,5,98
2324,B11,Florida Brilliance,3,2024-02-27,2024-01-08,2024-02-06,21,128.0,394.78125,264.0,133.0,paper_informed_nonreactive,HistGradientBoosting,within-season 5-fold CV over plots; fixed input history; horizon-specific models,3,5,98
2324,B12,Florida Brilliance,3,2024-02-27,2024-01-08,2024-02-06,21,402.0,394.78125,431.0,212.8,paper_informed_nonreactive,HistGradientBoosting,within-season 5-fold CV over plots; fixed input history; horizon-specific models,3,5,98
2324,B21,Florida Brilliance,3,2024-02-27,2024-01-08,2024-02-06,21,300.0,394.78125,237.0,82.6,paper_informed_nonreactive,HistGradientBoosting,within-season 5-fold CV over plots; fixed input history; horizon-specific models,3,5,98
2324,B42,Florida Brilliance,3,2024-02-27,2024-01-08,2024-02-06,21,471.0,394.78125,651.0,377.2,paper_informed_nonreactive,HistGradientBoosting,within-season 5-fold CV over plots; fixed input history; horizon-specific models,3,5,98
2324,B53,Florida Brilliance,3,2024-02-27,2024-01-08,2024-02-06,21,299.0,394.78125,391.0,207.0,paper_informed_nonreactive,HistGradientBoosting,within-season 5-fold CV over plots; fixed input history; horizon-specific models,3,5,98
2324,M15,Florida Medallion,3,2024-02-27,2024-01-08,2024-02-06,21,502.0,394.78125,477.0,290.6,paper_informed_nonreactive,HistGradientBoosting,within-season 5-fold CV over plots; fixed input history; horizon-specific models,3,5,98
2324,M25,Florida Medallion,3,2024-02-27,2024-01-08,2024-02-06,21,114.0,394.78125,365.0,112.0,paper_informed_nonreactive,HistGradientBoosting,within-season 5-fold CV over plots; fixed input history; horizon-specific models,3,5,98
2324,M44,Florida Medallion,3,2024-02-27,2024-01-08,2024-02-06,21,236.0,394.78125,357.0,223.8,paper_informed_nonreactive,HistGradientBoosting,within-season 5-fold CV over plots; fixed input history; horizon-specific models,3,5,98
2324,B13,Florida Brilliance,3,2024-02-27,2024-01-08,2024-02-06,21,253.0,361.71875,209.0,103.6,paper_informed_nonreactive,HistGradientBoosting,within-season 5-fold CV over plots; fixed input history; horizon-specific models,4,5,98
2324,B14,Florida Brilliance,3,2024-02-27,2024-01-08,2024-02-06,21,359.0,361.71875,188.0,106.8,paper_informed_nonreactive,HistGradientBoosting,within-season 5-fold CV over plots; fixed input history; horizon-specific models,4,5,98
2324,M12,Florida Medallion,3,2024-02-27,2024-01-08,2024-02-06,21,617.0,361.71875,484.0,270.6,paper_informed_nonreactive,HistGradientBoosting,within-season 5-fold CV over plots; fixed input history; horizon-specific models,4,5,98
2324,M14,Florida Medallion,3,2024-02-27,2024-01-08,2024-02-06,21,566.0,361.71875,562.0,385.0,paper_informed_nonreactive,HistGradientBoosting,within-season 5-fold CV over plots; fixed input history; horizon-specific models,4,5,98
2324,M41,Florida Medallion,3,2024-02-27,2024-01-08,2024-02-06,21,283.0,361.71875,298.0,163.8,paper_informed_nonreactive,HistGradientBoosting,within-season 5-fold CV over plots; fixed input history; horizon-specific models,4,5,98
2324,M43,Florida Medallion,3,2024-02-27,2024-01-08,2024-02-06,21,390.0,361.71875,225.0,176.8,paper_informed_nonreactive,HistGradientBoosting,within-season 5-fold CV over plots; fixed input history; horizon-specific models,4,5,98
2324,M51,Florida Medallion,3,2024-02-27,2024-01-08,2024-02-06,21,568.0,361.71875,511.0,225.4,paper_informed_nonreactive,HistGradientBoosting,within-season 5-fold CV over plots; fixed input history; horizon-specific models,4,5,98
2324,M52,Florida Medallion,3,2024-02-27,2024-01-08,2024-02-06,21,474.0,361.71875,1077.0,431.2,paper_informed_nonreactive,HistGradientBoosting,within-season 5-fold CV over plots; fixed input history; horizon-specific models,4,5,98
2324,B23,Florida Brilliance,3,2024-02-27,2024-01-08,2024-02-06,21,468.0,382.5625,228.0,182.0,paper_informed_nonreactive,HistGradientBoosting,within-season 5-fold CV over plots; fixed input history; horizon-specific models,5,5,98
2324,B41,Florida Brilliance,3,2024-02-27,2024-01-08,2024-02-06,21,673.0,382.5625,707.0,213.2,paper_informed_nonreactive,HistGradientBoosting,within-season 5-fold CV over plots; fixed input history; horizon-specific models,5,5,98
2324,B45,Florida Brilliance,3,2024-02-27,2024-01-08,2024-02-06,21,275.0,382.5625,589.0,399.2,paper_informed_nonreactive,HistGradientBoosting,within-season 5-fold CV over plots; fixed input history; horizon-specific models,5,5,98
2324,B54,Florida Brilliance,3,2024-02-27,2024-01-08,2024-02-06,21,490.0,382.5625,454.0,259.0,paper_informed_nonreactive,HistGradientBoosting,within-season 5-fold CV over plots; fixed input history; horizon-specific models,5,5,98
2324,M11,Florida Medallion,3,2024-02-27,2024-01-08,2024-02-06,21,176.0,382.5625,125.0,69.6,paper_informed_nonreactive,HistGradientBoosting,within-season 5-fold CV over plots; fixed input history; horizon-specific models,5,5,98
2324,M13,Florida Medallion,3,2024-02-27,2024-01-08,2024-02-06,21,305.0,382.5625,400.0,174.0,paper_informed_nonreactive,HistGradientBoosting,within-season 5-fold CV over plots; fixed input history; horizon-specific models,5,5,98
2324,M24,Florida Medallion,3,2024-02-27,2024-01-08,2024-02-06,21,157.0,382.5625,238.0,93.2,paper_informed_nonreactive,HistGradientBoosting,within-season 5-fold CV over plots; fixed input history; horizon-specific models,5,5,98
2324,M54,Florida Medallion,3,2024-02-27,2024-01-08,2024-02-06,21,299.0,382.5625,328.0,150.4,paper_informed_nonreactive,HistGradientBoosting,within-season 5-fold CV over plots; fixed input history; horizon-specific models,5,5,98
2425,B15,Florida Brilliance,1,2025-02-12,2025-01-07,2025-02-05,7,65.0,21.28125,0.0,6.2,paper_informed_nonreactive,Training horizon mean baseline,within-season 5-fold CV over plots; fixed input history; horizon-specific models,1,5,0
2425,B43,Florida Brilliance,1,2025-02-12,2025-01-07,2025-02-05,7,0.0,21.28125,0.0,5.0,paper_informed_nonreactive,Training horizon mean baseline,within-season 5-fold CV over plots; fixed input history; horizon-specific models,1,5,0
2425,B51,Florida Brilliance,1,2025-02-12,2025-01-07,2025-02-05,7,0.0,21.28125,0.0,4.6,paper_informed_nonreactive,Training horizon mean baseline,within-season 5-fold CV over plots; fixed input history; horizon-specific models,1,5,0
2425,B52,Florida Brilliance,1,2025-02-12,2025-01-07,2025-02-05,7,89.0,21.28125,0.0,2.8,paper_informed_nonreactive,Training horizon mean baseline,within-season 5-fold CV over plots; fixed input history; horizon-specific models,1,5,0
2425,B55,Florida Brilliance,1,2025-02-12,2025-01-07,2025-02-05,7,0.0,21.28125,0.0,5.2,paper_informed_nonreactive,Training horizon mean baseline,within-season 5-fold CV over plots; fixed input history; horizon-specific models,1,5,0
2425,M22,Florida Medallion,1,2025-02-12,2025-01-07,2025-02-05,7,83.0,21.28125,0.0,14.0,paper_informed_nonreactive,Training horizon mean baseline,within-season 5-fold CV over plots; fixed input history; horizon-specific models,1,5,0
2425,M23,Florida Medallion,1,2025-02-12,2025-01-07,2025-02-05,7,0.0,21.28125,19.0,21.0,paper_informed_nonreactive,Training horizon mean baseline,within-season 5-fold CV over plots; fixed input history; horizon-specific models,1,5,0
2425,M53,Florida Medallion,1,2025-02-12,2025-01-07,2025-02-05,7,22.0,21.28125,0.0,20.2,paper_informed_nonreactive,Training horizon mean baseline,within-season 5-fold CV over plots; fixed input history; horizon-specific models,1,5,0
2425,B22,Florida Brilliance,1,2025-02-12,2025-01-07,2025-02-05,7,33.0,24.15625,43.0,15.6,paper_informed_nonreactive,Training horizon mean baseline,within-season 5-fold CV over plots; fixed input history; horizon-specific models,2,5,0
2425,B24,Florida Brilliance,1,2025-02-12,2025-01-07,2025-02-05,7,45.0,24.15625,73.0,35.6,paper_informed_nonreactive,Training horizon mean baseline,within-season 5-fold CV over plots; fixed input history; horizon-specific models,2,5,0
2425,B25,Florida Brilliance,1,2025-02-12,2025-01-07,2025-02-05,7,0.0,24.15625,33.0,9.4,paper_informed_nonreactive,Training horizon mean baseline,within-season 5-fold CV over plots; fixed input history; horizon-specific models,2,5,0
2425,B44,Florida Brilliance,1,2025-02-12,2025-01-07,2025-02-05,7,12.0,24.15625,9.0,8.4,paper_informed_nonreactive,Training horizon mean baseline,within-season 5-fold CV over plots; fixed input history; horizon-specific models,2,5,0
2425,M21,Florida Medallion,1,2025-02-12,2025-01-07,2025-02-05,7,7.0,24.15625,13.0,15.4,paper_informed_nonreactive,Training horizon mean baseline,within-season 5-fold CV over plots; fixed input history; horizon-specific models,2,5,0
2425,M42,Florida Medallion,1,2025-02-12,2025-01-07,2025-02-05,7,41.0,24.15625,0.0,12.6,paper_informed_nonreactive,Training horizon mean baseline,within-season 5-fold CV over plots; fixed input history; horizon-specific models,2,5,0
2425,M45,Florida Medallion,1,2025-02-12,2025-01-07,2025-02-05,7,5.0,24.15625,0.0,8.8,paper_informed_nonreactive,Training horizon mean baseline,within-season 5-fold CV over plots; fixed input history; horizon-specific models,2,5,0
2425,M55,Florida Medallion,1,2025-02-12,2025-01-07,2025-02-05,7,24.0,24.15625,0.0,0.0,paper_informed_nonreactive,Training horizon mean baseline,within-season 5-fold CV over plots; fixed input history; horizon-specific models,2,5,0
2425,B11,Florida Brilliance,1,2025-02-12,2025-01-07,2025-02-05,7,2.0,26.03125,0.0,8.75,paper_informed_nonreactive,Training horizon mean baseline,within-season 5-fold CV over plots; fixed input history; horizon-specific models,3,5,0
2425,B12,Florida Brilliance,1,2025-02-12,2025-01-07,2025-02-05,7,19.0,26.03125,18.0,7.4,paper_informed_nonreactive,Training horizon mean baseline,within-season 5-fold CV over plots; fixed input history; horizon-specific models,3,5,0
2425,B21,Florida Brilliance,1,2025-02-12,2025-01-07,2025-02-05,7,26.0,26.03125,0.0,2.2,paper_informed_nonreactive,Training horizon mean baseline,within-season 5-fold CV over plots; fixed input history; horizon-specific models,3,5,0
2425,B42,Florida Brilliance,1,2025-02-12,2025-01-07,2025-02-05,7,22.0,26.03125,12.0,13.6,paper_informed_nonreactive,Training horizon mean baseline,within-season 5-fold CV over plots; fixed input history; horizon-specific models,3,5,0
2425,B53,Florida Brilliance,1,2025-02-12,2025-01-07,2025-02-05,7,28.0,26.03125,0.0,5.0,paper_informed_nonreactive,Training horizon mean baseline,within-season 5-fold CV over plots; fixed input history; horizon-specific models,3,5,0
2425,M15,Florida Medallion,1,2025-02-12,2025-01-07,2025-02-05,7,10.0,26.03125,41.0,22.6,paper_informed_nonreactive,Training horizon mean baseline,within-season 5-fold CV over plots; fixed input history; horizon-specific models,3,5,0
2425,M25,Florida Medallion,1,2025-02-12,2025-01-07,2025-02-05,7,0.0,26.03125,0.0,9.8,paper_informed_nonreactive,Training horizon mean baseline,within-season 5-fold CV over plots; fixed input history; horizon-specific models,3,5,0
2425,M44,Florida Medallion,1,2025-02-12,2025-01-07,2025-02-05,7,0.0,26.03125,0.0,16.8,paper_informed_nonreactive,Training horizon mean baseline,within-season 5-fold CV over plots; fixed input history; horizon-specific models,3,5,0
2425,B13,Florida Brilliance,1,2025-02-12,2025-01-07,2025-02-05,7,10.0,21.71875,17.0,16.6,paper_informed_nonreactive,Training horizon mean baseline,within-season 5-fold CV over plots; fixed input history; horizon-specific models,4,5,0
2425,B14,Florida Brilliance,1,2025-02-12,2025-01-07,2025-02-05,7,19.0,21.71875,23.0,11.8,paper_informed_nonreactive,Training horizon mean baseline,within-season 5-fold CV over plots; fixed input history; horizon-specific models,4,5,0
2425,M12,Florida Medallion,1,2025-02-12,2025-01-07,2025-02-05,7,19.0,21.71875,33.0,18.2,paper_informed_nonreactive,Training horizon mean baseline,within-season 5-fold CV over plots; fixed input history; horizon-specific models,4,5,0
2425,M14,Florida Medallion,1,2025-02-12,2025-01-07,2025-02-05,7,34.0,21.71875,10.0,16.4,paper_informed_nonreactive,Training horizon mean baseline,within-season 5-fold CV over plots; fixed input history; horizon-specific models,4,5,0
2425,M41,Florida Medallion,1,2025-02-12,2025-01-07,2025-02-05,7,57.0,21.71875,4.0,2.4,paper_informed_nonreactive,Training horizon mean baseline,within-season 5-fold CV over plots; fixed input history; horizon-specific models,4,5,0
2425,M43,Florida Medallion,1,2025-02-12,2025-01-07,2025-02-05,7,0.0,21.71875,0.0,21.0,paper_informed_nonreactive,Training horizon mean baseline,within-season 5-fold CV over plots; fixed input history; horizon-specific models,4,5,0
2425,M51,Florida Medallion,1,2025-02-12,2025-01-07,2025-02-05,7,53.0,21.71875,18.0,4.6,paper_informed_nonreactive,Training horizon mean baseline,within-season 5-fold CV over plots; fixed input history; horizon-specific models,4,5,0
2425,M52,Florida Medallion,1,2025-02-12,2025-01-07,2025-02-05,7,53.0,21.71875,0.0,6.6,paper_informed_nonreactive,Training horizon mean baseline,within-season 5-fold CV over plots; fixed input history; horizon-specific models,4,5,0
2425,B23,Florida Brilliance,1,2025-02-12,2025-01-07,2025-02-05,7,30.0,24.3125,21.0,10.4,paper_informed_nonreactive,Training horizon mean baseline,within-season 5-fold CV over plots; fixed input history; horizon-specific models,5,5,0
2425,B41,Florida Brilliance,1,2025-02-12,2025-01-07,2025-02-05,7,0.0,24.3125,0.0,0.0,paper_informed_nonreactive,Training horizon mean baseline,within-season 5-fold CV over plots; fixed input history; horizon-specific models,5,5,0
2425,B45,Florida Brilliance,1,2025-02-12,2025-01-07,2025-02-05,7,31.0,24.3125,0.0,1.4,paper_informed_nonreactive,Training horizon mean baseline,within-season 5-fold CV over plots; fixed input history; horizon-specific models,5,5,0
2425,B54,Florida Brilliance,1,2025-02-12,2025-01-07,2025-02-05,7,0.0,24.3125,0.0,6.8,paper_informed_nonreactive,Training horizon mean baseline,within-season 5-fold CV over plots; fixed input history; horizon-specific models,5,5,0
2425,M11,Florida Medallion,1,2025-02-12,2025-01-07,2025-02-05,7,0.0,24.3125,0.0,20.8,paper_informed_nonreactive,Training horizon mean baseline,within-season 5-fold CV over plots; fixed input history; horizon-specific models,5,5,0
2425,M13,Florida Medallion,1,2025-02-12,2025-01-07,2025-02-05,7,89.0,24.3125,86.0,33.6,paper_informed_nonreactive,Training horizon mean baseline,within-season 5-fold CV over plots; fixed input history; horizon-specific models,5,5,0
2425,M24,Florida Medallion,1,2025-02-12,2025-01-07,2025-02-05,7,9.0,24.3125,14.0,16.0,paper_informed_nonreactive,Training horizon mean baseline,within-season 5-fold CV over plots; fixed input history; horizon-specific models,5,5,0
2425,M54,Florida Medallion,1,2025-02-12,2025-01-07,2025-02-05,7,3.0,24.3125,0.0,0.4,paper_informed_nonreactive,Training horizon mean baseline,within-season 5-fold CV over plots; fixed input history; horizon-specific models,5,5,0
2425,B15,Florida Brilliance,1,2025-02-12,2025-01-07,2025-02-05,7,65.0,18.466666666666665,0.0,6.2,paper_informed_nonreactive,Cultivar horizon mean baseline,within-season 5-fold CV over plots; fixed input history; horizon-specific models,1,5,0
2425,B43,Florida Brilliance,1,2025-02-12,2025-01-07,2025-02-05,7,0.0,18.466666666666665,0.0,5.0,paper_informed_nonreactive,Cultivar horizon mean baseline,within-season 5-fold CV over plots; fixed input history; horizon-specific models,1,5,0
2425,B51,Florida Brilliance,1,2025-02-12,2025-01-07,2025-02-05,7,0.0,18.466666666666665,0.0,4.6,paper_informed_nonreactive,Cultivar horizon mean baseline,within-season 5-fold CV over plots; fixed input history; horizon-specific models,1,5,0
2425,B52,Florida Brilliance,1,2025-02-12,2025-01-07,2025-02-05,7,89.0,18.466666666666665,0.0,2.8,paper_informed_nonreactive,Cultivar horizon mean baseline,within-season 5-fold CV over plots; fixed input history; horizon-specific models,1,5,0
2425,B55,Florida Brilliance,1,2025-02-12,2025-01-07,2025-02-05,7,0.0,18.466666666666665,0.0,5.2,paper_informed_nonreactive,Cultivar horizon mean baseline,within-season 5-fold CV over plots; fixed input history; horizon-specific models,1,5,0
2425,M22,Florida Medallion,1,2025-02-12,2025-01-07,2025-02-05,7,83.0,23.764705882352942,0.0,14.0,paper_informed_nonreactive,Cultivar horizon mean baseline,within-season 5-fold CV over plots; fixed input history; horizon-specific models,1,5,0
2425,M23,Florida Medallion,1,2025-02-12,2025-01-07,2025-02-05,7,0.0,23.764705882352942,19.0,21.0,paper_informed_nonreactive,Cultivar horizon mean baseline,within-season 5-fold CV over plots; fixed input history; horizon-specific models,1,5,0
2425,M53,Florida Medallion,1,2025-02-12,2025-01-07,2025-02-05,7,22.0,23.764705882352942,0.0,20.2,paper_informed_nonreactive,Cultivar horizon mean baseline,within-season 5-fold CV over plots; fixed input history; horizon-specific models,1,5,0
2425,B22,Florida Brilliance,1,2025-02-12,2025-01-07,2025-02-05,7,33.0,21.3125,43.0,15.6,paper_informed_nonreactive,Cultivar horizon mean baseline,within-season 5-fold CV over plots; fixed input history; horizon-specific models,2,5,0
2425,B24,Florida Brilliance,1,2025-02-12,2025-01-07,2025-02-05,7,45.0,21.3125,73.0,35.6,paper_informed_nonreactive,Cultivar horizon mean baseline,within-season 5-fold CV over plots; fixed input history; horizon-specific models,2,5,0
2425,B25,Florida Brilliance,1,2025-02-12,2025-01-07,2025-02-05,7,0.0,21.3125,33.0,9.4,paper_informed_nonreactive,Cultivar horizon mean baseline,within-season 5-fold CV over plots; fixed input history; horizon-specific models,2,5,0
2425,B44,Florida Brilliance,1,2025-02-12,2025-01-07,2025-02-05,7,12.0,21.3125,9.0,8.4,paper_informed_nonreactive,Cultivar horizon mean baseline,within-season 5-fold CV over plots; fixed input history; horizon-specific models,2,5,0
2425,M21,Florida Medallion,1,2025-02-12,2025-01-07,2025-02-05,7,7.0,27.0,13.0,15.4,paper_informed_nonreactive,Cultivar horizon mean baseline,within-season 5-fold CV over plots; fixed input history; horizon-specific models,2,5,0
2425,M42,Florida Medallion,1,2025-02-12,2025-01-07,2025-02-05,7,41.0,27.0,0.0,12.6,paper_informed_nonreactive,Cultivar horizon mean baseline,within-season 5-fold CV over plots; fixed input history; horizon-specific models,2,5,0
2425,M45,Florida Medallion,1,2025-02-12,2025-01-07,2025-02-05,7,5.0,27.0,0.0,8.8,paper_informed_nonreactive,Cultivar horizon mean baseline,within-season 5-fold CV over plots; fixed input history; horizon-specific models,2,5,0
2425,M55,Florida Medallion,1,2025-02-12,2025-01-07,2025-02-05,7,24.0,27.0,0.0,0.0,paper_informed_nonreactive,Cultivar horizon mean baseline,within-season 5-fold CV over plots; fixed input history; horizon-specific models,2,5,0
2425,B11,Florida Brilliance,1,2025-02-12,2025-01-07,2025-02-05,7,2.0,22.266666666666666,0.0,8.75,paper_informed_nonreactive,Cultivar horizon mean baseline,within-season 5-fold CV over plots; fixed input history; horizon-specific models,3,5,0
2425,B12,Florida Brilliance,1,2025-02-12,2025-01-07,2025-02-05,7,19.0,22.266666666666666,18.0,7.4,paper_informed_nonreactive,Cultivar horizon mean baseline,within-season 5-fold CV over plots; fixed input history; horizon-specific models,3,5,0
2425,B21,Florida Brilliance,1,2025-02-12,2025-01-07,2025-02-05,7,26.0,22.266666666666666,0.0,2.2,paper_informed_nonreactive,Cultivar horizon mean baseline,within-season 5-fold CV over plots; fixed input history; horizon-specific models,3,5,0
2425,B42,Florida Brilliance,1,2025-02-12,2025-01-07,2025-02-05,7,22.0,22.266666666666666,12.0,13.6,paper_informed_nonreactive,Cultivar horizon mean baseline,within-season 5-fold CV over plots; fixed input history; horizon-specific models,3,5,0
2425,B53,Florida Brilliance,1,2025-02-12,2025-01-07,2025-02-05,7,28.0,22.266666666666666,0.0,5.0,paper_informed_nonreactive,Cultivar horizon mean baseline,within-season 5-fold CV over plots; fixed input history; horizon-specific models,3,5,0
2425,M15,Florida Medallion,1,2025-02-12,2025-01-07,2025-02-05,7,10.0,29.352941176470587,41.0,22.6,paper_informed_nonreactive,Cultivar horizon mean baseline,within-season 5-fold CV over plots; fixed input history; horizon-specific models,3,5,0
2425,M25,Florida Medallion,1,2025-02-12,2025-01-07,2025-02-05,7,0.0,29.352941176470587,0.0,9.8,paper_informed_nonreactive,Cultivar horizon mean baseline,within-season 5-fold CV over plots; fixed input history; horizon-specific models,3,5,0
2425,M44,Florida Medallion,1,2025-02-12,2025-01-07,2025-02-05,7,0.0,29.352941176470587,0.0,16.8,paper_informed_nonreactive,Cultivar horizon mean baseline,within-season 5-fold CV over plots; fixed input history; horizon-specific models,3,5,0
2425,B13,Florida Brilliance,1,2025-02-12,2025-01-07,2025-02-05,7,10.0,22.333333333333332,17.0,16.6,paper_informed_nonreactive,Cultivar horizon mean baseline,within-season 5-fold CV over plots; fixed input history; horizon-specific models,4,5,0
2425,B14,Florida Brilliance,1,2025-02-12,2025-01-07,2025-02-05,7,19.0,22.333333333333332,23.0,11.8,paper_informed_nonreactive,Cultivar horizon mean baseline,within-season 5-fold CV over plots; fixed input history; horizon-specific models,4,5,0
2425,M12,Florida Medallion,1,2025-02-12,2025-01-07,2025-02-05,7,19.0,20.928571428571427,33.0,18.2,paper_informed_nonreactive,Cultivar horizon mean baseline,within-season 5-fold CV over plots; fixed input history; horizon-specific models,4,5,0
2425,M14,Florida Medallion,1,2025-02-12,2025-01-07,2025-02-05,7,34.0,20.928571428571427,10.0,16.4,paper_informed_nonreactive,Cultivar horizon mean baseline,within-season 5-fold CV over plots; fixed input history; horizon-specific models,4,5,0
2425,M41,Florida Medallion,1,2025-02-12,2025-01-07,2025-02-05,7,57.0,20.928571428571427,4.0,2.4,paper_informed_nonreactive,Cultivar horizon mean baseline,within-season 5-fold CV over plots; fixed input history; horizon-specific models,4,5,0
2425,M43,Florida Medallion,1,2025-02-12,2025-01-07,2025-02-05,7,0.0,20.928571428571427,0.0,21.0,paper_informed_nonreactive,Cultivar horizon mean baseline,within-season 5-fold CV over plots; fixed input history; horizon-specific models,4,5,0
2425,M51,Florida Medallion,1,2025-02-12,2025-01-07,2025-02-05,7,53.0,20.928571428571427,18.0,4.6,paper_informed_nonreactive,Cultivar horizon mean baseline,within-season 5-fold CV over plots; fixed input history; horizon-specific models,4,5,0
2425,M52,Florida Medallion,1,2025-02-12,2025-01-07,2025-02-05,7,53.0,20.928571428571427,0.0,6.6,paper_informed_nonreactive,Cultivar horizon mean baseline,within-season 5-fold CV over plots; fixed input history; horizon-specific models,4,5,0
2425,B23,Florida Brilliance,1,2025-02-12,2025-01-07,2025-02-05,7,30.0,23.125,21.0,10.4,paper_informed_nonreactive,Cultivar horizon mean baseline,within-season 5-fold CV over plots; fixed input history; horizon-specific models,5,5,0
2425,B41,Florida Brilliance,1,2025-02-12,2025-01-07,2025-02-05,7,0.0,23.125,0.0,0.0,paper_informed_nonreactive,Cultivar horizon mean baseline,within-season 5-fold CV over plots; fixed input history; horizon-specific models,5,5,0
2425,B45,Florida Brilliance,1,2025-02-12,2025-01-07,2025-02-05,7,31.0,23.125,0.0,1.4,paper_informed_nonreactive,Cultivar horizon mean baseline,within-season 5-fold CV over plots; fixed input history; horizon-specific models,5,5,0
2425,B54,Florida Brilliance,1,2025-02-12,2025-01-07,2025-02-05,7,0.0,23.125,0.0,6.8,paper_informed_nonreactive,Cultivar horizon mean baseline,within-season 5-fold CV over plots; fixed input history; horizon-specific models,5,5,0
2425,M11,Florida Medallion,1,2025-02-12,2025-01-07,2025-02-05,7,0.0,25.5,0.0,20.8,paper_informed_nonreactive,Cultivar horizon mean baseline,within-season 5-fold CV over plots; fixed input history; horizon-specific models,5,5,0
2425,M13,Florida Medallion,1,2025-02-12,2025-01-07,2025-02-05,7,89.0,25.5,86.0,33.6,paper_informed_nonreactive,Cultivar horizon mean baseline,within-season 5-fold CV over plots; fixed input history; horizon-specific models,5,5,0
2425,M24,Florida Medallion,1,2025-02-12,2025-01-07,2025-02-05,7,9.0,25.5,14.0,16.0,paper_informed_nonreactive,Cultivar horizon mean baseline,within-season 5-fold CV over plots; fixed input history; horizon-specific models,5,5,0
2425,M54,Florida Medallion,1,2025-02-12,2025-01-07,2025-02-05,7,3.0,25.5,0.0,0.4,paper_informed_nonreactive,Cultivar horizon mean baseline,within-season 5-fold CV over plots; fixed input history; horizon-specific models,5,5,0
2425,B15,Florida Brilliance,1,2025-02-12,2025-01-07,2025-02-05,7,65.0,0.0,0.0,6.2,paper_informed_nonreactive,Last observed week-5 yield baseline,within-season 5-fold CV over plots; fixed input history; horizon-specific models,1,5,0
2425,B43,Florida Brilliance,1,2025-02-12,2025-01-07,2025-02-05,7,0.0,0.0,0.0,5.0,paper_informed_nonreactive,Last observed week-5 yield baseline,within-season 5-fold CV over plots; fixed input history; horizon-specific models,1,5,0
2425,B51,Florida Brilliance,1,2025-02-12,2025-01-07,2025-02-05,7,0.0,0.0,0.0,4.6,paper_informed_nonreactive,Last observed week-5 yield baseline,within-season 5-fold CV over plots; fixed input history; horizon-specific models,1,5,0
2425,B52,Florida Brilliance,1,2025-02-12,2025-01-07,2025-02-05,7,89.0,0.0,0.0,2.8,paper_informed_nonreactive,Last observed week-5 yield baseline,within-season 5-fold CV over plots; fixed input history; horizon-specific models,1,5,0
2425,B55,Florida Brilliance,1,2025-02-12,2025-01-07,2025-02-05,7,0.0,0.0,0.0,5.2,paper_informed_nonreactive,Last observed week-5 yield baseline,within-season 5-fold CV over plots; fixed input history; horizon-specific models,1,5,0
2425,M22,Florida Medallion,1,2025-02-12,2025-01-07,2025-02-05,7,83.0,0.0,0.0,14.0,paper_informed_nonreactive,Last observed week-5 yield baseline,within-season 5-fold CV over plots; fixed input history; horizon-specific models,1,5,0
2425,M23,Florida Medallion,1,2025-02-12,2025-01-07,2025-02-05,7,0.0,19.0,19.0,21.0,paper_informed_nonreactive,Last observed week-5 yield baseline,within-season 5-fold CV over plots; fixed input history; horizon-specific models,1,5,0
2425,M53,Florida Medallion,1,2025-02-12,2025-01-07,2025-02-05,7,22.0,0.0,0.0,20.2,paper_informed_nonreactive,Last observed week-5 yield baseline,within-season 5-fold CV over plots; fixed input history; horizon-specific models,1,5,0
2425,B22,Florida Brilliance,1,2025-02-12,2025-01-07,2025-02-05,7,33.0,43.0,43.0,15.6,paper_informed_nonreactive,Last observed week-5 yield baseline,within-season 5-fold CV over plots; fixed input history; horizon-specific models,2,5,0
2425,B24,Florida Brilliance,1,2025-02-12,2025-01-07,2025-02-05,7,45.0,73.0,73.0,35.6,paper_informed_nonreactive,Last observed week-5 yield baseline,within-season 5-fold CV over plots; fixed input history; horizon-specific models,2,5,0
2425,B25,Florida Brilliance,1,2025-02-12,2025-01-07,2025-02-05,7,0.0,33.0,33.0,9.4,paper_informed_nonreactive,Last observed week-5 yield baseline,within-season 5-fold CV over plots; fixed input history; horizon-specific models,2,5,0
2425,B44,Florida Brilliance,1,2025-02-12,2025-01-07,2025-02-05,7,12.0,9.0,9.0,8.4,paper_informed_nonreactive,Last observed week-5 yield baseline,within-season 5-fold CV over plots; fixed input history; horizon-specific models,2,5,0
2425,M21,Florida Medallion,1,2025-02-12,2025-01-07,2025-02-05,7,7.0,13.0,13.0,15.4,paper_informed_nonreactive,Last observed week-5 yield baseline,within-season 5-fold CV over plots; fixed input history; horizon-specific models,2,5,0
2425,M42,Florida Medallion,1,2025-02-12,2025-01-07,2025-02-05,7,41.0,0.0,0.0,12.6,paper_informed_nonreactive,Last observed week-5 yield baseline,within-season 5-fold CV over plots; fixed input history; horizon-specific models,2,5,0
2425,M45,Florida Medallion,1,2025-02-12,2025-01-07,2025-02-05,7,5.0,0.0,0.0,8.8,paper_informed_nonreactive,Last observed week-5 yield baseline,within-season 5-fold CV over plots; fixed input history; horizon-specific models,2,5,0
2425,M55,Florida Medallion,1,2025-02-12,2025-01-07,2025-02-05,7,24.0,0.0,0.0,0.0,paper_informed_nonreactive,Last observed week-5 yield baseline,within-season 5-fold CV over plots; fixed input history; horizon-specific models,2,5,0
2425,B11,Florida Brilliance,1,2025-02-12,2025-01-07,2025-02-05,7,2.0,0.0,0.0,8.75,paper_informed_nonreactive,Last observed week-5 yield baseline,within-season 5-fold CV over plots; fixed input history; horizon-specific models,3,5,0
2425,B12,Florida Brilliance,1,2025-02-12,2025-01-07,2025-02-05,7,19.0,18.0,18.0,7.4,paper_informed_nonreactive,Last observed week-5 yield baseline,within-season 5-fold CV over plots; fixed input history; horizon-specific models,3,5,0
2425,B21,Florida Brilliance,1,2025-02-12,2025-01-07,2025-02-05,7,26.0,0.0,0.0,2.2,paper_informed_nonreactive,Last observed week-5 yield baseline,within-season 5-fold CV over plots; fixed input history; horizon-specific models,3,5,0
2425,B42,Florida Brilliance,1,2025-02-12,2025-01-07,2025-02-05,7,22.0,12.0,12.0,13.6,paper_informed_nonreactive,Last observed week-5 yield baseline,within-season 5-fold CV over plots; fixed input history; horizon-specific models,3,5,0
2425,B53,Florida Brilliance,1,2025-02-12,2025-01-07,2025-02-05,7,28.0,0.0,0.0,5.0,paper_informed_nonreactive,Last observed week-5 yield baseline,within-season 5-fold CV over plots; fixed input history; horizon-specific models,3,5,0
2425,M15,Florida Medallion,1,2025-02-12,2025-01-07,2025-02-05,7,10.0,41.0,41.0,22.6,paper_informed_nonreactive,Last observed week-5 yield baseline,within-season 5-fold CV over plots; fixed input history; horizon-specific models,3,5,0
2425,M25,Florida Medallion,1,2025-02-12,2025-01-07,2025-02-05,7,0.0,0.0,0.0,9.8,paper_informed_nonreactive,Last observed week-5 yield baseline,within-season 5-fold CV over plots; fixed input history; horizon-specific models,3,5,0
2425,M44,Florida Medallion,1,2025-02-12,2025-01-07,2025-02-05,7,0.0,0.0,0.0,16.8,paper_informed_nonreactive,Last observed week-5 yield baseline,within-season 5-fold CV over plots; fixed input history; horizon-specific models,3,5,0
2425,B13,Florida Brilliance,1,2025-02-12,2025-01-07,2025-02-05,7,10.0,17.0,17.0,16.6,paper_informed_nonreactive,Last observed week-5 yield baseline,within-season 5-fold CV over plots; fixed input history; horizon-specific models,4,5,0
2425,B14,Florida Brilliance,1,2025-02-12,2025-01-07,2025-02-05,7,19.0,23.0,23.0,11.8,paper_informed_nonreactive,Last observed week-5 yield baseline,within-season 5-fold CV over plots; fixed input history; horizon-specific models,4,5,0
2425,M12,Florida Medallion,1,2025-02-12,2025-01-07,2025-02-05,7,19.0,33.0,33.0,18.2,paper_informed_nonreactive,Last observed week-5 yield baseline,within-season 5-fold CV over plots; fixed input history; horizon-specific models,4,5,0
2425,M14,Florida Medallion,1,2025-02-12,2025-01-07,2025-02-05,7,34.0,10.0,10.0,16.4,paper_informed_nonreactive,Last observed week-5 yield baseline,within-season 5-fold CV over plots; fixed input history; horizon-specific models,4,5,0
2425,M41,Florida Medallion,1,2025-02-12,2025-01-07,2025-02-05,7,57.0,4.0,4.0,2.4,paper_informed_nonreactive,Last observed week-5 yield baseline,within-season 5-fold CV over plots; fixed input history; horizon-specific models,4,5,0
2425,M43,Florida Medallion,1,2025-02-12,2025-01-07,2025-02-05,7,0.0,0.0,0.0,21.0,paper_informed_nonreactive,Last observed week-5 yield baseline,within-season 5-fold CV over plots; fixed input history; horizon-specific models,4,5,0
2425,M51,Florida Medallion,1,2025-02-12,2025-01-07,2025-02-05,7,53.0,18.0,18.0,4.6,paper_informed_nonreactive,Last observed week-5 yield baseline,within-season 5-fold CV over plots; fixed input history; horizon-specific models,4,5,0
2425,M52,Florida Medallion,1,2025-02-12,2025-01-07,2025-02-05,7,53.0,0.0,0.0,6.6,paper_informed_nonreactive,Last observed week-5 yield baseline,within-season 5-fold CV over plots; fixed input history; horizon-specific models,4,5,0
2425,B23,Florida Brilliance,1,2025-02-12,2025-01-07,2025-02-05,7,30.0,21.0,21.0,10.4,paper_informed_nonreactive,Last observed week-5 yield baseline,within-season 5-fold CV over plots; fixed input history; horizon-specific models,5,5,0
2425,B41,Florida Brilliance,1,2025-02-12,2025-01-07,2025-02-05,7,0.0,0.0,0.0,0.0,paper_informed_nonreactive,Last observed week-5 yield baseline,within-season 5-fold CV over plots; fixed input history; horizon-specific models,5,5,0
2425,B45,Florida Brilliance,1,2025-02-12,2025-01-07,2025-02-05,7,31.0,0.0,0.0,1.4,paper_informed_nonreactive,Last observed week-5 yield baseline,within-season 5-fold CV over plots; fixed input history; horizon-specific models,5,5,0
2425,B54,Florida Brilliance,1,2025-02-12,2025-01-07,2025-02-05,7,0.0,0.0,0.0,6.8,paper_informed_nonreactive,Last observed week-5 yield baseline,within-season 5-fold CV over plots; fixed input history; horizon-specific models,5,5,0
2425,M11,Florida Medallion,1,2025-02-12,2025-01-07,2025-02-05,7,0.0,0.0,0.0,20.8,paper_informed_nonreactive,Last observed week-5 yield baseline,within-season 5-fold CV over plots; fixed input history; horizon-specific models,5,5,0
2425,M13,Florida Medallion,1,2025-02-12,2025-01-07,2025-02-05,7,89.0,86.0,86.0,33.6,paper_informed_nonreactive,Last observed week-5 yield baseline,within-season 5-fold CV over plots; fixed input history; horizon-specific models,5,5,0
2425,M24,Florida Medallion,1,2025-02-12,2025-01-07,2025-02-05,7,9.0,14.0,14.0,16.0,paper_informed_nonreactive,Last observed week-5 yield baseline,within-season 5-fold CV over plots; fixed input history; horizon-specific models,5,5,0
2425,M54,Florida Medallion,1,2025-02-12,2025-01-07,2025-02-05,7,3.0,0.0,0.0,0.4,paper_informed_nonreactive,Last observed week-5 yield baseline,within-season 5-fold CV over plots; fixed input history; horizon-specific models,5,5,0
2425,B15,Florida Brilliance,1,2025-02-12,2025-01-07,2025-02-05,7,65.0,6.2,0.0,6.2,paper_informed_nonreactive,Observed 5-week mean yield baseline,within-season 5-fold CV over plots; fixed input history; horizon-specific models,1,5,0
2425,B43,Florida Brilliance,1,2025-02-12,2025-01-07,2025-02-05,7,0.0,5.0,0.0,5.0,paper_informed_nonreactive,Observed 5-week mean yield baseline,within-season 5-fold CV over plots; fixed input history; horizon-specific models,1,5,0
2425,B51,Florida Brilliance,1,2025-02-12,2025-01-07,2025-02-05,7,0.0,4.6,0.0,4.6,paper_informed_nonreactive,Observed 5-week mean yield baseline,within-season 5-fold CV over plots; fixed input history; horizon-specific models,1,5,0
2425,B52,Florida Brilliance,1,2025-02-12,2025-01-07,2025-02-05,7,89.0,2.8,0.0,2.8,paper_informed_nonreactive,Observed 5-week mean yield baseline,within-season 5-fold CV over plots; fixed input history; horizon-specific models,1,5,0
2425,B55,Florida Brilliance,1,2025-02-12,2025-01-07,2025-02-05,7,0.0,5.2,0.0,5.2,paper_informed_nonreactive,Observed 5-week mean yield baseline,within-season 5-fold CV over plots; fixed input history; horizon-specific models,1,5,0
2425,M22,Florida Medallion,1,2025-02-12,2025-01-07,2025-02-05,7,83.0,14.0,0.0,14.0,paper_informed_nonreactive,Observed 5-week mean yield baseline,within-season 5-fold CV over plots; fixed input history; horizon-specific models,1,5,0
2425,M23,Florida Medallion,1,2025-02-12,2025-01-07,2025-02-05,7,0.0,21.0,19.0,21.0,paper_informed_nonreactive,Observed 5-week mean yield baseline,within-season 5-fold CV over plots; fixed input history; horizon-specific models,1,5,0
2425,M53,Florida Medallion,1,2025-02-12,2025-01-07,2025-02-05,7,22.0,20.2,0.0,20.2,paper_informed_nonreactive,Observed 5-week mean yield baseline,within-season 5-fold CV over plots; fixed input history; horizon-specific models,1,5,0
2425,B22,Florida Brilliance,1,2025-02-12,2025-01-07,2025-02-05,7,33.0,15.6,43.0,15.6,paper_informed_nonreactive,Observed 5-week mean yield baseline,within-season 5-fold CV over plots; fixed input history; horizon-specific models,2,5,0
2425,B24,Florida Brilliance,1,2025-02-12,2025-01-07,2025-02-05,7,45.0,35.6,73.0,35.6,paper_informed_nonreactive,Observed 5-week mean yield baseline,within-season 5-fold CV over plots; fixed input history; horizon-specific models,2,5,0
2425,B25,Florida Brilliance,1,2025-02-12,2025-01-07,2025-02-05,7,0.0,9.4,33.0,9.4,paper_informed_nonreactive,Observed 5-week mean yield baseline,within-season 5-fold CV over plots; fixed input history; horizon-specific models,2,5,0
2425,B44,Florida Brilliance,1,2025-02-12,2025-01-07,2025-02-05,7,12.0,8.4,9.0,8.4,paper_informed_nonreactive,Observed 5-week mean yield baseline,within-season 5-fold CV over plots; fixed input history; horizon-specific models,2,5,0
2425,M21,Florida Medallion,1,2025-02-12,2025-01-07,2025-02-05,7,7.0,15.4,13.0,15.4,paper_informed_nonreactive,Observed 5-week mean yield baseline,within-season 5-fold CV over plots; fixed input history; horizon-specific models,2,5,0
2425,M42,Florida Medallion,1,2025-02-12,2025-01-07,2025-02-05,7,41.0,12.6,0.0,12.6,paper_informed_nonreactive,Observed 5-week mean yield baseline,within-season 5-fold CV over plots; fixed input history; horizon-specific models,2,5,0
2425,M45,Florida Medallion,1,2025-02-12,2025-01-07,2025-02-05,7,5.0,8.8,0.0,8.8,paper_informed_nonreactive,Observed 5-week mean yield baseline,within-season 5-fold CV over plots; fixed input history; horizon-specific models,2,5,0
2425,M55,Florida Medallion,1,2025-02-12,2025-01-07,2025-02-05,7,24.0,0.0,0.0,0.0,paper_informed_nonreactive,Observed 5-week mean yield baseline,within-season 5-fold CV over plots; fixed input history; horizon-specific models,2,5,0
2425,B11,Florida Brilliance,1,2025-02-12,2025-01-07,2025-02-05,7,2.0,8.75,0.0,8.75,paper_informed_nonreactive,Observed 5-week mean yield baseline,within-season 5-fold CV over plots; fixed input history; horizon-specific models,3,5,0
2425,B12,Florida Brilliance,1,2025-02-12,2025-01-07,2025-02-05,7,19.0,7.4,18.0,7.4,paper_informed_nonreactive,Observed 5-week mean yield baseline,within-season 5-fold CV over plots; fixed input history; horizon-specific models,3,5,0
2425,B21,Florida Brilliance,1,2025-02-12,2025-01-07,2025-02-05,7,26.0,2.2,0.0,2.2,paper_informed_nonreactive,Observed 5-week mean yield baseline,within-season 5-fold CV over plots; fixed input history; horizon-specific models,3,5,0
2425,B42,Florida Brilliance,1,2025-02-12,2025-01-07,2025-02-05,7,22.0,13.6,12.0,13.6,paper_informed_nonreactive,Observed 5-week mean yield baseline,within-season 5-fold CV over plots; fixed input history; horizon-specific models,3,5,0
2425,B53,Florida Brilliance,1,2025-02-12,2025-01-07,2025-02-05,7,28.0,5.0,0.0,5.0,paper_informed_nonreactive,Observed 5-week mean yield baseline,within-season 5-fold CV over plots; fixed input history; horizon-specific models,3,5,0
2425,M15,Florida Medallion,1,2025-02-12,2025-01-07,2025-02-05,7,10.0,22.6,41.0,22.6,paper_informed_nonreactive,Observed 5-week mean yield baseline,within-season 5-fold CV over plots; fixed input history; horizon-specific models,3,5,0
2425,M25,Florida Medallion,1,2025-02-12,2025-01-07,2025-02-05,7,0.0,9.8,0.0,9.8,paper_informed_nonreactive,Observed 5-week mean yield baseline,within-season 5-fold CV over plots; fixed input history; horizon-specific models,3,5,0
2425,M44,Florida Medallion,1,2025-02-12,2025-01-07,2025-02-05,7,0.0,16.8,0.0,16.8,paper_informed_nonreactive,Observed 5-week mean yield baseline,within-season 5-fold CV over plots; fixed input history; horizon-specific models,3,5,0
2425,B13,Florida Brilliance,1,2025-02-12,2025-01-07,2025-02-05,7,10.0,16.6,17.0,16.6,paper_informed_nonreactive,Observed 5-week mean yield baseline,within-season 5-fold CV over plots; fixed input history; horizon-specific models,4,5,0
2425,B14,Florida Brilliance,1,2025-02-12,2025-01-07,2025-02-05,7,19.0,11.8,23.0,11.8,paper_informed_nonreactive,Observed 5-week mean yield baseline,within-season 5-fold CV over plots; fixed input history; horizon-specific models,4,5,0
2425,M12,Florida Medallion,1,2025-02-12,2025-01-07,2025-02-05,7,19.0,18.2,33.0,18.2,paper_informed_nonreactive,Observed 5-week mean yield baseline,within-season 5-fold CV over plots; fixed input history; horizon-specific models,4,5,0
2425,M14,Florida Medallion,1,2025-02-12,2025-01-07,2025-02-05,7,34.0,16.4,10.0,16.4,paper_informed_nonreactive,Observed 5-week mean yield baseline,within-season 5-fold CV over plots; fixed input history; horizon-specific models,4,5,0
2425,M41,Florida Medallion,1,2025-02-12,2025-01-07,2025-02-05,7,57.0,2.4,4.0,2.4,paper_informed_nonreactive,Observed 5-week mean yield baseline,within-season 5-fold CV over plots; fixed input history; horizon-specific models,4,5,0
2425,M43,Florida Medallion,1,2025-02-12,2025-01-07,2025-02-05,7,0.0,21.0,0.0,21.0,paper_informed_nonreactive,Observed 5-week mean yield baseline,within-season 5-fold CV over plots; fixed input history; horizon-specific models,4,5,0
2425,M51,Florida Medallion,1,2025-02-12,2025-01-07,2025-02-05,7,53.0,4.6,18.0,4.6,paper_informed_nonreactive,Observed 5-week mean yield baseline,within-season 5-fold CV over plots; fixed input history; horizon-specific models,4,5,0
2425,M52,Florida Medallion,1,2025-02-12,2025-01-07,2025-02-05,7,53.0,6.6,0.0,6.6,paper_informed_nonreactive,Observed 5-week mean yield baseline,within-season 5-fold CV over plots; fixed input history; horizon-specific models,4,5,0
2425,B23,Florida Brilliance,1,2025-02-12,2025-01-07,2025-02-05,7,30.0,10.4,21.0,10.4,paper_informed_nonreactive,Observed 5-week mean yield baseline,within-season 5-fold CV over plots; fixed input history; horizon-specific models,5,5,0
2425,B41,Florida Brilliance,1,2025-02-12,2025-01-07,2025-02-05,7,0.0,0.0,0.0,0.0,paper_informed_nonreactive,Observed 5-week mean yield baseline,within-season 5-fold CV over plots; fixed input history; horizon-specific models,5,5,0
2425,B45,Florida Brilliance,1,2025-02-12,2025-01-07,2025-02-05,7,31.0,1.4,0.0,1.4,paper_informed_nonreactive,Observed 5-week mean yield baseline,within-season 5-fold CV over plots; fixed input history; horizon-specific models,5,5,0
2425,B54,Florida Brilliance,1,2025-02-12,2025-01-07,2025-02-05,7,0.0,6.8,0.0,6.8,paper_informed_nonreactive,Observed 5-week mean yield baseline,within-season 5-fold CV over plots; fixed input history; horizon-specific models,5,5,0
2425,M11,Florida Medallion,1,2025-02-12,2025-01-07,2025-02-05,7,0.0,20.8,0.0,20.8,paper_informed_nonreactive,Observed 5-week mean yield baseline,within-season 5-fold CV over plots; fixed input history; horizon-specific models,5,5,0
2425,M13,Florida Medallion,1,2025-02-12,2025-01-07,2025-02-05,7,89.0,33.6,86.0,33.6,paper_informed_nonreactive,Observed 5-week mean yield baseline,within-season 5-fold CV over plots; fixed input history; horizon-specific models,5,5,0
2425,M24,Florida Medallion,1,2025-02-12,2025-01-07,2025-02-05,7,9.0,16.0,14.0,16.0,paper_informed_nonreactive,Observed 5-week mean yield baseline,within-season 5-fold CV over plots; fixed input history; horizon-specific models,5,5,0
2425,M54,Florida Medallion,1,2025-02-12,2025-01-07,2025-02-05,7,3.0,0.4,0.0,0.4,paper_informed_nonreactive,Observed 5-week mean yield baseline,within-season 5-fold CV over plots; fixed input history; horizon-specific models,5,5,0
2425,B15,Florida Brilliance,1,2025-02-12,2025-01-07,2025-02-05,7,65.0,0.0,0.0,6.2,paper_informed_nonreactive,Zero yield baseline,within-season 5-fold CV over plots; fixed input history; horizon-specific models,1,5,0
2425,B43,Florida Brilliance,1,2025-02-12,2025-01-07,2025-02-05,7,0.0,0.0,0.0,5.0,paper_informed_nonreactive,Zero yield baseline,within-season 5-fold CV over plots; fixed input history; horizon-specific models,1,5,0
2425,B51,Florida Brilliance,1,2025-02-12,2025-01-07,2025-02-05,7,0.0,0.0,0.0,4.6,paper_informed_nonreactive,Zero yield baseline,within-season 5-fold CV over plots; fixed input history; horizon-specific models,1,5,0
2425,B52,Florida Brilliance,1,2025-02-12,2025-01-07,2025-02-05,7,89.0,0.0,0.0,2.8,paper_informed_nonreactive,Zero yield baseline,within-season 5-fold CV over plots; fixed input history; horizon-specific models,1,5,0
2425,B55,Florida Brilliance,1,2025-02-12,2025-01-07,2025-02-05,7,0.0,0.0,0.0,5.2,paper_informed_nonreactive,Zero yield baseline,within-season 5-fold CV over plots; fixed input history; horizon-specific models,1,5,0
2425,M22,Florida Medallion,1,2025-02-12,2025-01-07,2025-02-05,7,83.0,0.0,0.0,14.0,paper_informed_nonreactive,Zero yield baseline,within-season 5-fold CV over plots; fixed input history; horizon-specific models,1,5,0
2425,M23,Florida Medallion,1,2025-02-12,2025-01-07,2025-02-05,7,0.0,0.0,19.0,21.0,paper_informed_nonreactive,Zero yield baseline,within-season 5-fold CV over plots; fixed input history; horizon-specific models,1,5,0
2425,M53,Florida Medallion,1,2025-02-12,2025-01-07,2025-02-05,7,22.0,0.0,0.0,20.2,paper_informed_nonreactive,Zero yield baseline,within-season 5-fold CV over plots; fixed input history; horizon-specific models,1,5,0
2425,B22,Florida Brilliance,1,2025-02-12,2025-01-07,2025-02-05,7,33.0,0.0,43.0,15.6,paper_informed_nonreactive,Zero yield baseline,within-season 5-fold CV over plots; fixed input history; horizon-specific models,2,5,0
2425,B24,Florida Brilliance,1,2025-02-12,2025-01-07,2025-02-05,7,45.0,0.0,73.0,35.6,paper_informed_nonreactive,Zero yield baseline,within-season 5-fold CV over plots; fixed input history; horizon-specific models,2,5,0
2425,B25,Florida Brilliance,1,2025-02-12,2025-01-07,2025-02-05,7,0.0,0.0,33.0,9.4,paper_informed_nonreactive,Zero yield baseline,within-season 5-fold CV over plots; fixed input history; horizon-specific models,2,5,0
2425,B44,Florida Brilliance,1,2025-02-12,2025-01-07,2025-02-05,7,12.0,0.0,9.0,8.4,paper_informed_nonreactive,Zero yield baseline,within-season 5-fold CV over plots; fixed input history; horizon-specific models,2,5,0
2425,M21,Florida Medallion,1,2025-02-12,2025-01-07,2025-02-05,7,7.0,0.0,13.0,15.4,paper_informed_nonreactive,Zero yield baseline,within-season 5-fold CV over plots; fixed input history; horizon-specific models,2,5,0
2425,M42,Florida Medallion,1,2025-02-12,2025-01-07,2025-02-05,7,41.0,0.0,0.0,12.6,paper_informed_nonreactive,Zero yield baseline,within-season 5-fold CV over plots; fixed input history; horizon-specific models,2,5,0
2425,M45,Florida Medallion,1,2025-02-12,2025-01-07,2025-02-05,7,5.0,0.0,0.0,8.8,paper_informed_nonreactive,Zero yield baseline,within-season 5-fold CV over plots; fixed input history; horizon-specific models,2,5,0
2425,M55,Florida Medallion,1,2025-02-12,2025-01-07,2025-02-05,7,24.0,0.0,0.0,0.0,paper_informed_nonreactive,Zero yield baseline,within-season 5-fold CV over plots; fixed input history; horizon-specific models,2,5,0
2425,B11,Florida Brilliance,1,2025-02-12,2025-01-07,2025-02-05,7,2.0,0.0,0.0,8.75,paper_informed_nonreactive,Zero yield baseline,within-season 5-fold CV over plots; fixed input history; horizon-specific models,3,5,0
2425,B12,Florida Brilliance,1,2025-02-12,2025-01-07,2025-02-05,7,19.0,0.0,18.0,7.4,paper_informed_nonreactive,Zero yield baseline,within-season 5-fold CV over plots; fixed input history; horizon-specific models,3,5,0
2425,B21,Florida Brilliance,1,2025-02-12,2025-01-07,2025-02-05,7,26.0,0.0,0.0,2.2,paper_informed_nonreactive,Zero yield baseline,within-season 5-fold CV over plots; fixed input history; horizon-specific models,3,5,0
2425,B42,Florida Brilliance,1,2025-02-12,2025-01-07,2025-02-05,7,22.0,0.0,12.0,13.6,paper_informed_nonreactive,Zero yield baseline,within-season 5-fold CV over plots; fixed input history; horizon-specific models,3,5,0
2425,B53,Florida Brilliance,1,2025-02-12,2025-01-07,2025-02-05,7,28.0,0.0,0.0,5.0,paper_informed_nonreactive,Zero yield baseline,within-season 5-fold CV over plots; fixed input history; horizon-specific models,3,5,0
2425,M15,Florida Medallion,1,2025-02-12,2025-01-07,2025-02-05,7,10.0,0.0,41.0,22.6,paper_informed_nonreactive,Zero yield baseline,within-season 5-fold CV over plots; fixed input history; horizon-specific models,3,5,0
2425,M25,Florida Medallion,1,2025-02-12,2025-01-07,2025-02-05,7,0.0,0.0,0.0,9.8,paper_informed_nonreactive,Zero yield baseline,within-season 5-fold CV over plots; fixed input history; horizon-specific models,3,5,0
2425,M44,Florida Medallion,1,2025-02-12,2025-01-07,2025-02-05,7,0.0,0.0,0.0,16.8,paper_informed_nonreactive,Zero yield baseline,within-season 5-fold CV over plots; fixed input history; horizon-specific models,3,5,0
2425,B13,Florida Brilliance,1,2025-02-12,2025-01-07,2025-02-05,7,10.0,0.0,17.0,16.6,paper_informed_nonreactive,Zero yield baseline,within-season 5-fold CV over plots; fixed input history; horizon-specific models,4,5,0
2425,B14,Florida Brilliance,1,2025-02-12,2025-01-07,2025-02-05,7,19.0,0.0,23.0,11.8,paper_informed_nonreactive,Zero yield baseline,within-season 5-fold CV over plots; fixed input history; horizon-specific models,4,5,0
2425,M12,Florida Medallion,1,2025-02-12,2025-01-07,2025-02-05,7,19.0,0.0,33.0,18.2,paper_informed_nonreactive,Zero yield baseline,within-season 5-fold CV over plots; fixed input history; horizon-specific models,4,5,0
2425,M14,Florida Medallion,1,2025-02-12,2025-01-07,2025-02-05,7,34.0,0.0,10.0,16.4,paper_informed_nonreactive,Zero yield baseline,within-season 5-fold CV over plots; fixed input history; horizon-specific models,4,5,0
2425,M41,Florida Medallion,1,2025-02-12,2025-01-07,2025-02-05,7,57.0,0.0,4.0,2.4,paper_informed_nonreactive,Zero yield baseline,within-season 5-fold CV over plots; fixed input history; horizon-specific models,4,5,0
2425,M43,Florida Medallion,1,2025-02-12,2025-01-07,2025-02-05,7,0.0,0.0,0.0,21.0,paper_informed_nonreactive,Zero yield baseline,within-season 5-fold CV over plots; fixed input history; horizon-specific models,4,5,0
2425,M51,Florida Medallion,1,2025-02-12,2025-01-07,2025-02-05,7,53.0,0.0,18.0,4.6,paper_informed_nonreactive,Zero yield baseline,within-season 5-fold CV over plots; fixed input history; horizon-specific models,4,5,0
2425,M52,Florida Medallion,1,2025-02-12,2025-01-07,2025-02-05,7,53.0,0.0,0.0,6.6,paper_informed_nonreactive,Zero yield baseline,within-season 5-fold CV over plots; fixed input history; horizon-specific models,4,5,0
2425,B23,Florida Brilliance,1,2025-02-12,2025-01-07,2025-02-05,7,30.0,0.0,21.0,10.4,paper_informed_nonreactive,Zero yield baseline,within-season 5-fold CV over plots; fixed input history; horizon-specific models,5,5,0
2425,B41,Florida Brilliance,1,2025-02-12,2025-01-07,2025-02-05,7,0.0,0.0,0.0,0.0,paper_informed_nonreactive,Zero yield baseline,within-season 5-fold CV over plots; fixed input history; horizon-specific models,5,5,0
2425,B45,Florida Brilliance,1,2025-02-12,2025-01-07,2025-02-05,7,31.0,0.0,0.0,1.4,paper_informed_nonreactive,Zero yield baseline,within-season 5-fold CV over plots; fixed input history; horizon-specific models,5,5,0
2425,B54,Florida Brilliance,1,2025-02-12,2025-01-07,2025-02-05,7,0.0,0.0,0.0,6.8,paper_informed_nonreactive,Zero yield baseline,within-season 5-fold CV over plots; fixed input history; horizon-specific models,5,5,0
2425,M11,Florida Medallion,1,2025-02-12,2025-01-07,2025-02-05,7,0.0,0.0,0.0,20.8,paper_informed_nonreactive,Zero yield baseline,within-season 5-fold CV over plots; fixed input history; horizon-specific models,5,5,0
2425,M13,Florida Medallion,1,2025-02-12,2025-01-07,2025-02-05,7,89.0,0.0,86.0,33.6,paper_informed_nonreactive,Zero yield baseline,within-season 5-fold CV over plots; fixed input history; horizon-specific models,5,5,0
2425,M24,Florida Medallion,1,2025-02-12,2025-01-07,2025-02-05,7,9.0,0.0,14.0,16.0,paper_informed_nonreactive,Zero yield baseline,within-season 5-fold CV over plots; fixed input history; horizon-specific models,5,5,0
2425,M54,Florida Medallion,1,2025-02-12,2025-01-07,2025-02-05,7,3.0,0.0,0.0,0.4,paper_informed_nonreactive,Zero yield baseline,within-season 5-fold CV over plots; fixed input history; horizon-specific models,5,5,0
2425,B15,Florida Brilliance,1,2025-02-12,2025-01-07,2025-02-05,7,65.0,27.951466000216193,0.0,6.2,paper_informed_nonreactive,Ridge,within-season 5-fold CV over plots; fixed input history; horizon-specific models,1,5,98
2425,B43,Florida Brilliance,1,2025-02-12,2025-01-07,2025-02-05,7,0.0,-1.9940069936497125,0.0,5.0,paper_informed_nonreactive,Ridge,within-season 5-fold CV over plots; fixed input history; horizon-specific models,1,5,98
2425,B51,Florida Brilliance,1,2025-02-12,2025-01-07,2025-02-05,7,0.0,8.80717357575071,0.0,4.6,paper_informed_nonreactive,Ridge,within-season 5-fold CV over plots; fixed input history; horizon-specific models,1,5,98
2425,B52,Florida Brilliance,1,2025-02-12,2025-01-07,2025-02-05,7,89.0,17.587859139237686,0.0,2.8,paper_informed_nonreactive,Ridge,within-season 5-fold CV over plots; fixed input history; horizon-specific models,1,5,98
2425,B55,Florida Brilliance,1,2025-02-12,2025-01-07,2025-02-05,7,0.0,28.190401358430748,0.0,5.2,paper_informed_nonreactive,Ridge,within-season 5-fold CV over plots; fixed input history; horizon-specific models,1,5,98
2425,M22,Florida Medallion,1,2025-02-12,2025-01-07,2025-02-05,7,83.0,55.715008621589675,0.0,14.0,paper_informed_nonreactive,Ridge,within-season 5-fold CV over plots; fixed input history; horizon-specific models,1,5,98
2425,M23,Florida Medallion,1,2025-02-12,2025-01-07,2025-02-05,7,0.0,8.121353692535719,19.0,21.0,paper_informed_nonreactive,Ridge,within-season 5-fold CV over plots; fixed input history; horizon-specific models,1,5,98
2425,M53,Florida Medallion,1,2025-02-12,2025-01-07,2025-02-05,7,22.0,23.717753716115237,0.0,20.2,paper_informed_nonreactive,Ridge,within-season 5-fold CV over plots; fixed input history; horizon-specific models,1,5,98
2425,B22,Florida Brilliance,1,2025-02-12,2025-01-07,2025-02-05,7,33.0,30.893266025083626,43.0,15.6,paper_informed_nonreactive,Ridge,within-season 5-fold CV over plots; fixed input history; horizon-specific models,2,5,98
2425,B24,Florida Brilliance,1,2025-02-12,2025-01-07,2025-02-05,7,45.0,26.848935728652513,73.0,35.6,paper_informed_nonreactive,Ridge,within-season 5-fold CV over plots; fixed input history; horizon-specific models,2,5,98
2425,B25,Florida Brilliance,1,2025-02-12,2025-01-07,2025-02-05,7,0.0,10.51523205493811,33.0,9.4,paper_informed_nonreactive,Ridge,within-season 5-fold CV over plots; fixed input history; horizon-specific models,2,5,98
2425,B44,Florida Brilliance,1,2025-02-12,2025-01-07,2025-02-05,7,12.0,37.87567798774492,9.0,8.4,paper_informed_nonreactive,Ridge,within-season 5-fold CV over plots; fixed input history; horizon-specific models,2,5,98
2425,M21,Florida Medallion,1,2025-02-12,2025-01-07,2025-02-05,7,7.0,37.60692816882293,13.0,15.4,paper_informed_nonreactive,Ridge,within-season 5-fold CV over plots; fixed input history; horizon-specific models,2,5,98
2425,M42,Florida Medallion,1,2025-02-12,2025-01-07,2025-02-05,7,41.0,39.274872102447226,0.0,12.6,paper_informed_nonreactive,Ridge,within-season 5-fold CV over plots; fixed input history; horizon-specific models,2,5,98
2425,M45,Florida Medallion,1,2025-02-12,2025-01-07,2025-02-05,7,5.0,-4.249036089657196,0.0,8.8,paper_informed_nonreactive,Ridge,within-season 5-fold CV over plots; fixed input history; horizon-specific models,2,5,98
2425,M55,Florida Medallion,1,2025-02-12,2025-01-07,2025-02-05,7,24.0,8.23959590274533,0.0,0.0,paper_informed_nonreactive,Ridge,within-season 5-fold CV over plots; fixed input history; horizon-specific models,2,5,98
2425,B11,Florida Brilliance,1,2025-02-12,2025-01-07,2025-02-05,7,2.0,-15.441790899481987,0.0,8.75,paper_informed_nonreactive,Ridge,within-season 5-fold CV over plots; fixed input history; horizon-specific models,3,5,98
2425,B12,Florida Brilliance,1,2025-02-12,2025-01-07,2025-02-05,7,19.0,0.9264336382506677,18.0,7.4,paper_informed_nonreactive,Ridge,within-season 5-fold CV over plots; fixed input history; horizon-specific models,3,5,98
2425,B21,Florida Brilliance,1,2025-02-12,2025-01-07,2025-02-05,7,26.0,0.6049621339583133,0.0,2.2,paper_informed_nonreactive,Ridge,within-season 5-fold CV over plots; fixed input history; horizon-specific models,3,5,98
2425,B42,Florida Brilliance,1,2025-02-12,2025-01-07,2025-02-05,7,22.0,7.236230455248702,12.0,13.6,paper_informed_nonreactive,Ridge,within-season 5-fold CV over plots; fixed input history; horizon-specific models,3,5,98
2425,B53,Florida Brilliance,1,2025-02-12,2025-01-07,2025-02-05,7,28.0,36.908035525364284,0.0,5.0,paper_informed_nonreactive,Ridge,within-season 5-fold CV over plots; fixed input history; horizon-specific models,3,5,98
2425,M15,Florida Medallion,1,2025-02-12,2025-01-07,2025-02-05,7,10.0,13.110412624401992,41.0,22.6,paper_informed_nonreactive,Ridge,within-season 5-fold CV over plots; fixed input history; horizon-specific models,3,5,98
2425,M25,Florida Medallion,1,2025-02-12,2025-01-07,2025-02-05,7,0.0,-2.751980783135309,0.0,9.8,paper_informed_nonreactive,Ridge,within-season 5-fold CV over plots; fixed input history; horizon-specific models,3,5,98
2425,M44,Florida Medallion,1,2025-02-12,2025-01-07,2025-02-05,7,0.0,25.916542491615836,0.0,16.8,paper_informed_nonreactive,Ridge,within-season 5-fold CV over plots; fixed input history; horizon-specific models,3,5,98
2425,B13,Florida Brilliance,1,2025-02-12,2025-01-07,2025-02-05,7,10.0,1.368477136335052,17.0,16.6,paper_informed_nonreactive,Ridge,within-season 5-fold CV over plots; fixed input history; horizon-specific models,4,5,98
2425,B14,Florida Brilliance,1,2025-02-12,2025-01-07,2025-02-05,7,19.0,11.81592036197715,23.0,11.8,paper_informed_nonreactive,Ridge,within-season 5-fold CV over plots; fixed input history; horizon-specific models,4,5,98
2425,M12,Florida Medallion,1,2025-02-12,2025-01-07,2025-02-05,7,19.0,15.886434362850842,33.0,18.2,paper_informed_nonreactive,Ridge,within-season 5-fold CV over plots; fixed input history; horizon-specific models,4,5,98
2425,M14,Florida Medallion,1,2025-02-12,2025-01-07,2025-02-05,7,34.0,28.412420811679468,10.0,16.4,paper_informed_nonreactive,Ridge,within-season 5-fold CV over plots; fixed input history; horizon-specific models,4,5,98
2425,M41,Florida Medallion,1,2025-02-12,2025-01-07,2025-02-05,7,57.0,38.2822150494185,4.0,2.4,paper_informed_nonreactive,Ridge,within-season 5-fold CV over plots; fixed input history; horizon-specific models,4,5,98
2425,M43,Florida Medallion,1,2025-02-12,2025-01-07,2025-02-05,7,0.0,12.212115665508556,0.0,21.0,paper_informed_nonreactive,Ridge,within-season 5-fold CV over plots; fixed input history; horizon-specific models,4,5,98
2425,M51,Florida Medallion,1,2025-02-12,2025-01-07,2025-02-05,7,53.0,49.24400554676269,18.0,4.6,paper_informed_nonreactive,Ridge,within-season 5-fold CV over plots; fixed input history; horizon-specific models,4,5,98
2425,M52,Florida Medallion,1,2025-02-12,2025-01-07,2025-02-05,7,53.0,31.60710547895965,0.0,6.6,paper_informed_nonreactive,Ridge,within-season 5-fold CV over plots; fixed input history; horizon-specific models,4,5,98
2425,B23,Florida Brilliance,1,2025-02-12,2025-01-07,2025-02-05,7,30.0,31.70383967254058,21.0,10.4,paper_informed_nonreactive,Ridge,within-season 5-fold CV over plots; fixed input history; horizon-specific models,5,5,98
2425,B41,Florida Brilliance,1,2025-02-12,2025-01-07,2025-02-05,7,0.0,26.670372124353737,0.0,0.0,paper_informed_nonreactive,Ridge,within-season 5-fold CV over plots; fixed input history; horizon-specific models,5,5,98
2425,B45,Florida Brilliance,1,2025-02-12,2025-01-07,2025-02-05,7,31.0,31.43775565384906,0.0,1.4,paper_informed_nonreactive,Ridge,within-season 5-fold CV over plots; fixed input history; horizon-specific models,5,5,98
2425,B54,Florida Brilliance,1,2025-02-12,2025-01-07,2025-02-05,7,0.0,8.247604385703386,0.0,6.8,paper_informed_nonreactive,Ridge,within-season 5-fold CV over plots; fixed input history; horizon-specific models,5,5,98
2425,M11,Florida Medallion,1,2025-02-12,2025-01-07,2025-02-05,7,0.0,24.40155258910309,0.0,20.8,paper_informed_nonreactive,Ridge,within-season 5-fold CV over plots; fixed input history; horizon-specific models,5,5,98
2425,M13,Florida Medallion,1,2025-02-12,2025-01-07,2025-02-05,7,89.0,122.64865917938285,86.0,33.6,paper_informed_nonreactive,Ridge,within-season 5-fold CV over plots; fixed input history; horizon-specific models,5,5,98
2425,M24,Florida Medallion,1,2025-02-12,2025-01-07,2025-02-05,7,9.0,15.773557089092451,14.0,16.0,paper_informed_nonreactive,Ridge,within-season 5-fold CV over plots; fixed input history; horizon-specific models,5,5,98
2425,M54,Florida Medallion,1,2025-02-12,2025-01-07,2025-02-05,7,3.0,-14.407019643007715,0.0,0.4,paper_informed_nonreactive,Ridge,within-season 5-fold CV over plots; fixed input history; horizon-specific models,5,5,98
2425,B15,Florida Brilliance,1,2025-02-12,2025-01-07,2025-02-05,7,65.0,34.492442222921866,0.0,6.2,paper_informed_nonreactive,ElasticNet,within-season 5-fold CV over plots; fixed input history; horizon-specific models,1,5,98
2425,B43,Florida Brilliance,1,2025-02-12,2025-01-07,2025-02-05,7,0.0,-1.5763760047071926,0.0,5.0,paper_informed_nonreactive,ElasticNet,within-season 5-fold CV over plots; fixed input history; horizon-specific models,1,5,98
2425,B51,Florida Brilliance,1,2025-02-12,2025-01-07,2025-02-05,7,0.0,7.362147778247394,0.0,4.6,paper_informed_nonreactive,ElasticNet,within-season 5-fold CV over plots; fixed input history; horizon-specific models,1,5,98
2425,B52,Florida Brilliance,1,2025-02-12,2025-01-07,2025-02-05,7,89.0,23.082774568916797,0.0,2.8,paper_informed_nonreactive,ElasticNet,within-season 5-fold CV over plots; fixed input history; horizon-specific models,1,5,98
2425,B55,Florida Brilliance,1,2025-02-12,2025-01-07,2025-02-05,7,0.0,28.02696092771933,0.0,5.2,paper_informed_nonreactive,ElasticNet,within-season 5-fold CV over plots; fixed input history; horizon-specific models,1,5,98
2425,M22,Florida Medallion,1,2025-02-12,2025-01-07,2025-02-05,7,83.0,58.75864885078134,0.0,14.0,paper_informed_nonreactive,ElasticNet,within-season 5-fold CV over plots; fixed input history; horizon-specific models,1,5,98
2425,M23,Florida Medallion,1,2025-02-12,2025-01-07,2025-02-05,7,0.0,2.3757031440158656,19.0,21.0,paper_informed_nonreactive,ElasticNet,within-season 5-fold CV over plots; fixed input history; horizon-specific models,1,5,98
2425,M53,Florida Medallion,1,2025-02-12,2025-01-07,2025-02-05,7,22.0,21.16329938801381,0.0,20.2,paper_informed_nonreactive,ElasticNet,within-season 5-fold CV over plots; fixed input history; horizon-specific models,1,5,98
2425,B22,Florida Brilliance,1,2025-02-12,2025-01-07,2025-02-05,7,33.0,39.000849845005156,43.0,15.6,paper_informed_nonreactive,ElasticNet,within-season 5-fold CV over plots; fixed input history; horizon-specific models,2,5,98
2425,B24,Florida Brilliance,1,2025-02-12,2025-01-07,2025-02-05,7,45.0,28.76784199462547,73.0,35.6,paper_informed_nonreactive,ElasticNet,within-season 5-fold CV over plots; fixed input history; horizon-specific models,2,5,98
2425,B25,Florida Brilliance,1,2025-02-12,2025-01-07,2025-02-05,7,0.0,6.764731175280183,33.0,9.4,paper_informed_nonreactive,ElasticNet,within-season 5-fold CV over plots; fixed input history; horizon-specific models,2,5,98
2425,B44,Florida Brilliance,1,2025-02-12,2025-01-07,2025-02-05,7,12.0,40.73074813786296,9.0,8.4,paper_informed_nonreactive,ElasticNet,within-season 5-fold CV over plots; fixed input history; horizon-specific models,2,5,98
2425,M21,Florida Medallion,1,2025-02-12,2025-01-07,2025-02-05,7,7.0,39.1616746805057,13.0,15.4,paper_informed_nonreactive,ElasticNet,within-season 5-fold CV over plots; fixed input history; horizon-specific models,2,5,98
2425,M42,Florida Medallion,1,2025-02-12,2025-01-07,2025-02-05,7,41.0,41.69901774488088,0.0,12.6,paper_informed_nonreactive,ElasticNet,within-season 5-fold CV over plots; fixed input history; horizon-specific models,2,5,98
2425,M45,Florida Medallion,1,2025-02-12,2025-01-07,2025-02-05,7,5.0,-1.612727222432639,0.0,8.8,paper_informed_nonreactive,ElasticNet,within-season 5-fold CV over plots; fixed input history; horizon-specific models,2,5,98
2425,M55,Florida Medallion,1,2025-02-12,2025-01-07,2025-02-05,7,24.0,3.433772285946713,0.0,0.0,paper_informed_nonreactive,ElasticNet,within-season 5-fold CV over plots; fixed input history; horizon-specific models,2,5,98
2425,B11,Florida Brilliance,1,2025-02-12,2025-01-07,2025-02-05,7,2.0,-22.181241065254255,0.0,8.75,paper_informed_nonreactive,ElasticNet,within-season 5-fold CV over plots; fixed input history; horizon-specific models,3,5,98
2425,B12,Florida Brilliance,1,2025-02-12,2025-01-07,2025-02-05,7,19.0,-1.9211671945495326,18.0,7.4,paper_informed_nonreactive,ElasticNet,within-season 5-fold CV over plots; fixed input history; horizon-specific models,3,5,98
2425,B21,Florida Brilliance,1,2025-02-12,2025-01-07,2025-02-05,7,26.0,-1.6246464235180014,0.0,2.2,paper_informed_nonreactive,ElasticNet,within-season 5-fold CV over plots; fixed input history; horizon-specific models,3,5,98
2425,B42,Florida Brilliance,1,2025-02-12,2025-01-07,2025-02-05,7,22.0,5.963525155478113,12.0,13.6,paper_informed_nonreactive,ElasticNet,within-season 5-fold CV over plots; fixed input history; horizon-specific models,3,5,98
2425,B53,Florida Brilliance,1,2025-02-12,2025-01-07,2025-02-05,7,28.0,34.031448721816574,0.0,5.0,paper_informed_nonreactive,ElasticNet,within-season 5-fold CV over plots; fixed input history; horizon-specific models,3,5,98
2425,M15,Florida Medallion,1,2025-02-12,2025-01-07,2025-02-05,7,10.0,12.610015306605764,41.0,22.6,paper_informed_nonreactive,ElasticNet,within-season 5-fold CV over plots; fixed input history; horizon-specific models,3,5,98
2425,M25,Florida Medallion,1,2025-02-12,2025-01-07,2025-02-05,7,0.0,-13.87594190214621,0.0,9.8,paper_informed_nonreactive,ElasticNet,within-season 5-fold CV over plots; fixed input history; horizon-specific models,3,5,98
2425,M44,Florida Medallion,1,2025-02-12,2025-01-07,2025-02-05,7,0.0,12.98049956749323,0.0,16.8,paper_informed_nonreactive,ElasticNet,within-season 5-fold CV over plots; fixed input history; horizon-specific models,3,5,98
2425,B13,Florida Brilliance,1,2025-02-12,2025-01-07,2025-02-05,7,10.0,0.16471964265149808,17.0,16.6,paper_informed_nonreactive,ElasticNet,within-season 5-fold CV over plots; fixed input history; horizon-specific models,4,5,98
2425,B14,Florida Brilliance,1,2025-02-12,2025-01-07,2025-02-05,7,19.0,10.316066640305884,23.0,11.8,paper_informed_nonreactive,ElasticNet,within-season 5-fold CV over plots; fixed input history; horizon-specific models,4,5,98
2425,M12,Florida Medallion,1,2025-02-12,2025-01-07,2025-02-05,7,19.0,18.7190539174852,33.0,18.2,paper_informed_nonreactive,ElasticNet,within-season 5-fold CV over plots; fixed input history; horizon-specific models,4,5,98
2425,M14,Florida Medallion,1,2025-02-12,2025-01-07,2025-02-05,7,34.0,28.38658441026144,10.0,16.4,paper_informed_nonreactive,ElasticNet,within-season 5-fold CV over plots; fixed input history; horizon-specific models,4,5,98
2425,M41,Florida Medallion,1,2025-02-12,2025-01-07,2025-02-05,7,57.0,35.01550127341126,4.0,2.4,paper_informed_nonreactive,ElasticNet,within-season 5-fold CV over plots; fixed input history; horizon-specific models,4,5,98
2425,M43,Florida Medallion,1,2025-02-12,2025-01-07,2025-02-05,7,0.0,16.35800740517385,0.0,21.0,paper_informed_nonreactive,ElasticNet,within-season 5-fold CV over plots; fixed input history; horizon-specific models,4,5,98
2425,M51,Florida Medallion,1,2025-02-12,2025-01-07,2025-02-05,7,53.0,59.27754702116987,18.0,4.6,paper_informed_nonreactive,ElasticNet,within-season 5-fold CV over plots; fixed input history; horizon-specific models,4,5,98
2425,M52,Florida Medallion,1,2025-02-12,2025-01-07,2025-02-05,7,53.0,39.8851007763003,0.0,6.6,paper_informed_nonreactive,ElasticNet,within-season 5-fold CV over plots; fixed input history; horizon-specific models,4,5,98
2425,B23,Florida Brilliance,1,2025-02-12,2025-01-07,2025-02-05,7,30.0,26.57835258371311,21.0,10.4,paper_informed_nonreactive,ElasticNet,within-season 5-fold CV over plots; fixed input history; horizon-specific models,5,5,98
2425,B41,Florida Brilliance,1,2025-02-12,2025-01-07,2025-02-05,7,0.0,24.590162981308513,0.0,0.0,paper_informed_nonreactive,ElasticNet,within-season 5-fold CV over plots; fixed input history; horizon-specific models,5,5,98
2425,B45,Florida Brilliance,1,2025-02-12,2025-01-07,2025-02-05,7,31.0,34.37163845624617,0.0,1.4,paper_informed_nonreactive,ElasticNet,within-season 5-fold CV over plots; fixed input history; horizon-specific models,5,5,98
2425,B54,Florida Brilliance,1,2025-02-12,2025-01-07,2025-02-05,7,0.0,5.2135542193471665,0.0,6.8,paper_informed_nonreactive,ElasticNet,within-season 5-fold CV over plots; fixed input history; horizon-specific models,5,5,98
2425,M11,Florida Medallion,1,2025-02-12,2025-01-07,2025-02-05,7,0.0,24.42119499686118,0.0,20.8,paper_informed_nonreactive,ElasticNet,within-season 5-fold CV over plots; fixed input history; horizon-specific models,5,5,98
2425,M13,Florida Medallion,1,2025-02-12,2025-01-07,2025-02-05,7,89.0,134.74775376023325,86.0,33.6,paper_informed_nonreactive,ElasticNet,within-season 5-fold CV over plots; fixed input history; horizon-specific models,5,5,98
2425,M24,Florida Medallion,1,2025-02-12,2025-01-07,2025-02-05,7,9.0,19.082999740998304,14.0,16.0,paper_informed_nonreactive,ElasticNet,within-season 5-fold CV over plots; fixed input history; horizon-specific models,5,5,98
2425,M54,Florida Medallion,1,2025-02-12,2025-01-07,2025-02-05,7,3.0,-18.178748113246286,0.0,0.4,paper_informed_nonreactive,ElasticNet,within-season 5-fold CV over plots; fixed input history; horizon-specific models,5,5,98
2425,B15,Florida Brilliance,1,2025-02-12,2025-01-07,2025-02-05,7,65.0,19.3224696969697,0.0,6.2,paper_informed_nonreactive,Random Forest,within-season 5-fold CV over plots; fixed input history; horizon-specific models,1,5,98
2425,B43,Florida Brilliance,1,2025-02-12,2025-01-07,2025-02-05,7,0.0,8.215793169793173,0.0,5.0,paper_informed_nonreactive,Random Forest,within-season 5-fold CV over plots; fixed input history; horizon-specific models,1,5,98
2425,B51,Florida Brilliance,1,2025-02-12,2025-01-07,2025-02-05,7,0.0,13.723454545454546,0.0,4.6,paper_informed_nonreactive,Random Forest,within-season 5-fold CV over plots; fixed input history; horizon-specific models,1,5,98
2425,B52,Florida Brilliance,1,2025-02-12,2025-01-07,2025-02-05,7,89.0,24.205787878787877,0.0,2.8,paper_informed_nonreactive,Random Forest,within-season 5-fold CV over plots; fixed input history; horizon-specific models,1,5,98
2425,B55,Florida Brilliance,1,2025-02-12,2025-01-07,2025-02-05,7,0.0,19.009499518999522,0.0,5.2,paper_informed_nonreactive,Random Forest,within-season 5-fold CV over plots; fixed input history; horizon-specific models,1,5,98
2425,M22,Florida Medallion,1,2025-02-12,2025-01-07,2025-02-05,7,83.0,38.503277537277526,0.0,14.0,paper_informed_nonreactive,Random Forest,within-season 5-fold CV over plots; fixed input history; horizon-specific models,1,5,98
2425,M23,Florida Medallion,1,2025-02-12,2025-01-07,2025-02-05,7,0.0,20.061958393458397,19.0,21.0,paper_informed_nonreactive,Random Forest,within-season 5-fold CV over plots; fixed input history; horizon-specific models,1,5,98
2425,M53,Florida Medallion,1,2025-02-12,2025-01-07,2025-02-05,7,22.0,20.98104497354497,0.0,20.2,paper_informed_nonreactive,Random Forest,within-season 5-fold CV over plots; fixed input history; horizon-specific models,1,5,98
2425,B22,Florida Brilliance,1,2025-02-12,2025-01-07,2025-02-05,7,33.0,17.973890812890815,43.0,15.6,paper_informed_nonreactive,Random Forest,within-season 5-fold CV over plots; fixed input history; horizon-specific models,2,5,98
2425,B24,Florida Brilliance,1,2025-02-12,2025-01-07,2025-02-05,7,45.0,20.17943674843675,73.0,35.6,paper_informed_nonreactive,Random Forest,within-season 5-fold CV over plots; fixed input history; horizon-specific models,2,5,98
2425,B25,Florida Brilliance,1,2025-02-12,2025-01-07,2025-02-05,7,0.0,45.25408393458395,33.0,9.4,paper_informed_nonreactive,Random Forest,within-season 5-fold CV over plots; fixed input history; horizon-specific models,2,5,98
2425,B44,Florida Brilliance,1,2025-02-12,2025-01-07,2025-02-05,7,12.0,27.91092857142857,9.0,8.4,paper_informed_nonreactive,Random Forest,within-season 5-fold CV over plots; fixed input history; horizon-specific models,2,5,98
2425,M21,Florida Medallion,1,2025-02-12,2025-01-07,2025-02-05,7,7.0,33.81840011840012,13.0,15.4,paper_informed_nonreactive,Random Forest,within-season 5-fold CV over plots; fixed input history; horizon-specific models,2,5,98
2425,M42,Florida Medallion,1,2025-02-12,2025-01-07,2025-02-05,7,41.0,30.52999182299182,0.0,12.6,paper_informed_nonreactive,Random Forest,within-season 5-fold CV over plots; fixed input history; horizon-specific models,2,5,98
2425,M45,Florida Medallion,1,2025-02-12,2025-01-07,2025-02-05,7,5.0,5.586958393458394,0.0,8.8,paper_informed_nonreactive,Random Forest,within-season 5-fold CV over plots; fixed input history; horizon-specific models,2,5,98
2425,M55,Florida Medallion,1,2025-02-12,2025-01-07,2025-02-05,7,24.0,15.185102860102859,0.0,0.0,paper_informed_nonreactive,Random Forest,within-season 5-fold CV over plots; fixed input history; horizon-specific models,2,5,98
2425,B11,Florida Brilliance,1,2025-02-12,2025-01-07,2025-02-05,7,2.0,12.117905733155734,0.0,8.75,paper_informed_nonreactive,Random Forest,within-season 5-fold CV over plots; fixed input history; horizon-specific models,3,5,98
2425,B12,Florida Brilliance,1,2025-02-12,2025-01-07,2025-02-05,7,19.0,18.80983357383358,18.0,7.4,paper_informed_nonreactive,Random Forest,within-season 5-fold CV over plots; fixed input history; horizon-specific models,3,5,98
2425,B21,Florida Brilliance,1,2025-02-12,2025-01-07,2025-02-05,7,26.0,12.456389018389013,0.0,2.2,paper_informed_nonreactive,Random Forest,within-season 5-fold CV over plots; fixed input history; horizon-specific models,3,5,98
2425,B42,Florida Brilliance,1,2025-02-12,2025-01-07,2025-02-05,7,22.0,13.526146473896471,12.0,13.6,paper_informed_nonreactive,Random Forest,within-season 5-fold CV over plots; fixed input history; horizon-specific models,3,5,98
2425,B53,Florida Brilliance,1,2025-02-12,2025-01-07,2025-02-05,7,28.0,48.74196296296297,0.0,5.0,paper_informed_nonreactive,Random Forest,within-season 5-fold CV over plots; fixed input history; horizon-specific models,3,5,98
2425,M15,Florida Medallion,1,2025-02-12,2025-01-07,2025-02-05,7,10.0,21.914668840418845,41.0,22.6,paper_informed_nonreactive,Random Forest,within-season 5-fold CV over plots; fixed input history; horizon-specific models,3,5,98
2425,M25,Florida Medallion,1,2025-02-12,2025-01-07,2025-02-05,7,0.0,16.50231217856218,0.0,9.8,paper_informed_nonreactive,Random Forest,within-season 5-fold CV over plots; fixed input history; horizon-specific models,3,5,98
2425,M44,Florida Medallion,1,2025-02-12,2025-01-07,2025-02-05,7,0.0,26.190053391053397,0.0,16.8,paper_informed_nonreactive,Random Forest,within-season 5-fold CV over plots; fixed input history; horizon-specific models,3,5,98
2425,B13,Florida Brilliance,1,2025-02-12,2025-01-07,2025-02-05,7,10.0,13.552732323232322,17.0,16.6,paper_informed_nonreactive,Random Forest,within-season 5-fold CV over plots; fixed input history; horizon-specific models,4,5,98
2425,B14,Florida Brilliance,1,2025-02-12,2025-01-07,2025-02-05,7,19.0,12.164045695045694,23.0,11.8,paper_informed_nonreactive,Random Forest,within-season 5-fold CV over plots; fixed input history; horizon-specific models,4,5,98
2425,M12,Florida Medallion,1,2025-02-12,2025-01-07,2025-02-05,7,19.0,15.912227994227987,33.0,18.2,paper_informed_nonreactive,Random Forest,within-season 5-fold CV over plots; fixed input history; horizon-specific models,4,5,98
2425,M14,Florida Medallion,1,2025-02-12,2025-01-07,2025-02-05,7,34.0,15.231004088504084,10.0,16.4,paper_informed_nonreactive,Random Forest,within-season 5-fold CV over plots; fixed input history; horizon-specific models,4,5,98
2425,M41,Florida Medallion,1,2025-02-12,2025-01-07,2025-02-05,7,57.0,39.818407647907655,4.0,2.4,paper_informed_nonreactive,Random Forest,within-season 5-fold CV over plots; fixed input history; horizon-specific models,4,5,98
2425,M43,Florida Medallion,1,2025-02-12,2025-01-07,2025-02-05,7,0.0,9.282660284160285,0.0,21.0,paper_informed_nonreactive,Random Forest,within-season 5-fold CV over plots; fixed input history; horizon-specific models,4,5,98
2425,M51,Florida Medallion,1,2025-02-12,2025-01-07,2025-02-05,7,53.0,24.864114959114957,18.0,4.6,paper_informed_nonreactive,Random Forest,within-season 5-fold CV over plots; fixed input history; horizon-specific models,4,5,98
2425,M52,Florida Medallion,1,2025-02-12,2025-01-07,2025-02-05,7,53.0,22.545205979205978,0.0,6.6,paper_informed_nonreactive,Random Forest,within-season 5-fold CV over plots; fixed input history; horizon-specific models,4,5,98
2425,B23,Florida Brilliance,1,2025-02-12,2025-01-07,2025-02-05,7,30.0,27.590059163059166,21.0,10.4,paper_informed_nonreactive,Random Forest,within-season 5-fold CV over plots; fixed input history; horizon-specific models,5,5,98
2425,B41,Florida Brilliance,1,2025-02-12,2025-01-07,2025-02-05,7,0.0,34.51639538239539,0.0,0.0,paper_informed_nonreactive,Random Forest,within-season 5-fold CV over plots; fixed input history; horizon-specific models,5,5,98
2425,B45,Florida Brilliance,1,2025-02-12,2025-01-07,2025-02-05,7,31.0,29.777678451178442,0.0,1.4,paper_informed_nonreactive,Random Forest,within-season 5-fold CV over plots; fixed input history; horizon-specific models,5,5,98
2425,B54,Florida Brilliance,1,2025-02-12,2025-01-07,2025-02-05,7,0.0,17.517983719983715,0.0,6.8,paper_informed_nonreactive,Random Forest,within-season 5-fold CV over plots; fixed input history; horizon-specific models,5,5,98
2425,M11,Florida Medallion,1,2025-02-12,2025-01-07,2025-02-05,7,0.0,22.59360376660376,0.0,20.8,paper_informed_nonreactive,Random Forest,within-season 5-fold CV over plots; fixed input history; horizon-specific models,5,5,98
2425,M13,Florida Medallion,1,2025-02-12,2025-01-07,2025-02-05,7,89.0,52.104401875901885,86.0,33.6,paper_informed_nonreactive,Random Forest,within-season 5-fold CV over plots; fixed input history; horizon-specific models,5,5,98
2425,M24,Florida Medallion,1,2025-02-12,2025-01-07,2025-02-05,7,9.0,23.019300144300143,14.0,16.0,paper_informed_nonreactive,Random Forest,within-season 5-fold CV over plots; fixed input history; horizon-specific models,5,5,98
2425,M54,Florida Medallion,1,2025-02-12,2025-01-07,2025-02-05,7,3.0,11.766568542568537,0.0,0.4,paper_informed_nonreactive,Random Forest,within-season 5-fold CV over plots; fixed input history; horizon-specific models,5,5,98
2425,B15,Florida Brilliance,1,2025-02-12,2025-01-07,2025-02-05,7,65.0,19.365612450185985,0.0,6.2,paper_informed_nonreactive,Extra Trees,within-season 5-fold CV over plots; fixed input history; horizon-specific models,1,5,98
2425,B43,Florida Brilliance,1,2025-02-12,2025-01-07,2025-02-05,7,0.0,9.418051578051582,0.0,5.0,paper_informed_nonreactive,Extra Trees,within-season 5-fold CV over plots; fixed input history; horizon-specific models,1,5,98
2425,B51,Florida Brilliance,1,2025-02-12,2025-01-07,2025-02-05,7,0.0,14.233581141081146,0.0,4.6,paper_informed_nonreactive,Extra Trees,within-season 5-fold CV over plots; fixed input history; horizon-specific models,1,5,98
2425,B52,Florida Brilliance,1,2025-02-12,2025-01-07,2025-02-05,7,89.0,22.523087271660792,0.0,2.8,paper_informed_nonreactive,Extra Trees,within-season 5-fold CV over plots; fixed input history; horizon-specific models,1,5,98
2425,B55,Florida Brilliance,1,2025-02-12,2025-01-07,2025-02-05,7,0.0,19.752237528811055,0.0,5.2,paper_informed_nonreactive,Extra Trees,within-season 5-fold CV over plots; fixed input history; horizon-specific models,1,5,98
2425,M22,Florida Medallion,1,2025-02-12,2025-01-07,2025-02-05,7,83.0,39.97849864949862,0.0,14.0,paper_informed_nonreactive,Extra Trees,within-season 5-fold CV over plots; fixed input history; horizon-specific models,1,5,98
2425,M23,Florida Medallion,1,2025-02-12,2025-01-07,2025-02-05,7,0.0,19.137880792954327,19.0,21.0,paper_informed_nonreactive,Extra Trees,within-season 5-fold CV over plots; fixed input history; horizon-specific models,1,5,98
2425,M53,Florida Medallion,1,2025-02-12,2025-01-07,2025-02-05,7,22.0,18.583321740895276,0.0,20.2,paper_informed_nonreactive,Extra Trees,within-season 5-fold CV over plots; fixed input history; horizon-specific models,1,5,98
2425,B22,Florida Brilliance,1,2025-02-12,2025-01-07,2025-02-05,7,33.0,15.543666141048488,43.0,15.6,paper_informed_nonreactive,Extra Trees,within-season 5-fold CV over plots; fixed input history; horizon-specific models,2,5,98
2425,B24,Florida Brilliance,1,2025-02-12,2025-01-07,2025-02-05,7,45.0,27.952045258662917,73.0,35.6,paper_informed_nonreactive,Extra Trees,within-season 5-fold CV over plots; fixed input history; horizon-specific models,2,5,98
2425,B25,Florida Brilliance,1,2025-02-12,2025-01-07,2025-02-05,7,0.0,40.80717529821399,33.0,9.4,paper_informed_nonreactive,Extra Trees,within-season 5-fold CV over plots; fixed input history; horizon-specific models,2,5,98
2425,B44,Florida Brilliance,1,2025-02-12,2025-01-07,2025-02-05,7,12.0,36.881742080359736,9.0,8.4,paper_informed_nonreactive,Extra Trees,within-season 5-fold CV over plots; fixed input history; horizon-specific models,2,5,98
2425,M21,Florida Medallion,1,2025-02-12,2025-01-07,2025-02-05,7,7.0,28.854234444290952,13.0,15.4,paper_informed_nonreactive,Extra Trees,within-season 5-fold CV over plots; fixed input history; horizon-specific models,2,5,98
2425,M42,Florida Medallion,1,2025-02-12,2025-01-07,2025-02-05,7,41.0,35.30429784058963,0.0,12.6,paper_informed_nonreactive,Extra Trees,within-season 5-fold CV over plots; fixed input history; horizon-specific models,2,5,98
2425,M45,Florida Medallion,1,2025-02-12,2025-01-07,2025-02-05,7,5.0,6.514490336690027,0.0,8.8,paper_informed_nonreactive,Extra Trees,within-season 5-fold CV over plots; fixed input history; horizon-specific models,2,5,98
2425,M55,Florida Medallion,1,2025-02-12,2025-01-07,2025-02-05,7,24.0,16.018266599070007,0.0,0.0,paper_informed_nonreactive,Extra Trees,within-season 5-fold CV over plots; fixed input history; horizon-specific models,2,5,98
2425,B11,Florida Brilliance,1,2025-02-12,2025-01-07,2025-02-05,7,2.0,10.86555792931412,0.0,8.75,paper_informed_nonreactive,Extra Trees,within-season 5-fold CV over plots; fixed input history; horizon-specific models,3,5,98
2425,B12,Florida Brilliance,1,2025-02-12,2025-01-07,2025-02-05,7,19.0,7.1579295027298135,18.0,7.4,paper_informed_nonreactive,Extra Trees,within-season 5-fold CV over plots; fixed input history; horizon-specific models,3,5,98
2425,B21,Florida Brilliance,1,2025-02-12,2025-01-07,2025-02-05,7,26.0,13.50646278371898,0.0,2.2,paper_informed_nonreactive,Extra Trees,within-season 5-fold CV over plots; fixed input history; horizon-specific models,3,5,98
2425,B42,Florida Brilliance,1,2025-02-12,2025-01-07,2025-02-05,7,22.0,12.836728016536838,12.0,13.6,paper_informed_nonreactive,Extra Trees,within-season 5-fold CV over plots; fixed input history; horizon-specific models,3,5,98
2425,B53,Florida Brilliance,1,2025-02-12,2025-01-07,2025-02-05,7,28.0,41.3016971916972,0.0,5.0,paper_informed_nonreactive,Extra Trees,within-season 5-fold CV over plots; fixed input history; horizon-specific models,3,5,98
2425,M15,Florida Medallion,1,2025-02-12,2025-01-07,2025-02-05,7,10.0,28.65554806880427,41.0,22.6,paper_informed_nonreactive,Extra Trees,within-season 5-fold CV over plots; fixed input history; horizon-specific models,3,5,98
2425,M25,Florida Medallion,1,2025-02-12,2025-01-07,2025-02-05,7,0.0,18.539931056187257,0.0,9.8,paper_informed_nonreactive,Extra Trees,within-season 5-fold CV over plots; fixed input history; horizon-specific models,3,5,98
2425,M44,Florida Medallion,1,2025-02-12,2025-01-07,2025-02-05,7,0.0,35.89269143057376,0.0,16.8,paper_informed_nonreactive,Extra Trees,within-season 5-fold CV over plots; fixed input history; horizon-specific models,3,5,98
2425,B13,Florida Brilliance,1,2025-02-12,2025-01-07,2025-02-05,7,10.0,13.16174114774115,17.0,16.6,paper_informed_nonreactive,Extra Trees,within-season 5-fold CV over plots; fixed input history; horizon-specific models,4,5,98
2425,B14,Florida Brilliance,1,2025-02-12,2025-01-07,2025-02-05,7,19.0,20.09509065009066,23.0,11.8,paper_informed_nonreactive,Extra Trees,within-season 5-fold CV over plots; fixed input history; horizon-specific models,4,5,98
2425,M12,Florida Medallion,1,2025-02-12,2025-01-07,2025-02-05,7,19.0,10.839237085039715,33.0,18.2,paper_informed_nonreactive,Extra Trees,within-season 5-fold CV over plots; fixed input history; horizon-specific models,4,5,98
2425,M14,Florida Medallion,1,2025-02-12,2025-01-07,2025-02-05,7,34.0,17.24647796647798,10.0,16.4,paper_informed_nonreactive,Extra Trees,within-season 5-fold CV over plots; fixed input history; horizon-specific models,4,5,98
2425,M41,Florida Medallion,1,2025-02-12,2025-01-07,2025-02-05,7,57.0,41.91222053872052,4.0,2.4,paper_informed_nonreactive,Extra Trees,within-season 5-fold CV over plots; fixed input history; horizon-specific models,4,5,98
2425,M43,Florida Medallion,1,2025-02-12,2025-01-07,2025-02-05,7,0.0,10.954753133805761,0.0,21.0,paper_informed_nonreactive,Extra Trees,within-season 5-fold CV over plots; fixed input history; horizon-specific models,4,5,98
2425,M51,Florida Medallion,1,2025-02-12,2025-01-07,2025-02-05,7,53.0,22.236506112308746,18.0,4.6,paper_informed_nonreactive,Extra Trees,within-season 5-fold CV over plots; fixed input history; horizon-specific models,4,5,98
2425,M52,Florida Medallion,1,2025-02-12,2025-01-07,2025-02-05,7,53.0,17.615368250170885,0.0,6.6,paper_informed_nonreactive,Extra Trees,within-season 5-fold CV over plots; fixed input history; horizon-specific models,4,5,98
2425,B23,Florida Brilliance,1,2025-02-12,2025-01-07,2025-02-05,7,30.0,27.852874440374435,21.0,10.4,paper_informed_nonreactive,Extra Trees,within-season 5-fold CV over plots; fixed input history; horizon-specific models,5,5,98
2425,B41,Florida Brilliance,1,2025-02-12,2025-01-07,2025-02-05,7,0.0,43.370842832004605,0.0,0.0,paper_informed_nonreactive,Extra Trees,within-season 5-fold CV over plots; fixed input history; horizon-specific models,5,5,98
2425,B45,Florida Brilliance,1,2025-02-12,2025-01-07,2025-02-05,7,31.0,37.300922212863384,0.0,1.4,paper_informed_nonreactive,Extra Trees,within-season 5-fold CV over plots; fixed input history; horizon-specific models,5,5,98
2425,B54,Florida Brilliance,1,2025-02-12,2025-01-07,2025-02-05,7,0.0,13.677822750234515,0.0,6.8,paper_informed_nonreactive,Extra Trees,within-season 5-fold CV over plots; fixed input history; horizon-specific models,5,5,98
2425,M11,Florida Medallion,1,2025-02-12,2025-01-07,2025-02-05,7,0.0,20.57895448614566,0.0,20.8,paper_informed_nonreactive,Extra Trees,within-season 5-fold CV over plots; fixed input history; horizon-specific models,5,5,98
2425,M13,Florida Medallion,1,2025-02-12,2025-01-07,2025-02-05,7,89.0,50.635333333333314,86.0,33.6,paper_informed_nonreactive,Extra Trees,within-season 5-fold CV over plots; fixed input history; horizon-specific models,5,5,98
2425,M24,Florida Medallion,1,2025-02-12,2025-01-07,2025-02-05,7,9.0,17.040925385616568,14.0,16.0,paper_informed_nonreactive,Extra Trees,within-season 5-fold CV over plots; fixed input history; horizon-specific models,5,5,98
2425,M54,Florida Medallion,1,2025-02-12,2025-01-07,2025-02-05,7,3.0,13.761435616126791,0.0,0.4,paper_informed_nonreactive,Extra Trees,within-season 5-fold CV over plots; fixed input history; horizon-specific models,5,5,98
2425,B15,Florida Brilliance,1,2025-02-12,2025-01-07,2025-02-05,7,65.0,6.7091892732185805,0.0,6.2,paper_informed_nonreactive,Gradient Boosting,within-season 5-fold CV over plots; fixed input history; horizon-specific models,1,5,98
2425,B43,Florida Brilliance,1,2025-02-12,2025-01-07,2025-02-05,7,0.0,3.348050507345369,0.0,5.0,paper_informed_nonreactive,Gradient Boosting,within-season 5-fold CV over plots; fixed input history; horizon-specific models,1,5,98
2425,B51,Florida Brilliance,1,2025-02-12,2025-01-07,2025-02-05,7,0.0,4.692720774226265,0.0,4.6,paper_informed_nonreactive,Gradient Boosting,within-season 5-fold CV over plots; fixed input history; horizon-specific models,1,5,98
2425,B52,Florida Brilliance,1,2025-02-12,2025-01-07,2025-02-05,7,89.0,12.582886853493209,0.0,2.8,paper_informed_nonreactive,Gradient Boosting,within-season 5-fold CV over plots; fixed input history; horizon-specific models,1,5,98
2425,B55,Florida Brilliance,1,2025-02-12,2025-01-07,2025-02-05,7,0.0,19.6322383907723,0.0,5.2,paper_informed_nonreactive,Gradient Boosting,within-season 5-fold CV over plots; fixed input history; horizon-specific models,1,5,98
2425,M22,Florida Medallion,1,2025-02-12,2025-01-07,2025-02-05,7,83.0,53.83415937285627,0.0,14.0,paper_informed_nonreactive,Gradient Boosting,within-season 5-fold CV over plots; fixed input history; horizon-specific models,1,5,98
2425,M23,Florida Medallion,1,2025-02-12,2025-01-07,2025-02-05,7,0.0,12.91628616368063,19.0,21.0,paper_informed_nonreactive,Gradient Boosting,within-season 5-fold CV over plots; fixed input history; horizon-specific models,1,5,98
2425,M53,Florida Medallion,1,2025-02-12,2025-01-07,2025-02-05,7,22.0,22.275346477878426,0.0,20.2,paper_informed_nonreactive,Gradient Boosting,within-season 5-fold CV over plots; fixed input history; horizon-specific models,1,5,98
2425,B22,Florida Brilliance,1,2025-02-12,2025-01-07,2025-02-05,7,33.0,8.045754067424951,43.0,15.6,paper_informed_nonreactive,Gradient Boosting,within-season 5-fold CV over plots; fixed input history; horizon-specific models,2,5,98
2425,B24,Florida Brilliance,1,2025-02-12,2025-01-07,2025-02-05,7,45.0,18.780132921004153,73.0,35.6,paper_informed_nonreactive,Gradient Boosting,within-season 5-fold CV over plots; fixed input history; horizon-specific models,2,5,98
2425,B25,Florida Brilliance,1,2025-02-12,2025-01-07,2025-02-05,7,0.0,53.8912074126309,33.0,9.4,paper_informed_nonreactive,Gradient Boosting,within-season 5-fold CV over plots; fixed input history; horizon-specific models,2,5,98
2425,B44,Florida Brilliance,1,2025-02-12,2025-01-07,2025-02-05,7,12.0,17.551360168203335,9.0,8.4,paper_informed_nonreactive,Gradient Boosting,within-season 5-fold CV over plots; fixed input history; horizon-specific models,2,5,98
2425,M21,Florida Medallion,1,2025-02-12,2025-01-07,2025-02-05,7,7.0,30.89314175116134,13.0,15.4,paper_informed_nonreactive,Gradient Boosting,within-season 5-fold CV over plots; fixed input history; horizon-specific models,2,5,98
2425,M42,Florida Medallion,1,2025-02-12,2025-01-07,2025-02-05,7,41.0,23.53035274047303,0.0,12.6,paper_informed_nonreactive,Gradient Boosting,within-season 5-fold CV over plots; fixed input history; horizon-specific models,2,5,98
2425,M45,Florida Medallion,1,2025-02-12,2025-01-07,2025-02-05,7,5.0,4.217535452876762,0.0,8.8,paper_informed_nonreactive,Gradient Boosting,within-season 5-fold CV over plots; fixed input history; horizon-specific models,2,5,98
2425,M55,Florida Medallion,1,2025-02-12,2025-01-07,2025-02-05,7,24.0,18.1367736635822,0.0,0.0,paper_informed_nonreactive,Gradient Boosting,within-season 5-fold CV over plots; fixed input history; horizon-specific models,2,5,98
2425,B11,Florida Brilliance,1,2025-02-12,2025-01-07,2025-02-05,7,2.0,7.731287961247501,0.0,8.75,paper_informed_nonreactive,Gradient Boosting,within-season 5-fold CV over plots; fixed input history; horizon-specific models,3,5,98
2425,B12,Florida Brilliance,1,2025-02-12,2025-01-07,2025-02-05,7,19.0,7.441889492829861,18.0,7.4,paper_informed_nonreactive,Gradient Boosting,within-season 5-fold CV over plots; fixed input history; horizon-specific models,3,5,98
2425,B21,Florida Brilliance,1,2025-02-12,2025-01-07,2025-02-05,7,26.0,15.725408864137114,0.0,2.2,paper_informed_nonreactive,Gradient Boosting,within-season 5-fold CV over plots; fixed input history; horizon-specific models,3,5,98
2425,B42,Florida Brilliance,1,2025-02-12,2025-01-07,2025-02-05,7,22.0,9.365966425816305,12.0,13.6,paper_informed_nonreactive,Gradient Boosting,within-season 5-fold CV over plots; fixed input history; horizon-specific models,3,5,98
2425,B53,Florida Brilliance,1,2025-02-12,2025-01-07,2025-02-05,7,28.0,51.91733428634863,0.0,5.0,paper_informed_nonreactive,Gradient Boosting,within-season 5-fold CV over plots; fixed input history; horizon-specific models,3,5,98
2425,M15,Florida Medallion,1,2025-02-12,2025-01-07,2025-02-05,7,10.0,23.16579935168337,41.0,22.6,paper_informed_nonreactive,Gradient Boosting,within-season 5-fold CV over plots; fixed input history; horizon-specific models,3,5,98
2425,M25,Florida Medallion,1,2025-02-12,2025-01-07,2025-02-05,7,0.0,24.024306405901658,0.0,9.8,paper_informed_nonreactive,Gradient Boosting,within-season 5-fold CV over plots; fixed input history; horizon-specific models,3,5,98
2425,M44,Florida Medallion,1,2025-02-12,2025-01-07,2025-02-05,7,0.0,24.89008644827502,0.0,16.8,paper_informed_nonreactive,Gradient Boosting,within-season 5-fold CV over plots; fixed input history; horizon-specific models,3,5,98
2425,B13,Florida Brilliance,1,2025-02-12,2025-01-07,2025-02-05,7,10.0,2.2077769444924757,17.0,16.6,paper_informed_nonreactive,Gradient Boosting,within-season 5-fold CV over plots; fixed input history; horizon-specific models,4,5,98
2425,B14,Florida Brilliance,1,2025-02-12,2025-01-07,2025-02-05,7,19.0,9.164963069763674,23.0,11.8,paper_informed_nonreactive,Gradient Boosting,within-season 5-fold CV over plots; fixed input history; horizon-specific models,4,5,98
2425,M12,Florida Medallion,1,2025-02-12,2025-01-07,2025-02-05,7,19.0,19.498311161942517,33.0,18.2,paper_informed_nonreactive,Gradient Boosting,within-season 5-fold CV over plots; fixed input history; horizon-specific models,4,5,98
2425,M14,Florida Medallion,1,2025-02-12,2025-01-07,2025-02-05,7,34.0,13.854344187503534,10.0,16.4,paper_informed_nonreactive,Gradient Boosting,within-season 5-fold CV over plots; fixed input history; horizon-specific models,4,5,98
2425,M41,Florida Medallion,1,2025-02-12,2025-01-07,2025-02-05,7,57.0,46.66001419496239,4.0,2.4,paper_informed_nonreactive,Gradient Boosting,within-season 5-fold CV over plots; fixed input history; horizon-specific models,4,5,98
2425,M43,Florida Medallion,1,2025-02-12,2025-01-07,2025-02-05,7,0.0,15.537706719178496,0.0,21.0,paper_informed_nonreactive,Gradient Boosting,within-season 5-fold CV over plots; fixed input history; horizon-specific models,4,5,98
2425,M51,Florida Medallion,1,2025-02-12,2025-01-07,2025-02-05,7,53.0,24.414956910691554,18.0,4.6,paper_informed_nonreactive,Gradient Boosting,within-season 5-fold CV over plots; fixed input history; horizon-specific models,4,5,98
2425,M52,Florida Medallion,1,2025-02-12,2025-01-07,2025-02-05,7,53.0,16.72928342380221,0.0,6.6,paper_informed_nonreactive,Gradient Boosting,within-season 5-fold CV over plots; fixed input history; horizon-specific models,4,5,98
2425,B23,Florida Brilliance,1,2025-02-12,2025-01-07,2025-02-05,7,30.0,28.14495298180677,21.0,10.4,paper_informed_nonreactive,Gradient Boosting,within-season 5-fold CV over plots; fixed input history; horizon-specific models,5,5,98
2425,B41,Florida Brilliance,1,2025-02-12,2025-01-07,2025-02-05,7,0.0,33.2623920833084,0.0,0.0,paper_informed_nonreactive,Gradient Boosting,within-season 5-fold CV over plots; fixed input history; horizon-specific models,5,5,98
2425,B45,Florida Brilliance,1,2025-02-12,2025-01-07,2025-02-05,7,31.0,27.79184253448354,0.0,1.4,paper_informed_nonreactive,Gradient Boosting,within-season 5-fold CV over plots; fixed input history; horizon-specific models,5,5,98
2425,B54,Florida Brilliance,1,2025-02-12,2025-01-07,2025-02-05,7,0.0,8.89025216769026,0.0,6.8,paper_informed_nonreactive,Gradient Boosting,within-season 5-fold CV over plots; fixed input history; horizon-specific models,5,5,98
2425,M11,Florida Medallion,1,2025-02-12,2025-01-07,2025-02-05,7,0.0,13.913086242132369,0.0,20.8,paper_informed_nonreactive,Gradient Boosting,within-season 5-fold CV over plots; fixed input history; horizon-specific models,5,5,98
2425,M13,Florida Medallion,1,2025-02-12,2025-01-07,2025-02-05,7,89.0,55.71459656865405,86.0,33.6,paper_informed_nonreactive,Gradient Boosting,within-season 5-fold CV over plots; fixed input history; horizon-specific models,5,5,98
2425,M24,Florida Medallion,1,2025-02-12,2025-01-07,2025-02-05,7,9.0,11.416757320374849,14.0,16.0,paper_informed_nonreactive,Gradient Boosting,within-season 5-fold CV over plots; fixed input history; horizon-specific models,5,5,98
2425,M54,Florida Medallion,1,2025-02-12,2025-01-07,2025-02-05,7,3.0,10.758126116473973,0.0,0.4,paper_informed_nonreactive,Gradient Boosting,within-season 5-fold CV over plots; fixed input history; horizon-specific models,5,5,98
2425,B15,Florida Brilliance,1,2025-02-12,2025-01-07,2025-02-05,7,65.0,21.28125,0.0,6.2,paper_informed_nonreactive,HistGradientBoosting,within-season 5-fold CV over plots; fixed input history; horizon-specific models,1,5,98
2425,B43,Florida Brilliance,1,2025-02-12,2025-01-07,2025-02-05,7,0.0,21.28125,0.0,5.0,paper_informed_nonreactive,HistGradientBoosting,within-season 5-fold CV over plots; fixed input history; horizon-specific models,1,5,98
2425,B51,Florida Brilliance,1,2025-02-12,2025-01-07,2025-02-05,7,0.0,21.28125,0.0,4.6,paper_informed_nonreactive,HistGradientBoosting,within-season 5-fold CV over plots; fixed input history; horizon-specific models,1,5,98
2425,B52,Florida Brilliance,1,2025-02-12,2025-01-07,2025-02-05,7,89.0,21.28125,0.0,2.8,paper_informed_nonreactive,HistGradientBoosting,within-season 5-fold CV over plots; fixed input history; horizon-specific models,1,5,98
2425,B55,Florida Brilliance,1,2025-02-12,2025-01-07,2025-02-05,7,0.0,21.28125,0.0,5.2,paper_informed_nonreactive,HistGradientBoosting,within-season 5-fold CV over plots; fixed input history; horizon-specific models,1,5,98
2425,M22,Florida Medallion,1,2025-02-12,2025-01-07,2025-02-05,7,83.0,21.28125,0.0,14.0,paper_informed_nonreactive,HistGradientBoosting,within-season 5-fold CV over plots; fixed input history; horizon-specific models,1,5,98
2425,M23,Florida Medallion,1,2025-02-12,2025-01-07,2025-02-05,7,0.0,21.28125,19.0,21.0,paper_informed_nonreactive,HistGradientBoosting,within-season 5-fold CV over plots; fixed input history; horizon-specific models,1,5,98
2425,M53,Florida Medallion,1,2025-02-12,2025-01-07,2025-02-05,7,22.0,21.28125,0.0,20.2,paper_informed_nonreactive,HistGradientBoosting,within-season 5-fold CV over plots; fixed input history; horizon-specific models,1,5,98
2425,B22,Florida Brilliance,1,2025-02-12,2025-01-07,2025-02-05,7,33.0,24.15625,43.0,15.6,paper_informed_nonreactive,HistGradientBoosting,within-season 5-fold CV over plots; fixed input history; horizon-specific models,2,5,98
2425,B24,Florida Brilliance,1,2025-02-12,2025-01-07,2025-02-05,7,45.0,24.15625,73.0,35.6,paper_informed_nonreactive,HistGradientBoosting,within-season 5-fold CV over plots; fixed input history; horizon-specific models,2,5,98
2425,B25,Florida Brilliance,1,2025-02-12,2025-01-07,2025-02-05,7,0.0,24.15625,33.0,9.4,paper_informed_nonreactive,HistGradientBoosting,within-season 5-fold CV over plots; fixed input history; horizon-specific models,2,5,98
2425,B44,Florida Brilliance,1,2025-02-12,2025-01-07,2025-02-05,7,12.0,24.15625,9.0,8.4,paper_informed_nonreactive,HistGradientBoosting,within-season 5-fold CV over plots; fixed input history; horizon-specific models,2,5,98
2425,M21,Florida Medallion,1,2025-02-12,2025-01-07,2025-02-05,7,7.0,24.15625,13.0,15.4,paper_informed_nonreactive,HistGradientBoosting,within-season 5-fold CV over plots; fixed input history; horizon-specific models,2,5,98
2425,M42,Florida Medallion,1,2025-02-12,2025-01-07,2025-02-05,7,41.0,24.15625,0.0,12.6,paper_informed_nonreactive,HistGradientBoosting,within-season 5-fold CV over plots; fixed input history; horizon-specific models,2,5,98
2425,M45,Florida Medallion,1,2025-02-12,2025-01-07,2025-02-05,7,5.0,24.15625,0.0,8.8,paper_informed_nonreactive,HistGradientBoosting,within-season 5-fold CV over plots; fixed input history; horizon-specific models,2,5,98
2425,M55,Florida Medallion,1,2025-02-12,2025-01-07,2025-02-05,7,24.0,24.15625,0.0,0.0,paper_informed_nonreactive,HistGradientBoosting,within-season 5-fold CV over plots; fixed input history; horizon-specific models,2,5,98
2425,B11,Florida Brilliance,1,2025-02-12,2025-01-07,2025-02-05,7,2.0,26.03125,0.0,8.75,paper_informed_nonreactive,HistGradientBoosting,within-season 5-fold CV over plots; fixed input history; horizon-specific models,3,5,98
2425,B12,Florida Brilliance,1,2025-02-12,2025-01-07,2025-02-05,7,19.0,26.03125,18.0,7.4,paper_informed_nonreactive,HistGradientBoosting,within-season 5-fold CV over plots; fixed input history; horizon-specific models,3,5,98
2425,B21,Florida Brilliance,1,2025-02-12,2025-01-07,2025-02-05,7,26.0,26.03125,0.0,2.2,paper_informed_nonreactive,HistGradientBoosting,within-season 5-fold CV over plots; fixed input history; horizon-specific models,3,5,98
2425,B42,Florida Brilliance,1,2025-02-12,2025-01-07,2025-02-05,7,22.0,26.03125,12.0,13.6,paper_informed_nonreactive,HistGradientBoosting,within-season 5-fold CV over plots; fixed input history; horizon-specific models,3,5,98
2425,B53,Florida Brilliance,1,2025-02-12,2025-01-07,2025-02-05,7,28.0,26.03125,0.0,5.0,paper_informed_nonreactive,HistGradientBoosting,within-season 5-fold CV over plots; fixed input history; horizon-specific models,3,5,98
2425,M15,Florida Medallion,1,2025-02-12,2025-01-07,2025-02-05,7,10.0,26.03125,41.0,22.6,paper_informed_nonreactive,HistGradientBoosting,within-season 5-fold CV over plots; fixed input history; horizon-specific models,3,5,98
2425,M25,Florida Medallion,1,2025-02-12,2025-01-07,2025-02-05,7,0.0,26.03125,0.0,9.8,paper_informed_nonreactive,HistGradientBoosting,within-season 5-fold CV over plots; fixed input history; horizon-specific models,3,5,98
2425,M44,Florida Medallion,1,2025-02-12,2025-01-07,2025-02-05,7,0.0,26.03125,0.0,16.8,paper_informed_nonreactive,HistGradientBoosting,within-season 5-fold CV over plots; fixed input history; horizon-specific models,3,5,98
2425,B13,Florida Brilliance,1,2025-02-12,2025-01-07,2025-02-05,7,10.0,21.71875,17.0,16.6,paper_informed_nonreactive,HistGradientBoosting,within-season 5-fold CV over plots; fixed input history; horizon-specific models,4,5,98
2425,B14,Florida Brilliance,1,2025-02-12,2025-01-07,2025-02-05,7,19.0,21.71875,23.0,11.8,paper_informed_nonreactive,HistGradientBoosting,within-season 5-fold CV over plots; fixed input history; horizon-specific models,4,5,98
2425,M12,Florida Medallion,1,2025-02-12,2025-01-07,2025-02-05,7,19.0,21.71875,33.0,18.2,paper_informed_nonreactive,HistGradientBoosting,within-season 5-fold CV over plots; fixed input history; horizon-specific models,4,5,98
2425,M14,Florida Medallion,1,2025-02-12,2025-01-07,2025-02-05,7,34.0,21.71875,10.0,16.4,paper_informed_nonreactive,HistGradientBoosting,within-season 5-fold CV over plots; fixed input history; horizon-specific models,4,5,98
2425,M41,Florida Medallion,1,2025-02-12,2025-01-07,2025-02-05,7,57.0,21.71875,4.0,2.4,paper_informed_nonreactive,HistGradientBoosting,within-season 5-fold CV over plots; fixed input history; horizon-specific models,4,5,98
2425,M43,Florida Medallion,1,2025-02-12,2025-01-07,2025-02-05,7,0.0,21.71875,0.0,21.0,paper_informed_nonreactive,HistGradientBoosting,within-season 5-fold CV over plots; fixed input history; horizon-specific models,4,5,98
2425,M51,Florida Medallion,1,2025-02-12,2025-01-07,2025-02-05,7,53.0,21.71875,18.0,4.6,paper_informed_nonreactive,HistGradientBoosting,within-season 5-fold CV over plots; fixed input history; horizon-specific models,4,5,98
2425,M52,Florida Medallion,1,2025-02-12,2025-01-07,2025-02-05,7,53.0,21.71875,0.0,6.6,paper_informed_nonreactive,HistGradientBoosting,within-season 5-fold CV over plots; fixed input history; horizon-specific models,4,5,98
2425,B23,Florida Brilliance,1,2025-02-12,2025-01-07,2025-02-05,7,30.0,24.3125,21.0,10.4,paper_informed_nonreactive,HistGradientBoosting,within-season 5-fold CV over plots; fixed input history; horizon-specific models,5,5,98
2425,B41,Florida Brilliance,1,2025-02-12,2025-01-07,2025-02-05,7,0.0,24.3125,0.0,0.0,paper_informed_nonreactive,HistGradientBoosting,within-season 5-fold CV over plots; fixed input history; horizon-specific models,5,5,98
2425,B45,Florida Brilliance,1,2025-02-12,2025-01-07,2025-02-05,7,31.0,24.3125,0.0,1.4,paper_informed_nonreactive,HistGradientBoosting,within-season 5-fold CV over plots; fixed input history; horizon-specific models,5,5,98
2425,B54,Florida Brilliance,1,2025-02-12,2025-01-07,2025-02-05,7,0.0,24.3125,0.0,6.8,paper_informed_nonreactive,HistGradientBoosting,within-season 5-fold CV over plots; fixed input history; horizon-specific models,5,5,98
2425,M11,Florida Medallion,1,2025-02-12,2025-01-07,2025-02-05,7,0.0,24.3125,0.0,20.8,paper_informed_nonreactive,HistGradientBoosting,within-season 5-fold CV over plots; fixed input history; horizon-specific models,5,5,98
2425,M13,Florida Medallion,1,2025-02-12,2025-01-07,2025-02-05,7,89.0,24.3125,86.0,33.6,paper_informed_nonreactive,HistGradientBoosting,within-season 5-fold CV over plots; fixed input history; horizon-specific models,5,5,98
2425,M24,Florida Medallion,1,2025-02-12,2025-01-07,2025-02-05,7,9.0,24.3125,14.0,16.0,paper_informed_nonreactive,HistGradientBoosting,within-season 5-fold CV over plots; fixed input history; horizon-specific models,5,5,98
2425,M54,Florida Medallion,1,2025-02-12,2025-01-07,2025-02-05,7,3.0,24.3125,0.0,0.4,paper_informed_nonreactive,HistGradientBoosting,within-season 5-fold CV over plots; fixed input history; horizon-specific models,5,5,98
2425,B15,Florida Brilliance,2,2025-02-20,2025-01-07,2025-02-05,15,37.0,53.5625,0.0,6.2,paper_informed_nonreactive,Training horizon mean baseline,within-season 5-fold CV over plots; fixed input history; horizon-specific models,1,5,0
2425,B43,Florida Brilliance,2,2025-02-20,2025-01-07,2025-02-05,15,38.0,53.5625,0.0,5.0,paper_informed_nonreactive,Training horizon mean baseline,within-season 5-fold CV over plots; fixed input history; horizon-specific models,1,5,0
2425,B51,Florida Brilliance,2,2025-02-20,2025-01-07,2025-02-05,15,46.0,53.5625,0.0,4.6,paper_informed_nonreactive,Training horizon mean baseline,within-season 5-fold CV over plots; fixed input history; horizon-specific models,1,5,0
2425,B52,Florida Brilliance,2,2025-02-20,2025-01-07,2025-02-05,15,120.0,53.5625,0.0,2.8,paper_informed_nonreactive,Training horizon mean baseline,within-season 5-fold CV over plots; fixed input history; horizon-specific models,1,5,0
2425,B55,Florida Brilliance,2,2025-02-20,2025-01-07,2025-02-05,15,40.0,53.5625,0.0,5.2,paper_informed_nonreactive,Training horizon mean baseline,within-season 5-fold CV over plots; fixed input history; horizon-specific models,1,5,0
2425,M22,Florida Medallion,2,2025-02-20,2025-01-07,2025-02-05,15,135.0,53.5625,0.0,14.0,paper_informed_nonreactive,Training horizon mean baseline,within-season 5-fold CV over plots; fixed input history; horizon-specific models,1,5,0
2425,M23,Florida Medallion,2,2025-02-20,2025-01-07,2025-02-05,15,73.0,53.5625,19.0,21.0,paper_informed_nonreactive,Training horizon mean baseline,within-season 5-fold CV over plots; fixed input history; horizon-specific models,1,5,0
2425,M53,Florida Medallion,2,2025-02-20,2025-01-07,2025-02-05,15,53.0,53.5625,0.0,20.2,paper_informed_nonreactive,Training horizon mean baseline,within-season 5-fold CV over plots; fixed input history; horizon-specific models,1,5,0
2425,B22,Florida Brilliance,2,2025-02-20,2025-01-07,2025-02-05,15,7.0,59.40625,43.0,15.6,paper_informed_nonreactive,Training horizon mean baseline,within-season 5-fold CV over plots; fixed input history; horizon-specific models,2,5,0
2425,B24,Florida Brilliance,2,2025-02-20,2025-01-07,2025-02-05,15,36.0,59.40625,73.0,35.6,paper_informed_nonreactive,Training horizon mean baseline,within-season 5-fold CV over plots; fixed input history; horizon-specific models,2,5,0
2425,B25,Florida Brilliance,2,2025-02-20,2025-01-07,2025-02-05,15,48.0,59.40625,33.0,9.4,paper_informed_nonreactive,Training horizon mean baseline,within-season 5-fold CV over plots; fixed input history; horizon-specific models,2,5,0
2425,B44,Florida Brilliance,2,2025-02-20,2025-01-07,2025-02-05,15,33.0,59.40625,9.0,8.4,paper_informed_nonreactive,Training horizon mean baseline,within-season 5-fold CV over plots; fixed input history; horizon-specific models,2,5,0
2425,M21,Florida Medallion,2,2025-02-20,2025-01-07,2025-02-05,15,78.0,59.40625,13.0,15.4,paper_informed_nonreactive,Training horizon mean baseline,within-season 5-fold CV over plots; fixed input history; horizon-specific models,2,5,0
2425,M42,Florida Medallion,2,2025-02-20,2025-01-07,2025-02-05,15,45.0,59.40625,0.0,12.6,paper_informed_nonreactive,Training horizon mean baseline,within-season 5-fold CV over plots; fixed input history; horizon-specific models,2,5,0
2425,M45,Florida Medallion,2,2025-02-20,2025-01-07,2025-02-05,15,32.0,59.40625,0.0,8.8,paper_informed_nonreactive,Training horizon mean baseline,within-season 5-fold CV over plots; fixed input history; horizon-specific models,2,5,0
2425,M55,Florida Medallion,2,2025-02-20,2025-01-07,2025-02-05,15,76.0,59.40625,0.0,0.0,paper_informed_nonreactive,Training horizon mean baseline,within-season 5-fold CV over plots; fixed input history; horizon-specific models,2,5,0
2425,B11,Florida Brilliance,2,2025-02-20,2025-01-07,2025-02-05,15,0.0,59.125,0.0,8.75,paper_informed_nonreactive,Training horizon mean baseline,within-season 5-fold CV over plots; fixed input history; horizon-specific models,3,5,0
2425,B12,Florida Brilliance,2,2025-02-20,2025-01-07,2025-02-05,15,45.0,59.125,18.0,7.4,paper_informed_nonreactive,Training horizon mean baseline,within-season 5-fold CV over plots; fixed input history; horizon-specific models,3,5,0
2425,B21,Florida Brilliance,2,2025-02-20,2025-01-07,2025-02-05,15,0.0,59.125,0.0,2.2,paper_informed_nonreactive,Training horizon mean baseline,within-season 5-fold CV over plots; fixed input history; horizon-specific models,3,5,0
2425,B42,Florida Brilliance,2,2025-02-20,2025-01-07,2025-02-05,15,13.0,59.125,12.0,13.6,paper_informed_nonreactive,Training horizon mean baseline,within-season 5-fold CV over plots; fixed input history; horizon-specific models,3,5,0
2425,B53,Florida Brilliance,2,2025-02-20,2025-01-07,2025-02-05,15,175.0,59.125,0.0,5.0,paper_informed_nonreactive,Training horizon mean baseline,within-season 5-fold CV over plots; fixed input history; horizon-specific models,3,5,0
2425,M15,Florida Medallion,2,2025-02-20,2025-01-07,2025-02-05,15,33.0,59.125,41.0,22.6,paper_informed_nonreactive,Training horizon mean baseline,within-season 5-fold CV over plots; fixed input history; horizon-specific models,3,5,0
2425,M25,Florida Medallion,2,2025-02-20,2025-01-07,2025-02-05,15,0.0,59.125,0.0,9.8,paper_informed_nonreactive,Training horizon mean baseline,within-season 5-fold CV over plots; fixed input history; horizon-specific models,3,5,0
2425,M44,Florida Medallion,2,2025-02-20,2025-01-07,2025-02-05,15,98.0,59.125,0.0,16.8,paper_informed_nonreactive,Training horizon mean baseline,within-season 5-fold CV over plots; fixed input history; horizon-specific models,3,5,0
2425,B13,Florida Brilliance,2,2025-02-20,2025-01-07,2025-02-05,15,7.0,54.5625,17.0,16.6,paper_informed_nonreactive,Training horizon mean baseline,within-season 5-fold CV over plots; fixed input history; horizon-specific models,4,5,0
2425,B14,Florida Brilliance,2,2025-02-20,2025-01-07,2025-02-05,15,15.0,54.5625,23.0,11.8,paper_informed_nonreactive,Training horizon mean baseline,within-season 5-fold CV over plots; fixed input history; horizon-specific models,4,5,0
2425,M12,Florida Medallion,2,2025-02-20,2025-01-07,2025-02-05,15,66.0,54.5625,33.0,18.2,paper_informed_nonreactive,Training horizon mean baseline,within-season 5-fold CV over plots; fixed input history; horizon-specific models,4,5,0
2425,M14,Florida Medallion,2,2025-02-20,2025-01-07,2025-02-05,15,47.0,54.5625,10.0,16.4,paper_informed_nonreactive,Training horizon mean baseline,within-season 5-fold CV over plots; fixed input history; horizon-specific models,4,5,0
2425,M41,Florida Medallion,2,2025-02-20,2025-01-07,2025-02-05,15,145.0,54.5625,4.0,2.4,paper_informed_nonreactive,Training horizon mean baseline,within-season 5-fold CV over plots; fixed input history; horizon-specific models,4,5,0
2425,M43,Florida Medallion,2,2025-02-20,2025-01-07,2025-02-05,15,46.0,54.5625,0.0,21.0,paper_informed_nonreactive,Training horizon mean baseline,within-season 5-fold CV over plots; fixed input history; horizon-specific models,4,5,0
2425,M51,Florida Medallion,2,2025-02-20,2025-01-07,2025-02-05,15,101.0,54.5625,18.0,4.6,paper_informed_nonreactive,Training horizon mean baseline,within-season 5-fold CV over plots; fixed input history; horizon-specific models,4,5,0
2425,M52,Florida Medallion,2,2025-02-20,2025-01-07,2025-02-05,15,83.0,54.5625,0.0,6.6,paper_informed_nonreactive,Training horizon mean baseline,within-season 5-fold CV over plots; fixed input history; horizon-specific models,4,5,0
2425,B23,Florida Brilliance,2,2025-02-20,2025-01-07,2025-02-05,15,183.0,55.34375,21.0,10.4,paper_informed_nonreactive,Training horizon mean baseline,within-season 5-fold CV over plots; fixed input history; horizon-specific models,5,5,0
2425,B41,Florida Brilliance,2,2025-02-20,2025-01-07,2025-02-05,15,44.0,55.34375,0.0,0.0,paper_informed_nonreactive,Training horizon mean baseline,within-season 5-fold CV over plots; fixed input history; horizon-specific models,5,5,0
2425,B45,Florida Brilliance,2,2025-02-20,2025-01-07,2025-02-05,15,49.0,55.34375,0.0,1.4,paper_informed_nonreactive,Training horizon mean baseline,within-season 5-fold CV over plots; fixed input history; horizon-specific models,5,5,0
2425,B54,Florida Brilliance,2,2025-02-20,2025-01-07,2025-02-05,15,45.0,55.34375,0.0,6.8,paper_informed_nonreactive,Training horizon mean baseline,within-season 5-fold CV over plots; fixed input history; horizon-specific models,5,5,0
2425,M11,Florida Medallion,2,2025-02-20,2025-01-07,2025-02-05,15,26.0,55.34375,0.0,20.8,paper_informed_nonreactive,Training horizon mean baseline,within-season 5-fold CV over plots; fixed input history; horizon-specific models,5,5,0
2425,M13,Florida Medallion,2,2025-02-20,2025-01-07,2025-02-05,15,111.0,55.34375,86.0,33.6,paper_informed_nonreactive,Training horizon mean baseline,within-season 5-fold CV over plots; fixed input history; horizon-specific models,5,5,0
2425,M24,Florida Medallion,2,2025-02-20,2025-01-07,2025-02-05,15,6.0,55.34375,14.0,16.0,paper_informed_nonreactive,Training horizon mean baseline,within-season 5-fold CV over plots; fixed input history; horizon-specific models,5,5,0
2425,M54,Florida Medallion,2,2025-02-20,2025-01-07,2025-02-05,15,21.0,55.34375,0.0,0.4,paper_informed_nonreactive,Training horizon mean baseline,within-season 5-fold CV over plots; fixed input history; horizon-specific models,5,5,0
2425,B15,Florida Brilliance,2,2025-02-20,2025-01-07,2025-02-05,15,37.0,46.666666666666664,0.0,6.2,paper_informed_nonreactive,Cultivar horizon mean baseline,within-season 5-fold CV over plots; fixed input history; horizon-specific models,1,5,0
2425,B43,Florida Brilliance,2,2025-02-20,2025-01-07,2025-02-05,15,38.0,46.666666666666664,0.0,5.0,paper_informed_nonreactive,Cultivar horizon mean baseline,within-season 5-fold CV over plots; fixed input history; horizon-specific models,1,5,0
2425,B51,Florida Brilliance,2,2025-02-20,2025-01-07,2025-02-05,15,46.0,46.666666666666664,0.0,4.6,paper_informed_nonreactive,Cultivar horizon mean baseline,within-season 5-fold CV over plots; fixed input history; horizon-specific models,1,5,0
2425,B52,Florida Brilliance,2,2025-02-20,2025-01-07,2025-02-05,15,120.0,46.666666666666664,0.0,2.8,paper_informed_nonreactive,Cultivar horizon mean baseline,within-season 5-fold CV over plots; fixed input history; horizon-specific models,1,5,0
2425,B55,Florida Brilliance,2,2025-02-20,2025-01-07,2025-02-05,15,40.0,46.666666666666664,0.0,5.2,paper_informed_nonreactive,Cultivar horizon mean baseline,within-season 5-fold CV over plots; fixed input history; horizon-specific models,1,5,0
2425,M22,Florida Medallion,2,2025-02-20,2025-01-07,2025-02-05,15,135.0,59.64705882352941,0.0,14.0,paper_informed_nonreactive,Cultivar horizon mean baseline,within-season 5-fold CV over plots; fixed input history; horizon-specific models,1,5,0
2425,M23,Florida Medallion,2,2025-02-20,2025-01-07,2025-02-05,15,73.0,59.64705882352941,19.0,21.0,paper_informed_nonreactive,Cultivar horizon mean baseline,within-season 5-fold CV over plots; fixed input history; horizon-specific models,1,5,0
2425,M53,Florida Medallion,2,2025-02-20,2025-01-07,2025-02-05,15,53.0,59.64705882352941,0.0,20.2,paper_informed_nonreactive,Cultivar horizon mean baseline,within-season 5-fold CV over plots; fixed input history; horizon-specific models,1,5,0
2425,B22,Florida Brilliance,2,2025-02-20,2025-01-07,2025-02-05,15,7.0,53.5625,43.0,15.6,paper_informed_nonreactive,Cultivar horizon mean baseline,within-season 5-fold CV over plots; fixed input history; horizon-specific models,2,5,0
2425,B24,Florida Brilliance,2,2025-02-20,2025-01-07,2025-02-05,15,36.0,53.5625,73.0,35.6,paper_informed_nonreactive,Cultivar horizon mean baseline,within-season 5-fold CV over plots; fixed input history; horizon-specific models,2,5,0
2425,B25,Florida Brilliance,2,2025-02-20,2025-01-07,2025-02-05,15,48.0,53.5625,33.0,9.4,paper_informed_nonreactive,Cultivar horizon mean baseline,within-season 5-fold CV over plots; fixed input history; horizon-specific models,2,5,0
2425,B44,Florida Brilliance,2,2025-02-20,2025-01-07,2025-02-05,15,33.0,53.5625,9.0,8.4,paper_informed_nonreactive,Cultivar horizon mean baseline,within-season 5-fold CV over plots; fixed input history; horizon-specific models,2,5,0
2425,M21,Florida Medallion,2,2025-02-20,2025-01-07,2025-02-05,15,78.0,65.25,13.0,15.4,paper_informed_nonreactive,Cultivar horizon mean baseline,within-season 5-fold CV over plots; fixed input history; horizon-specific models,2,5,0
2425,M42,Florida Medallion,2,2025-02-20,2025-01-07,2025-02-05,15,45.0,65.25,0.0,12.6,paper_informed_nonreactive,Cultivar horizon mean baseline,within-season 5-fold CV over plots; fixed input history; horizon-specific models,2,5,0
2425,M45,Florida Medallion,2,2025-02-20,2025-01-07,2025-02-05,15,32.0,65.25,0.0,8.8,paper_informed_nonreactive,Cultivar horizon mean baseline,within-season 5-fold CV over plots; fixed input history; horizon-specific models,2,5,0
2425,M55,Florida Medallion,2,2025-02-20,2025-01-07,2025-02-05,15,76.0,65.25,0.0,0.0,paper_informed_nonreactive,Cultivar horizon mean baseline,within-season 5-fold CV over plots; fixed input history; horizon-specific models,2,5,0
2425,B11,Florida Brilliance,2,2025-02-20,2025-01-07,2025-02-05,15,0.0,49.86666666666667,0.0,8.75,paper_informed_nonreactive,Cultivar horizon mean baseline,within-season 5-fold CV over plots; fixed input history; horizon-specific models,3,5,0
2425,B12,Florida Brilliance,2,2025-02-20,2025-01-07,2025-02-05,15,45.0,49.86666666666667,18.0,7.4,paper_informed_nonreactive,Cultivar horizon mean baseline,within-season 5-fold CV over plots; fixed input history; horizon-specific models,3,5,0
2425,B21,Florida Brilliance,2,2025-02-20,2025-01-07,2025-02-05,15,0.0,49.86666666666667,0.0,2.2,paper_informed_nonreactive,Cultivar horizon mean baseline,within-season 5-fold CV over plots; fixed input history; horizon-specific models,3,5,0
2425,B42,Florida Brilliance,2,2025-02-20,2025-01-07,2025-02-05,15,13.0,49.86666666666667,12.0,13.6,paper_informed_nonreactive,Cultivar horizon mean baseline,within-season 5-fold CV over plots; fixed input history; horizon-specific models,3,5,0
2425,B53,Florida Brilliance,2,2025-02-20,2025-01-07,2025-02-05,15,175.0,49.86666666666667,0.0,5.0,paper_informed_nonreactive,Cultivar horizon mean baseline,within-season 5-fold CV over plots; fixed input history; horizon-specific models,3,5,0
2425,M15,Florida Medallion,2,2025-02-20,2025-01-07,2025-02-05,15,33.0,67.29411764705883,41.0,22.6,paper_informed_nonreactive,Cultivar horizon mean baseline,within-season 5-fold CV over plots; fixed input history; horizon-specific models,3,5,0
2425,M25,Florida Medallion,2,2025-02-20,2025-01-07,2025-02-05,15,0.0,67.29411764705883,0.0,9.8,paper_informed_nonreactive,Cultivar horizon mean baseline,within-season 5-fold CV over plots; fixed input history; horizon-specific models,3,5,0
2425,M44,Florida Medallion,2,2025-02-20,2025-01-07,2025-02-05,15,98.0,67.29411764705883,0.0,16.8,paper_informed_nonreactive,Cultivar horizon mean baseline,within-season 5-fold CV over plots; fixed input history; horizon-specific models,3,5,0
2425,B13,Florida Brilliance,2,2025-02-20,2025-01-07,2025-02-05,15,7.0,53.27777777777778,17.0,16.6,paper_informed_nonreactive,Cultivar horizon mean baseline,within-season 5-fold CV over plots; fixed input history; horizon-specific models,4,5,0
2425,B14,Florida Brilliance,2,2025-02-20,2025-01-07,2025-02-05,15,15.0,53.27777777777778,23.0,11.8,paper_informed_nonreactive,Cultivar horizon mean baseline,within-season 5-fold CV over plots; fixed input history; horizon-specific models,4,5,0
2425,M12,Florida Medallion,2,2025-02-20,2025-01-07,2025-02-05,15,66.0,56.214285714285715,33.0,18.2,paper_informed_nonreactive,Cultivar horizon mean baseline,within-season 5-fold CV over plots; fixed input history; horizon-specific models,4,5,0
2425,M14,Florida Medallion,2,2025-02-20,2025-01-07,2025-02-05,15,47.0,56.214285714285715,10.0,16.4,paper_informed_nonreactive,Cultivar horizon mean baseline,within-season 5-fold CV over plots; fixed input history; horizon-specific models,4,5,0
2425,M41,Florida Medallion,2,2025-02-20,2025-01-07,2025-02-05,15,145.0,56.214285714285715,4.0,2.4,paper_informed_nonreactive,Cultivar horizon mean baseline,within-season 5-fold CV over plots; fixed input history; horizon-specific models,4,5,0
2425,M43,Florida Medallion,2,2025-02-20,2025-01-07,2025-02-05,15,46.0,56.214285714285715,0.0,21.0,paper_informed_nonreactive,Cultivar horizon mean baseline,within-season 5-fold CV over plots; fixed input history; horizon-specific models,4,5,0
2425,M51,Florida Medallion,2,2025-02-20,2025-01-07,2025-02-05,15,101.0,56.214285714285715,18.0,4.6,paper_informed_nonreactive,Cultivar horizon mean baseline,within-season 5-fold CV over plots; fixed input history; horizon-specific models,4,5,0
2425,M52,Florida Medallion,2,2025-02-20,2025-01-07,2025-02-05,15,83.0,56.214285714285715,0.0,6.6,paper_informed_nonreactive,Cultivar horizon mean baseline,within-season 5-fold CV over plots; fixed input history; horizon-specific models,4,5,0
2425,B23,Florida Brilliance,2,2025-02-20,2025-01-07,2025-02-05,15,183.0,41.25,21.0,10.4,paper_informed_nonreactive,Cultivar horizon mean baseline,within-season 5-fold CV over plots; fixed input history; horizon-specific models,5,5,0
2425,B41,Florida Brilliance,2,2025-02-20,2025-01-07,2025-02-05,15,44.0,41.25,0.0,0.0,paper_informed_nonreactive,Cultivar horizon mean baseline,within-season 5-fold CV over plots; fixed input history; horizon-specific models,5,5,0
2425,B45,Florida Brilliance,2,2025-02-20,2025-01-07,2025-02-05,15,49.0,41.25,0.0,1.4,paper_informed_nonreactive,Cultivar horizon mean baseline,within-season 5-fold CV over plots; fixed input history; horizon-specific models,5,5,0
2425,B54,Florida Brilliance,2,2025-02-20,2025-01-07,2025-02-05,15,45.0,41.25,0.0,6.8,paper_informed_nonreactive,Cultivar horizon mean baseline,within-season 5-fold CV over plots; fixed input history; horizon-specific models,5,5,0
2425,M11,Florida Medallion,2,2025-02-20,2025-01-07,2025-02-05,15,26.0,69.4375,0.0,20.8,paper_informed_nonreactive,Cultivar horizon mean baseline,within-season 5-fold CV over plots; fixed input history; horizon-specific models,5,5,0
2425,M13,Florida Medallion,2,2025-02-20,2025-01-07,2025-02-05,15,111.0,69.4375,86.0,33.6,paper_informed_nonreactive,Cultivar horizon mean baseline,within-season 5-fold CV over plots; fixed input history; horizon-specific models,5,5,0
2425,M24,Florida Medallion,2,2025-02-20,2025-01-07,2025-02-05,15,6.0,69.4375,14.0,16.0,paper_informed_nonreactive,Cultivar horizon mean baseline,within-season 5-fold CV over plots; fixed input history; horizon-specific models,5,5,0
2425,M54,Florida Medallion,2,2025-02-20,2025-01-07,2025-02-05,15,21.0,69.4375,0.0,0.4,paper_informed_nonreactive,Cultivar horizon mean baseline,within-season 5-fold CV over plots; fixed input history; horizon-specific models,5,5,0
2425,B15,Florida Brilliance,2,2025-02-20,2025-01-07,2025-02-05,15,37.0,0.0,0.0,6.2,paper_informed_nonreactive,Last observed week-5 yield baseline,within-season 5-fold CV over plots; fixed input history; horizon-specific models,1,5,0
2425,B43,Florida Brilliance,2,2025-02-20,2025-01-07,2025-02-05,15,38.0,0.0,0.0,5.0,paper_informed_nonreactive,Last observed week-5 yield baseline,within-season 5-fold CV over plots; fixed input history; horizon-specific models,1,5,0
2425,B51,Florida Brilliance,2,2025-02-20,2025-01-07,2025-02-05,15,46.0,0.0,0.0,4.6,paper_informed_nonreactive,Last observed week-5 yield baseline,within-season 5-fold CV over plots; fixed input history; horizon-specific models,1,5,0
2425,B52,Florida Brilliance,2,2025-02-20,2025-01-07,2025-02-05,15,120.0,0.0,0.0,2.8,paper_informed_nonreactive,Last observed week-5 yield baseline,within-season 5-fold CV over plots; fixed input history; horizon-specific models,1,5,0
2425,B55,Florida Brilliance,2,2025-02-20,2025-01-07,2025-02-05,15,40.0,0.0,0.0,5.2,paper_informed_nonreactive,Last observed week-5 yield baseline,within-season 5-fold CV over plots; fixed input history; horizon-specific models,1,5,0
2425,M22,Florida Medallion,2,2025-02-20,2025-01-07,2025-02-05,15,135.0,0.0,0.0,14.0,paper_informed_nonreactive,Last observed week-5 yield baseline,within-season 5-fold CV over plots; fixed input history; horizon-specific models,1,5,0
2425,M23,Florida Medallion,2,2025-02-20,2025-01-07,2025-02-05,15,73.0,19.0,19.0,21.0,paper_informed_nonreactive,Last observed week-5 yield baseline,within-season 5-fold CV over plots; fixed input history; horizon-specific models,1,5,0
2425,M53,Florida Medallion,2,2025-02-20,2025-01-07,2025-02-05,15,53.0,0.0,0.0,20.2,paper_informed_nonreactive,Last observed week-5 yield baseline,within-season 5-fold CV over plots; fixed input history; horizon-specific models,1,5,0
2425,B22,Florida Brilliance,2,2025-02-20,2025-01-07,2025-02-05,15,7.0,43.0,43.0,15.6,paper_informed_nonreactive,Last observed week-5 yield baseline,within-season 5-fold CV over plots; fixed input history; horizon-specific models,2,5,0
2425,B24,Florida Brilliance,2,2025-02-20,2025-01-07,2025-02-05,15,36.0,73.0,73.0,35.6,paper_informed_nonreactive,Last observed week-5 yield baseline,within-season 5-fold CV over plots; fixed input history; horizon-specific models,2,5,0
2425,B25,Florida Brilliance,2,2025-02-20,2025-01-07,2025-02-05,15,48.0,33.0,33.0,9.4,paper_informed_nonreactive,Last observed week-5 yield baseline,within-season 5-fold CV over plots; fixed input history; horizon-specific models,2,5,0
2425,B44,Florida Brilliance,2,2025-02-20,2025-01-07,2025-02-05,15,33.0,9.0,9.0,8.4,paper_informed_nonreactive,Last observed week-5 yield baseline,within-season 5-fold CV over plots; fixed input history; horizon-specific models,2,5,0
2425,M21,Florida Medallion,2,2025-02-20,2025-01-07,2025-02-05,15,78.0,13.0,13.0,15.4,paper_informed_nonreactive,Last observed week-5 yield baseline,within-season 5-fold CV over plots; fixed input history; horizon-specific models,2,5,0
2425,M42,Florida Medallion,2,2025-02-20,2025-01-07,2025-02-05,15,45.0,0.0,0.0,12.6,paper_informed_nonreactive,Last observed week-5 yield baseline,within-season 5-fold CV over plots; fixed input history; horizon-specific models,2,5,0
2425,M45,Florida Medallion,2,2025-02-20,2025-01-07,2025-02-05,15,32.0,0.0,0.0,8.8,paper_informed_nonreactive,Last observed week-5 yield baseline,within-season 5-fold CV over plots; fixed input history; horizon-specific models,2,5,0
2425,M55,Florida Medallion,2,2025-02-20,2025-01-07,2025-02-05,15,76.0,0.0,0.0,0.0,paper_informed_nonreactive,Last observed week-5 yield baseline,within-season 5-fold CV over plots; fixed input history; horizon-specific models,2,5,0
2425,B11,Florida Brilliance,2,2025-02-20,2025-01-07,2025-02-05,15,0.0,0.0,0.0,8.75,paper_informed_nonreactive,Last observed week-5 yield baseline,within-season 5-fold CV over plots; fixed input history; horizon-specific models,3,5,0
2425,B12,Florida Brilliance,2,2025-02-20,2025-01-07,2025-02-05,15,45.0,18.0,18.0,7.4,paper_informed_nonreactive,Last observed week-5 yield baseline,within-season 5-fold CV over plots; fixed input history; horizon-specific models,3,5,0
2425,B21,Florida Brilliance,2,2025-02-20,2025-01-07,2025-02-05,15,0.0,0.0,0.0,2.2,paper_informed_nonreactive,Last observed week-5 yield baseline,within-season 5-fold CV over plots; fixed input history; horizon-specific models,3,5,0
2425,B42,Florida Brilliance,2,2025-02-20,2025-01-07,2025-02-05,15,13.0,12.0,12.0,13.6,paper_informed_nonreactive,Last observed week-5 yield baseline,within-season 5-fold CV over plots; fixed input history; horizon-specific models,3,5,0
2425,B53,Florida Brilliance,2,2025-02-20,2025-01-07,2025-02-05,15,175.0,0.0,0.0,5.0,paper_informed_nonreactive,Last observed week-5 yield baseline,within-season 5-fold CV over plots; fixed input history; horizon-specific models,3,5,0
2425,M15,Florida Medallion,2,2025-02-20,2025-01-07,2025-02-05,15,33.0,41.0,41.0,22.6,paper_informed_nonreactive,Last observed week-5 yield baseline,within-season 5-fold CV over plots; fixed input history; horizon-specific models,3,5,0
2425,M25,Florida Medallion,2,2025-02-20,2025-01-07,2025-02-05,15,0.0,0.0,0.0,9.8,paper_informed_nonreactive,Last observed week-5 yield baseline,within-season 5-fold CV over plots; fixed input history; horizon-specific models,3,5,0
2425,M44,Florida Medallion,2,2025-02-20,2025-01-07,2025-02-05,15,98.0,0.0,0.0,16.8,paper_informed_nonreactive,Last observed week-5 yield baseline,within-season 5-fold CV over plots; fixed input history; horizon-specific models,3,5,0
2425,B13,Florida Brilliance,2,2025-02-20,2025-01-07,2025-02-05,15,7.0,17.0,17.0,16.6,paper_informed_nonreactive,Last observed week-5 yield baseline,within-season 5-fold CV over plots; fixed input history; horizon-specific models,4,5,0
2425,B14,Florida Brilliance,2,2025-02-20,2025-01-07,2025-02-05,15,15.0,23.0,23.0,11.8,paper_informed_nonreactive,Last observed week-5 yield baseline,within-season 5-fold CV over plots; fixed input history; horizon-specific models,4,5,0
2425,M12,Florida Medallion,2,2025-02-20,2025-01-07,2025-02-05,15,66.0,33.0,33.0,18.2,paper_informed_nonreactive,Last observed week-5 yield baseline,within-season 5-fold CV over plots; fixed input history; horizon-specific models,4,5,0
2425,M14,Florida Medallion,2,2025-02-20,2025-01-07,2025-02-05,15,47.0,10.0,10.0,16.4,paper_informed_nonreactive,Last observed week-5 yield baseline,within-season 5-fold CV over plots; fixed input history; horizon-specific models,4,5,0
2425,M41,Florida Medallion,2,2025-02-20,2025-01-07,2025-02-05,15,145.0,4.0,4.0,2.4,paper_informed_nonreactive,Last observed week-5 yield baseline,within-season 5-fold CV over plots; fixed input history; horizon-specific models,4,5,0
2425,M43,Florida Medallion,2,2025-02-20,2025-01-07,2025-02-05,15,46.0,0.0,0.0,21.0,paper_informed_nonreactive,Last observed week-5 yield baseline,within-season 5-fold CV over plots; fixed input history; horizon-specific models,4,5,0
2425,M51,Florida Medallion,2,2025-02-20,2025-01-07,2025-02-05,15,101.0,18.0,18.0,4.6,paper_informed_nonreactive,Last observed week-5 yield baseline,within-season 5-fold CV over plots; fixed input history; horizon-specific models,4,5,0
2425,M52,Florida Medallion,2,2025-02-20,2025-01-07,2025-02-05,15,83.0,0.0,0.0,6.6,paper_informed_nonreactive,Last observed week-5 yield baseline,within-season 5-fold CV over plots; fixed input history; horizon-specific models,4,5,0
2425,B23,Florida Brilliance,2,2025-02-20,2025-01-07,2025-02-05,15,183.0,21.0,21.0,10.4,paper_informed_nonreactive,Last observed week-5 yield baseline,within-season 5-fold CV over plots; fixed input history; horizon-specific models,5,5,0
2425,B41,Florida Brilliance,2,2025-02-20,2025-01-07,2025-02-05,15,44.0,0.0,0.0,0.0,paper_informed_nonreactive,Last observed week-5 yield baseline,within-season 5-fold CV over plots; fixed input history; horizon-specific models,5,5,0
2425,B45,Florida Brilliance,2,2025-02-20,2025-01-07,2025-02-05,15,49.0,0.0,0.0,1.4,paper_informed_nonreactive,Last observed week-5 yield baseline,within-season 5-fold CV over plots; fixed input history; horizon-specific models,5,5,0
2425,B54,Florida Brilliance,2,2025-02-20,2025-01-07,2025-02-05,15,45.0,0.0,0.0,6.8,paper_informed_nonreactive,Last observed week-5 yield baseline,within-season 5-fold CV over plots; fixed input history; horizon-specific models,5,5,0
2425,M11,Florida Medallion,2,2025-02-20,2025-01-07,2025-02-05,15,26.0,0.0,0.0,20.8,paper_informed_nonreactive,Last observed week-5 yield baseline,within-season 5-fold CV over plots; fixed input history; horizon-specific models,5,5,0
2425,M13,Florida Medallion,2,2025-02-20,2025-01-07,2025-02-05,15,111.0,86.0,86.0,33.6,paper_informed_nonreactive,Last observed week-5 yield baseline,within-season 5-fold CV over plots; fixed input history; horizon-specific models,5,5,0
2425,M24,Florida Medallion,2,2025-02-20,2025-01-07,2025-02-05,15,6.0,14.0,14.0,16.0,paper_informed_nonreactive,Last observed week-5 yield baseline,within-season 5-fold CV over plots; fixed input history; horizon-specific models,5,5,0
2425,M54,Florida Medallion,2,2025-02-20,2025-01-07,2025-02-05,15,21.0,0.0,0.0,0.4,paper_informed_nonreactive,Last observed week-5 yield baseline,within-season 5-fold CV over plots; fixed input history; horizon-specific models,5,5,0
2425,B15,Florida Brilliance,2,2025-02-20,2025-01-07,2025-02-05,15,37.0,6.2,0.0,6.2,paper_informed_nonreactive,Observed 5-week mean yield baseline,within-season 5-fold CV over plots; fixed input history; horizon-specific models,1,5,0
2425,B43,Florida Brilliance,2,2025-02-20,2025-01-07,2025-02-05,15,38.0,5.0,0.0,5.0,paper_informed_nonreactive,Observed 5-week mean yield baseline,within-season 5-fold CV over plots; fixed input history; horizon-specific models,1,5,0
2425,B51,Florida Brilliance,2,2025-02-20,2025-01-07,2025-02-05,15,46.0,4.6,0.0,4.6,paper_informed_nonreactive,Observed 5-week mean yield baseline,within-season 5-fold CV over plots; fixed input history; horizon-specific models,1,5,0
2425,B52,Florida Brilliance,2,2025-02-20,2025-01-07,2025-02-05,15,120.0,2.8,0.0,2.8,paper_informed_nonreactive,Observed 5-week mean yield baseline,within-season 5-fold CV over plots; fixed input history; horizon-specific models,1,5,0
2425,B55,Florida Brilliance,2,2025-02-20,2025-01-07,2025-02-05,15,40.0,5.2,0.0,5.2,paper_informed_nonreactive,Observed 5-week mean yield baseline,within-season 5-fold CV over plots; fixed input history; horizon-specific models,1,5,0
2425,M22,Florida Medallion,2,2025-02-20,2025-01-07,2025-02-05,15,135.0,14.0,0.0,14.0,paper_informed_nonreactive,Observed 5-week mean yield baseline,within-season 5-fold CV over plots; fixed input history; horizon-specific models,1,5,0
2425,M23,Florida Medallion,2,2025-02-20,2025-01-07,2025-02-05,15,73.0,21.0,19.0,21.0,paper_informed_nonreactive,Observed 5-week mean yield baseline,within-season 5-fold CV over plots; fixed input history; horizon-specific models,1,5,0
2425,M53,Florida Medallion,2,2025-02-20,2025-01-07,2025-02-05,15,53.0,20.2,0.0,20.2,paper_informed_nonreactive,Observed 5-week mean yield baseline,within-season 5-fold CV over plots; fixed input history; horizon-specific models,1,5,0
2425,B22,Florida Brilliance,2,2025-02-20,2025-01-07,2025-02-05,15,7.0,15.6,43.0,15.6,paper_informed_nonreactive,Observed 5-week mean yield baseline,within-season 5-fold CV over plots; fixed input history; horizon-specific models,2,5,0
2425,B24,Florida Brilliance,2,2025-02-20,2025-01-07,2025-02-05,15,36.0,35.6,73.0,35.6,paper_informed_nonreactive,Observed 5-week mean yield baseline,within-season 5-fold CV over plots; fixed input history; horizon-specific models,2,5,0
2425,B25,Florida Brilliance,2,2025-02-20,2025-01-07,2025-02-05,15,48.0,9.4,33.0,9.4,paper_informed_nonreactive,Observed 5-week mean yield baseline,within-season 5-fold CV over plots; fixed input history; horizon-specific models,2,5,0
2425,B44,Florida Brilliance,2,2025-02-20,2025-01-07,2025-02-05,15,33.0,8.4,9.0,8.4,paper_informed_nonreactive,Observed 5-week mean yield baseline,within-season 5-fold CV over plots; fixed input history; horizon-specific models,2,5,0
2425,M21,Florida Medallion,2,2025-02-20,2025-01-07,2025-02-05,15,78.0,15.4,13.0,15.4,paper_informed_nonreactive,Observed 5-week mean yield baseline,within-season 5-fold CV over plots; fixed input history; horizon-specific models,2,5,0
2425,M42,Florida Medallion,2,2025-02-20,2025-01-07,2025-02-05,15,45.0,12.6,0.0,12.6,paper_informed_nonreactive,Observed 5-week mean yield baseline,within-season 5-fold CV over plots; fixed input history; horizon-specific models,2,5,0
2425,M45,Florida Medallion,2,2025-02-20,2025-01-07,2025-02-05,15,32.0,8.8,0.0,8.8,paper_informed_nonreactive,Observed 5-week mean yield baseline,within-season 5-fold CV over plots; fixed input history; horizon-specific models,2,5,0
2425,M55,Florida Medallion,2,2025-02-20,2025-01-07,2025-02-05,15,76.0,0.0,0.0,0.0,paper_informed_nonreactive,Observed 5-week mean yield baseline,within-season 5-fold CV over plots; fixed input history; horizon-specific models,2,5,0
2425,B11,Florida Brilliance,2,2025-02-20,2025-01-07,2025-02-05,15,0.0,8.75,0.0,8.75,paper_informed_nonreactive,Observed 5-week mean yield baseline,within-season 5-fold CV over plots; fixed input history; horizon-specific models,3,5,0
2425,B12,Florida Brilliance,2,2025-02-20,2025-01-07,2025-02-05,15,45.0,7.4,18.0,7.4,paper_informed_nonreactive,Observed 5-week mean yield baseline,within-season 5-fold CV over plots; fixed input history; horizon-specific models,3,5,0
2425,B21,Florida Brilliance,2,2025-02-20,2025-01-07,2025-02-05,15,0.0,2.2,0.0,2.2,paper_informed_nonreactive,Observed 5-week mean yield baseline,within-season 5-fold CV over plots; fixed input history; horizon-specific models,3,5,0
2425,B42,Florida Brilliance,2,2025-02-20,2025-01-07,2025-02-05,15,13.0,13.6,12.0,13.6,paper_informed_nonreactive,Observed 5-week mean yield baseline,within-season 5-fold CV over plots; fixed input history; horizon-specific models,3,5,0
2425,B53,Florida Brilliance,2,2025-02-20,2025-01-07,2025-02-05,15,175.0,5.0,0.0,5.0,paper_informed_nonreactive,Observed 5-week mean yield baseline,within-season 5-fold CV over plots; fixed input history; horizon-specific models,3,5,0
2425,M15,Florida Medallion,2,2025-02-20,2025-01-07,2025-02-05,15,33.0,22.6,41.0,22.6,paper_informed_nonreactive,Observed 5-week mean yield baseline,within-season 5-fold CV over plots; fixed input history; horizon-specific models,3,5,0
2425,M25,Florida Medallion,2,2025-02-20,2025-01-07,2025-02-05,15,0.0,9.8,0.0,9.8,paper_informed_nonreactive,Observed 5-week mean yield baseline,within-season 5-fold CV over plots; fixed input history; horizon-specific models,3,5,0
2425,M44,Florida Medallion,2,2025-02-20,2025-01-07,2025-02-05,15,98.0,16.8,0.0,16.8,paper_informed_nonreactive,Observed 5-week mean yield baseline,within-season 5-fold CV over plots; fixed input history; horizon-specific models,3,5,0
2425,B13,Florida Brilliance,2,2025-02-20,2025-01-07,2025-02-05,15,7.0,16.6,17.0,16.6,paper_informed_nonreactive,Observed 5-week mean yield baseline,within-season 5-fold CV over plots; fixed input history; horizon-specific models,4,5,0
2425,B14,Florida Brilliance,2,2025-02-20,2025-01-07,2025-02-05,15,15.0,11.8,23.0,11.8,paper_informed_nonreactive,Observed 5-week mean yield baseline,within-season 5-fold CV over plots; fixed input history; horizon-specific models,4,5,0
2425,M12,Florida Medallion,2,2025-02-20,2025-01-07,2025-02-05,15,66.0,18.2,33.0,18.2,paper_informed_nonreactive,Observed 5-week mean yield baseline,within-season 5-fold CV over plots; fixed input history; horizon-specific models,4,5,0
2425,M14,Florida Medallion,2,2025-02-20,2025-01-07,2025-02-05,15,47.0,16.4,10.0,16.4,paper_informed_nonreactive,Observed 5-week mean yield baseline,within-season 5-fold CV over plots; fixed input history; horizon-specific models,4,5,0
2425,M41,Florida Medallion,2,2025-02-20,2025-01-07,2025-02-05,15,145.0,2.4,4.0,2.4,paper_informed_nonreactive,Observed 5-week mean yield baseline,within-season 5-fold CV over plots; fixed input history; horizon-specific models,4,5,0
2425,M43,Florida Medallion,2,2025-02-20,2025-01-07,2025-02-05,15,46.0,21.0,0.0,21.0,paper_informed_nonreactive,Observed 5-week mean yield baseline,within-season 5-fold CV over plots; fixed input history; horizon-specific models,4,5,0
2425,M51,Florida Medallion,2,2025-02-20,2025-01-07,2025-02-05,15,101.0,4.6,18.0,4.6,paper_informed_nonreactive,Observed 5-week mean yield baseline,within-season 5-fold CV over plots; fixed input history; horizon-specific models,4,5,0
2425,M52,Florida Medallion,2,2025-02-20,2025-01-07,2025-02-05,15,83.0,6.6,0.0,6.6,paper_informed_nonreactive,Observed 5-week mean yield baseline,within-season 5-fold CV over plots; fixed input history; horizon-specific models,4,5,0
2425,B23,Florida Brilliance,2,2025-02-20,2025-01-07,2025-02-05,15,183.0,10.4,21.0,10.4,paper_informed_nonreactive,Observed 5-week mean yield baseline,within-season 5-fold CV over plots; fixed input history; horizon-specific models,5,5,0
2425,B41,Florida Brilliance,2,2025-02-20,2025-01-07,2025-02-05,15,44.0,0.0,0.0,0.0,paper_informed_nonreactive,Observed 5-week mean yield baseline,within-season 5-fold CV over plots; fixed input history; horizon-specific models,5,5,0
2425,B45,Florida Brilliance,2,2025-02-20,2025-01-07,2025-02-05,15,49.0,1.4,0.0,1.4,paper_informed_nonreactive,Observed 5-week mean yield baseline,within-season 5-fold CV over plots; fixed input history; horizon-specific models,5,5,0
2425,B54,Florida Brilliance,2,2025-02-20,2025-01-07,2025-02-05,15,45.0,6.8,0.0,6.8,paper_informed_nonreactive,Observed 5-week mean yield baseline,within-season 5-fold CV over plots; fixed input history; horizon-specific models,5,5,0
2425,M11,Florida Medallion,2,2025-02-20,2025-01-07,2025-02-05,15,26.0,20.8,0.0,20.8,paper_informed_nonreactive,Observed 5-week mean yield baseline,within-season 5-fold CV over plots; fixed input history; horizon-specific models,5,5,0
2425,M13,Florida Medallion,2,2025-02-20,2025-01-07,2025-02-05,15,111.0,33.6,86.0,33.6,paper_informed_nonreactive,Observed 5-week mean yield baseline,within-season 5-fold CV over plots; fixed input history; horizon-specific models,5,5,0
2425,M24,Florida Medallion,2,2025-02-20,2025-01-07,2025-02-05,15,6.0,16.0,14.0,16.0,paper_informed_nonreactive,Observed 5-week mean yield baseline,within-season 5-fold CV over plots; fixed input history; horizon-specific models,5,5,0
2425,M54,Florida Medallion,2,2025-02-20,2025-01-07,2025-02-05,15,21.0,0.4,0.0,0.4,paper_informed_nonreactive,Observed 5-week mean yield baseline,within-season 5-fold CV over plots; fixed input history; horizon-specific models,5,5,0
2425,B15,Florida Brilliance,2,2025-02-20,2025-01-07,2025-02-05,15,37.0,0.0,0.0,6.2,paper_informed_nonreactive,Zero yield baseline,within-season 5-fold CV over plots; fixed input history; horizon-specific models,1,5,0
2425,B43,Florida Brilliance,2,2025-02-20,2025-01-07,2025-02-05,15,38.0,0.0,0.0,5.0,paper_informed_nonreactive,Zero yield baseline,within-season 5-fold CV over plots; fixed input history; horizon-specific models,1,5,0
2425,B51,Florida Brilliance,2,2025-02-20,2025-01-07,2025-02-05,15,46.0,0.0,0.0,4.6,paper_informed_nonreactive,Zero yield baseline,within-season 5-fold CV over plots; fixed input history; horizon-specific models,1,5,0
2425,B52,Florida Brilliance,2,2025-02-20,2025-01-07,2025-02-05,15,120.0,0.0,0.0,2.8,paper_informed_nonreactive,Zero yield baseline,within-season 5-fold CV over plots; fixed input history; horizon-specific models,1,5,0
2425,B55,Florida Brilliance,2,2025-02-20,2025-01-07,2025-02-05,15,40.0,0.0,0.0,5.2,paper_informed_nonreactive,Zero yield baseline,within-season 5-fold CV over plots; fixed input history; horizon-specific models,1,5,0
2425,M22,Florida Medallion,2,2025-02-20,2025-01-07,2025-02-05,15,135.0,0.0,0.0,14.0,paper_informed_nonreactive,Zero yield baseline,within-season 5-fold CV over plots; fixed input history; horizon-specific models,1,5,0
2425,M23,Florida Medallion,2,2025-02-20,2025-01-07,2025-02-05,15,73.0,0.0,19.0,21.0,paper_informed_nonreactive,Zero yield baseline,within-season 5-fold CV over plots; fixed input history; horizon-specific models,1,5,0
2425,M53,Florida Medallion,2,2025-02-20,2025-01-07,2025-02-05,15,53.0,0.0,0.0,20.2,paper_informed_nonreactive,Zero yield baseline,within-season 5-fold CV over plots; fixed input history; horizon-specific models,1,5,0
2425,B22,Florida Brilliance,2,2025-02-20,2025-01-07,2025-02-05,15,7.0,0.0,43.0,15.6,paper_informed_nonreactive,Zero yield baseline,within-season 5-fold CV over plots; fixed input history; horizon-specific models,2,5,0
2425,B24,Florida Brilliance,2,2025-02-20,2025-01-07,2025-02-05,15,36.0,0.0,73.0,35.6,paper_informed_nonreactive,Zero yield baseline,within-season 5-fold CV over plots; fixed input history; horizon-specific models,2,5,0
2425,B25,Florida Brilliance,2,2025-02-20,2025-01-07,2025-02-05,15,48.0,0.0,33.0,9.4,paper_informed_nonreactive,Zero yield baseline,within-season 5-fold CV over plots; fixed input history; horizon-specific models,2,5,0
2425,B44,Florida Brilliance,2,2025-02-20,2025-01-07,2025-02-05,15,33.0,0.0,9.0,8.4,paper_informed_nonreactive,Zero yield baseline,within-season 5-fold CV over plots; fixed input history; horizon-specific models,2,5,0
2425,M21,Florida Medallion,2,2025-02-20,2025-01-07,2025-02-05,15,78.0,0.0,13.0,15.4,paper_informed_nonreactive,Zero yield baseline,within-season 5-fold CV over plots; fixed input history; horizon-specific models,2,5,0
2425,M42,Florida Medallion,2,2025-02-20,2025-01-07,2025-02-05,15,45.0,0.0,0.0,12.6,paper_informed_nonreactive,Zero yield baseline,within-season 5-fold CV over plots; fixed input history; horizon-specific models,2,5,0
2425,M45,Florida Medallion,2,2025-02-20,2025-01-07,2025-02-05,15,32.0,0.0,0.0,8.8,paper_informed_nonreactive,Zero yield baseline,within-season 5-fold CV over plots; fixed input history; horizon-specific models,2,5,0
2425,M55,Florida Medallion,2,2025-02-20,2025-01-07,2025-02-05,15,76.0,0.0,0.0,0.0,paper_informed_nonreactive,Zero yield baseline,within-season 5-fold CV over plots; fixed input history; horizon-specific models,2,5,0
2425,B11,Florida Brilliance,2,2025-02-20,2025-01-07,2025-02-05,15,0.0,0.0,0.0,8.75,paper_informed_nonreactive,Zero yield baseline,within-season 5-fold CV over plots; fixed input history; horizon-specific models,3,5,0
2425,B12,Florida Brilliance,2,2025-02-20,2025-01-07,2025-02-05,15,45.0,0.0,18.0,7.4,paper_informed_nonreactive,Zero yield baseline,within-season 5-fold CV over plots; fixed input history; horizon-specific models,3,5,0
2425,B21,Florida Brilliance,2,2025-02-20,2025-01-07,2025-02-05,15,0.0,0.0,0.0,2.2,paper_informed_nonreactive,Zero yield baseline,within-season 5-fold CV over plots; fixed input history; horizon-specific models,3,5,0
2425,B42,Florida Brilliance,2,2025-02-20,2025-01-07,2025-02-05,15,13.0,0.0,12.0,13.6,paper_informed_nonreactive,Zero yield baseline,within-season 5-fold CV over plots; fixed input history; horizon-specific models,3,5,0
2425,B53,Florida Brilliance,2,2025-02-20,2025-01-07,2025-02-05,15,175.0,0.0,0.0,5.0,paper_informed_nonreactive,Zero yield baseline,within-season 5-fold CV over plots; fixed input history; horizon-specific models,3,5,0
2425,M15,Florida Medallion,2,2025-02-20,2025-01-07,2025-02-05,15,33.0,0.0,41.0,22.6,paper_informed_nonreactive,Zero yield baseline,within-season 5-fold CV over plots; fixed input history; horizon-specific models,3,5,0
2425,M25,Florida Medallion,2,2025-02-20,2025-01-07,2025-02-05,15,0.0,0.0,0.0,9.8,paper_informed_nonreactive,Zero yield baseline,within-season 5-fold CV over plots; fixed input history; horizon-specific models,3,5,0
2425,M44,Florida Medallion,2,2025-02-20,2025-01-07,2025-02-05,15,98.0,0.0,0.0,16.8,paper_informed_nonreactive,Zero yield baseline,within-season 5-fold CV over plots; fixed input history; horizon-specific models,3,5,0
2425,B13,Florida Brilliance,2,2025-02-20,2025-01-07,2025-02-05,15,7.0,0.0,17.0,16.6,paper_informed_nonreactive,Zero yield baseline,within-season 5-fold CV over plots; fixed input history; horizon-specific models,4,5,0
2425,B14,Florida Brilliance,2,2025-02-20,2025-01-07,2025-02-05,15,15.0,0.0,23.0,11.8,paper_informed_nonreactive,Zero yield baseline,within-season 5-fold CV over plots; fixed input history; horizon-specific models,4,5,0
2425,M12,Florida Medallion,2,2025-02-20,2025-01-07,2025-02-05,15,66.0,0.0,33.0,18.2,paper_informed_nonreactive,Zero yield baseline,within-season 5-fold CV over plots; fixed input history; horizon-specific models,4,5,0
2425,M14,Florida Medallion,2,2025-02-20,2025-01-07,2025-02-05,15,47.0,0.0,10.0,16.4,paper_informed_nonreactive,Zero yield baseline,within-season 5-fold CV over plots; fixed input history; horizon-specific models,4,5,0
2425,M41,Florida Medallion,2,2025-02-20,2025-01-07,2025-02-05,15,145.0,0.0,4.0,2.4,paper_informed_nonreactive,Zero yield baseline,within-season 5-fold CV over plots; fixed input history; horizon-specific models,4,5,0
2425,M43,Florida Medallion,2,2025-02-20,2025-01-07,2025-02-05,15,46.0,0.0,0.0,21.0,paper_informed_nonreactive,Zero yield baseline,within-season 5-fold CV over plots; fixed input history; horizon-specific models,4,5,0
2425,M51,Florida Medallion,2,2025-02-20,2025-01-07,2025-02-05,15,101.0,0.0,18.0,4.6,paper_informed_nonreactive,Zero yield baseline,within-season 5-fold CV over plots; fixed input history; horizon-specific models,4,5,0
2425,M52,Florida Medallion,2,2025-02-20,2025-01-07,2025-02-05,15,83.0,0.0,0.0,6.6,paper_informed_nonreactive,Zero yield baseline,within-season 5-fold CV over plots; fixed input history; horizon-specific models,4,5,0
2425,B23,Florida Brilliance,2,2025-02-20,2025-01-07,2025-02-05,15,183.0,0.0,21.0,10.4,paper_informed_nonreactive,Zero yield baseline,within-season 5-fold CV over plots; fixed input history; horizon-specific models,5,5,0
2425,B41,Florida Brilliance,2,2025-02-20,2025-01-07,2025-02-05,15,44.0,0.0,0.0,0.0,paper_informed_nonreactive,Zero yield baseline,within-season 5-fold CV over plots; fixed input history; horizon-specific models,5,5,0
2425,B45,Florida Brilliance,2,2025-02-20,2025-01-07,2025-02-05,15,49.0,0.0,0.0,1.4,paper_informed_nonreactive,Zero yield baseline,within-season 5-fold CV over plots; fixed input history; horizon-specific models,5,5,0
2425,B54,Florida Brilliance,2,2025-02-20,2025-01-07,2025-02-05,15,45.0,0.0,0.0,6.8,paper_informed_nonreactive,Zero yield baseline,within-season 5-fold CV over plots; fixed input history; horizon-specific models,5,5,0
2425,M11,Florida Medallion,2,2025-02-20,2025-01-07,2025-02-05,15,26.0,0.0,0.0,20.8,paper_informed_nonreactive,Zero yield baseline,within-season 5-fold CV over plots; fixed input history; horizon-specific models,5,5,0
2425,M13,Florida Medallion,2,2025-02-20,2025-01-07,2025-02-05,15,111.0,0.0,86.0,33.6,paper_informed_nonreactive,Zero yield baseline,within-season 5-fold CV over plots; fixed input history; horizon-specific models,5,5,0
2425,M24,Florida Medallion,2,2025-02-20,2025-01-07,2025-02-05,15,6.0,0.0,14.0,16.0,paper_informed_nonreactive,Zero yield baseline,within-season 5-fold CV over plots; fixed input history; horizon-specific models,5,5,0
2425,M54,Florida Medallion,2,2025-02-20,2025-01-07,2025-02-05,15,21.0,0.0,0.0,0.4,paper_informed_nonreactive,Zero yield baseline,within-season 5-fold CV over plots; fixed input history; horizon-specific models,5,5,0
2425,B15,Florida Brilliance,2,2025-02-20,2025-01-07,2025-02-05,15,37.0,-14.989055976574335,0.0,6.2,paper_informed_nonreactive,Ridge,within-season 5-fold CV over plots; fixed input history; horizon-specific models,1,5,98
2425,B43,Florida Brilliance,2,2025-02-20,2025-01-07,2025-02-05,15,38.0,3.1227612145278627,0.0,5.0,paper_informed_nonreactive,Ridge,within-season 5-fold CV over plots; fixed input history; horizon-specific models,1,5,98
2425,B51,Florida Brilliance,2,2025-02-20,2025-01-07,2025-02-05,15,46.0,30.205432765514377,0.0,4.6,paper_informed_nonreactive,Ridge,within-season 5-fold CV over plots; fixed input history; horizon-specific models,1,5,98
2425,B52,Florida Brilliance,2,2025-02-20,2025-01-07,2025-02-05,15,120.0,73.35372545981514,0.0,2.8,paper_informed_nonreactive,Ridge,within-season 5-fold CV over plots; fixed input history; horizon-specific models,1,5,98
2425,B55,Florida Brilliance,2,2025-02-20,2025-01-07,2025-02-05,15,40.0,127.20649071873761,0.0,5.2,paper_informed_nonreactive,Ridge,within-season 5-fold CV over plots; fixed input history; horizon-specific models,1,5,98
2425,M22,Florida Medallion,2,2025-02-20,2025-01-07,2025-02-05,15,135.0,83.94855485681168,0.0,14.0,paper_informed_nonreactive,Ridge,within-season 5-fold CV over plots; fixed input history; horizon-specific models,1,5,98
2425,M23,Florida Medallion,2,2025-02-20,2025-01-07,2025-02-05,15,73.0,63.05496650789638,19.0,21.0,paper_informed_nonreactive,Ridge,within-season 5-fold CV over plots; fixed input history; horizon-specific models,1,5,98
2425,M53,Florida Medallion,2,2025-02-20,2025-01-07,2025-02-05,15,53.0,73.60455608535612,0.0,20.2,paper_informed_nonreactive,Ridge,within-season 5-fold CV over plots; fixed input history; horizon-specific models,1,5,98
2425,B22,Florida Brilliance,2,2025-02-20,2025-01-07,2025-02-05,15,7.0,168.00545450054744,43.0,15.6,paper_informed_nonreactive,Ridge,within-season 5-fold CV over plots; fixed input history; horizon-specific models,2,5,98
2425,B24,Florida Brilliance,2,2025-02-20,2025-01-07,2025-02-05,15,36.0,62.76410534300359,73.0,35.6,paper_informed_nonreactive,Ridge,within-season 5-fold CV over plots; fixed input history; horizon-specific models,2,5,98
2425,B25,Florida Brilliance,2,2025-02-20,2025-01-07,2025-02-05,15,48.0,13.233042370723055,33.0,9.4,paper_informed_nonreactive,Ridge,within-season 5-fold CV over plots; fixed input history; horizon-specific models,2,5,98
2425,B44,Florida Brilliance,2,2025-02-20,2025-01-07,2025-02-05,15,33.0,82.72990953484711,9.0,8.4,paper_informed_nonreactive,Ridge,within-season 5-fold CV over plots; fixed input history; horizon-specific models,2,5,98
2425,M21,Florida Medallion,2,2025-02-20,2025-01-07,2025-02-05,15,78.0,68.93347104069541,13.0,15.4,paper_informed_nonreactive,Ridge,within-season 5-fold CV over plots; fixed input history; horizon-specific models,2,5,98
2425,M42,Florida Medallion,2,2025-02-20,2025-01-07,2025-02-05,15,45.0,85.57797236804747,0.0,12.6,paper_informed_nonreactive,Ridge,within-season 5-fold CV over plots; fixed input history; horizon-specific models,2,5,98
2425,M45,Florida Medallion,2,2025-02-20,2025-01-07,2025-02-05,15,32.0,21.916947129682008,0.0,8.8,paper_informed_nonreactive,Ridge,within-season 5-fold CV over plots; fixed input history; horizon-specific models,2,5,98
2425,M55,Florida Medallion,2,2025-02-20,2025-01-07,2025-02-05,15,76.0,28.653615204203536,0.0,0.0,paper_informed_nonreactive,Ridge,within-season 5-fold CV over plots; fixed input history; horizon-specific models,2,5,98
2425,B11,Florida Brilliance,2,2025-02-20,2025-01-07,2025-02-05,15,0.0,20.684938246685988,0.0,8.75,paper_informed_nonreactive,Ridge,within-season 5-fold CV over plots; fixed input history; horizon-specific models,3,5,98
2425,B12,Florida Brilliance,2,2025-02-20,2025-01-07,2025-02-05,15,45.0,50.85120672110621,18.0,7.4,paper_informed_nonreactive,Ridge,within-season 5-fold CV over plots; fixed input history; horizon-specific models,3,5,98
2425,B21,Florida Brilliance,2,2025-02-20,2025-01-07,2025-02-05,15,0.0,26.2637763634676,0.0,2.2,paper_informed_nonreactive,Ridge,within-season 5-fold CV over plots; fixed input history; horizon-specific models,3,5,98
2425,B42,Florida Brilliance,2,2025-02-20,2025-01-07,2025-02-05,15,13.0,1.2530497862769323,12.0,13.6,paper_informed_nonreactive,Ridge,within-season 5-fold CV over plots; fixed input history; horizon-specific models,3,5,98
2425,B53,Florida Brilliance,2,2025-02-20,2025-01-07,2025-02-05,15,175.0,70.3442266808901,0.0,5.0,paper_informed_nonreactive,Ridge,within-season 5-fold CV over plots; fixed input history; horizon-specific models,3,5,98
2425,M15,Florida Medallion,2,2025-02-20,2025-01-07,2025-02-05,15,33.0,43.03404715220783,41.0,22.6,paper_informed_nonreactive,Ridge,within-season 5-fold CV over plots; fixed input history; horizon-specific models,3,5,98
2425,M25,Florida Medallion,2,2025-02-20,2025-01-07,2025-02-05,15,0.0,-14.12385627080863,0.0,9.8,paper_informed_nonreactive,Ridge,within-season 5-fold CV over plots; fixed input history; horizon-specific models,3,5,98
2425,M44,Florida Medallion,2,2025-02-20,2025-01-07,2025-02-05,15,98.0,-14.21887970103866,0.0,16.8,paper_informed_nonreactive,Ridge,within-season 5-fold CV over plots; fixed input history; horizon-specific models,3,5,98
2425,B13,Florida Brilliance,2,2025-02-20,2025-01-07,2025-02-05,15,7.0,58.75483321558719,17.0,16.6,paper_informed_nonreactive,Ridge,within-season 5-fold CV over plots; fixed input history; horizon-specific models,4,5,98
2425,B14,Florida Brilliance,2,2025-02-20,2025-01-07,2025-02-05,15,15.0,11.6504892100767,23.0,11.8,paper_informed_nonreactive,Ridge,within-season 5-fold CV over plots; fixed input history; horizon-specific models,4,5,98
2425,M12,Florida Medallion,2,2025-02-20,2025-01-07,2025-02-05,15,66.0,83.53443922232987,33.0,18.2,paper_informed_nonreactive,Ridge,within-season 5-fold CV over plots; fixed input history; horizon-specific models,4,5,98
2425,M14,Florida Medallion,2,2025-02-20,2025-01-07,2025-02-05,15,47.0,56.4303656736036,10.0,16.4,paper_informed_nonreactive,Ridge,within-season 5-fold CV over plots; fixed input history; horizon-specific models,4,5,98
2425,M41,Florida Medallion,2,2025-02-20,2025-01-07,2025-02-05,15,145.0,92.26608814308533,4.0,2.4,paper_informed_nonreactive,Ridge,within-season 5-fold CV over plots; fixed input history; horizon-specific models,4,5,98
2425,M43,Florida Medallion,2,2025-02-20,2025-01-07,2025-02-05,15,46.0,36.07928236044938,0.0,21.0,paper_informed_nonreactive,Ridge,within-season 5-fold CV over plots; fixed input history; horizon-specific models,4,5,98
2425,M51,Florida Medallion,2,2025-02-20,2025-01-07,2025-02-05,15,101.0,134.9315483946557,18.0,4.6,paper_informed_nonreactive,Ridge,within-season 5-fold CV over plots; fixed input history; horizon-specific models,4,5,98
2425,M52,Florida Medallion,2,2025-02-20,2025-01-07,2025-02-05,15,83.0,102.80197996745535,0.0,6.6,paper_informed_nonreactive,Ridge,within-season 5-fold CV over plots; fixed input history; horizon-specific models,4,5,98
2425,B23,Florida Brilliance,2,2025-02-20,2025-01-07,2025-02-05,15,183.0,23.976619497120893,21.0,10.4,paper_informed_nonreactive,Ridge,within-season 5-fold CV over plots; fixed input history; horizon-specific models,5,5,98
2425,B41,Florida Brilliance,2,2025-02-20,2025-01-07,2025-02-05,15,44.0,65.05530937267672,0.0,0.0,paper_informed_nonreactive,Ridge,within-season 5-fold CV over plots; fixed input history; horizon-specific models,5,5,98
2425,B45,Florida Brilliance,2,2025-02-20,2025-01-07,2025-02-05,15,49.0,49.29583594528788,0.0,1.4,paper_informed_nonreactive,Ridge,within-season 5-fold CV over plots; fixed input history; horizon-specific models,5,5,98
2425,B54,Florida Brilliance,2,2025-02-20,2025-01-07,2025-02-05,15,45.0,54.448610309510514,0.0,6.8,paper_informed_nonreactive,Ridge,within-season 5-fold CV over plots; fixed input history; horizon-specific models,5,5,98
2425,M11,Florida Medallion,2,2025-02-20,2025-01-07,2025-02-05,15,26.0,37.22011360388901,0.0,20.8,paper_informed_nonreactive,Ridge,within-season 5-fold CV over plots; fixed input history; horizon-specific models,5,5,98
2425,M13,Florida Medallion,2,2025-02-20,2025-01-07,2025-02-05,15,111.0,195.69953926477,86.0,33.6,paper_informed_nonreactive,Ridge,within-season 5-fold CV over plots; fixed input history; horizon-specific models,5,5,98
2425,M24,Florida Medallion,2,2025-02-20,2025-01-07,2025-02-05,15,6.0,39.78905472929921,14.0,16.0,paper_informed_nonreactive,Ridge,within-season 5-fold CV over plots; fixed input history; horizon-specific models,5,5,98
2425,M54,Florida Medallion,2,2025-02-20,2025-01-07,2025-02-05,15,21.0,79.39883145778721,0.0,0.4,paper_informed_nonreactive,Ridge,within-season 5-fold CV over plots; fixed input history; horizon-specific models,5,5,98
2425,B15,Florida Brilliance,2,2025-02-20,2025-01-07,2025-02-05,15,37.0,-120.42039182755653,0.0,6.2,paper_informed_nonreactive,ElasticNet,within-season 5-fold CV over plots; fixed input history; horizon-specific models,1,5,98
2425,B43,Florida Brilliance,2,2025-02-20,2025-01-07,2025-02-05,15,38.0,6.223314223790368,0.0,5.0,paper_informed_nonreactive,ElasticNet,within-season 5-fold CV over plots; fixed input history; horizon-specific models,1,5,98
2425,B51,Florida Brilliance,2,2025-02-20,2025-01-07,2025-02-05,15,46.0,36.30327013462585,0.0,4.6,paper_informed_nonreactive,ElasticNet,within-season 5-fold CV over plots; fixed input history; horizon-specific models,1,5,98
2425,B52,Florida Brilliance,2,2025-02-20,2025-01-07,2025-02-05,15,120.0,-2.1569564245102057,0.0,2.8,paper_informed_nonreactive,ElasticNet,within-season 5-fold CV over plots; fixed input history; horizon-specific models,1,5,98
2425,B55,Florida Brilliance,2,2025-02-20,2025-01-07,2025-02-05,15,40.0,168.54852266686112,0.0,5.2,paper_informed_nonreactive,ElasticNet,within-season 5-fold CV over plots; fixed input history; horizon-specific models,1,5,98
2425,M22,Florida Medallion,2,2025-02-20,2025-01-07,2025-02-05,15,135.0,23.295012579180224,0.0,14.0,paper_informed_nonreactive,ElasticNet,within-season 5-fold CV over plots; fixed input history; horizon-specific models,1,5,98
2425,M23,Florida Medallion,2,2025-02-20,2025-01-07,2025-02-05,15,73.0,91.7275173935028,19.0,21.0,paper_informed_nonreactive,ElasticNet,within-season 5-fold CV over plots; fixed input history; horizon-specific models,1,5,98
2425,M53,Florida Medallion,2,2025-02-20,2025-01-07,2025-02-05,15,53.0,80.64974171793207,0.0,20.2,paper_informed_nonreactive,ElasticNet,within-season 5-fold CV over plots; fixed input history; horizon-specific models,1,5,98
2425,B22,Florida Brilliance,2,2025-02-20,2025-01-07,2025-02-05,15,7.0,226.87638853450855,43.0,15.6,paper_informed_nonreactive,ElasticNet,within-season 5-fold CV over plots; fixed input history; horizon-specific models,2,5,98
2425,B24,Florida Brilliance,2,2025-02-20,2025-01-07,2025-02-05,15,36.0,42.55181450445578,73.0,35.6,paper_informed_nonreactive,ElasticNet,within-season 5-fold CV over plots; fixed input history; horizon-specific models,2,5,98
2425,B25,Florida Brilliance,2,2025-02-20,2025-01-07,2025-02-05,15,48.0,-19.49537590862485,33.0,9.4,paper_informed_nonreactive,ElasticNet,within-season 5-fold CV over plots; fixed input history; horizon-specific models,2,5,98
2425,B44,Florida Brilliance,2,2025-02-20,2025-01-07,2025-02-05,15,33.0,114.68779479325313,9.0,8.4,paper_informed_nonreactive,ElasticNet,within-season 5-fold CV over plots; fixed input history; horizon-specific models,2,5,98
2425,M21,Florida Medallion,2,2025-02-20,2025-01-07,2025-02-05,15,78.0,73.72989432692398,13.0,15.4,paper_informed_nonreactive,ElasticNet,within-season 5-fold CV over plots; fixed input history; horizon-specific models,2,5,98
2425,M42,Florida Medallion,2,2025-02-20,2025-01-07,2025-02-05,15,45.0,99.49496340690504,0.0,12.6,paper_informed_nonreactive,ElasticNet,within-season 5-fold CV over plots; fixed input history; horizon-specific models,2,5,98
2425,M45,Florida Medallion,2,2025-02-20,2025-01-07,2025-02-05,15,32.0,36.397897453088326,0.0,8.8,paper_informed_nonreactive,ElasticNet,within-season 5-fold CV over plots; fixed input history; horizon-specific models,2,5,98
2425,M55,Florida Medallion,2,2025-02-20,2025-01-07,2025-02-05,15,76.0,34.898916190498895,0.0,0.0,paper_informed_nonreactive,ElasticNet,within-season 5-fold CV over plots; fixed input history; horizon-specific models,2,5,98
2425,B11,Florida Brilliance,2,2025-02-20,2025-01-07,2025-02-05,15,0.0,35.29561217603168,0.0,8.75,paper_informed_nonreactive,ElasticNet,within-season 5-fold CV over plots; fixed input history; horizon-specific models,3,5,98
2425,B12,Florida Brilliance,2,2025-02-20,2025-01-07,2025-02-05,15,45.0,42.10982430137978,18.0,7.4,paper_informed_nonreactive,ElasticNet,within-season 5-fold CV over plots; fixed input history; horizon-specific models,3,5,98
2425,B21,Florida Brilliance,2,2025-02-20,2025-01-07,2025-02-05,15,0.0,5.735757612894048,0.0,2.2,paper_informed_nonreactive,ElasticNet,within-season 5-fold CV over plots; fixed input history; horizon-specific models,3,5,98
2425,B42,Florida Brilliance,2,2025-02-20,2025-01-07,2025-02-05,15,13.0,-39.51884149597093,12.0,13.6,paper_informed_nonreactive,ElasticNet,within-season 5-fold CV over plots; fixed input history; horizon-specific models,3,5,98
2425,B53,Florida Brilliance,2,2025-02-20,2025-01-07,2025-02-05,15,175.0,35.49784937692951,0.0,5.0,paper_informed_nonreactive,ElasticNet,within-season 5-fold CV over plots; fixed input history; horizon-specific models,3,5,98
2425,M15,Florida Medallion,2,2025-02-20,2025-01-07,2025-02-05,15,33.0,45.94179365243824,41.0,22.6,paper_informed_nonreactive,ElasticNet,within-season 5-fold CV over plots; fixed input history; horizon-specific models,3,5,98
2425,M25,Florida Medallion,2,2025-02-20,2025-01-07,2025-02-05,15,0.0,-37.16706192770825,0.0,9.8,paper_informed_nonreactive,ElasticNet,within-season 5-fold CV over plots; fixed input history; horizon-specific models,3,5,98
2425,M44,Florida Medallion,2,2025-02-20,2025-01-07,2025-02-05,15,98.0,-67.63927425726055,0.0,16.8,paper_informed_nonreactive,ElasticNet,within-season 5-fold CV over plots; fixed input history; horizon-specific models,3,5,98
2425,B13,Florida Brilliance,2,2025-02-20,2025-01-07,2025-02-05,15,7.0,51.62498394317407,17.0,16.6,paper_informed_nonreactive,ElasticNet,within-season 5-fold CV over plots; fixed input history; horizon-specific models,4,5,98
2425,B14,Florida Brilliance,2,2025-02-20,2025-01-07,2025-02-05,15,15.0,7.316731725213309,23.0,11.8,paper_informed_nonreactive,ElasticNet,within-season 5-fold CV over plots; fixed input history; horizon-specific models,4,5,98
2425,M12,Florida Medallion,2,2025-02-20,2025-01-07,2025-02-05,15,66.0,79.83622229045146,33.0,18.2,paper_informed_nonreactive,ElasticNet,within-season 5-fold CV over plots; fixed input history; horizon-specific models,4,5,98
2425,M14,Florida Medallion,2,2025-02-20,2025-01-07,2025-02-05,15,47.0,80.3647253622535,10.0,16.4,paper_informed_nonreactive,ElasticNet,within-season 5-fold CV over plots; fixed input history; horizon-specific models,4,5,98
2425,M41,Florida Medallion,2,2025-02-20,2025-01-07,2025-02-05,15,145.0,67.92809267548841,4.0,2.4,paper_informed_nonreactive,ElasticNet,within-season 5-fold CV over plots; fixed input history; horizon-specific models,4,5,98
2425,M43,Florida Medallion,2,2025-02-20,2025-01-07,2025-02-05,15,46.0,46.88994690195776,0.0,21.0,paper_informed_nonreactive,ElasticNet,within-season 5-fold CV over plots; fixed input history; horizon-specific models,4,5,98
2425,M51,Florida Medallion,2,2025-02-20,2025-01-07,2025-02-05,15,101.0,190.37736342500926,18.0,4.6,paper_informed_nonreactive,ElasticNet,within-season 5-fold CV over plots; fixed input history; horizon-specific models,4,5,98
2425,M52,Florida Medallion,2,2025-02-20,2025-01-07,2025-02-05,15,83.0,101.61626036270698,0.0,6.6,paper_informed_nonreactive,ElasticNet,within-season 5-fold CV over plots; fixed input history; horizon-specific models,4,5,98
2425,B23,Florida Brilliance,2,2025-02-20,2025-01-07,2025-02-05,15,183.0,13.830382003197712,21.0,10.4,paper_informed_nonreactive,ElasticNet,within-season 5-fold CV over plots; fixed input history; horizon-specific models,5,5,98
2425,B41,Florida Brilliance,2,2025-02-20,2025-01-07,2025-02-05,15,44.0,61.152215004840485,0.0,0.0,paper_informed_nonreactive,ElasticNet,within-season 5-fold CV over plots; fixed input history; horizon-specific models,5,5,98
2425,B45,Florida Brilliance,2,2025-02-20,2025-01-07,2025-02-05,15,49.0,31.853199354881955,0.0,1.4,paper_informed_nonreactive,ElasticNet,within-season 5-fold CV over plots; fixed input history; horizon-specific models,5,5,98
2425,B54,Florida Brilliance,2,2025-02-20,2025-01-07,2025-02-05,15,45.0,54.82855463894147,0.0,6.8,paper_informed_nonreactive,ElasticNet,within-season 5-fold CV over plots; fixed input history; horizon-specific models,5,5,98
2425,M11,Florida Medallion,2,2025-02-20,2025-01-07,2025-02-05,15,26.0,42.89524442339447,0.0,20.8,paper_informed_nonreactive,ElasticNet,within-season 5-fold CV over plots; fixed input history; horizon-specific models,5,5,98
2425,M13,Florida Medallion,2,2025-02-20,2025-01-07,2025-02-05,15,111.0,239.72091565330095,86.0,33.6,paper_informed_nonreactive,ElasticNet,within-season 5-fold CV over plots; fixed input history; horizon-specific models,5,5,98
2425,M24,Florida Medallion,2,2025-02-20,2025-01-07,2025-02-05,15,6.0,28.621275704812536,14.0,16.0,paper_informed_nonreactive,ElasticNet,within-season 5-fold CV over plots; fixed input history; horizon-specific models,5,5,98
2425,M54,Florida Medallion,2,2025-02-20,2025-01-07,2025-02-05,15,21.0,104.37428369307207,0.0,0.4,paper_informed_nonreactive,ElasticNet,within-season 5-fold CV over plots; fixed input history; horizon-specific models,5,5,98
2425,B15,Florida Brilliance,2,2025-02-20,2025-01-07,2025-02-05,15,37.0,67.56005080105083,0.0,6.2,paper_informed_nonreactive,Random Forest,within-season 5-fold CV over plots; fixed input history; horizon-specific models,1,5,98
2425,B43,Florida Brilliance,2,2025-02-20,2025-01-07,2025-02-05,15,38.0,19.627676027676028,0.0,5.0,paper_informed_nonreactive,Random Forest,within-season 5-fold CV over plots; fixed input history; horizon-specific models,1,5,98
2425,B51,Florida Brilliance,2,2025-02-20,2025-01-07,2025-02-05,15,46.0,37.12625443075442,0.0,4.6,paper_informed_nonreactive,Random Forest,within-season 5-fold CV over plots; fixed input history; horizon-specific models,1,5,98
2425,B52,Florida Brilliance,2,2025-02-20,2025-01-07,2025-02-05,15,120.0,77.10902891552892,0.0,2.8,paper_informed_nonreactive,Random Forest,within-season 5-fold CV over plots; fixed input history; horizon-specific models,1,5,98
2425,B55,Florida Brilliance,2,2025-02-20,2025-01-07,2025-02-05,15,40.0,75.4671667221667,0.0,5.2,paper_informed_nonreactive,Random Forest,within-season 5-fold CV over plots; fixed input history; horizon-specific models,1,5,98
2425,M22,Florida Medallion,2,2025-02-20,2025-01-07,2025-02-05,15,135.0,87.303506012506,0.0,14.0,paper_informed_nonreactive,Random Forest,within-season 5-fold CV over plots; fixed input history; horizon-specific models,1,5,98
2425,M23,Florida Medallion,2,2025-02-20,2025-01-07,2025-02-05,15,73.0,64.93122201872205,19.0,21.0,paper_informed_nonreactive,Random Forest,within-season 5-fold CV over plots; fixed input history; horizon-specific models,1,5,98
2425,M53,Florida Medallion,2,2025-02-20,2025-01-07,2025-02-05,15,53.0,69.8838786028786,0.0,20.2,paper_informed_nonreactive,Random Forest,within-season 5-fold CV over plots; fixed input history; horizon-specific models,1,5,98
2425,B22,Florida Brilliance,2,2025-02-20,2025-01-07,2025-02-05,15,7.0,99.31866185666186,43.0,15.6,paper_informed_nonreactive,Random Forest,within-season 5-fold CV over plots; fixed input history; horizon-specific models,2,5,98
2425,B24,Florida Brilliance,2,2025-02-20,2025-01-07,2025-02-05,15,36.0,109.25606349206352,73.0,35.6,paper_informed_nonreactive,Random Forest,within-season 5-fold CV over plots; fixed input history; horizon-specific models,2,5,98
2425,B25,Florida Brilliance,2,2025-02-20,2025-01-07,2025-02-05,15,48.0,25.768358826358828,33.0,9.4,paper_informed_nonreactive,Random Forest,within-season 5-fold CV over plots; fixed input history; horizon-specific models,2,5,98
2425,B44,Florida Brilliance,2,2025-02-20,2025-01-07,2025-02-05,15,33.0,99.19913275613276,9.0,8.4,paper_informed_nonreactive,Random Forest,within-season 5-fold CV over plots; fixed input history; horizon-specific models,2,5,98
2425,M21,Florida Medallion,2,2025-02-20,2025-01-07,2025-02-05,15,78.0,50.152084175084205,13.0,15.4,paper_informed_nonreactive,Random Forest,within-season 5-fold CV over plots; fixed input history; horizon-specific models,2,5,98
2425,M42,Florida Medallion,2,2025-02-20,2025-01-07,2025-02-05,15,45.0,43.73941847041848,0.0,12.6,paper_informed_nonreactive,Random Forest,within-season 5-fold CV over plots; fixed input history; horizon-specific models,2,5,98
2425,M45,Florida Medallion,2,2025-02-20,2025-01-07,2025-02-05,15,32.0,36.6860974025974,0.0,8.8,paper_informed_nonreactive,Random Forest,within-season 5-fold CV over plots; fixed input history; horizon-specific models,2,5,98
2425,M55,Florida Medallion,2,2025-02-20,2025-01-07,2025-02-05,15,76.0,32.58944252044252,0.0,0.0,paper_informed_nonreactive,Random Forest,within-season 5-fold CV over plots; fixed input history; horizon-specific models,2,5,98
2425,B11,Florida Brilliance,2,2025-02-20,2025-01-07,2025-02-05,15,0.0,37.67772399822399,0.0,8.75,paper_informed_nonreactive,Random Forest,within-season 5-fold CV over plots; fixed input history; horizon-specific models,3,5,98
2425,B12,Florida Brilliance,2,2025-02-20,2025-01-07,2025-02-05,15,45.0,39.98369104969105,18.0,7.4,paper_informed_nonreactive,Random Forest,within-season 5-fold CV over plots; fixed input history; horizon-specific models,3,5,98
2425,B21,Florida Brilliance,2,2025-02-20,2025-01-07,2025-02-05,15,0.0,42.34269214119212,0.0,2.2,paper_informed_nonreactive,Random Forest,within-season 5-fold CV over plots; fixed input history; horizon-specific models,3,5,98
2425,B42,Florida Brilliance,2,2025-02-20,2025-01-07,2025-02-05,15,13.0,46.21673569023568,12.0,13.6,paper_informed_nonreactive,Random Forest,within-season 5-fold CV over plots; fixed input history; horizon-specific models,3,5,98
2425,B53,Florida Brilliance,2,2025-02-20,2025-01-07,2025-02-05,15,175.0,83.3074858104858,0.0,5.0,paper_informed_nonreactive,Random Forest,within-season 5-fold CV over plots; fixed input history; horizon-specific models,3,5,98
2425,M15,Florida Medallion,2,2025-02-20,2025-01-07,2025-02-05,15,33.0,65.84602726902726,41.0,22.6,paper_informed_nonreactive,Random Forest,within-season 5-fold CV over plots; fixed input history; horizon-specific models,3,5,98
2425,M25,Florida Medallion,2,2025-02-20,2025-01-07,2025-02-05,15,0.0,46.73582996632996,0.0,9.8,paper_informed_nonreactive,Random Forest,within-season 5-fold CV over plots; fixed input history; horizon-specific models,3,5,98
2425,M44,Florida Medallion,2,2025-02-20,2025-01-07,2025-02-05,15,98.0,47.3817607022607,0.0,16.8,paper_informed_nonreactive,Random Forest,within-season 5-fold CV over plots; fixed input history; horizon-specific models,3,5,98
2425,B13,Florida Brilliance,2,2025-02-20,2025-01-07,2025-02-05,15,7.0,54.14424819624817,17.0,16.6,paper_informed_nonreactive,Random Forest,within-season 5-fold CV over plots; fixed input history; horizon-specific models,4,5,98
2425,B14,Florida Brilliance,2,2025-02-20,2025-01-07,2025-02-05,15,15.0,26.835443722943715,23.0,11.8,paper_informed_nonreactive,Random Forest,within-season 5-fold CV over plots; fixed input history; horizon-specific models,4,5,98
2425,M12,Florida Medallion,2,2025-02-20,2025-01-07,2025-02-05,15,66.0,76.27673496873497,33.0,18.2,paper_informed_nonreactive,Random Forest,within-season 5-fold CV over plots; fixed input history; horizon-specific models,4,5,98
2425,M14,Florida Medallion,2,2025-02-20,2025-01-07,2025-02-05,15,47.0,44.593828042328035,10.0,16.4,paper_informed_nonreactive,Random Forest,within-season 5-fold CV over plots; fixed input history; horizon-specific models,4,5,98
2425,M41,Florida Medallion,2,2025-02-20,2025-01-07,2025-02-05,15,145.0,56.76528354978354,4.0,2.4,paper_informed_nonreactive,Random Forest,within-season 5-fold CV over plots; fixed input history; horizon-specific models,4,5,98
2425,M43,Florida Medallion,2,2025-02-20,2025-01-07,2025-02-05,15,46.0,28.469748436748425,0.0,21.0,paper_informed_nonreactive,Random Forest,within-season 5-fold CV over plots; fixed input history; horizon-specific models,4,5,98
2425,M51,Florida Medallion,2,2025-02-20,2025-01-07,2025-02-05,15,101.0,76.54334656084659,18.0,4.6,paper_informed_nonreactive,Random Forest,within-season 5-fold CV over plots; fixed input history; horizon-specific models,4,5,98
2425,M52,Florida Medallion,2,2025-02-20,2025-01-07,2025-02-05,15,83.0,79.61570346320346,0.0,6.6,paper_informed_nonreactive,Random Forest,within-season 5-fold CV over plots; fixed input history; horizon-specific models,4,5,98
2425,B23,Florida Brilliance,2,2025-02-20,2025-01-07,2025-02-05,15,183.0,40.512268916268916,21.0,10.4,paper_informed_nonreactive,Random Forest,within-season 5-fold CV over plots; fixed input history; horizon-specific models,5,5,98
2425,B41,Florida Brilliance,2,2025-02-20,2025-01-07,2025-02-05,15,44.0,57.69801106301109,0.0,0.0,paper_informed_nonreactive,Random Forest,within-season 5-fold CV over plots; fixed input history; horizon-specific models,5,5,98
2425,B45,Florida Brilliance,2,2025-02-20,2025-01-07,2025-02-05,15,49.0,73.12465972915975,0.0,1.4,paper_informed_nonreactive,Random Forest,within-season 5-fold CV over plots; fixed input history; horizon-specific models,5,5,98
2425,B54,Florida Brilliance,2,2025-02-20,2025-01-07,2025-02-05,15,45.0,42.38988441188441,0.0,6.8,paper_informed_nonreactive,Random Forest,within-season 5-fold CV over plots; fixed input history; horizon-specific models,5,5,98
2425,M11,Florida Medallion,2,2025-02-20,2025-01-07,2025-02-05,15,26.0,45.609159007658995,0.0,20.8,paper_informed_nonreactive,Random Forest,within-season 5-fold CV over plots; fixed input history; horizon-specific models,5,5,98
2425,M13,Florida Medallion,2,2025-02-20,2025-01-07,2025-02-05,15,111.0,94.10598388648395,86.0,33.6,paper_informed_nonreactive,Random Forest,within-season 5-fold CV over plots; fixed input history; horizon-specific models,5,5,98
2425,M24,Florida Medallion,2,2025-02-20,2025-01-07,2025-02-05,15,6.0,45.35024131424132,14.0,16.0,paper_informed_nonreactive,Random Forest,within-season 5-fold CV over plots; fixed input history; horizon-specific models,5,5,98
2425,M54,Florida Medallion,2,2025-02-20,2025-01-07,2025-02-05,15,21.0,43.77652453102451,0.0,0.4,paper_informed_nonreactive,Random Forest,within-season 5-fold CV over plots; fixed input history; horizon-specific models,5,5,98
2425,B15,Florida Brilliance,2,2025-02-20,2025-01-07,2025-02-05,15,37.0,52.46261375661375,0.0,6.2,paper_informed_nonreactive,Extra Trees,within-season 5-fold CV over plots; fixed input history; horizon-specific models,1,5,98
2425,B43,Florida Brilliance,2,2025-02-20,2025-01-07,2025-02-05,15,38.0,29.332579605579614,0.0,5.0,paper_informed_nonreactive,Extra Trees,within-season 5-fold CV over plots; fixed input history; horizon-specific models,1,5,98
2425,B51,Florida Brilliance,2,2025-02-20,2025-01-07,2025-02-05,15,46.0,41.75034720834721,0.0,4.6,paper_informed_nonreactive,Extra Trees,within-season 5-fold CV over plots; fixed input history; horizon-specific models,1,5,98
2425,B52,Florida Brilliance,2,2025-02-20,2025-01-07,2025-02-05,15,120.0,67.13923280423283,0.0,2.8,paper_informed_nonreactive,Extra Trees,within-season 5-fold CV over plots; fixed input history; horizon-specific models,1,5,98
2425,B55,Florida Brilliance,2,2025-02-20,2025-01-07,2025-02-05,15,40.0,83.35873996265173,0.0,5.2,paper_informed_nonreactive,Extra Trees,within-season 5-fold CV over plots; fixed input history; horizon-specific models,1,5,98
2425,M22,Florida Medallion,2,2025-02-20,2025-01-07,2025-02-05,15,135.0,77.32705820105822,0.0,14.0,paper_informed_nonreactive,Extra Trees,within-season 5-fold CV over plots; fixed input history; horizon-specific models,1,5,98
2425,M23,Florida Medallion,2,2025-02-20,2025-01-07,2025-02-05,15,73.0,53.33262907462907,19.0,21.0,paper_informed_nonreactive,Extra Trees,within-season 5-fold CV over plots; fixed input history; horizon-specific models,1,5,98
2425,M53,Florida Medallion,2,2025-02-20,2025-01-07,2025-02-05,15,53.0,75.01604347395528,0.0,20.2,paper_informed_nonreactive,Extra Trees,within-season 5-fold CV over plots; fixed input history; horizon-specific models,1,5,98
2425,B22,Florida Brilliance,2,2025-02-20,2025-01-07,2025-02-05,15,7.0,71.74401257250949,43.0,15.6,paper_informed_nonreactive,Extra Trees,within-season 5-fold CV over plots; fixed input history; horizon-specific models,2,5,98
2425,B24,Florida Brilliance,2,2025-02-20,2025-01-07,2025-02-05,15,36.0,111.51080711880718,73.0,35.6,paper_informed_nonreactive,Extra Trees,within-season 5-fold CV over plots; fixed input history; horizon-specific models,2,5,98
2425,B25,Florida Brilliance,2,2025-02-20,2025-01-07,2025-02-05,15,48.0,69.31740573072153,33.0,9.4,paper_informed_nonreactive,Extra Trees,within-season 5-fold CV over plots; fixed input history; horizon-specific models,2,5,98
2425,B44,Florida Brilliance,2,2025-02-20,2025-01-07,2025-02-05,15,33.0,74.05148938273626,9.0,8.4,paper_informed_nonreactive,Extra Trees,within-season 5-fold CV over plots; fixed input history; horizon-specific models,2,5,98
2425,M21,Florida Medallion,2,2025-02-20,2025-01-07,2025-02-05,15,78.0,83.57382462145704,13.0,15.4,paper_informed_nonreactive,Extra Trees,within-season 5-fold CV over plots; fixed input history; horizon-specific models,2,5,98
2425,M42,Florida Medallion,2,2025-02-20,2025-01-07,2025-02-05,15,45.0,61.874611620147974,0.0,12.6,paper_informed_nonreactive,Extra Trees,within-season 5-fold CV over plots; fixed input history; horizon-specific models,2,5,98
2425,M45,Florida Medallion,2,2025-02-20,2025-01-07,2025-02-05,15,32.0,34.25605734321291,0.0,8.8,paper_informed_nonreactive,Extra Trees,within-season 5-fold CV over plots; fixed input history; horizon-specific models,2,5,98
2425,M55,Florida Medallion,2,2025-02-20,2025-01-07,2025-02-05,15,76.0,37.555019658675214,0.0,0.0,paper_informed_nonreactive,Extra Trees,within-season 5-fold CV over plots; fixed input history; horizon-specific models,2,5,98
2425,B11,Florida Brilliance,2,2025-02-20,2025-01-07,2025-02-05,15,0.0,30.722091547341538,0.0,8.75,paper_informed_nonreactive,Extra Trees,within-season 5-fold CV over plots; fixed input history; horizon-specific models,3,5,98
2425,B12,Florida Brilliance,2,2025-02-20,2025-01-07,2025-02-05,15,45.0,41.53007351907355,18.0,7.4,paper_informed_nonreactive,Extra Trees,within-season 5-fold CV over plots; fixed input history; horizon-specific models,3,5,98
2425,B21,Florida Brilliance,2,2025-02-20,2025-01-07,2025-02-05,15,0.0,44.09456485181486,0.0,2.2,paper_informed_nonreactive,Extra Trees,within-season 5-fold CV over plots; fixed input history; horizon-specific models,3,5,98
2425,B42,Florida Brilliance,2,2025-02-20,2025-01-07,2025-02-05,15,13.0,39.596921763421776,12.0,13.6,paper_informed_nonreactive,Extra Trees,within-season 5-fold CV over plots; fixed input history; horizon-specific models,3,5,98
2425,B53,Florida Brilliance,2,2025-02-20,2025-01-07,2025-02-05,15,175.0,65.40900901875905,0.0,5.0,paper_informed_nonreactive,Extra Trees,within-season 5-fold CV over plots; fixed input history; horizon-specific models,3,5,98
2425,M15,Florida Medallion,2,2025-02-20,2025-01-07,2025-02-05,15,33.0,66.28007660857659,41.0,22.6,paper_informed_nonreactive,Extra Trees,within-season 5-fold CV over plots; fixed input history; horizon-specific models,3,5,98
2425,M25,Florida Medallion,2,2025-02-20,2025-01-07,2025-02-05,15,0.0,53.1053984996485,0.0,9.8,paper_informed_nonreactive,Extra Trees,within-season 5-fold CV over plots; fixed input history; horizon-specific models,3,5,98
2425,M44,Florida Medallion,2,2025-02-20,2025-01-07,2025-02-05,15,98.0,51.57747056647058,0.0,16.8,paper_informed_nonreactive,Extra Trees,within-season 5-fold CV over plots; fixed input history; horizon-specific models,3,5,98
2425,B13,Florida Brilliance,2,2025-02-20,2025-01-07,2025-02-05,15,7.0,61.13684004884007,17.0,16.6,paper_informed_nonreactive,Extra Trees,within-season 5-fold CV over plots; fixed input history; horizon-specific models,4,5,98
2425,B14,Florida Brilliance,2,2025-02-20,2025-01-07,2025-02-05,15,15.0,22.299147297147286,23.0,11.8,paper_informed_nonreactive,Extra Trees,within-season 5-fold CV over plots; fixed input history; horizon-specific models,4,5,98
2425,M12,Florida Medallion,2,2025-02-20,2025-01-07,2025-02-05,15,66.0,76.22630525030527,33.0,18.2,paper_informed_nonreactive,Extra Trees,within-season 5-fold CV over plots; fixed input history; horizon-specific models,4,5,98
2425,M14,Florida Medallion,2,2025-02-20,2025-01-07,2025-02-05,15,47.0,31.043525641025624,10.0,16.4,paper_informed_nonreactive,Extra Trees,within-season 5-fold CV over plots; fixed input history; horizon-specific models,4,5,98
2425,M41,Florida Medallion,2,2025-02-20,2025-01-07,2025-02-05,15,145.0,45.17555494505495,4.0,2.4,paper_informed_nonreactive,Extra Trees,within-season 5-fold CV over plots; fixed input history; horizon-specific models,4,5,98
2425,M43,Florida Medallion,2,2025-02-20,2025-01-07,2025-02-05,15,46.0,32.5446364006364,0.0,21.0,paper_informed_nonreactive,Extra Trees,within-season 5-fold CV over plots; fixed input history; horizon-specific models,4,5,98
2425,M51,Florida Medallion,2,2025-02-20,2025-01-07,2025-02-05,15,101.0,78.70123737373734,18.0,4.6,paper_informed_nonreactive,Extra Trees,within-season 5-fold CV over plots; fixed input history; horizon-specific models,4,5,98
2425,M52,Florida Medallion,2,2025-02-20,2025-01-07,2025-02-05,15,83.0,81.17445611795611,0.0,6.6,paper_informed_nonreactive,Extra Trees,within-season 5-fold CV over plots; fixed input history; horizon-specific models,4,5,98
2425,B23,Florida Brilliance,2,2025-02-20,2025-01-07,2025-02-05,15,183.0,22.236856463797636,21.0,10.4,paper_informed_nonreactive,Extra Trees,within-season 5-fold CV over plots; fixed input history; horizon-specific models,5,5,98
2425,B41,Florida Brilliance,2,2025-02-20,2025-01-07,2025-02-05,15,44.0,74.20763039357163,0.0,0.0,paper_informed_nonreactive,Extra Trees,within-season 5-fold CV over plots; fixed input history; horizon-specific models,5,5,98
2425,B45,Florida Brilliance,2,2025-02-20,2025-01-07,2025-02-05,15,49.0,86.6220271340861,0.0,1.4,paper_informed_nonreactive,Extra Trees,within-season 5-fold CV over plots; fixed input history; horizon-specific models,5,5,98
2425,B54,Florida Brilliance,2,2025-02-20,2025-01-07,2025-02-05,15,45.0,44.95539485895367,0.0,6.8,paper_informed_nonreactive,Extra Trees,within-season 5-fold CV over plots; fixed input history; horizon-specific models,5,5,98
2425,M11,Florida Medallion,2,2025-02-20,2025-01-07,2025-02-05,15,26.0,45.68020711314827,0.0,20.8,paper_informed_nonreactive,Extra Trees,within-season 5-fold CV over plots; fixed input history; horizon-specific models,5,5,98
2425,M13,Florida Medallion,2,2025-02-20,2025-01-07,2025-02-05,15,111.0,93.85132275132277,86.0,33.6,paper_informed_nonreactive,Extra Trees,within-season 5-fold CV over plots; fixed input history; horizon-specific models,5,5,98
2425,M24,Florida Medallion,2,2025-02-20,2025-01-07,2025-02-05,15,6.0,44.97017801261917,14.0,16.0,paper_informed_nonreactive,Extra Trees,within-season 5-fold CV over plots; fixed input history; horizon-specific models,5,5,98
2425,M54,Florida Medallion,2,2025-02-20,2025-01-07,2025-02-05,15,21.0,55.406320544379355,0.0,0.4,paper_informed_nonreactive,Extra Trees,within-season 5-fold CV over plots; fixed input history; horizon-specific models,5,5,98
2425,B15,Florida Brilliance,2,2025-02-20,2025-01-07,2025-02-05,15,37.0,45.11533136827722,0.0,6.2,paper_informed_nonreactive,Gradient Boosting,within-season 5-fold CV over plots; fixed input history; horizon-specific models,1,5,98
2425,B43,Florida Brilliance,2,2025-02-20,2025-01-07,2025-02-05,15,38.0,24.274115852601433,0.0,5.0,paper_informed_nonreactive,Gradient Boosting,within-season 5-fold CV over plots; fixed input history; horizon-specific models,1,5,98
2425,B51,Florida Brilliance,2,2025-02-20,2025-01-07,2025-02-05,15,46.0,34.25062287329452,0.0,4.6,paper_informed_nonreactive,Gradient Boosting,within-season 5-fold CV over plots; fixed input history; horizon-specific models,1,5,98
2425,B52,Florida Brilliance,2,2025-02-20,2025-01-07,2025-02-05,15,120.0,79.68415758450372,0.0,2.8,paper_informed_nonreactive,Gradient Boosting,within-season 5-fold CV over plots; fixed input history; horizon-specific models,1,5,98
2425,B55,Florida Brilliance,2,2025-02-20,2025-01-07,2025-02-05,15,40.0,77.57534775180557,0.0,5.2,paper_informed_nonreactive,Gradient Boosting,within-season 5-fold CV over plots; fixed input history; horizon-specific models,1,5,98
2425,M22,Florida Medallion,2,2025-02-20,2025-01-07,2025-02-05,15,135.0,119.8320168506387,0.0,14.0,paper_informed_nonreactive,Gradient Boosting,within-season 5-fold CV over plots; fixed input history; horizon-specific models,1,5,98
2425,M23,Florida Medallion,2,2025-02-20,2025-01-07,2025-02-05,15,73.0,106.8592830516103,19.0,21.0,paper_informed_nonreactive,Gradient Boosting,within-season 5-fold CV over plots; fixed input history; horizon-specific models,1,5,98
2425,M53,Florida Medallion,2,2025-02-20,2025-01-07,2025-02-05,15,53.0,67.40149479441872,0.0,20.2,paper_informed_nonreactive,Gradient Boosting,within-season 5-fold CV over plots; fixed input history; horizon-specific models,1,5,98
2425,B22,Florida Brilliance,2,2025-02-20,2025-01-07,2025-02-05,15,7.0,126.59093301325733,43.0,15.6,paper_informed_nonreactive,Gradient Boosting,within-season 5-fold CV over plots; fixed input history; horizon-specific models,2,5,98
2425,B24,Florida Brilliance,2,2025-02-20,2025-01-07,2025-02-05,15,36.0,116.2448207874199,73.0,35.6,paper_informed_nonreactive,Gradient Boosting,within-season 5-fold CV over plots; fixed input history; horizon-specific models,2,5,98
2425,B25,Florida Brilliance,2,2025-02-20,2025-01-07,2025-02-05,15,48.0,24.059970088938517,33.0,9.4,paper_informed_nonreactive,Gradient Boosting,within-season 5-fold CV over plots; fixed input history; horizon-specific models,2,5,98
2425,B44,Florida Brilliance,2,2025-02-20,2025-01-07,2025-02-05,15,33.0,127.74513223968702,9.0,8.4,paper_informed_nonreactive,Gradient Boosting,within-season 5-fold CV over plots; fixed input history; horizon-specific models,2,5,98
2425,M21,Florida Medallion,2,2025-02-20,2025-01-07,2025-02-05,15,78.0,48.8301810122221,13.0,15.4,paper_informed_nonreactive,Gradient Boosting,within-season 5-fold CV over plots; fixed input history; horizon-specific models,2,5,98
2425,M42,Florida Medallion,2,2025-02-20,2025-01-07,2025-02-05,15,45.0,46.94283758093322,0.0,12.6,paper_informed_nonreactive,Gradient Boosting,within-season 5-fold CV over plots; fixed input history; horizon-specific models,2,5,98
2425,M45,Florida Medallion,2,2025-02-20,2025-01-07,2025-02-05,15,32.0,33.37429031458757,0.0,8.8,paper_informed_nonreactive,Gradient Boosting,within-season 5-fold CV over plots; fixed input history; horizon-specific models,2,5,98
2425,M55,Florida Medallion,2,2025-02-20,2025-01-07,2025-02-05,15,76.0,33.64989436882261,0.0,0.0,paper_informed_nonreactive,Gradient Boosting,within-season 5-fold CV over plots; fixed input history; horizon-specific models,2,5,98
2425,B11,Florida Brilliance,2,2025-02-20,2025-01-07,2025-02-05,15,0.0,30.763889863782623,0.0,8.75,paper_informed_nonreactive,Gradient Boosting,within-season 5-fold CV over plots; fixed input history; horizon-specific models,3,5,98
2425,B12,Florida Brilliance,2,2025-02-20,2025-01-07,2025-02-05,15,45.0,34.428739978949906,18.0,7.4,paper_informed_nonreactive,Gradient Boosting,within-season 5-fold CV over plots; fixed input history; horizon-specific models,3,5,98
2425,B21,Florida Brilliance,2,2025-02-20,2025-01-07,2025-02-05,15,0.0,37.03654269467632,0.0,2.2,paper_informed_nonreactive,Gradient Boosting,within-season 5-fold CV over plots; fixed input history; horizon-specific models,3,5,98
2425,B42,Florida Brilliance,2,2025-02-20,2025-01-07,2025-02-05,15,13.0,45.56559806147577,12.0,13.6,paper_informed_nonreactive,Gradient Boosting,within-season 5-fold CV over plots; fixed input history; horizon-specific models,3,5,98
2425,B53,Florida Brilliance,2,2025-02-20,2025-01-07,2025-02-05,15,175.0,68.96752904870878,0.0,5.0,paper_informed_nonreactive,Gradient Boosting,within-season 5-fold CV over plots; fixed input history; horizon-specific models,3,5,98
2425,M15,Florida Medallion,2,2025-02-20,2025-01-07,2025-02-05,15,33.0,75.86282670127197,41.0,22.6,paper_informed_nonreactive,Gradient Boosting,within-season 5-fold CV over plots; fixed input history; horizon-specific models,3,5,98
2425,M25,Florida Medallion,2,2025-02-20,2025-01-07,2025-02-05,15,0.0,47.38862289013908,0.0,9.8,paper_informed_nonreactive,Gradient Boosting,within-season 5-fold CV over plots; fixed input history; horizon-specific models,3,5,98
2425,M44,Florida Medallion,2,2025-02-20,2025-01-07,2025-02-05,15,98.0,45.90208373841377,0.0,16.8,paper_informed_nonreactive,Gradient Boosting,within-season 5-fold CV over plots; fixed input history; horizon-specific models,3,5,98
2425,B13,Florida Brilliance,2,2025-02-20,2025-01-07,2025-02-05,15,7.0,46.57821837625025,17.0,16.6,paper_informed_nonreactive,Gradient Boosting,within-season 5-fold CV over plots; fixed input history; horizon-specific models,4,5,98
2425,B14,Florida Brilliance,2,2025-02-20,2025-01-07,2025-02-05,15,15.0,36.7010484097554,23.0,11.8,paper_informed_nonreactive,Gradient Boosting,within-season 5-fold CV over plots; fixed input history; horizon-specific models,4,5,98
2425,M12,Florida Medallion,2,2025-02-20,2025-01-07,2025-02-05,15,66.0,102.23031719675686,33.0,18.2,paper_informed_nonreactive,Gradient Boosting,within-season 5-fold CV over plots; fixed input history; horizon-specific models,4,5,98
2425,M14,Florida Medallion,2,2025-02-20,2025-01-07,2025-02-05,15,47.0,37.303117821086836,10.0,16.4,paper_informed_nonreactive,Gradient Boosting,within-season 5-fold CV over plots; fixed input history; horizon-specific models,4,5,98
2425,M41,Florida Medallion,2,2025-02-20,2025-01-07,2025-02-05,15,145.0,39.237354036580136,4.0,2.4,paper_informed_nonreactive,Gradient Boosting,within-season 5-fold CV over plots; fixed input history; horizon-specific models,4,5,98
2425,M43,Florida Medallion,2,2025-02-20,2025-01-07,2025-02-05,15,46.0,26.966165682469864,0.0,21.0,paper_informed_nonreactive,Gradient Boosting,within-season 5-fold CV over plots; fixed input history; horizon-specific models,4,5,98
2425,M51,Florida Medallion,2,2025-02-20,2025-01-07,2025-02-05,15,101.0,89.03742863588228,18.0,4.6,paper_informed_nonreactive,Gradient Boosting,within-season 5-fold CV over plots; fixed input history; horizon-specific models,4,5,98
2425,M52,Florida Medallion,2,2025-02-20,2025-01-07,2025-02-05,15,83.0,78.52949103096238,0.0,6.6,paper_informed_nonreactive,Gradient Boosting,within-season 5-fold CV over plots; fixed input history; horizon-specific models,4,5,98
2425,B23,Florida Brilliance,2,2025-02-20,2025-01-07,2025-02-05,15,183.0,45.15522722216477,21.0,10.4,paper_informed_nonreactive,Gradient Boosting,within-season 5-fold CV over plots; fixed input history; horizon-specific models,5,5,98
2425,B41,Florida Brilliance,2,2025-02-20,2025-01-07,2025-02-05,15,44.0,46.75015222923438,0.0,0.0,paper_informed_nonreactive,Gradient Boosting,within-season 5-fold CV over plots; fixed input history; horizon-specific models,5,5,98
2425,B45,Florida Brilliance,2,2025-02-20,2025-01-07,2025-02-05,15,49.0,75.2220613555383,0.0,1.4,paper_informed_nonreactive,Gradient Boosting,within-season 5-fold CV over plots; fixed input history; horizon-specific models,5,5,98
2425,B54,Florida Brilliance,2,2025-02-20,2025-01-07,2025-02-05,15,45.0,37.26727011112744,0.0,6.8,paper_informed_nonreactive,Gradient Boosting,within-season 5-fold CV over plots; fixed input history; horizon-specific models,5,5,98
2425,M11,Florida Medallion,2,2025-02-20,2025-01-07,2025-02-05,15,26.0,37.23959017850495,0.0,20.8,paper_informed_nonreactive,Gradient Boosting,within-season 5-fold CV over plots; fixed input history; horizon-specific models,5,5,98
2425,M13,Florida Medallion,2,2025-02-20,2025-01-07,2025-02-05,15,111.0,105.06855731579863,86.0,33.6,paper_informed_nonreactive,Gradient Boosting,within-season 5-fold CV over plots; fixed input history; horizon-specific models,5,5,98
2425,M24,Florida Medallion,2,2025-02-20,2025-01-07,2025-02-05,15,6.0,44.08215215241227,14.0,16.0,paper_informed_nonreactive,Gradient Boosting,within-season 5-fold CV over plots; fixed input history; horizon-specific models,5,5,98
2425,M54,Florida Medallion,2,2025-02-20,2025-01-07,2025-02-05,15,21.0,47.598284023973186,0.0,0.4,paper_informed_nonreactive,Gradient Boosting,within-season 5-fold CV over plots; fixed input history; horizon-specific models,5,5,98
2425,B15,Florida Brilliance,2,2025-02-20,2025-01-07,2025-02-05,15,37.0,53.5625,0.0,6.2,paper_informed_nonreactive,HistGradientBoosting,within-season 5-fold CV over plots; fixed input history; horizon-specific models,1,5,98
2425,B43,Florida Brilliance,2,2025-02-20,2025-01-07,2025-02-05,15,38.0,53.5625,0.0,5.0,paper_informed_nonreactive,HistGradientBoosting,within-season 5-fold CV over plots; fixed input history; horizon-specific models,1,5,98
2425,B51,Florida Brilliance,2,2025-02-20,2025-01-07,2025-02-05,15,46.0,53.5625,0.0,4.6,paper_informed_nonreactive,HistGradientBoosting,within-season 5-fold CV over plots; fixed input history; horizon-specific models,1,5,98
2425,B52,Florida Brilliance,2,2025-02-20,2025-01-07,2025-02-05,15,120.0,53.5625,0.0,2.8,paper_informed_nonreactive,HistGradientBoosting,within-season 5-fold CV over plots; fixed input history; horizon-specific models,1,5,98
2425,B55,Florida Brilliance,2,2025-02-20,2025-01-07,2025-02-05,15,40.0,53.5625,0.0,5.2,paper_informed_nonreactive,HistGradientBoosting,within-season 5-fold CV over plots; fixed input history; horizon-specific models,1,5,98
2425,M22,Florida Medallion,2,2025-02-20,2025-01-07,2025-02-05,15,135.0,53.5625,0.0,14.0,paper_informed_nonreactive,HistGradientBoosting,within-season 5-fold CV over plots; fixed input history; horizon-specific models,1,5,98
2425,M23,Florida Medallion,2,2025-02-20,2025-01-07,2025-02-05,15,73.0,53.5625,19.0,21.0,paper_informed_nonreactive,HistGradientBoosting,within-season 5-fold CV over plots; fixed input history; horizon-specific models,1,5,98
2425,M53,Florida Medallion,2,2025-02-20,2025-01-07,2025-02-05,15,53.0,53.5625,0.0,20.2,paper_informed_nonreactive,HistGradientBoosting,within-season 5-fold CV over plots; fixed input history; horizon-specific models,1,5,98
2425,B22,Florida Brilliance,2,2025-02-20,2025-01-07,2025-02-05,15,7.0,59.40625,43.0,15.6,paper_informed_nonreactive,HistGradientBoosting,within-season 5-fold CV over plots; fixed input history; horizon-specific models,2,5,98
2425,B24,Florida Brilliance,2,2025-02-20,2025-01-07,2025-02-05,15,36.0,59.40625,73.0,35.6,paper_informed_nonreactive,HistGradientBoosting,within-season 5-fold CV over plots; fixed input history; horizon-specific models,2,5,98
2425,B25,Florida Brilliance,2,2025-02-20,2025-01-07,2025-02-05,15,48.0,59.40625,33.0,9.4,paper_informed_nonreactive,HistGradientBoosting,within-season 5-fold CV over plots; fixed input history; horizon-specific models,2,5,98
2425,B44,Florida Brilliance,2,2025-02-20,2025-01-07,2025-02-05,15,33.0,59.40625,9.0,8.4,paper_informed_nonreactive,HistGradientBoosting,within-season 5-fold CV over plots; fixed input history; horizon-specific models,2,5,98
2425,M21,Florida Medallion,2,2025-02-20,2025-01-07,2025-02-05,15,78.0,59.40625,13.0,15.4,paper_informed_nonreactive,HistGradientBoosting,within-season 5-fold CV over plots; fixed input history; horizon-specific models,2,5,98
2425,M42,Florida Medallion,2,2025-02-20,2025-01-07,2025-02-05,15,45.0,59.40625,0.0,12.6,paper_informed_nonreactive,HistGradientBoosting,within-season 5-fold CV over plots; fixed input history; horizon-specific models,2,5,98
2425,M45,Florida Medallion,2,2025-02-20,2025-01-07,2025-02-05,15,32.0,59.40625,0.0,8.8,paper_informed_nonreactive,HistGradientBoosting,within-season 5-fold CV over plots; fixed input history; horizon-specific models,2,5,98
2425,M55,Florida Medallion,2,2025-02-20,2025-01-07,2025-02-05,15,76.0,59.40625,0.0,0.0,paper_informed_nonreactive,HistGradientBoosting,within-season 5-fold CV over plots; fixed input history; horizon-specific models,2,5,98
2425,B11,Florida Brilliance,2,2025-02-20,2025-01-07,2025-02-05,15,0.0,59.125,0.0,8.75,paper_informed_nonreactive,HistGradientBoosting,within-season 5-fold CV over plots; fixed input history; horizon-specific models,3,5,98
2425,B12,Florida Brilliance,2,2025-02-20,2025-01-07,2025-02-05,15,45.0,59.125,18.0,7.4,paper_informed_nonreactive,HistGradientBoosting,within-season 5-fold CV over plots; fixed input history; horizon-specific models,3,5,98
2425,B21,Florida Brilliance,2,2025-02-20,2025-01-07,2025-02-05,15,0.0,59.125,0.0,2.2,paper_informed_nonreactive,HistGradientBoosting,within-season 5-fold CV over plots; fixed input history; horizon-specific models,3,5,98
2425,B42,Florida Brilliance,2,2025-02-20,2025-01-07,2025-02-05,15,13.0,59.125,12.0,13.6,paper_informed_nonreactive,HistGradientBoosting,within-season 5-fold CV over plots; fixed input history; horizon-specific models,3,5,98
2425,B53,Florida Brilliance,2,2025-02-20,2025-01-07,2025-02-05,15,175.0,59.125,0.0,5.0,paper_informed_nonreactive,HistGradientBoosting,within-season 5-fold CV over plots; fixed input history; horizon-specific models,3,5,98
2425,M15,Florida Medallion,2,2025-02-20,2025-01-07,2025-02-05,15,33.0,59.125,41.0,22.6,paper_informed_nonreactive,HistGradientBoosting,within-season 5-fold CV over plots; fixed input history; horizon-specific models,3,5,98
2425,M25,Florida Medallion,2,2025-02-20,2025-01-07,2025-02-05,15,0.0,59.125,0.0,9.8,paper_informed_nonreactive,HistGradientBoosting,within-season 5-fold CV over plots; fixed input history; horizon-specific models,3,5,98
2425,M44,Florida Medallion,2,2025-02-20,2025-01-07,2025-02-05,15,98.0,59.125,0.0,16.8,paper_informed_nonreactive,HistGradientBoosting,within-season 5-fold CV over plots; fixed input history; horizon-specific models,3,5,98
2425,B13,Florida Brilliance,2,2025-02-20,2025-01-07,2025-02-05,15,7.0,54.5625,17.0,16.6,paper_informed_nonreactive,HistGradientBoosting,within-season 5-fold CV over plots; fixed input history; horizon-specific models,4,5,98
2425,B14,Florida Brilliance,2,2025-02-20,2025-01-07,2025-02-05,15,15.0,54.5625,23.0,11.8,paper_informed_nonreactive,HistGradientBoosting,within-season 5-fold CV over plots; fixed input history; horizon-specific models,4,5,98
2425,M12,Florida Medallion,2,2025-02-20,2025-01-07,2025-02-05,15,66.0,54.5625,33.0,18.2,paper_informed_nonreactive,HistGradientBoosting,within-season 5-fold CV over plots; fixed input history; horizon-specific models,4,5,98
2425,M14,Florida Medallion,2,2025-02-20,2025-01-07,2025-02-05,15,47.0,54.5625,10.0,16.4,paper_informed_nonreactive,HistGradientBoosting,within-season 5-fold CV over plots; fixed input history; horizon-specific models,4,5,98
2425,M41,Florida Medallion,2,2025-02-20,2025-01-07,2025-02-05,15,145.0,54.5625,4.0,2.4,paper_informed_nonreactive,HistGradientBoosting,within-season 5-fold CV over plots; fixed input history; horizon-specific models,4,5,98
2425,M43,Florida Medallion,2,2025-02-20,2025-01-07,2025-02-05,15,46.0,54.5625,0.0,21.0,paper_informed_nonreactive,HistGradientBoosting,within-season 5-fold CV over plots; fixed input history; horizon-specific models,4,5,98
2425,M51,Florida Medallion,2,2025-02-20,2025-01-07,2025-02-05,15,101.0,54.5625,18.0,4.6,paper_informed_nonreactive,HistGradientBoosting,within-season 5-fold CV over plots; fixed input history; horizon-specific models,4,5,98
2425,M52,Florida Medallion,2,2025-02-20,2025-01-07,2025-02-05,15,83.0,54.5625,0.0,6.6,paper_informed_nonreactive,HistGradientBoosting,within-season 5-fold CV over plots; fixed input history; horizon-specific models,4,5,98
2425,B23,Florida Brilliance,2,2025-02-20,2025-01-07,2025-02-05,15,183.0,55.34375,21.0,10.4,paper_informed_nonreactive,HistGradientBoosting,within-season 5-fold CV over plots; fixed input history; horizon-specific models,5,5,98
2425,B41,Florida Brilliance,2,2025-02-20,2025-01-07,2025-02-05,15,44.0,55.34375,0.0,0.0,paper_informed_nonreactive,HistGradientBoosting,within-season 5-fold CV over plots; fixed input history; horizon-specific models,5,5,98
2425,B45,Florida Brilliance,2,2025-02-20,2025-01-07,2025-02-05,15,49.0,55.34375,0.0,1.4,paper_informed_nonreactive,HistGradientBoosting,within-season 5-fold CV over plots; fixed input history; horizon-specific models,5,5,98
2425,B54,Florida Brilliance,2,2025-02-20,2025-01-07,2025-02-05,15,45.0,55.34375,0.0,6.8,paper_informed_nonreactive,HistGradientBoosting,within-season 5-fold CV over plots; fixed input history; horizon-specific models,5,5,98
2425,M11,Florida Medallion,2,2025-02-20,2025-01-07,2025-02-05,15,26.0,55.34375,0.0,20.8,paper_informed_nonreactive,HistGradientBoosting,within-season 5-fold CV over plots; fixed input history; horizon-specific models,5,5,98
2425,M13,Florida Medallion,2,2025-02-20,2025-01-07,2025-02-05,15,111.0,55.34375,86.0,33.6,paper_informed_nonreactive,HistGradientBoosting,within-season 5-fold CV over plots; fixed input history; horizon-specific models,5,5,98
2425,M24,Florida Medallion,2,2025-02-20,2025-01-07,2025-02-05,15,6.0,55.34375,14.0,16.0,paper_informed_nonreactive,HistGradientBoosting,within-season 5-fold CV over plots; fixed input history; horizon-specific models,5,5,98
2425,M54,Florida Medallion,2,2025-02-20,2025-01-07,2025-02-05,15,21.0,55.34375,0.0,0.4,paper_informed_nonreactive,HistGradientBoosting,within-season 5-fold CV over plots; fixed input history; horizon-specific models,5,5,98
2425,B15,Florida Brilliance,3,2025-02-26,2025-01-07,2025-02-05,21,17.0,26.9375,0.0,6.2,paper_informed_nonreactive,Training horizon mean baseline,within-season 5-fold CV over plots; fixed input history; horizon-specific models,1,5,0
2425,B43,Florida Brilliance,3,2025-02-26,2025-01-07,2025-02-05,21,39.0,26.9375,0.0,5.0,paper_informed_nonreactive,Training horizon mean baseline,within-season 5-fold CV over plots; fixed input history; horizon-specific models,1,5,0
2425,B51,Florida Brilliance,3,2025-02-26,2025-01-07,2025-02-05,21,0.0,26.9375,0.0,4.6,paper_informed_nonreactive,Training horizon mean baseline,within-season 5-fold CV over plots; fixed input history; horizon-specific models,1,5,0
2425,B52,Florida Brilliance,3,2025-02-26,2025-01-07,2025-02-05,21,51.0,26.9375,0.0,2.8,paper_informed_nonreactive,Training horizon mean baseline,within-season 5-fold CV over plots; fixed input history; horizon-specific models,1,5,0
2425,B55,Florida Brilliance,3,2025-02-26,2025-01-07,2025-02-05,21,0.0,26.9375,0.0,5.2,paper_informed_nonreactive,Training horizon mean baseline,within-season 5-fold CV over plots; fixed input history; horizon-specific models,1,5,0
2425,M22,Florida Medallion,3,2025-02-26,2025-01-07,2025-02-05,21,55.0,26.9375,0.0,14.0,paper_informed_nonreactive,Training horizon mean baseline,within-season 5-fold CV over plots; fixed input history; horizon-specific models,1,5,0
2425,M23,Florida Medallion,3,2025-02-26,2025-01-07,2025-02-05,21,48.0,26.9375,19.0,21.0,paper_informed_nonreactive,Training horizon mean baseline,within-season 5-fold CV over plots; fixed input history; horizon-specific models,1,5,0
2425,M53,Florida Medallion,3,2025-02-26,2025-01-07,2025-02-05,21,27.0,26.9375,0.0,20.2,paper_informed_nonreactive,Training horizon mean baseline,within-season 5-fold CV over plots; fixed input history; horizon-specific models,1,5,0
2425,B22,Florida Brilliance,3,2025-02-26,2025-01-07,2025-02-05,21,34.0,28.40625,43.0,15.6,paper_informed_nonreactive,Training horizon mean baseline,within-season 5-fold CV over plots; fixed input history; horizon-specific models,2,5,0
2425,B24,Florida Brilliance,3,2025-02-26,2025-01-07,2025-02-05,21,40.0,28.40625,73.0,35.6,paper_informed_nonreactive,Training horizon mean baseline,within-season 5-fold CV over plots; fixed input history; horizon-specific models,2,5,0
2425,B25,Florida Brilliance,3,2025-02-26,2025-01-07,2025-02-05,21,0.0,28.40625,33.0,9.4,paper_informed_nonreactive,Training horizon mean baseline,within-season 5-fold CV over plots; fixed input history; horizon-specific models,2,5,0
2425,B44,Florida Brilliance,3,2025-02-26,2025-01-07,2025-02-05,21,23.0,28.40625,9.0,8.4,paper_informed_nonreactive,Training horizon mean baseline,within-season 5-fold CV over plots; fixed input history; horizon-specific models,2,5,0
2425,M21,Florida Medallion,3,2025-02-26,2025-01-07,2025-02-05,21,43.0,28.40625,13.0,15.4,paper_informed_nonreactive,Training horizon mean baseline,within-season 5-fold CV over plots; fixed input history; horizon-specific models,2,5,0
2425,M42,Florida Medallion,3,2025-02-26,2025-01-07,2025-02-05,21,0.0,28.40625,0.0,12.6,paper_informed_nonreactive,Training horizon mean baseline,within-season 5-fold CV over plots; fixed input history; horizon-specific models,2,5,0
2425,M45,Florida Medallion,3,2025-02-26,2025-01-07,2025-02-05,21,24.0,28.40625,0.0,8.8,paper_informed_nonreactive,Training horizon mean baseline,within-season 5-fold CV over plots; fixed input history; horizon-specific models,2,5,0
2425,M55,Florida Medallion,3,2025-02-26,2025-01-07,2025-02-05,21,26.0,28.40625,0.0,0.0,paper_informed_nonreactive,Training horizon mean baseline,within-season 5-fold CV over plots; fixed input history; horizon-specific models,2,5,0
2425,B11,Florida Brilliance,3,2025-02-26,2025-01-07,2025-02-05,21,8.0,25.5625,0.0,8.75,paper_informed_nonreactive,Training horizon mean baseline,within-season 5-fold CV over plots; fixed input history; horizon-specific models,3,5,0
2425,B12,Florida Brilliance,3,2025-02-26,2025-01-07,2025-02-05,21,72.0,25.5625,18.0,7.4,paper_informed_nonreactive,Training horizon mean baseline,within-season 5-fold CV over plots; fixed input history; horizon-specific models,3,5,0
2425,B21,Florida Brilliance,3,2025-02-26,2025-01-07,2025-02-05,21,21.0,25.5625,0.0,2.2,paper_informed_nonreactive,Training horizon mean baseline,within-season 5-fold CV over plots; fixed input history; horizon-specific models,3,5,0
2425,B42,Florida Brilliance,3,2025-02-26,2025-01-07,2025-02-05,21,39.0,25.5625,12.0,13.6,paper_informed_nonreactive,Training horizon mean baseline,within-season 5-fold CV over plots; fixed input history; horizon-specific models,3,5,0
2425,B53,Florida Brilliance,3,2025-02-26,2025-01-07,2025-02-05,21,41.0,25.5625,0.0,5.0,paper_informed_nonreactive,Training horizon mean baseline,within-season 5-fold CV over plots; fixed input history; horizon-specific models,3,5,0
2425,M15,Florida Medallion,3,2025-02-26,2025-01-07,2025-02-05,21,45.0,25.5625,41.0,22.6,paper_informed_nonreactive,Training horizon mean baseline,within-season 5-fold CV over plots; fixed input history; horizon-specific models,3,5,0
2425,M25,Florida Medallion,3,2025-02-26,2025-01-07,2025-02-05,21,15.0,25.5625,0.0,9.8,paper_informed_nonreactive,Training horizon mean baseline,within-season 5-fold CV over plots; fixed input history; horizon-specific models,3,5,0
2425,M44,Florida Medallion,3,2025-02-26,2025-01-07,2025-02-05,21,40.0,25.5625,0.0,16.8,paper_informed_nonreactive,Training horizon mean baseline,within-season 5-fold CV over plots; fixed input history; horizon-specific models,3,5,0
2425,B13,Florida Brilliance,3,2025-02-26,2025-01-07,2025-02-05,21,0.0,27.375,17.0,16.6,paper_informed_nonreactive,Training horizon mean baseline,within-season 5-fold CV over plots; fixed input history; horizon-specific models,4,5,0
2425,B14,Florida Brilliance,3,2025-02-26,2025-01-07,2025-02-05,21,14.0,27.375,23.0,11.8,paper_informed_nonreactive,Training horizon mean baseline,within-season 5-fold CV over plots; fixed input history; horizon-specific models,4,5,0
2425,M12,Florida Medallion,3,2025-02-26,2025-01-07,2025-02-05,21,83.0,27.375,33.0,18.2,paper_informed_nonreactive,Training horizon mean baseline,within-season 5-fold CV over plots; fixed input history; horizon-specific models,4,5,0
2425,M14,Florida Medallion,3,2025-02-26,2025-01-07,2025-02-05,21,19.0,27.375,10.0,16.4,paper_informed_nonreactive,Training horizon mean baseline,within-season 5-fold CV over plots; fixed input history; horizon-specific models,4,5,0
2425,M41,Florida Medallion,3,2025-02-26,2025-01-07,2025-02-05,21,24.0,27.375,4.0,2.4,paper_informed_nonreactive,Training horizon mean baseline,within-season 5-fold CV over plots; fixed input history; horizon-specific models,4,5,0
2425,M43,Florida Medallion,3,2025-02-26,2025-01-07,2025-02-05,21,29.0,27.375,0.0,21.0,paper_informed_nonreactive,Training horizon mean baseline,within-season 5-fold CV over plots; fixed input history; horizon-specific models,4,5,0
2425,M51,Florida Medallion,3,2025-02-26,2025-01-07,2025-02-05,21,35.0,27.375,18.0,4.6,paper_informed_nonreactive,Training horizon mean baseline,within-season 5-fold CV over plots; fixed input history; horizon-specific models,4,5,0
2425,M52,Florida Medallion,3,2025-02-26,2025-01-07,2025-02-05,21,19.0,27.375,0.0,6.6,paper_informed_nonreactive,Training horizon mean baseline,within-season 5-fold CV over plots; fixed input history; horizon-specific models,4,5,0
2425,B23,Florida Brilliance,3,2025-02-26,2025-01-07,2025-02-05,21,25.0,29.09375,21.0,10.4,paper_informed_nonreactive,Training horizon mean baseline,within-season 5-fold CV over plots; fixed input history; horizon-specific models,5,5,0
2425,B41,Florida Brilliance,3,2025-02-26,2025-01-07,2025-02-05,21,40.0,29.09375,0.0,0.0,paper_informed_nonreactive,Training horizon mean baseline,within-season 5-fold CV over plots; fixed input history; horizon-specific models,5,5,0
2425,B45,Florida Brilliance,3,2025-02-26,2025-01-07,2025-02-05,21,10.0,29.09375,0.0,1.4,paper_informed_nonreactive,Training horizon mean baseline,within-season 5-fold CV over plots; fixed input history; horizon-specific models,5,5,0
2425,B54,Florida Brilliance,3,2025-02-26,2025-01-07,2025-02-05,21,9.0,29.09375,0.0,6.8,paper_informed_nonreactive,Training horizon mean baseline,within-season 5-fold CV over plots; fixed input history; horizon-specific models,5,5,0
2425,M11,Florida Medallion,3,2025-02-26,2025-01-07,2025-02-05,21,13.0,29.09375,0.0,20.8,paper_informed_nonreactive,Training horizon mean baseline,within-season 5-fold CV over plots; fixed input history; horizon-specific models,5,5,0
2425,M13,Florida Medallion,3,2025-02-26,2025-01-07,2025-02-05,21,31.0,29.09375,86.0,33.6,paper_informed_nonreactive,Training horizon mean baseline,within-season 5-fold CV over plots; fixed input history; horizon-specific models,5,5,0
2425,M24,Florida Medallion,3,2025-02-26,2025-01-07,2025-02-05,21,0.0,29.09375,14.0,16.0,paper_informed_nonreactive,Training horizon mean baseline,within-season 5-fold CV over plots; fixed input history; horizon-specific models,5,5,0
2425,M54,Florida Medallion,3,2025-02-26,2025-01-07,2025-02-05,21,40.0,29.09375,0.0,0.4,paper_informed_nonreactive,Training horizon mean baseline,within-season 5-fold CV over plots; fixed input history; horizon-specific models,5,5,0
2425,B15,Florida Brilliance,3,2025-02-26,2025-01-07,2025-02-05,21,17.0,25.066666666666666,0.0,6.2,paper_informed_nonreactive,Cultivar horizon mean baseline,within-season 5-fold CV over plots; fixed input history; horizon-specific models,1,5,0
2425,B43,Florida Brilliance,3,2025-02-26,2025-01-07,2025-02-05,21,39.0,25.066666666666666,0.0,5.0,paper_informed_nonreactive,Cultivar horizon mean baseline,within-season 5-fold CV over plots; fixed input history; horizon-specific models,1,5,0
2425,B51,Florida Brilliance,3,2025-02-26,2025-01-07,2025-02-05,21,0.0,25.066666666666666,0.0,4.6,paper_informed_nonreactive,Cultivar horizon mean baseline,within-season 5-fold CV over plots; fixed input history; horizon-specific models,1,5,0
2425,B52,Florida Brilliance,3,2025-02-26,2025-01-07,2025-02-05,21,51.0,25.066666666666666,0.0,2.8,paper_informed_nonreactive,Cultivar horizon mean baseline,within-season 5-fold CV over plots; fixed input history; horizon-specific models,1,5,0
2425,B55,Florida Brilliance,3,2025-02-26,2025-01-07,2025-02-05,21,0.0,25.066666666666666,0.0,5.2,paper_informed_nonreactive,Cultivar horizon mean baseline,within-season 5-fold CV over plots; fixed input history; horizon-specific models,1,5,0
2425,M22,Florida Medallion,3,2025-02-26,2025-01-07,2025-02-05,21,55.0,28.58823529411765,0.0,14.0,paper_informed_nonreactive,Cultivar horizon mean baseline,within-season 5-fold CV over plots; fixed input history; horizon-specific models,1,5,0
2425,M23,Florida Medallion,3,2025-02-26,2025-01-07,2025-02-05,21,48.0,28.58823529411765,19.0,21.0,paper_informed_nonreactive,Cultivar horizon mean baseline,within-season 5-fold CV over plots; fixed input history; horizon-specific models,1,5,0
2425,M53,Florida Medallion,3,2025-02-26,2025-01-07,2025-02-05,21,27.0,28.58823529411765,0.0,20.2,paper_informed_nonreactive,Cultivar horizon mean baseline,within-season 5-fold CV over plots; fixed input history; horizon-specific models,1,5,0
2425,B22,Florida Brilliance,3,2025-02-26,2025-01-07,2025-02-05,21,34.0,24.125,43.0,15.6,paper_informed_nonreactive,Cultivar horizon mean baseline,within-season 5-fold CV over plots; fixed input history; horizon-specific models,2,5,0
2425,B24,Florida Brilliance,3,2025-02-26,2025-01-07,2025-02-05,21,40.0,24.125,73.0,35.6,paper_informed_nonreactive,Cultivar horizon mean baseline,within-season 5-fold CV over plots; fixed input history; horizon-specific models,2,5,0
2425,B25,Florida Brilliance,3,2025-02-26,2025-01-07,2025-02-05,21,0.0,24.125,33.0,9.4,paper_informed_nonreactive,Cultivar horizon mean baseline,within-season 5-fold CV over plots; fixed input history; horizon-specific models,2,5,0
2425,B44,Florida Brilliance,3,2025-02-26,2025-01-07,2025-02-05,21,23.0,24.125,9.0,8.4,paper_informed_nonreactive,Cultivar horizon mean baseline,within-season 5-fold CV over plots; fixed input history; horizon-specific models,2,5,0
2425,M21,Florida Medallion,3,2025-02-26,2025-01-07,2025-02-05,21,43.0,32.6875,13.0,15.4,paper_informed_nonreactive,Cultivar horizon mean baseline,within-season 5-fold CV over plots; fixed input history; horizon-specific models,2,5,0
2425,M42,Florida Medallion,3,2025-02-26,2025-01-07,2025-02-05,21,0.0,32.6875,0.0,12.6,paper_informed_nonreactive,Cultivar horizon mean baseline,within-season 5-fold CV over plots; fixed input history; horizon-specific models,2,5,0
2425,M45,Florida Medallion,3,2025-02-26,2025-01-07,2025-02-05,21,24.0,32.6875,0.0,8.8,paper_informed_nonreactive,Cultivar horizon mean baseline,within-season 5-fold CV over plots; fixed input history; horizon-specific models,2,5,0
2425,M55,Florida Medallion,3,2025-02-26,2025-01-07,2025-02-05,21,26.0,32.6875,0.0,0.0,paper_informed_nonreactive,Cultivar horizon mean baseline,within-season 5-fold CV over plots; fixed input history; horizon-specific models,2,5,0
2425,B11,Florida Brilliance,3,2025-02-26,2025-01-07,2025-02-05,21,8.0,20.133333333333333,0.0,8.75,paper_informed_nonreactive,Cultivar horizon mean baseline,within-season 5-fold CV over plots; fixed input history; horizon-specific models,3,5,0
2425,B12,Florida Brilliance,3,2025-02-26,2025-01-07,2025-02-05,21,72.0,20.133333333333333,18.0,7.4,paper_informed_nonreactive,Cultivar horizon mean baseline,within-season 5-fold CV over plots; fixed input history; horizon-specific models,3,5,0
2425,B21,Florida Brilliance,3,2025-02-26,2025-01-07,2025-02-05,21,21.0,20.133333333333333,0.0,2.2,paper_informed_nonreactive,Cultivar horizon mean baseline,within-season 5-fold CV over plots; fixed input history; horizon-specific models,3,5,0
2425,B42,Florida Brilliance,3,2025-02-26,2025-01-07,2025-02-05,21,39.0,20.133333333333333,12.0,13.6,paper_informed_nonreactive,Cultivar horizon mean baseline,within-season 5-fold CV over plots; fixed input history; horizon-specific models,3,5,0
2425,B53,Florida Brilliance,3,2025-02-26,2025-01-07,2025-02-05,21,41.0,20.133333333333333,0.0,5.0,paper_informed_nonreactive,Cultivar horizon mean baseline,within-season 5-fold CV over plots; fixed input history; horizon-specific models,3,5,0
2425,M15,Florida Medallion,3,2025-02-26,2025-01-07,2025-02-05,21,45.0,30.352941176470587,41.0,22.6,paper_informed_nonreactive,Cultivar horizon mean baseline,within-season 5-fold CV over plots; fixed input history; horizon-specific models,3,5,0
2425,M25,Florida Medallion,3,2025-02-26,2025-01-07,2025-02-05,21,15.0,30.352941176470587,0.0,9.8,paper_informed_nonreactive,Cultivar horizon mean baseline,within-season 5-fold CV over plots; fixed input history; horizon-specific models,3,5,0
2425,M44,Florida Medallion,3,2025-02-26,2025-01-07,2025-02-05,21,40.0,30.352941176470587,0.0,16.8,paper_informed_nonreactive,Cultivar horizon mean baseline,within-season 5-fold CV over plots; fixed input history; horizon-specific models,3,5,0
2425,B13,Florida Brilliance,3,2025-02-26,2025-01-07,2025-02-05,21,0.0,26.055555555555557,17.0,16.6,paper_informed_nonreactive,Cultivar horizon mean baseline,within-season 5-fold CV over plots; fixed input history; horizon-specific models,4,5,0
2425,B14,Florida Brilliance,3,2025-02-26,2025-01-07,2025-02-05,21,14.0,26.055555555555557,23.0,11.8,paper_informed_nonreactive,Cultivar horizon mean baseline,within-season 5-fold CV over plots; fixed input history; horizon-specific models,4,5,0
2425,M12,Florida Medallion,3,2025-02-26,2025-01-07,2025-02-05,21,83.0,29.071428571428573,33.0,18.2,paper_informed_nonreactive,Cultivar horizon mean baseline,within-season 5-fold CV over plots; fixed input history; horizon-specific models,4,5,0
2425,M14,Florida Medallion,3,2025-02-26,2025-01-07,2025-02-05,21,19.0,29.071428571428573,10.0,16.4,paper_informed_nonreactive,Cultivar horizon mean baseline,within-season 5-fold CV over plots; fixed input history; horizon-specific models,4,5,0
2425,M41,Florida Medallion,3,2025-02-26,2025-01-07,2025-02-05,21,24.0,29.071428571428573,4.0,2.4,paper_informed_nonreactive,Cultivar horizon mean baseline,within-season 5-fold CV over plots; fixed input history; horizon-specific models,4,5,0
2425,M43,Florida Medallion,3,2025-02-26,2025-01-07,2025-02-05,21,29.0,29.071428571428573,0.0,21.0,paper_informed_nonreactive,Cultivar horizon mean baseline,within-season 5-fold CV over plots; fixed input history; horizon-specific models,4,5,0
2425,M51,Florida Medallion,3,2025-02-26,2025-01-07,2025-02-05,21,35.0,29.071428571428573,18.0,4.6,paper_informed_nonreactive,Cultivar horizon mean baseline,within-season 5-fold CV over plots; fixed input history; horizon-specific models,4,5,0
2425,M52,Florida Medallion,3,2025-02-26,2025-01-07,2025-02-05,21,19.0,29.071428571428573,0.0,6.6,paper_informed_nonreactive,Cultivar horizon mean baseline,within-season 5-fold CV over plots; fixed input history; horizon-specific models,4,5,0
2425,B23,Florida Brilliance,3,2025-02-26,2025-01-07,2025-02-05,21,25.0,24.9375,21.0,10.4,paper_informed_nonreactive,Cultivar horizon mean baseline,within-season 5-fold CV over plots; fixed input history; horizon-specific models,5,5,0
2425,B41,Florida Brilliance,3,2025-02-26,2025-01-07,2025-02-05,21,40.0,24.9375,0.0,0.0,paper_informed_nonreactive,Cultivar horizon mean baseline,within-season 5-fold CV over plots; fixed input history; horizon-specific models,5,5,0
2425,B45,Florida Brilliance,3,2025-02-26,2025-01-07,2025-02-05,21,10.0,24.9375,0.0,1.4,paper_informed_nonreactive,Cultivar horizon mean baseline,within-season 5-fold CV over plots; fixed input history; horizon-specific models,5,5,0
2425,B54,Florida Brilliance,3,2025-02-26,2025-01-07,2025-02-05,21,9.0,24.9375,0.0,6.8,paper_informed_nonreactive,Cultivar horizon mean baseline,within-season 5-fold CV over plots; fixed input history; horizon-specific models,5,5,0
2425,M11,Florida Medallion,3,2025-02-26,2025-01-07,2025-02-05,21,13.0,33.25,0.0,20.8,paper_informed_nonreactive,Cultivar horizon mean baseline,within-season 5-fold CV over plots; fixed input history; horizon-specific models,5,5,0
2425,M13,Florida Medallion,3,2025-02-26,2025-01-07,2025-02-05,21,31.0,33.25,86.0,33.6,paper_informed_nonreactive,Cultivar horizon mean baseline,within-season 5-fold CV over plots; fixed input history; horizon-specific models,5,5,0
2425,M24,Florida Medallion,3,2025-02-26,2025-01-07,2025-02-05,21,0.0,33.25,14.0,16.0,paper_informed_nonreactive,Cultivar horizon mean baseline,within-season 5-fold CV over plots; fixed input history; horizon-specific models,5,5,0
2425,M54,Florida Medallion,3,2025-02-26,2025-01-07,2025-02-05,21,40.0,33.25,0.0,0.4,paper_informed_nonreactive,Cultivar horizon mean baseline,within-season 5-fold CV over plots; fixed input history; horizon-specific models,5,5,0
2425,B15,Florida Brilliance,3,2025-02-26,2025-01-07,2025-02-05,21,17.0,0.0,0.0,6.2,paper_informed_nonreactive,Last observed week-5 yield baseline,within-season 5-fold CV over plots; fixed input history; horizon-specific models,1,5,0
2425,B43,Florida Brilliance,3,2025-02-26,2025-01-07,2025-02-05,21,39.0,0.0,0.0,5.0,paper_informed_nonreactive,Last observed week-5 yield baseline,within-season 5-fold CV over plots; fixed input history; horizon-specific models,1,5,0
2425,B51,Florida Brilliance,3,2025-02-26,2025-01-07,2025-02-05,21,0.0,0.0,0.0,4.6,paper_informed_nonreactive,Last observed week-5 yield baseline,within-season 5-fold CV over plots; fixed input history; horizon-specific models,1,5,0
2425,B52,Florida Brilliance,3,2025-02-26,2025-01-07,2025-02-05,21,51.0,0.0,0.0,2.8,paper_informed_nonreactive,Last observed week-5 yield baseline,within-season 5-fold CV over plots; fixed input history; horizon-specific models,1,5,0
2425,B55,Florida Brilliance,3,2025-02-26,2025-01-07,2025-02-05,21,0.0,0.0,0.0,5.2,paper_informed_nonreactive,Last observed week-5 yield baseline,within-season 5-fold CV over plots; fixed input history; horizon-specific models,1,5,0
2425,M22,Florida Medallion,3,2025-02-26,2025-01-07,2025-02-05,21,55.0,0.0,0.0,14.0,paper_informed_nonreactive,Last observed week-5 yield baseline,within-season 5-fold CV over plots; fixed input history; horizon-specific models,1,5,0
2425,M23,Florida Medallion,3,2025-02-26,2025-01-07,2025-02-05,21,48.0,19.0,19.0,21.0,paper_informed_nonreactive,Last observed week-5 yield baseline,within-season 5-fold CV over plots; fixed input history; horizon-specific models,1,5,0
2425,M53,Florida Medallion,3,2025-02-26,2025-01-07,2025-02-05,21,27.0,0.0,0.0,20.2,paper_informed_nonreactive,Last observed week-5 yield baseline,within-season 5-fold CV over plots; fixed input history; horizon-specific models,1,5,0
2425,B22,Florida Brilliance,3,2025-02-26,2025-01-07,2025-02-05,21,34.0,43.0,43.0,15.6,paper_informed_nonreactive,Last observed week-5 yield baseline,within-season 5-fold CV over plots; fixed input history; horizon-specific models,2,5,0
2425,B24,Florida Brilliance,3,2025-02-26,2025-01-07,2025-02-05,21,40.0,73.0,73.0,35.6,paper_informed_nonreactive,Last observed week-5 yield baseline,within-season 5-fold CV over plots; fixed input history; horizon-specific models,2,5,0
2425,B25,Florida Brilliance,3,2025-02-26,2025-01-07,2025-02-05,21,0.0,33.0,33.0,9.4,paper_informed_nonreactive,Last observed week-5 yield baseline,within-season 5-fold CV over plots; fixed input history; horizon-specific models,2,5,0
2425,B44,Florida Brilliance,3,2025-02-26,2025-01-07,2025-02-05,21,23.0,9.0,9.0,8.4,paper_informed_nonreactive,Last observed week-5 yield baseline,within-season 5-fold CV over plots; fixed input history; horizon-specific models,2,5,0
2425,M21,Florida Medallion,3,2025-02-26,2025-01-07,2025-02-05,21,43.0,13.0,13.0,15.4,paper_informed_nonreactive,Last observed week-5 yield baseline,within-season 5-fold CV over plots; fixed input history; horizon-specific models,2,5,0
2425,M42,Florida Medallion,3,2025-02-26,2025-01-07,2025-02-05,21,0.0,0.0,0.0,12.6,paper_informed_nonreactive,Last observed week-5 yield baseline,within-season 5-fold CV over plots; fixed input history; horizon-specific models,2,5,0
2425,M45,Florida Medallion,3,2025-02-26,2025-01-07,2025-02-05,21,24.0,0.0,0.0,8.8,paper_informed_nonreactive,Last observed week-5 yield baseline,within-season 5-fold CV over plots; fixed input history; horizon-specific models,2,5,0
2425,M55,Florida Medallion,3,2025-02-26,2025-01-07,2025-02-05,21,26.0,0.0,0.0,0.0,paper_informed_nonreactive,Last observed week-5 yield baseline,within-season 5-fold CV over plots; fixed input history; horizon-specific models,2,5,0
2425,B11,Florida Brilliance,3,2025-02-26,2025-01-07,2025-02-05,21,8.0,0.0,0.0,8.75,paper_informed_nonreactive,Last observed week-5 yield baseline,within-season 5-fold CV over plots; fixed input history; horizon-specific models,3,5,0
2425,B12,Florida Brilliance,3,2025-02-26,2025-01-07,2025-02-05,21,72.0,18.0,18.0,7.4,paper_informed_nonreactive,Last observed week-5 yield baseline,within-season 5-fold CV over plots; fixed input history; horizon-specific models,3,5,0
2425,B21,Florida Brilliance,3,2025-02-26,2025-01-07,2025-02-05,21,21.0,0.0,0.0,2.2,paper_informed_nonreactive,Last observed week-5 yield baseline,within-season 5-fold CV over plots; fixed input history; horizon-specific models,3,5,0
2425,B42,Florida Brilliance,3,2025-02-26,2025-01-07,2025-02-05,21,39.0,12.0,12.0,13.6,paper_informed_nonreactive,Last observed week-5 yield baseline,within-season 5-fold CV over plots; fixed input history; horizon-specific models,3,5,0
2425,B53,Florida Brilliance,3,2025-02-26,2025-01-07,2025-02-05,21,41.0,0.0,0.0,5.0,paper_informed_nonreactive,Last observed week-5 yield baseline,within-season 5-fold CV over plots; fixed input history; horizon-specific models,3,5,0
2425,M15,Florida Medallion,3,2025-02-26,2025-01-07,2025-02-05,21,45.0,41.0,41.0,22.6,paper_informed_nonreactive,Last observed week-5 yield baseline,within-season 5-fold CV over plots; fixed input history; horizon-specific models,3,5,0
2425,M25,Florida Medallion,3,2025-02-26,2025-01-07,2025-02-05,21,15.0,0.0,0.0,9.8,paper_informed_nonreactive,Last observed week-5 yield baseline,within-season 5-fold CV over plots; fixed input history; horizon-specific models,3,5,0
2425,M44,Florida Medallion,3,2025-02-26,2025-01-07,2025-02-05,21,40.0,0.0,0.0,16.8,paper_informed_nonreactive,Last observed week-5 yield baseline,within-season 5-fold CV over plots; fixed input history; horizon-specific models,3,5,0
2425,B13,Florida Brilliance,3,2025-02-26,2025-01-07,2025-02-05,21,0.0,17.0,17.0,16.6,paper_informed_nonreactive,Last observed week-5 yield baseline,within-season 5-fold CV over plots; fixed input history; horizon-specific models,4,5,0
2425,B14,Florida Brilliance,3,2025-02-26,2025-01-07,2025-02-05,21,14.0,23.0,23.0,11.8,paper_informed_nonreactive,Last observed week-5 yield baseline,within-season 5-fold CV over plots; fixed input history; horizon-specific models,4,5,0
2425,M12,Florida Medallion,3,2025-02-26,2025-01-07,2025-02-05,21,83.0,33.0,33.0,18.2,paper_informed_nonreactive,Last observed week-5 yield baseline,within-season 5-fold CV over plots; fixed input history; horizon-specific models,4,5,0
2425,M14,Florida Medallion,3,2025-02-26,2025-01-07,2025-02-05,21,19.0,10.0,10.0,16.4,paper_informed_nonreactive,Last observed week-5 yield baseline,within-season 5-fold CV over plots; fixed input history; horizon-specific models,4,5,0
2425,M41,Florida Medallion,3,2025-02-26,2025-01-07,2025-02-05,21,24.0,4.0,4.0,2.4,paper_informed_nonreactive,Last observed week-5 yield baseline,within-season 5-fold CV over plots; fixed input history; horizon-specific models,4,5,0
2425,M43,Florida Medallion,3,2025-02-26,2025-01-07,2025-02-05,21,29.0,0.0,0.0,21.0,paper_informed_nonreactive,Last observed week-5 yield baseline,within-season 5-fold CV over plots; fixed input history; horizon-specific models,4,5,0
2425,M51,Florida Medallion,3,2025-02-26,2025-01-07,2025-02-05,21,35.0,18.0,18.0,4.6,paper_informed_nonreactive,Last observed week-5 yield baseline,within-season 5-fold CV over plots; fixed input history; horizon-specific models,4,5,0
2425,M52,Florida Medallion,3,2025-02-26,2025-01-07,2025-02-05,21,19.0,0.0,0.0,6.6,paper_informed_nonreactive,Last observed week-5 yield baseline,within-season 5-fold CV over plots; fixed input history; horizon-specific models,4,5,0
2425,B23,Florida Brilliance,3,2025-02-26,2025-01-07,2025-02-05,21,25.0,21.0,21.0,10.4,paper_informed_nonreactive,Last observed week-5 yield baseline,within-season 5-fold CV over plots; fixed input history; horizon-specific models,5,5,0
2425,B41,Florida Brilliance,3,2025-02-26,2025-01-07,2025-02-05,21,40.0,0.0,0.0,0.0,paper_informed_nonreactive,Last observed week-5 yield baseline,within-season 5-fold CV over plots; fixed input history; horizon-specific models,5,5,0
2425,B45,Florida Brilliance,3,2025-02-26,2025-01-07,2025-02-05,21,10.0,0.0,0.0,1.4,paper_informed_nonreactive,Last observed week-5 yield baseline,within-season 5-fold CV over plots; fixed input history; horizon-specific models,5,5,0
2425,B54,Florida Brilliance,3,2025-02-26,2025-01-07,2025-02-05,21,9.0,0.0,0.0,6.8,paper_informed_nonreactive,Last observed week-5 yield baseline,within-season 5-fold CV over plots; fixed input history; horizon-specific models,5,5,0
2425,M11,Florida Medallion,3,2025-02-26,2025-01-07,2025-02-05,21,13.0,0.0,0.0,20.8,paper_informed_nonreactive,Last observed week-5 yield baseline,within-season 5-fold CV over plots; fixed input history; horizon-specific models,5,5,0
2425,M13,Florida Medallion,3,2025-02-26,2025-01-07,2025-02-05,21,31.0,86.0,86.0,33.6,paper_informed_nonreactive,Last observed week-5 yield baseline,within-season 5-fold CV over plots; fixed input history; horizon-specific models,5,5,0
2425,M24,Florida Medallion,3,2025-02-26,2025-01-07,2025-02-05,21,0.0,14.0,14.0,16.0,paper_informed_nonreactive,Last observed week-5 yield baseline,within-season 5-fold CV over plots; fixed input history; horizon-specific models,5,5,0
2425,M54,Florida Medallion,3,2025-02-26,2025-01-07,2025-02-05,21,40.0,0.0,0.0,0.4,paper_informed_nonreactive,Last observed week-5 yield baseline,within-season 5-fold CV over plots; fixed input history; horizon-specific models,5,5,0
2425,B15,Florida Brilliance,3,2025-02-26,2025-01-07,2025-02-05,21,17.0,6.2,0.0,6.2,paper_informed_nonreactive,Observed 5-week mean yield baseline,within-season 5-fold CV over plots; fixed input history; horizon-specific models,1,5,0
2425,B43,Florida Brilliance,3,2025-02-26,2025-01-07,2025-02-05,21,39.0,5.0,0.0,5.0,paper_informed_nonreactive,Observed 5-week mean yield baseline,within-season 5-fold CV over plots; fixed input history; horizon-specific models,1,5,0
2425,B51,Florida Brilliance,3,2025-02-26,2025-01-07,2025-02-05,21,0.0,4.6,0.0,4.6,paper_informed_nonreactive,Observed 5-week mean yield baseline,within-season 5-fold CV over plots; fixed input history; horizon-specific models,1,5,0
2425,B52,Florida Brilliance,3,2025-02-26,2025-01-07,2025-02-05,21,51.0,2.8,0.0,2.8,paper_informed_nonreactive,Observed 5-week mean yield baseline,within-season 5-fold CV over plots; fixed input history; horizon-specific models,1,5,0
2425,B55,Florida Brilliance,3,2025-02-26,2025-01-07,2025-02-05,21,0.0,5.2,0.0,5.2,paper_informed_nonreactive,Observed 5-week mean yield baseline,within-season 5-fold CV over plots; fixed input history; horizon-specific models,1,5,0
2425,M22,Florida Medallion,3,2025-02-26,2025-01-07,2025-02-05,21,55.0,14.0,0.0,14.0,paper_informed_nonreactive,Observed 5-week mean yield baseline,within-season 5-fold CV over plots; fixed input history; horizon-specific models,1,5,0
2425,M23,Florida Medallion,3,2025-02-26,2025-01-07,2025-02-05,21,48.0,21.0,19.0,21.0,paper_informed_nonreactive,Observed 5-week mean yield baseline,within-season 5-fold CV over plots; fixed input history; horizon-specific models,1,5,0
2425,M53,Florida Medallion,3,2025-02-26,2025-01-07,2025-02-05,21,27.0,20.2,0.0,20.2,paper_informed_nonreactive,Observed 5-week mean yield baseline,within-season 5-fold CV over plots; fixed input history; horizon-specific models,1,5,0
2425,B22,Florida Brilliance,3,2025-02-26,2025-01-07,2025-02-05,21,34.0,15.6,43.0,15.6,paper_informed_nonreactive,Observed 5-week mean yield baseline,within-season 5-fold CV over plots; fixed input history; horizon-specific models,2,5,0
2425,B24,Florida Brilliance,3,2025-02-26,2025-01-07,2025-02-05,21,40.0,35.6,73.0,35.6,paper_informed_nonreactive,Observed 5-week mean yield baseline,within-season 5-fold CV over plots; fixed input history; horizon-specific models,2,5,0
2425,B25,Florida Brilliance,3,2025-02-26,2025-01-07,2025-02-05,21,0.0,9.4,33.0,9.4,paper_informed_nonreactive,Observed 5-week mean yield baseline,within-season 5-fold CV over plots; fixed input history; horizon-specific models,2,5,0
2425,B44,Florida Brilliance,3,2025-02-26,2025-01-07,2025-02-05,21,23.0,8.4,9.0,8.4,paper_informed_nonreactive,Observed 5-week mean yield baseline,within-season 5-fold CV over plots; fixed input history; horizon-specific models,2,5,0
2425,M21,Florida Medallion,3,2025-02-26,2025-01-07,2025-02-05,21,43.0,15.4,13.0,15.4,paper_informed_nonreactive,Observed 5-week mean yield baseline,within-season 5-fold CV over plots; fixed input history; horizon-specific models,2,5,0
2425,M42,Florida Medallion,3,2025-02-26,2025-01-07,2025-02-05,21,0.0,12.6,0.0,12.6,paper_informed_nonreactive,Observed 5-week mean yield baseline,within-season 5-fold CV over plots; fixed input history; horizon-specific models,2,5,0
2425,M45,Florida Medallion,3,2025-02-26,2025-01-07,2025-02-05,21,24.0,8.8,0.0,8.8,paper_informed_nonreactive,Observed 5-week mean yield baseline,within-season 5-fold CV over plots; fixed input history; horizon-specific models,2,5,0
2425,M55,Florida Medallion,3,2025-02-26,2025-01-07,2025-02-05,21,26.0,0.0,0.0,0.0,paper_informed_nonreactive,Observed 5-week mean yield baseline,within-season 5-fold CV over plots; fixed input history; horizon-specific models,2,5,0
2425,B11,Florida Brilliance,3,2025-02-26,2025-01-07,2025-02-05,21,8.0,8.75,0.0,8.75,paper_informed_nonreactive,Observed 5-week mean yield baseline,within-season 5-fold CV over plots; fixed input history; horizon-specific models,3,5,0
2425,B12,Florida Brilliance,3,2025-02-26,2025-01-07,2025-02-05,21,72.0,7.4,18.0,7.4,paper_informed_nonreactive,Observed 5-week mean yield baseline,within-season 5-fold CV over plots; fixed input history; horizon-specific models,3,5,0
2425,B21,Florida Brilliance,3,2025-02-26,2025-01-07,2025-02-05,21,21.0,2.2,0.0,2.2,paper_informed_nonreactive,Observed 5-week mean yield baseline,within-season 5-fold CV over plots; fixed input history; horizon-specific models,3,5,0
2425,B42,Florida Brilliance,3,2025-02-26,2025-01-07,2025-02-05,21,39.0,13.6,12.0,13.6,paper_informed_nonreactive,Observed 5-week mean yield baseline,within-season 5-fold CV over plots; fixed input history; horizon-specific models,3,5,0
2425,B53,Florida Brilliance,3,2025-02-26,2025-01-07,2025-02-05,21,41.0,5.0,0.0,5.0,paper_informed_nonreactive,Observed 5-week mean yield baseline,within-season 5-fold CV over plots; fixed input history; horizon-specific models,3,5,0
2425,M15,Florida Medallion,3,2025-02-26,2025-01-07,2025-02-05,21,45.0,22.6,41.0,22.6,paper_informed_nonreactive,Observed 5-week mean yield baseline,within-season 5-fold CV over plots; fixed input history; horizon-specific models,3,5,0
2425,M25,Florida Medallion,3,2025-02-26,2025-01-07,2025-02-05,21,15.0,9.8,0.0,9.8,paper_informed_nonreactive,Observed 5-week mean yield baseline,within-season 5-fold CV over plots; fixed input history; horizon-specific models,3,5,0
2425,M44,Florida Medallion,3,2025-02-26,2025-01-07,2025-02-05,21,40.0,16.8,0.0,16.8,paper_informed_nonreactive,Observed 5-week mean yield baseline,within-season 5-fold CV over plots; fixed input history; horizon-specific models,3,5,0
2425,B13,Florida Brilliance,3,2025-02-26,2025-01-07,2025-02-05,21,0.0,16.6,17.0,16.6,paper_informed_nonreactive,Observed 5-week mean yield baseline,within-season 5-fold CV over plots; fixed input history; horizon-specific models,4,5,0
2425,B14,Florida Brilliance,3,2025-02-26,2025-01-07,2025-02-05,21,14.0,11.8,23.0,11.8,paper_informed_nonreactive,Observed 5-week mean yield baseline,within-season 5-fold CV over plots; fixed input history; horizon-specific models,4,5,0
2425,M12,Florida Medallion,3,2025-02-26,2025-01-07,2025-02-05,21,83.0,18.2,33.0,18.2,paper_informed_nonreactive,Observed 5-week mean yield baseline,within-season 5-fold CV over plots; fixed input history; horizon-specific models,4,5,0
2425,M14,Florida Medallion,3,2025-02-26,2025-01-07,2025-02-05,21,19.0,16.4,10.0,16.4,paper_informed_nonreactive,Observed 5-week mean yield baseline,within-season 5-fold CV over plots; fixed input history; horizon-specific models,4,5,0
2425,M41,Florida Medallion,3,2025-02-26,2025-01-07,2025-02-05,21,24.0,2.4,4.0,2.4,paper_informed_nonreactive,Observed 5-week mean yield baseline,within-season 5-fold CV over plots; fixed input history; horizon-specific models,4,5,0
2425,M43,Florida Medallion,3,2025-02-26,2025-01-07,2025-02-05,21,29.0,21.0,0.0,21.0,paper_informed_nonreactive,Observed 5-week mean yield baseline,within-season 5-fold CV over plots; fixed input history; horizon-specific models,4,5,0
2425,M51,Florida Medallion,3,2025-02-26,2025-01-07,2025-02-05,21,35.0,4.6,18.0,4.6,paper_informed_nonreactive,Observed 5-week mean yield baseline,within-season 5-fold CV over plots; fixed input history; horizon-specific models,4,5,0
2425,M52,Florida Medallion,3,2025-02-26,2025-01-07,2025-02-05,21,19.0,6.6,0.0,6.6,paper_informed_nonreactive,Observed 5-week mean yield baseline,within-season 5-fold CV over plots; fixed input history; horizon-specific models,4,5,0
2425,B23,Florida Brilliance,3,2025-02-26,2025-01-07,2025-02-05,21,25.0,10.4,21.0,10.4,paper_informed_nonreactive,Observed 5-week mean yield baseline,within-season 5-fold CV over plots; fixed input history; horizon-specific models,5,5,0
2425,B41,Florida Brilliance,3,2025-02-26,2025-01-07,2025-02-05,21,40.0,0.0,0.0,0.0,paper_informed_nonreactive,Observed 5-week mean yield baseline,within-season 5-fold CV over plots; fixed input history; horizon-specific models,5,5,0
2425,B45,Florida Brilliance,3,2025-02-26,2025-01-07,2025-02-05,21,10.0,1.4,0.0,1.4,paper_informed_nonreactive,Observed 5-week mean yield baseline,within-season 5-fold CV over plots; fixed input history; horizon-specific models,5,5,0
2425,B54,Florida Brilliance,3,2025-02-26,2025-01-07,2025-02-05,21,9.0,6.8,0.0,6.8,paper_informed_nonreactive,Observed 5-week mean yield baseline,within-season 5-fold CV over plots; fixed input history; horizon-specific models,5,5,0
2425,M11,Florida Medallion,3,2025-02-26,2025-01-07,2025-02-05,21,13.0,20.8,0.0,20.8,paper_informed_nonreactive,Observed 5-week mean yield baseline,within-season 5-fold CV over plots; fixed input history; horizon-specific models,5,5,0
2425,M13,Florida Medallion,3,2025-02-26,2025-01-07,2025-02-05,21,31.0,33.6,86.0,33.6,paper_informed_nonreactive,Observed 5-week mean yield baseline,within-season 5-fold CV over plots; fixed input history; horizon-specific models,5,5,0
2425,M24,Florida Medallion,3,2025-02-26,2025-01-07,2025-02-05,21,0.0,16.0,14.0,16.0,paper_informed_nonreactive,Observed 5-week mean yield baseline,within-season 5-fold CV over plots; fixed input history; horizon-specific models,5,5,0
2425,M54,Florida Medallion,3,2025-02-26,2025-01-07,2025-02-05,21,40.0,0.4,0.0,0.4,paper_informed_nonreactive,Observed 5-week mean yield baseline,within-season 5-fold CV over plots; fixed input history; horizon-specific models,5,5,0
2425,B15,Florida Brilliance,3,2025-02-26,2025-01-07,2025-02-05,21,17.0,0.0,0.0,6.2,paper_informed_nonreactive,Zero yield baseline,within-season 5-fold CV over plots; fixed input history; horizon-specific models,1,5,0
2425,B43,Florida Brilliance,3,2025-02-26,2025-01-07,2025-02-05,21,39.0,0.0,0.0,5.0,paper_informed_nonreactive,Zero yield baseline,within-season 5-fold CV over plots; fixed input history; horizon-specific models,1,5,0
2425,B51,Florida Brilliance,3,2025-02-26,2025-01-07,2025-02-05,21,0.0,0.0,0.0,4.6,paper_informed_nonreactive,Zero yield baseline,within-season 5-fold CV over plots; fixed input history; horizon-specific models,1,5,0
2425,B52,Florida Brilliance,3,2025-02-26,2025-01-07,2025-02-05,21,51.0,0.0,0.0,2.8,paper_informed_nonreactive,Zero yield baseline,within-season 5-fold CV over plots; fixed input history; horizon-specific models,1,5,0
2425,B55,Florida Brilliance,3,2025-02-26,2025-01-07,2025-02-05,21,0.0,0.0,0.0,5.2,paper_informed_nonreactive,Zero yield baseline,within-season 5-fold CV over plots; fixed input history; horizon-specific models,1,5,0
2425,M22,Florida Medallion,3,2025-02-26,2025-01-07,2025-02-05,21,55.0,0.0,0.0,14.0,paper_informed_nonreactive,Zero yield baseline,within-season 5-fold CV over plots; fixed input history; horizon-specific models,1,5,0
2425,M23,Florida Medallion,3,2025-02-26,2025-01-07,2025-02-05,21,48.0,0.0,19.0,21.0,paper_informed_nonreactive,Zero yield baseline,within-season 5-fold CV over plots; fixed input history; horizon-specific models,1,5,0
2425,M53,Florida Medallion,3,2025-02-26,2025-01-07,2025-02-05,21,27.0,0.0,0.0,20.2,paper_informed_nonreactive,Zero yield baseline,within-season 5-fold CV over plots; fixed input history; horizon-specific models,1,5,0
2425,B22,Florida Brilliance,3,2025-02-26,2025-01-07,2025-02-05,21,34.0,0.0,43.0,15.6,paper_informed_nonreactive,Zero yield baseline,within-season 5-fold CV over plots; fixed input history; horizon-specific models,2,5,0
2425,B24,Florida Brilliance,3,2025-02-26,2025-01-07,2025-02-05,21,40.0,0.0,73.0,35.6,paper_informed_nonreactive,Zero yield baseline,within-season 5-fold CV over plots; fixed input history; horizon-specific models,2,5,0
2425,B25,Florida Brilliance,3,2025-02-26,2025-01-07,2025-02-05,21,0.0,0.0,33.0,9.4,paper_informed_nonreactive,Zero yield baseline,within-season 5-fold CV over plots; fixed input history; horizon-specific models,2,5,0
2425,B44,Florida Brilliance,3,2025-02-26,2025-01-07,2025-02-05,21,23.0,0.0,9.0,8.4,paper_informed_nonreactive,Zero yield baseline,within-season 5-fold CV over plots; fixed input history; horizon-specific models,2,5,0
2425,M21,Florida Medallion,3,2025-02-26,2025-01-07,2025-02-05,21,43.0,0.0,13.0,15.4,paper_informed_nonreactive,Zero yield baseline,within-season 5-fold CV over plots; fixed input history; horizon-specific models,2,5,0
2425,M42,Florida Medallion,3,2025-02-26,2025-01-07,2025-02-05,21,0.0,0.0,0.0,12.6,paper_informed_nonreactive,Zero yield baseline,within-season 5-fold CV over plots; fixed input history; horizon-specific models,2,5,0
2425,M45,Florida Medallion,3,2025-02-26,2025-01-07,2025-02-05,21,24.0,0.0,0.0,8.8,paper_informed_nonreactive,Zero yield baseline,within-season 5-fold CV over plots; fixed input history; horizon-specific models,2,5,0
2425,M55,Florida Medallion,3,2025-02-26,2025-01-07,2025-02-05,21,26.0,0.0,0.0,0.0,paper_informed_nonreactive,Zero yield baseline,within-season 5-fold CV over plots; fixed input history; horizon-specific models,2,5,0
2425,B11,Florida Brilliance,3,2025-02-26,2025-01-07,2025-02-05,21,8.0,0.0,0.0,8.75,paper_informed_nonreactive,Zero yield baseline,within-season 5-fold CV over plots; fixed input history; horizon-specific models,3,5,0
2425,B12,Florida Brilliance,3,2025-02-26,2025-01-07,2025-02-05,21,72.0,0.0,18.0,7.4,paper_informed_nonreactive,Zero yield baseline,within-season 5-fold CV over plots; fixed input history; horizon-specific models,3,5,0
2425,B21,Florida Brilliance,3,2025-02-26,2025-01-07,2025-02-05,21,21.0,0.0,0.0,2.2,paper_informed_nonreactive,Zero yield baseline,within-season 5-fold CV over plots; fixed input history; horizon-specific models,3,5,0
2425,B42,Florida Brilliance,3,2025-02-26,2025-01-07,2025-02-05,21,39.0,0.0,12.0,13.6,paper_informed_nonreactive,Zero yield baseline,within-season 5-fold CV over plots; fixed input history; horizon-specific models,3,5,0
2425,B53,Florida Brilliance,3,2025-02-26,2025-01-07,2025-02-05,21,41.0,0.0,0.0,5.0,paper_informed_nonreactive,Zero yield baseline,within-season 5-fold CV over plots; fixed input history; horizon-specific models,3,5,0
2425,M15,Florida Medallion,3,2025-02-26,2025-01-07,2025-02-05,21,45.0,0.0,41.0,22.6,paper_informed_nonreactive,Zero yield baseline,within-season 5-fold CV over plots; fixed input history; horizon-specific models,3,5,0
2425,M25,Florida Medallion,3,2025-02-26,2025-01-07,2025-02-05,21,15.0,0.0,0.0,9.8,paper_informed_nonreactive,Zero yield baseline,within-season 5-fold CV over plots; fixed input history; horizon-specific models,3,5,0
2425,M44,Florida Medallion,3,2025-02-26,2025-01-07,2025-02-05,21,40.0,0.0,0.0,16.8,paper_informed_nonreactive,Zero yield baseline,within-season 5-fold CV over plots; fixed input history; horizon-specific models,3,5,0
2425,B13,Florida Brilliance,3,2025-02-26,2025-01-07,2025-02-05,21,0.0,0.0,17.0,16.6,paper_informed_nonreactive,Zero yield baseline,within-season 5-fold CV over plots; fixed input history; horizon-specific models,4,5,0
2425,B14,Florida Brilliance,3,2025-02-26,2025-01-07,2025-02-05,21,14.0,0.0,23.0,11.8,paper_informed_nonreactive,Zero yield baseline,within-season 5-fold CV over plots; fixed input history; horizon-specific models,4,5,0
2425,M12,Florida Medallion,3,2025-02-26,2025-01-07,2025-02-05,21,83.0,0.0,33.0,18.2,paper_informed_nonreactive,Zero yield baseline,within-season 5-fold CV over plots; fixed input history; horizon-specific models,4,5,0
2425,M14,Florida Medallion,3,2025-02-26,2025-01-07,2025-02-05,21,19.0,0.0,10.0,16.4,paper_informed_nonreactive,Zero yield baseline,within-season 5-fold CV over plots; fixed input history; horizon-specific models,4,5,0
2425,M41,Florida Medallion,3,2025-02-26,2025-01-07,2025-02-05,21,24.0,0.0,4.0,2.4,paper_informed_nonreactive,Zero yield baseline,within-season 5-fold CV over plots; fixed input history; horizon-specific models,4,5,0
2425,M43,Florida Medallion,3,2025-02-26,2025-01-07,2025-02-05,21,29.0,0.0,0.0,21.0,paper_informed_nonreactive,Zero yield baseline,within-season 5-fold CV over plots; fixed input history; horizon-specific models,4,5,0
2425,M51,Florida Medallion,3,2025-02-26,2025-01-07,2025-02-05,21,35.0,0.0,18.0,4.6,paper_informed_nonreactive,Zero yield baseline,within-season 5-fold CV over plots; fixed input history; horizon-specific models,4,5,0
2425,M52,Florida Medallion,3,2025-02-26,2025-01-07,2025-02-05,21,19.0,0.0,0.0,6.6,paper_informed_nonreactive,Zero yield baseline,within-season 5-fold CV over plots; fixed input history; horizon-specific models,4,5,0
2425,B23,Florida Brilliance,3,2025-02-26,2025-01-07,2025-02-05,21,25.0,0.0,21.0,10.4,paper_informed_nonreactive,Zero yield baseline,within-season 5-fold CV over plots; fixed input history; horizon-specific models,5,5,0
2425,B41,Florida Brilliance,3,2025-02-26,2025-01-07,2025-02-05,21,40.0,0.0,0.0,0.0,paper_informed_nonreactive,Zero yield baseline,within-season 5-fold CV over plots; fixed input history; horizon-specific models,5,5,0
2425,B45,Florida Brilliance,3,2025-02-26,2025-01-07,2025-02-05,21,10.0,0.0,0.0,1.4,paper_informed_nonreactive,Zero yield baseline,within-season 5-fold CV over plots; fixed input history; horizon-specific models,5,5,0
2425,B54,Florida Brilliance,3,2025-02-26,2025-01-07,2025-02-05,21,9.0,0.0,0.0,6.8,paper_informed_nonreactive,Zero yield baseline,within-season 5-fold CV over plots; fixed input history; horizon-specific models,5,5,0
2425,M11,Florida Medallion,3,2025-02-26,2025-01-07,2025-02-05,21,13.0,0.0,0.0,20.8,paper_informed_nonreactive,Zero yield baseline,within-season 5-fold CV over plots; fixed input history; horizon-specific models,5,5,0
2425,M13,Florida Medallion,3,2025-02-26,2025-01-07,2025-02-05,21,31.0,0.0,86.0,33.6,paper_informed_nonreactive,Zero yield baseline,within-season 5-fold CV over plots; fixed input history; horizon-specific models,5,5,0
2425,M24,Florida Medallion,3,2025-02-26,2025-01-07,2025-02-05,21,0.0,0.0,14.0,16.0,paper_informed_nonreactive,Zero yield baseline,within-season 5-fold CV over plots; fixed input history; horizon-specific models,5,5,0
2425,M54,Florida Medallion,3,2025-02-26,2025-01-07,2025-02-05,21,40.0,0.0,0.0,0.4,paper_informed_nonreactive,Zero yield baseline,within-season 5-fold CV over plots; fixed input history; horizon-specific models,5,5,0
2425,B15,Florida Brilliance,3,2025-02-26,2025-01-07,2025-02-05,21,17.0,14.887674342852465,0.0,6.2,paper_informed_nonreactive,Ridge,within-season 5-fold CV over plots; fixed input history; horizon-specific models,1,5,98
2425,B43,Florida Brilliance,3,2025-02-26,2025-01-07,2025-02-05,21,39.0,5.862777240319424,0.0,5.0,paper_informed_nonreactive,Ridge,within-season 5-fold CV over plots; fixed input history; horizon-specific models,1,5,98
2425,B51,Florida Brilliance,3,2025-02-26,2025-01-07,2025-02-05,21,0.0,-23.023135269961337,0.0,4.6,paper_informed_nonreactive,Ridge,within-season 5-fold CV over plots; fixed input history; horizon-specific models,1,5,98
2425,B52,Florida Brilliance,3,2025-02-26,2025-01-07,2025-02-05,21,51.0,36.45179043260061,0.0,2.8,paper_informed_nonreactive,Ridge,within-season 5-fold CV over plots; fixed input history; horizon-specific models,1,5,98
2425,B55,Florida Brilliance,3,2025-02-26,2025-01-07,2025-02-05,21,0.0,31.58394714235348,0.0,5.2,paper_informed_nonreactive,Ridge,within-season 5-fold CV over plots; fixed input history; horizon-specific models,1,5,98
2425,M22,Florida Medallion,3,2025-02-26,2025-01-07,2025-02-05,21,55.0,37.482230964086725,0.0,14.0,paper_informed_nonreactive,Ridge,within-season 5-fold CV over plots; fixed input history; horizon-specific models,1,5,98
2425,M23,Florida Medallion,3,2025-02-26,2025-01-07,2025-02-05,21,48.0,36.45518885921585,19.0,21.0,paper_informed_nonreactive,Ridge,within-season 5-fold CV over plots; fixed input history; horizon-specific models,1,5,98
2425,M53,Florida Medallion,3,2025-02-26,2025-01-07,2025-02-05,21,27.0,65.9650889712154,0.0,20.2,paper_informed_nonreactive,Ridge,within-season 5-fold CV over plots; fixed input history; horizon-specific models,1,5,98
2425,B22,Florida Brilliance,3,2025-02-26,2025-01-07,2025-02-05,21,34.0,21.69212935706038,43.0,15.6,paper_informed_nonreactive,Ridge,within-season 5-fold CV over plots; fixed input history; horizon-specific models,2,5,98
2425,B24,Florida Brilliance,3,2025-02-26,2025-01-07,2025-02-05,21,40.0,2.3909295816950404,73.0,35.6,paper_informed_nonreactive,Ridge,within-season 5-fold CV over plots; fixed input history; horizon-specific models,2,5,98
2425,B25,Florida Brilliance,3,2025-02-26,2025-01-07,2025-02-05,21,0.0,-8.049133013051382,33.0,9.4,paper_informed_nonreactive,Ridge,within-season 5-fold CV over plots; fixed input history; horizon-specific models,2,5,98
2425,B44,Florida Brilliance,3,2025-02-26,2025-01-07,2025-02-05,21,23.0,31.524336953986094,9.0,8.4,paper_informed_nonreactive,Ridge,within-season 5-fold CV over plots; fixed input history; horizon-specific models,2,5,98
2425,M21,Florida Medallion,3,2025-02-26,2025-01-07,2025-02-05,21,43.0,38.02408064443805,13.0,15.4,paper_informed_nonreactive,Ridge,within-season 5-fold CV over plots; fixed input history; horizon-specific models,2,5,98
2425,M42,Florida Medallion,3,2025-02-26,2025-01-07,2025-02-05,21,0.0,34.4302375959885,0.0,12.6,paper_informed_nonreactive,Ridge,within-season 5-fold CV over plots; fixed input history; horizon-specific models,2,5,98
2425,M45,Florida Medallion,3,2025-02-26,2025-01-07,2025-02-05,21,24.0,25.79261043323002,0.0,8.8,paper_informed_nonreactive,Ridge,within-season 5-fold CV over plots; fixed input history; horizon-specific models,2,5,98
2425,M55,Florida Medallion,3,2025-02-26,2025-01-07,2025-02-05,21,26.0,18.848978419367985,0.0,0.0,paper_informed_nonreactive,Ridge,within-season 5-fold CV over plots; fixed input history; horizon-specific models,2,5,98
2425,B11,Florida Brilliance,3,2025-02-26,2025-01-07,2025-02-05,21,8.0,19.48616680585485,0.0,8.75,paper_informed_nonreactive,Ridge,within-season 5-fold CV over plots; fixed input history; horizon-specific models,3,5,98
2425,B12,Florida Brilliance,3,2025-02-26,2025-01-07,2025-02-05,21,72.0,51.19047513230791,18.0,7.4,paper_informed_nonreactive,Ridge,within-season 5-fold CV over plots; fixed input history; horizon-specific models,3,5,98
2425,B21,Florida Brilliance,3,2025-02-26,2025-01-07,2025-02-05,21,21.0,51.615212441077105,0.0,2.2,paper_informed_nonreactive,Ridge,within-season 5-fold CV over plots; fixed input history; horizon-specific models,3,5,98
2425,B42,Florida Brilliance,3,2025-02-26,2025-01-07,2025-02-05,21,39.0,2.0093750249393523,12.0,13.6,paper_informed_nonreactive,Ridge,within-season 5-fold CV over plots; fixed input history; horizon-specific models,3,5,98
2425,B53,Florida Brilliance,3,2025-02-26,2025-01-07,2025-02-05,21,41.0,36.31686999613089,0.0,5.0,paper_informed_nonreactive,Ridge,within-season 5-fold CV over plots; fixed input history; horizon-specific models,3,5,98
2425,M15,Florida Medallion,3,2025-02-26,2025-01-07,2025-02-05,21,45.0,24.44461386030499,41.0,22.6,paper_informed_nonreactive,Ridge,within-season 5-fold CV over plots; fixed input history; horizon-specific models,3,5,98
2425,M25,Florida Medallion,3,2025-02-26,2025-01-07,2025-02-05,21,15.0,-14.462749454370254,0.0,9.8,paper_informed_nonreactive,Ridge,within-season 5-fold CV over plots; fixed input history; horizon-specific models,3,5,98
2425,M44,Florida Medallion,3,2025-02-26,2025-01-07,2025-02-05,21,40.0,38.693469550621614,0.0,16.8,paper_informed_nonreactive,Ridge,within-season 5-fold CV over plots; fixed input history; horizon-specific models,3,5,98
2425,B13,Florida Brilliance,3,2025-02-26,2025-01-07,2025-02-05,21,0.0,11.651933095547214,17.0,16.6,paper_informed_nonreactive,Ridge,within-season 5-fold CV over plots; fixed input history; horizon-specific models,4,5,98
2425,B14,Florida Brilliance,3,2025-02-26,2025-01-07,2025-02-05,21,14.0,19.958783606509996,23.0,11.8,paper_informed_nonreactive,Ridge,within-season 5-fold CV over plots; fixed input history; horizon-specific models,4,5,98
2425,M12,Florida Medallion,3,2025-02-26,2025-01-07,2025-02-05,21,83.0,23.645108010189126,33.0,18.2,paper_informed_nonreactive,Ridge,within-season 5-fold CV over plots; fixed input history; horizon-specific models,4,5,98
2425,M14,Florida Medallion,3,2025-02-26,2025-01-07,2025-02-05,21,19.0,5.152119585042907,10.0,16.4,paper_informed_nonreactive,Ridge,within-season 5-fold CV over plots; fixed input history; horizon-specific models,4,5,98
2425,M41,Florida Medallion,3,2025-02-26,2025-01-07,2025-02-05,21,24.0,17.3325594024835,4.0,2.4,paper_informed_nonreactive,Ridge,within-season 5-fold CV over plots; fixed input history; horizon-specific models,4,5,98
2425,M43,Florida Medallion,3,2025-02-26,2025-01-07,2025-02-05,21,29.0,21.00061143164956,0.0,21.0,paper_informed_nonreactive,Ridge,within-season 5-fold CV over plots; fixed input history; horizon-specific models,4,5,98
2425,M51,Florida Medallion,3,2025-02-26,2025-01-07,2025-02-05,21,35.0,38.90642486235704,18.0,4.6,paper_informed_nonreactive,Ridge,within-season 5-fold CV over plots; fixed input history; horizon-specific models,4,5,98
2425,M52,Florida Medallion,3,2025-02-26,2025-01-07,2025-02-05,21,19.0,18.334638343996687,0.0,6.6,paper_informed_nonreactive,Ridge,within-season 5-fold CV over plots; fixed input history; horizon-specific models,4,5,98
2425,B23,Florida Brilliance,3,2025-02-26,2025-01-07,2025-02-05,21,25.0,19.75705977755287,21.0,10.4,paper_informed_nonreactive,Ridge,within-season 5-fold CV over plots; fixed input history; horizon-specific models,5,5,98
2425,B41,Florida Brilliance,3,2025-02-26,2025-01-07,2025-02-05,21,40.0,28.515142073140634,0.0,0.0,paper_informed_nonreactive,Ridge,within-season 5-fold CV over plots; fixed input history; horizon-specific models,5,5,98
2425,B45,Florida Brilliance,3,2025-02-26,2025-01-07,2025-02-05,21,10.0,-6.035657543063692,0.0,1.4,paper_informed_nonreactive,Ridge,within-season 5-fold CV over plots; fixed input history; horizon-specific models,5,5,98
2425,B54,Florida Brilliance,3,2025-02-26,2025-01-07,2025-02-05,21,9.0,29.180131855120617,0.0,6.8,paper_informed_nonreactive,Ridge,within-season 5-fold CV over plots; fixed input history; horizon-specific models,5,5,98
2425,M11,Florida Medallion,3,2025-02-26,2025-01-07,2025-02-05,21,13.0,45.59498518014745,0.0,20.8,paper_informed_nonreactive,Ridge,within-season 5-fold CV over plots; fixed input history; horizon-specific models,5,5,98
2425,M13,Florida Medallion,3,2025-02-26,2025-01-07,2025-02-05,21,31.0,96.16804151441085,86.0,33.6,paper_informed_nonreactive,Ridge,within-season 5-fold CV over plots; fixed input history; horizon-specific models,5,5,98
2425,M24,Florida Medallion,3,2025-02-26,2025-01-07,2025-02-05,21,0.0,30.297122912579404,14.0,16.0,paper_informed_nonreactive,Ridge,within-season 5-fold CV over plots; fixed input history; horizon-specific models,5,5,98
2425,M54,Florida Medallion,3,2025-02-26,2025-01-07,2025-02-05,21,40.0,19.355264918411507,0.0,0.4,paper_informed_nonreactive,Ridge,within-season 5-fold CV over plots; fixed input history; horizon-specific models,5,5,98
2425,B15,Florida Brilliance,3,2025-02-26,2025-01-07,2025-02-05,21,17.0,-4.913020438075328,0.0,6.2,paper_informed_nonreactive,ElasticNet,within-season 5-fold CV over plots; fixed input history; horizon-specific models,1,5,98
2425,B43,Florida Brilliance,3,2025-02-26,2025-01-07,2025-02-05,21,39.0,-2.035191947824245,0.0,5.0,paper_informed_nonreactive,ElasticNet,within-season 5-fold CV over plots; fixed input history; horizon-specific models,1,5,98
2425,B51,Florida Brilliance,3,2025-02-26,2025-01-07,2025-02-05,21,0.0,-45.817629097730574,0.0,4.6,paper_informed_nonreactive,ElasticNet,within-season 5-fold CV over plots; fixed input history; horizon-specific models,1,5,98
2425,B52,Florida Brilliance,3,2025-02-26,2025-01-07,2025-02-05,21,51.0,51.86705100039035,0.0,2.8,paper_informed_nonreactive,ElasticNet,within-season 5-fold CV over plots; fixed input history; horizon-specific models,1,5,98
2425,B55,Florida Brilliance,3,2025-02-26,2025-01-07,2025-02-05,21,0.0,31.980863163518222,0.0,5.2,paper_informed_nonreactive,ElasticNet,within-season 5-fold CV over plots; fixed input history; horizon-specific models,1,5,98
2425,M22,Florida Medallion,3,2025-02-26,2025-01-07,2025-02-05,21,55.0,43.00664342969485,0.0,14.0,paper_informed_nonreactive,ElasticNet,within-season 5-fold CV over plots; fixed input history; horizon-specific models,1,5,98
2425,M23,Florida Medallion,3,2025-02-26,2025-01-07,2025-02-05,21,48.0,40.80825969343036,19.0,21.0,paper_informed_nonreactive,ElasticNet,within-season 5-fold CV over plots; fixed input history; horizon-specific models,1,5,98
2425,M53,Florida Medallion,3,2025-02-26,2025-01-07,2025-02-05,21,27.0,82.02815045734484,0.0,20.2,paper_informed_nonreactive,ElasticNet,within-season 5-fold CV over plots; fixed input history; horizon-specific models,1,5,98
2425,B22,Florida Brilliance,3,2025-02-26,2025-01-07,2025-02-05,21,34.0,26.164963169401354,43.0,15.6,paper_informed_nonreactive,ElasticNet,within-season 5-fold CV over plots; fixed input history; horizon-specific models,2,5,98
2425,B24,Florida Brilliance,3,2025-02-26,2025-01-07,2025-02-05,21,40.0,-3.9149709256472534,73.0,35.6,paper_informed_nonreactive,ElasticNet,within-season 5-fold CV over plots; fixed input history; horizon-specific models,2,5,98
2425,B25,Florida Brilliance,3,2025-02-26,2025-01-07,2025-02-05,21,0.0,-32.04021328838813,33.0,9.4,paper_informed_nonreactive,ElasticNet,within-season 5-fold CV over plots; fixed input history; horizon-specific models,2,5,98
2425,B44,Florida Brilliance,3,2025-02-26,2025-01-07,2025-02-05,21,23.0,51.61272310896686,9.0,8.4,paper_informed_nonreactive,ElasticNet,within-season 5-fold CV over plots; fixed input history; horizon-specific models,2,5,98
2425,M21,Florida Medallion,3,2025-02-26,2025-01-07,2025-02-05,21,43.0,32.10691893665521,13.0,15.4,paper_informed_nonreactive,ElasticNet,within-season 5-fold CV over plots; fixed input history; horizon-specific models,2,5,98
2425,M42,Florida Medallion,3,2025-02-26,2025-01-07,2025-02-05,21,0.0,38.649528544893585,0.0,12.6,paper_informed_nonreactive,ElasticNet,within-season 5-fold CV over plots; fixed input history; horizon-specific models,2,5,98
2425,M45,Florida Medallion,3,2025-02-26,2025-01-07,2025-02-05,21,24.0,36.186196581383285,0.0,8.8,paper_informed_nonreactive,ElasticNet,within-season 5-fold CV over plots; fixed input history; horizon-specific models,2,5,98
2425,M55,Florida Medallion,3,2025-02-26,2025-01-07,2025-02-05,21,26.0,14.29380116514232,0.0,0.0,paper_informed_nonreactive,ElasticNet,within-season 5-fold CV over plots; fixed input history; horizon-specific models,2,5,98
2425,B11,Florida Brilliance,3,2025-02-26,2025-01-07,2025-02-05,21,8.0,24.839435266682187,0.0,8.75,paper_informed_nonreactive,ElasticNet,within-season 5-fold CV over plots; fixed input history; horizon-specific models,3,5,98
2425,B12,Florida Brilliance,3,2025-02-26,2025-01-07,2025-02-05,21,72.0,61.81633698574234,18.0,7.4,paper_informed_nonreactive,ElasticNet,within-season 5-fold CV over plots; fixed input history; horizon-specific models,3,5,98
2425,B21,Florida Brilliance,3,2025-02-26,2025-01-07,2025-02-05,21,21.0,55.66156342989622,0.0,2.2,paper_informed_nonreactive,ElasticNet,within-season 5-fold CV over plots; fixed input history; horizon-specific models,3,5,98
2425,B42,Florida Brilliance,3,2025-02-26,2025-01-07,2025-02-05,21,39.0,-9.670123493028058,12.0,13.6,paper_informed_nonreactive,ElasticNet,within-season 5-fold CV over plots; fixed input history; horizon-specific models,3,5,98
2425,B53,Florida Brilliance,3,2025-02-26,2025-01-07,2025-02-05,21,41.0,45.99610532726159,0.0,5.0,paper_informed_nonreactive,ElasticNet,within-season 5-fold CV over plots; fixed input history; horizon-specific models,3,5,98
2425,M15,Florida Medallion,3,2025-02-26,2025-01-07,2025-02-05,21,45.0,27.1850539158662,41.0,22.6,paper_informed_nonreactive,ElasticNet,within-season 5-fold CV over plots; fixed input history; horizon-specific models,3,5,98
2425,M25,Florida Medallion,3,2025-02-26,2025-01-07,2025-02-05,21,15.0,-57.24837657446646,0.0,9.8,paper_informed_nonreactive,ElasticNet,within-season 5-fold CV over plots; fixed input history; horizon-specific models,3,5,98
2425,M44,Florida Medallion,3,2025-02-26,2025-01-07,2025-02-05,21,40.0,20.008863737856366,0.0,16.8,paper_informed_nonreactive,ElasticNet,within-season 5-fold CV over plots; fixed input history; horizon-specific models,3,5,98
2425,B13,Florida Brilliance,3,2025-02-26,2025-01-07,2025-02-05,21,0.0,5.040837884077668,17.0,16.6,paper_informed_nonreactive,ElasticNet,within-season 5-fold CV over plots; fixed input history; horizon-specific models,4,5,98
2425,B14,Florida Brilliance,3,2025-02-26,2025-01-07,2025-02-05,21,14.0,16.720508711140027,23.0,11.8,paper_informed_nonreactive,ElasticNet,within-season 5-fold CV over plots; fixed input history; horizon-specific models,4,5,98
2425,M12,Florida Medallion,3,2025-02-26,2025-01-07,2025-02-05,21,83.0,15.249811660853307,33.0,18.2,paper_informed_nonreactive,ElasticNet,within-season 5-fold CV over plots; fixed input history; horizon-specific models,4,5,98
2425,M14,Florida Medallion,3,2025-02-26,2025-01-07,2025-02-05,21,19.0,-2.600888378030394,10.0,16.4,paper_informed_nonreactive,ElasticNet,within-season 5-fold CV over plots; fixed input history; horizon-specific models,4,5,98
2425,M41,Florida Medallion,3,2025-02-26,2025-01-07,2025-02-05,21,24.0,18.21407240470571,4.0,2.4,paper_informed_nonreactive,ElasticNet,within-season 5-fold CV over plots; fixed input history; horizon-specific models,4,5,98
2425,M43,Florida Medallion,3,2025-02-26,2025-01-07,2025-02-05,21,29.0,20.608741815436673,0.0,21.0,paper_informed_nonreactive,ElasticNet,within-season 5-fold CV over plots; fixed input history; horizon-specific models,4,5,98
2425,M51,Florida Medallion,3,2025-02-26,2025-01-07,2025-02-05,21,35.0,44.1706613238123,18.0,4.6,paper_informed_nonreactive,ElasticNet,within-season 5-fold CV over plots; fixed input history; horizon-specific models,4,5,98
2425,M52,Florida Medallion,3,2025-02-26,2025-01-07,2025-02-05,21,19.0,13.547217652486324,0.0,6.6,paper_informed_nonreactive,ElasticNet,within-season 5-fold CV over plots; fixed input history; horizon-specific models,4,5,98
2425,B23,Florida Brilliance,3,2025-02-26,2025-01-07,2025-02-05,21,25.0,13.16223104448234,21.0,10.4,paper_informed_nonreactive,ElasticNet,within-season 5-fold CV over plots; fixed input history; horizon-specific models,5,5,98
2425,B41,Florida Brilliance,3,2025-02-26,2025-01-07,2025-02-05,21,40.0,12.10227648645309,0.0,0.0,paper_informed_nonreactive,ElasticNet,within-season 5-fold CV over plots; fixed input history; horizon-specific models,5,5,98
2425,B45,Florida Brilliance,3,2025-02-26,2025-01-07,2025-02-05,21,10.0,-17.18785698736033,0.0,1.4,paper_informed_nonreactive,ElasticNet,within-season 5-fold CV over plots; fixed input history; horizon-specific models,5,5,98
2425,B54,Florida Brilliance,3,2025-02-26,2025-01-07,2025-02-05,21,9.0,27.741514251732184,0.0,6.8,paper_informed_nonreactive,ElasticNet,within-season 5-fold CV over plots; fixed input history; horizon-specific models,5,5,98
2425,M11,Florida Medallion,3,2025-02-26,2025-01-07,2025-02-05,21,13.0,59.155971586375514,0.0,20.8,paper_informed_nonreactive,ElasticNet,within-season 5-fold CV over plots; fixed input history; horizon-specific models,5,5,98
2425,M13,Florida Medallion,3,2025-02-26,2025-01-07,2025-02-05,21,31.0,141.52256055670512,86.0,33.6,paper_informed_nonreactive,ElasticNet,within-season 5-fold CV over plots; fixed input history; horizon-specific models,5,5,98
2425,M24,Florida Medallion,3,2025-02-26,2025-01-07,2025-02-05,21,0.0,35.28995270169506,14.0,16.0,paper_informed_nonreactive,ElasticNet,within-season 5-fold CV over plots; fixed input history; horizon-specific models,5,5,98
2425,M54,Florida Medallion,3,2025-02-26,2025-01-07,2025-02-05,21,40.0,17.931982377063676,0.0,0.4,paper_informed_nonreactive,ElasticNet,within-season 5-fold CV over plots; fixed input history; horizon-specific models,5,5,98
2425,B15,Florida Brilliance,3,2025-02-26,2025-01-07,2025-02-05,21,17.0,30.596029100529098,0.0,6.2,paper_informed_nonreactive,Random Forest,within-season 5-fold CV over plots; fixed input history; horizon-specific models,1,5,98
2425,B43,Florida Brilliance,3,2025-02-26,2025-01-07,2025-02-05,21,39.0,22.04720514670514,0.0,5.0,paper_informed_nonreactive,Random Forest,within-season 5-fold CV over plots; fixed input history; horizon-specific models,1,5,98
2425,B51,Florida Brilliance,3,2025-02-26,2025-01-07,2025-02-05,21,0.0,14.699443759943758,0.0,4.6,paper_informed_nonreactive,Random Forest,within-season 5-fold CV over plots; fixed input history; horizon-specific models,1,5,98
2425,B52,Florida Brilliance,3,2025-02-26,2025-01-07,2025-02-05,21,51.0,44.160142135642154,0.0,2.8,paper_informed_nonreactive,Random Forest,within-season 5-fold CV over plots; fixed input history; horizon-specific models,1,5,98
2425,B55,Florida Brilliance,3,2025-02-26,2025-01-07,2025-02-05,21,0.0,27.353611351611356,0.0,5.2,paper_informed_nonreactive,Random Forest,within-season 5-fold CV over plots; fixed input history; horizon-specific models,1,5,98
2425,M22,Florida Medallion,3,2025-02-26,2025-01-07,2025-02-05,21,55.0,22.713976671476676,0.0,14.0,paper_informed_nonreactive,Random Forest,within-season 5-fold CV over plots; fixed input history; horizon-specific models,1,5,98
2425,M23,Florida Medallion,3,2025-02-26,2025-01-07,2025-02-05,21,48.0,20.39595313945314,19.0,21.0,paper_informed_nonreactive,Random Forest,within-season 5-fold CV over plots; fixed input history; horizon-specific models,1,5,98
2425,M53,Florida Medallion,3,2025-02-26,2025-01-07,2025-02-05,21,27.0,44.77467123617125,0.0,20.2,paper_informed_nonreactive,Random Forest,within-season 5-fold CV over plots; fixed input history; horizon-specific models,1,5,98
2425,B22,Florida Brilliance,3,2025-02-26,2025-01-07,2025-02-05,21,34.0,29.050161856661852,43.0,15.6,paper_informed_nonreactive,Random Forest,within-season 5-fold CV over plots; fixed input history; horizon-specific models,2,5,98
2425,B24,Florida Brilliance,3,2025-02-26,2025-01-07,2025-02-05,21,40.0,23.649688552188547,73.0,35.6,paper_informed_nonreactive,Random Forest,within-season 5-fold CV over plots; fixed input history; horizon-specific models,2,5,98
2425,B25,Florida Brilliance,3,2025-02-26,2025-01-07,2025-02-05,21,0.0,16.78537493987492,33.0,9.4,paper_informed_nonreactive,Random Forest,within-season 5-fold CV over plots; fixed input history; horizon-specific models,2,5,98
2425,B44,Florida Brilliance,3,2025-02-26,2025-01-07,2025-02-05,21,23.0,25.52917075517075,9.0,8.4,paper_informed_nonreactive,Random Forest,within-season 5-fold CV over plots; fixed input history; horizon-specific models,2,5,98
2425,M21,Florida Medallion,3,2025-02-26,2025-01-07,2025-02-05,21,43.0,25.247508658008652,13.0,15.4,paper_informed_nonreactive,Random Forest,within-season 5-fold CV over plots; fixed input history; horizon-specific models,2,5,98
2425,M42,Florida Medallion,3,2025-02-26,2025-01-07,2025-02-05,21,0.0,29.937137566137558,0.0,12.6,paper_informed_nonreactive,Random Forest,within-season 5-fold CV over plots; fixed input history; horizon-specific models,2,5,98
2425,M45,Florida Medallion,3,2025-02-26,2025-01-07,2025-02-05,21,24.0,19.66532515632515,0.0,8.8,paper_informed_nonreactive,Random Forest,within-season 5-fold CV over plots; fixed input history; horizon-specific models,2,5,98
2425,M55,Florida Medallion,3,2025-02-26,2025-01-07,2025-02-05,21,26.0,25.25407215007214,0.0,0.0,paper_informed_nonreactive,Random Forest,within-season 5-fold CV over plots; fixed input history; horizon-specific models,2,5,98
2425,B11,Florida Brilliance,3,2025-02-26,2025-01-07,2025-02-05,21,8.0,7.81130647130647,0.0,8.75,paper_informed_nonreactive,Random Forest,within-season 5-fold CV over plots; fixed input history; horizon-specific models,3,5,98
2425,B12,Florida Brilliance,3,2025-02-26,2025-01-07,2025-02-05,21,72.0,31.273287212787206,18.0,7.4,paper_informed_nonreactive,Random Forest,within-season 5-fold CV over plots; fixed input history; horizon-specific models,3,5,98
2425,B21,Florida Brilliance,3,2025-02-26,2025-01-07,2025-02-05,21,21.0,37.3554477004477,0.0,2.2,paper_informed_nonreactive,Random Forest,within-season 5-fold CV over plots; fixed input history; horizon-specific models,3,5,98
2425,B42,Florida Brilliance,3,2025-02-26,2025-01-07,2025-02-05,21,39.0,16.75772314722315,12.0,13.6,paper_informed_nonreactive,Random Forest,within-season 5-fold CV over plots; fixed input history; horizon-specific models,3,5,98
2425,B53,Florida Brilliance,3,2025-02-26,2025-01-07,2025-02-05,21,41.0,37.86871645021647,0.0,5.0,paper_informed_nonreactive,Random Forest,within-season 5-fold CV over plots; fixed input history; horizon-specific models,3,5,98
2425,M15,Florida Medallion,3,2025-02-26,2025-01-07,2025-02-05,21,45.0,24.751889850889857,41.0,22.6,paper_informed_nonreactive,Random Forest,within-season 5-fold CV over plots; fixed input history; horizon-specific models,3,5,98
2425,M25,Florida Medallion,3,2025-02-26,2025-01-07,2025-02-05,21,15.0,24.381305194805204,0.0,9.8,paper_informed_nonreactive,Random Forest,within-season 5-fold CV over plots; fixed input history; horizon-specific models,3,5,98
2425,M44,Florida Medallion,3,2025-02-26,2025-01-07,2025-02-05,21,40.0,32.31367924667924,0.0,16.8,paper_informed_nonreactive,Random Forest,within-season 5-fold CV over plots; fixed input history; horizon-specific models,3,5,98
2425,B13,Florida Brilliance,3,2025-02-26,2025-01-07,2025-02-05,21,0.0,27.886070707070697,17.0,16.6,paper_informed_nonreactive,Random Forest,within-season 5-fold CV over plots; fixed input history; horizon-specific models,4,5,98
2425,B14,Florida Brilliance,3,2025-02-26,2025-01-07,2025-02-05,21,14.0,26.32981413031413,23.0,11.8,paper_informed_nonreactive,Random Forest,within-season 5-fold CV over plots; fixed input history; horizon-specific models,4,5,98
2425,M12,Florida Medallion,3,2025-02-26,2025-01-07,2025-02-05,21,83.0,35.565499870499856,33.0,18.2,paper_informed_nonreactive,Random Forest,within-season 5-fold CV over plots; fixed input history; horizon-specific models,4,5,98
2425,M14,Florida Medallion,3,2025-02-26,2025-01-07,2025-02-05,21,19.0,20.001896103896105,10.0,16.4,paper_informed_nonreactive,Random Forest,within-season 5-fold CV over plots; fixed input history; horizon-specific models,4,5,98
2425,M41,Florida Medallion,3,2025-02-26,2025-01-07,2025-02-05,21,24.0,25.292059403559414,4.0,2.4,paper_informed_nonreactive,Random Forest,within-season 5-fold CV over plots; fixed input history; horizon-specific models,4,5,98
2425,M43,Florida Medallion,3,2025-02-26,2025-01-07,2025-02-05,21,29.0,24.610925444925442,0.0,21.0,paper_informed_nonreactive,Random Forest,within-season 5-fold CV over plots; fixed input history; horizon-specific models,4,5,98
2425,M51,Florida Medallion,3,2025-02-26,2025-01-07,2025-02-05,21,35.0,35.69038803788803,18.0,4.6,paper_informed_nonreactive,Random Forest,within-season 5-fold CV over plots; fixed input history; horizon-specific models,4,5,98
2425,M52,Florida Medallion,3,2025-02-26,2025-01-07,2025-02-05,21,19.0,28.448346560846566,0.0,6.6,paper_informed_nonreactive,Random Forest,within-season 5-fold CV over plots; fixed input history; horizon-specific models,4,5,98
2425,B23,Florida Brilliance,3,2025-02-26,2025-01-07,2025-02-05,21,25.0,22.864520923520917,21.0,10.4,paper_informed_nonreactive,Random Forest,within-season 5-fold CV over plots; fixed input history; horizon-specific models,5,5,98
2425,B41,Florida Brilliance,3,2025-02-26,2025-01-07,2025-02-05,21,40.0,22.49531986531987,0.0,0.0,paper_informed_nonreactive,Random Forest,within-season 5-fold CV over plots; fixed input history; horizon-specific models,5,5,98
2425,B45,Florida Brilliance,3,2025-02-26,2025-01-07,2025-02-05,21,10.0,19.848186147186148,0.0,1.4,paper_informed_nonreactive,Random Forest,within-season 5-fold CV over plots; fixed input history; horizon-specific models,5,5,98
2425,B54,Florida Brilliance,3,2025-02-26,2025-01-07,2025-02-05,21,9.0,43.15612794612797,0.0,6.8,paper_informed_nonreactive,Random Forest,within-season 5-fold CV over plots; fixed input history; horizon-specific models,5,5,98
2425,M11,Florida Medallion,3,2025-02-26,2025-01-07,2025-02-05,21,13.0,29.12883340733341,0.0,20.8,paper_informed_nonreactive,Random Forest,within-season 5-fold CV over plots; fixed input history; horizon-specific models,5,5,98
2425,M13,Florida Medallion,3,2025-02-26,2025-01-07,2025-02-05,21,31.0,30.541309042809036,86.0,33.6,paper_informed_nonreactive,Random Forest,within-season 5-fold CV over plots; fixed input history; horizon-specific models,5,5,98
2425,M24,Florida Medallion,3,2025-02-26,2025-01-07,2025-02-05,21,0.0,22.103669145669144,14.0,16.0,paper_informed_nonreactive,Random Forest,within-season 5-fold CV over plots; fixed input history; horizon-specific models,5,5,98
2425,M54,Florida Medallion,3,2025-02-26,2025-01-07,2025-02-05,21,40.0,27.730586339586353,0.0,0.4,paper_informed_nonreactive,Random Forest,within-season 5-fold CV over plots; fixed input history; horizon-specific models,5,5,98
2425,B15,Florida Brilliance,3,2025-02-26,2025-01-07,2025-02-05,21,17.0,26.154330595330592,0.0,6.2,paper_informed_nonreactive,Extra Trees,within-season 5-fold CV over plots; fixed input history; horizon-specific models,1,5,98
2425,B43,Florida Brilliance,3,2025-02-26,2025-01-07,2025-02-05,21,39.0,22.392747326747315,0.0,5.0,paper_informed_nonreactive,Extra Trees,within-season 5-fold CV over plots; fixed input history; horizon-specific models,1,5,98
2425,B51,Florida Brilliance,3,2025-02-26,2025-01-07,2025-02-05,21,0.0,13.701542217042224,0.0,4.6,paper_informed_nonreactive,Extra Trees,within-season 5-fold CV over plots; fixed input history; horizon-specific models,1,5,98
2425,B52,Florida Brilliance,3,2025-02-26,2025-01-07,2025-02-05,21,51.0,45.38433333333335,0.0,2.8,paper_informed_nonreactive,Extra Trees,within-season 5-fold CV over plots; fixed input history; horizon-specific models,1,5,98
2425,B55,Florida Brilliance,3,2025-02-26,2025-01-07,2025-02-05,21,0.0,24.699685777185792,0.0,5.2,paper_informed_nonreactive,Extra Trees,within-season 5-fold CV over plots; fixed input history; horizon-specific models,1,5,98
2425,M22,Florida Medallion,3,2025-02-26,2025-01-07,2025-02-05,21,55.0,34.24502380952381,0.0,14.0,paper_informed_nonreactive,Extra Trees,within-season 5-fold CV over plots; fixed input history; horizon-specific models,1,5,98
2425,M23,Florida Medallion,3,2025-02-26,2025-01-07,2025-02-05,21,48.0,17.18639826839827,19.0,21.0,paper_informed_nonreactive,Extra Trees,within-season 5-fold CV over plots; fixed input history; horizon-specific models,1,5,98
2425,M53,Florida Medallion,3,2025-02-26,2025-01-07,2025-02-05,21,27.0,43.98498412698415,0.0,20.2,paper_informed_nonreactive,Extra Trees,within-season 5-fold CV over plots; fixed input history; horizon-specific models,1,5,98
2425,B22,Florida Brilliance,3,2025-02-26,2025-01-07,2025-02-05,21,34.0,35.027412420912405,43.0,15.6,paper_informed_nonreactive,Extra Trees,within-season 5-fold CV over plots; fixed input history; horizon-specific models,2,5,98
2425,B24,Florida Brilliance,3,2025-02-26,2025-01-07,2025-02-05,21,40.0,22.12833718133717,73.0,35.6,paper_informed_nonreactive,Extra Trees,within-season 5-fold CV over plots; fixed input history; horizon-specific models,2,5,98
2425,B25,Florida Brilliance,3,2025-02-26,2025-01-07,2025-02-05,21,0.0,12.747413660413656,33.0,9.4,paper_informed_nonreactive,Extra Trees,within-season 5-fold CV over plots; fixed input history; horizon-specific models,2,5,98
2425,B44,Florida Brilliance,3,2025-02-26,2025-01-07,2025-02-05,21,23.0,26.106616827616826,9.0,8.4,paper_informed_nonreactive,Extra Trees,within-season 5-fold CV over plots; fixed input history; horizon-specific models,2,5,98
2425,M21,Florida Medallion,3,2025-02-26,2025-01-07,2025-02-05,21,43.0,24.966144485144493,13.0,15.4,paper_informed_nonreactive,Extra Trees,within-season 5-fold CV over plots; fixed input history; horizon-specific models,2,5,98
2425,M42,Florida Medallion,3,2025-02-26,2025-01-07,2025-02-05,21,0.0,28.885413604913616,0.0,12.6,paper_informed_nonreactive,Extra Trees,within-season 5-fold CV over plots; fixed input history; horizon-specific models,2,5,98
2425,M45,Florida Medallion,3,2025-02-26,2025-01-07,2025-02-05,21,24.0,21.34475367225367,0.0,8.8,paper_informed_nonreactive,Extra Trees,within-season 5-fold CV over plots; fixed input history; horizon-specific models,2,5,98
2425,M55,Florida Medallion,3,2025-02-26,2025-01-07,2025-02-05,21,26.0,25.29982511932513,0.0,0.0,paper_informed_nonreactive,Extra Trees,within-season 5-fold CV over plots; fixed input history; horizon-specific models,2,5,98
2425,B11,Florida Brilliance,3,2025-02-26,2025-01-07,2025-02-05,21,8.0,6.26449596699597,0.0,8.75,paper_informed_nonreactive,Extra Trees,within-season 5-fold CV over plots; fixed input history; horizon-specific models,3,5,98
2425,B12,Florida Brilliance,3,2025-02-26,2025-01-07,2025-02-05,21,72.0,26.90883562026208,18.0,7.4,paper_informed_nonreactive,Extra Trees,within-season 5-fold CV over plots; fixed input history; horizon-specific models,3,5,98
2425,B21,Florida Brilliance,3,2025-02-26,2025-01-07,2025-02-05,21,21.0,38.224797674547695,0.0,2.2,paper_informed_nonreactive,Extra Trees,within-season 5-fold CV over plots; fixed input history; horizon-specific models,3,5,98
2425,B42,Florida Brilliance,3,2025-02-26,2025-01-07,2025-02-05,21,39.0,16.398057419160363,12.0,13.6,paper_informed_nonreactive,Extra Trees,within-season 5-fold CV over plots; fixed input history; horizon-specific models,3,5,98
2425,B53,Florida Brilliance,3,2025-02-26,2025-01-07,2025-02-05,21,41.0,32.36566402334049,0.0,5.0,paper_informed_nonreactive,Extra Trees,within-season 5-fold CV over plots; fixed input history; horizon-specific models,3,5,98
2425,M15,Florida Medallion,3,2025-02-26,2025-01-07,2025-02-05,21,45.0,20.609161599838068,41.0,22.6,paper_informed_nonreactive,Extra Trees,within-season 5-fold CV over plots; fixed input history; horizon-specific models,3,5,98
2425,M25,Florida Medallion,3,2025-02-26,2025-01-07,2025-02-05,21,15.0,16.897226458726454,0.0,9.8,paper_informed_nonreactive,Extra Trees,within-season 5-fold CV over plots; fixed input history; horizon-specific models,3,5,98
2425,M44,Florida Medallion,3,2025-02-26,2025-01-07,2025-02-05,21,40.0,37.40820194837841,0.0,16.8,paper_informed_nonreactive,Extra Trees,within-season 5-fold CV over plots; fixed input history; horizon-specific models,3,5,98
2425,B13,Florida Brilliance,3,2025-02-26,2025-01-07,2025-02-05,21,0.0,26.396155474155474,17.0,16.6,paper_informed_nonreactive,Extra Trees,within-season 5-fold CV over plots; fixed input history; horizon-specific models,4,5,98
2425,B14,Florida Brilliance,3,2025-02-26,2025-01-07,2025-02-05,21,14.0,27.289893328893324,23.0,11.8,paper_informed_nonreactive,Extra Trees,within-season 5-fold CV over plots; fixed input history; horizon-specific models,4,5,98
2425,M12,Florida Medallion,3,2025-02-26,2025-01-07,2025-02-05,21,83.0,34.15015282865282,33.0,18.2,paper_informed_nonreactive,Extra Trees,within-season 5-fold CV over plots; fixed input history; horizon-specific models,4,5,98
2425,M14,Florida Medallion,3,2025-02-26,2025-01-07,2025-02-05,21,19.0,20.998850279350282,10.0,16.4,paper_informed_nonreactive,Extra Trees,within-season 5-fold CV over plots; fixed input history; horizon-specific models,4,5,98
2425,M41,Florida Medallion,3,2025-02-26,2025-01-07,2025-02-05,21,24.0,15.246733766233762,4.0,2.4,paper_informed_nonreactive,Extra Trees,within-season 5-fold CV over plots; fixed input history; horizon-specific models,4,5,98
2425,M43,Florida Medallion,3,2025-02-26,2025-01-07,2025-02-05,21,29.0,27.542184334184338,0.0,21.0,paper_informed_nonreactive,Extra Trees,within-season 5-fold CV over plots; fixed input history; horizon-specific models,4,5,98
2425,M51,Florida Medallion,3,2025-02-26,2025-01-07,2025-02-05,21,35.0,34.133553631553625,18.0,4.6,paper_informed_nonreactive,Extra Trees,within-season 5-fold CV over plots; fixed input history; horizon-specific models,4,5,98
2425,M52,Florida Medallion,3,2025-02-26,2025-01-07,2025-02-05,21,19.0,35.09566581566582,0.0,6.6,paper_informed_nonreactive,Extra Trees,within-season 5-fold CV over plots; fixed input history; horizon-specific models,4,5,98
2425,B23,Florida Brilliance,3,2025-02-26,2025-01-07,2025-02-05,21,25.0,22.59811322936323,21.0,10.4,paper_informed_nonreactive,Extra Trees,within-season 5-fold CV over plots; fixed input history; horizon-specific models,5,5,98
2425,B41,Florida Brilliance,3,2025-02-26,2025-01-07,2025-02-05,21,40.0,24.595127465127458,0.0,0.0,paper_informed_nonreactive,Extra Trees,within-season 5-fold CV over plots; fixed input history; horizon-specific models,5,5,98
2425,B45,Florida Brilliance,3,2025-02-26,2025-01-07,2025-02-05,21,10.0,16.901629185629186,0.0,1.4,paper_informed_nonreactive,Extra Trees,within-season 5-fold CV over plots; fixed input history; horizon-specific models,5,5,98
2425,B54,Florida Brilliance,3,2025-02-26,2025-01-07,2025-02-05,21,9.0,44.67171916971916,0.0,6.8,paper_informed_nonreactive,Extra Trees,within-season 5-fold CV over plots; fixed input history; horizon-specific models,5,5,98
2425,M11,Florida Medallion,3,2025-02-26,2025-01-07,2025-02-05,21,13.0,26.96632303807303,0.0,20.8,paper_informed_nonreactive,Extra Trees,within-season 5-fold CV over plots; fixed input history; horizon-specific models,5,5,98
2425,M13,Florida Medallion,3,2025-02-26,2025-01-07,2025-02-05,21,31.0,34.4872496947497,86.0,33.6,paper_informed_nonreactive,Extra Trees,within-season 5-fold CV over plots; fixed input history; horizon-specific models,5,5,98
2425,M24,Florida Medallion,3,2025-02-26,2025-01-07,2025-02-05,21,0.0,25.78380997705997,14.0,16.0,paper_informed_nonreactive,Extra Trees,within-season 5-fold CV over plots; fixed input history; horizon-specific models,5,5,98
2425,M54,Florida Medallion,3,2025-02-26,2025-01-07,2025-02-05,21,40.0,27.056886678136678,0.0,0.4,paper_informed_nonreactive,Extra Trees,within-season 5-fold CV over plots; fixed input history; horizon-specific models,5,5,98
2425,B15,Florida Brilliance,3,2025-02-26,2025-01-07,2025-02-05,21,17.0,25.02089205842324,0.0,6.2,paper_informed_nonreactive,Gradient Boosting,within-season 5-fold CV over plots; fixed input history; horizon-specific models,1,5,98
2425,B43,Florida Brilliance,3,2025-02-26,2025-01-07,2025-02-05,21,39.0,21.79896868155383,0.0,5.0,paper_informed_nonreactive,Gradient Boosting,within-season 5-fold CV over plots; fixed input history; horizon-specific models,1,5,98
2425,B51,Florida Brilliance,3,2025-02-26,2025-01-07,2025-02-05,21,0.0,13.26915758489605,0.0,4.6,paper_informed_nonreactive,Gradient Boosting,within-season 5-fold CV over plots; fixed input history; horizon-specific models,1,5,98
2425,B52,Florida Brilliance,3,2025-02-26,2025-01-07,2025-02-05,21,51.0,41.63671030160899,0.0,2.8,paper_informed_nonreactive,Gradient Boosting,within-season 5-fold CV over plots; fixed input history; horizon-specific models,1,5,98
2425,B55,Florida Brilliance,3,2025-02-26,2025-01-07,2025-02-05,21,0.0,25.968869591899654,0.0,5.2,paper_informed_nonreactive,Gradient Boosting,within-season 5-fold CV over plots; fixed input history; horizon-specific models,1,5,98
2425,M22,Florida Medallion,3,2025-02-26,2025-01-07,2025-02-05,21,55.0,24.857849655008494,0.0,14.0,paper_informed_nonreactive,Gradient Boosting,within-season 5-fold CV over plots; fixed input history; horizon-specific models,1,5,98
2425,M23,Florida Medallion,3,2025-02-26,2025-01-07,2025-02-05,21,48.0,19.686282930325724,19.0,21.0,paper_informed_nonreactive,Gradient Boosting,within-season 5-fold CV over plots; fixed input history; horizon-specific models,1,5,98
2425,M53,Florida Medallion,3,2025-02-26,2025-01-07,2025-02-05,21,27.0,56.13539520116728,0.0,20.2,paper_informed_nonreactive,Gradient Boosting,within-season 5-fold CV over plots; fixed input history; horizon-specific models,1,5,98
2425,B22,Florida Brilliance,3,2025-02-26,2025-01-07,2025-02-05,21,34.0,26.44769993326189,43.0,15.6,paper_informed_nonreactive,Gradient Boosting,within-season 5-fold CV over plots; fixed input history; horizon-specific models,2,5,98
2425,B24,Florida Brilliance,3,2025-02-26,2025-01-07,2025-02-05,21,40.0,22.967819863055894,73.0,35.6,paper_informed_nonreactive,Gradient Boosting,within-season 5-fold CV over plots; fixed input history; horizon-specific models,2,5,98
2425,B25,Florida Brilliance,3,2025-02-26,2025-01-07,2025-02-05,21,0.0,14.402963578114669,33.0,9.4,paper_informed_nonreactive,Gradient Boosting,within-season 5-fold CV over plots; fixed input history; horizon-specific models,2,5,98
2425,B44,Florida Brilliance,3,2025-02-26,2025-01-07,2025-02-05,21,23.0,28.258567009769504,9.0,8.4,paper_informed_nonreactive,Gradient Boosting,within-season 5-fold CV over plots; fixed input history; horizon-specific models,2,5,98
2425,M21,Florida Medallion,3,2025-02-26,2025-01-07,2025-02-05,21,43.0,27.781103887301704,13.0,15.4,paper_informed_nonreactive,Gradient Boosting,within-season 5-fold CV over plots; fixed input history; horizon-specific models,2,5,98
2425,M42,Florida Medallion,3,2025-02-26,2025-01-07,2025-02-05,21,0.0,34.01285825324753,0.0,12.6,paper_informed_nonreactive,Gradient Boosting,within-season 5-fold CV over plots; fixed input history; horizon-specific models,2,5,98
2425,M45,Florida Medallion,3,2025-02-26,2025-01-07,2025-02-05,21,24.0,22.22307544597574,0.0,8.8,paper_informed_nonreactive,Gradient Boosting,within-season 5-fold CV over plots; fixed input history; horizon-specific models,2,5,98
2425,M55,Florida Medallion,3,2025-02-26,2025-01-07,2025-02-05,21,26.0,20.12059038206484,0.0,0.0,paper_informed_nonreactive,Gradient Boosting,within-season 5-fold CV over plots; fixed input history; horizon-specific models,2,5,98
2425,B11,Florida Brilliance,3,2025-02-26,2025-01-07,2025-02-05,21,8.0,3.9233673004470195,0.0,8.75,paper_informed_nonreactive,Gradient Boosting,within-season 5-fold CV over plots; fixed input history; horizon-specific models,3,5,98
2425,B12,Florida Brilliance,3,2025-02-26,2025-01-07,2025-02-05,21,72.0,33.455852619821314,18.0,7.4,paper_informed_nonreactive,Gradient Boosting,within-season 5-fold CV over plots; fixed input history; horizon-specific models,3,5,98
2425,B21,Florida Brilliance,3,2025-02-26,2025-01-07,2025-02-05,21,21.0,43.49700578165547,0.0,2.2,paper_informed_nonreactive,Gradient Boosting,within-season 5-fold CV over plots; fixed input history; horizon-specific models,3,5,98
2425,B42,Florida Brilliance,3,2025-02-26,2025-01-07,2025-02-05,21,39.0,10.835919073601591,12.0,13.6,paper_informed_nonreactive,Gradient Boosting,within-season 5-fold CV over plots; fixed input history; horizon-specific models,3,5,98
2425,B53,Florida Brilliance,3,2025-02-26,2025-01-07,2025-02-05,21,41.0,33.70346358973733,0.0,5.0,paper_informed_nonreactive,Gradient Boosting,within-season 5-fold CV over plots; fixed input history; horizon-specific models,3,5,98
2425,M15,Florida Medallion,3,2025-02-26,2025-01-07,2025-02-05,21,45.0,25.71276327025991,41.0,22.6,paper_informed_nonreactive,Gradient Boosting,within-season 5-fold CV over plots; fixed input history; horizon-specific models,3,5,98
2425,M25,Florida Medallion,3,2025-02-26,2025-01-07,2025-02-05,21,15.0,26.147439064367592,0.0,9.8,paper_informed_nonreactive,Gradient Boosting,within-season 5-fold CV over plots; fixed input history; horizon-specific models,3,5,98
2425,M44,Florida Medallion,3,2025-02-26,2025-01-07,2025-02-05,21,40.0,37.56794784774917,0.0,16.8,paper_informed_nonreactive,Gradient Boosting,within-season 5-fold CV over plots; fixed input history; horizon-specific models,3,5,98
2425,B13,Florida Brilliance,3,2025-02-26,2025-01-07,2025-02-05,21,0.0,24.095527681102872,17.0,16.6,paper_informed_nonreactive,Gradient Boosting,within-season 5-fold CV over plots; fixed input history; horizon-specific models,4,5,98
2425,B14,Florida Brilliance,3,2025-02-26,2025-01-07,2025-02-05,21,14.0,28.759177074642494,23.0,11.8,paper_informed_nonreactive,Gradient Boosting,within-season 5-fold CV over plots; fixed input history; horizon-specific models,4,5,98
2425,M12,Florida Medallion,3,2025-02-26,2025-01-07,2025-02-05,21,83.0,40.007839465578265,33.0,18.2,paper_informed_nonreactive,Gradient Boosting,within-season 5-fold CV over plots; fixed input history; horizon-specific models,4,5,98
2425,M14,Florida Medallion,3,2025-02-26,2025-01-07,2025-02-05,21,19.0,17.69737123901117,10.0,16.4,paper_informed_nonreactive,Gradient Boosting,within-season 5-fold CV over plots; fixed input history; horizon-specific models,4,5,98
2425,M41,Florida Medallion,3,2025-02-26,2025-01-07,2025-02-05,21,24.0,23.33383439220472,4.0,2.4,paper_informed_nonreactive,Gradient Boosting,within-season 5-fold CV over plots; fixed input history; horizon-specific models,4,5,98
2425,M43,Florida Medallion,3,2025-02-26,2025-01-07,2025-02-05,21,29.0,25.83097587105081,0.0,21.0,paper_informed_nonreactive,Gradient Boosting,within-season 5-fold CV over plots; fixed input history; horizon-specific models,4,5,98
2425,M51,Florida Medallion,3,2025-02-26,2025-01-07,2025-02-05,21,35.0,40.23852124922724,18.0,4.6,paper_informed_nonreactive,Gradient Boosting,within-season 5-fold CV over plots; fixed input history; horizon-specific models,4,5,98
2425,M52,Florida Medallion,3,2025-02-26,2025-01-07,2025-02-05,21,19.0,30.194451220200932,0.0,6.6,paper_informed_nonreactive,Gradient Boosting,within-season 5-fold CV over plots; fixed input history; horizon-specific models,4,5,98
2425,B23,Florida Brilliance,3,2025-02-26,2025-01-07,2025-02-05,21,25.0,21.085361434882852,21.0,10.4,paper_informed_nonreactive,Gradient Boosting,within-season 5-fold CV over plots; fixed input history; horizon-specific models,5,5,98
2425,B41,Florida Brilliance,3,2025-02-26,2025-01-07,2025-02-05,21,40.0,28.6526946319604,0.0,0.0,paper_informed_nonreactive,Gradient Boosting,within-season 5-fold CV over plots; fixed input history; horizon-specific models,5,5,98
2425,B45,Florida Brilliance,3,2025-02-26,2025-01-07,2025-02-05,21,10.0,19.526630356687242,0.0,1.4,paper_informed_nonreactive,Gradient Boosting,within-season 5-fold CV over plots; fixed input history; horizon-specific models,5,5,98
2425,B54,Florida Brilliance,3,2025-02-26,2025-01-07,2025-02-05,21,9.0,41.91856039698361,0.0,6.8,paper_informed_nonreactive,Gradient Boosting,within-season 5-fold CV over plots; fixed input history; horizon-specific models,5,5,98
2425,M11,Florida Medallion,3,2025-02-26,2025-01-07,2025-02-05,21,13.0,21.663414667084634,0.0,20.8,paper_informed_nonreactive,Gradient Boosting,within-season 5-fold CV over plots; fixed input history; horizon-specific models,5,5,98
2425,M13,Florida Medallion,3,2025-02-26,2025-01-07,2025-02-05,21,31.0,32.41361185612956,86.0,33.6,paper_informed_nonreactive,Gradient Boosting,within-season 5-fold CV over plots; fixed input history; horizon-specific models,5,5,98
2425,M24,Florida Medallion,3,2025-02-26,2025-01-07,2025-02-05,21,0.0,21.290946411646516,14.0,16.0,paper_informed_nonreactive,Gradient Boosting,within-season 5-fold CV over plots; fixed input history; horizon-specific models,5,5,98
2425,M54,Florida Medallion,3,2025-02-26,2025-01-07,2025-02-05,21,40.0,27.88982820261962,0.0,0.4,paper_informed_nonreactive,Gradient Boosting,within-season 5-fold CV over plots; fixed input history; horizon-specific models,5,5,98
2425,B15,Florida Brilliance,3,2025-02-26,2025-01-07,2025-02-05,21,17.0,26.9375,0.0,6.2,paper_informed_nonreactive,HistGradientBoosting,within-season 5-fold CV over plots; fixed input history; horizon-specific models,1,5,98
2425,B43,Florida Brilliance,3,2025-02-26,2025-01-07,2025-02-05,21,39.0,26.9375,0.0,5.0,paper_informed_nonreactive,HistGradientBoosting,within-season 5-fold CV over plots; fixed input history; horizon-specific models,1,5,98
2425,B51,Florida Brilliance,3,2025-02-26,2025-01-07,2025-02-05,21,0.0,26.9375,0.0,4.6,paper_informed_nonreactive,HistGradientBoosting,within-season 5-fold CV over plots; fixed input history; horizon-specific models,1,5,98
2425,B52,Florida Brilliance,3,2025-02-26,2025-01-07,2025-02-05,21,51.0,26.9375,0.0,2.8,paper_informed_nonreactive,HistGradientBoosting,within-season 5-fold CV over plots; fixed input history; horizon-specific models,1,5,98
2425,B55,Florida Brilliance,3,2025-02-26,2025-01-07,2025-02-05,21,0.0,26.9375,0.0,5.2,paper_informed_nonreactive,HistGradientBoosting,within-season 5-fold CV over plots; fixed input history; horizon-specific models,1,5,98
2425,M22,Florida Medallion,3,2025-02-26,2025-01-07,2025-02-05,21,55.0,26.9375,0.0,14.0,paper_informed_nonreactive,HistGradientBoosting,within-season 5-fold CV over plots; fixed input history; horizon-specific models,1,5,98
2425,M23,Florida Medallion,3,2025-02-26,2025-01-07,2025-02-05,21,48.0,26.9375,19.0,21.0,paper_informed_nonreactive,HistGradientBoosting,within-season 5-fold CV over plots; fixed input history; horizon-specific models,1,5,98
2425,M53,Florida Medallion,3,2025-02-26,2025-01-07,2025-02-05,21,27.0,26.9375,0.0,20.2,paper_informed_nonreactive,HistGradientBoosting,within-season 5-fold CV over plots; fixed input history; horizon-specific models,1,5,98
2425,B22,Florida Brilliance,3,2025-02-26,2025-01-07,2025-02-05,21,34.0,28.40625,43.0,15.6,paper_informed_nonreactive,HistGradientBoosting,within-season 5-fold CV over plots; fixed input history; horizon-specific models,2,5,98
2425,B24,Florida Brilliance,3,2025-02-26,2025-01-07,2025-02-05,21,40.0,28.40625,73.0,35.6,paper_informed_nonreactive,HistGradientBoosting,within-season 5-fold CV over plots; fixed input history; horizon-specific models,2,5,98
2425,B25,Florida Brilliance,3,2025-02-26,2025-01-07,2025-02-05,21,0.0,28.40625,33.0,9.4,paper_informed_nonreactive,HistGradientBoosting,within-season 5-fold CV over plots; fixed input history; horizon-specific models,2,5,98
2425,B44,Florida Brilliance,3,2025-02-26,2025-01-07,2025-02-05,21,23.0,28.40625,9.0,8.4,paper_informed_nonreactive,HistGradientBoosting,within-season 5-fold CV over plots; fixed input history; horizon-specific models,2,5,98
2425,M21,Florida Medallion,3,2025-02-26,2025-01-07,2025-02-05,21,43.0,28.40625,13.0,15.4,paper_informed_nonreactive,HistGradientBoosting,within-season 5-fold CV over plots; fixed input history; horizon-specific models,2,5,98
2425,M42,Florida Medallion,3,2025-02-26,2025-01-07,2025-02-05,21,0.0,28.40625,0.0,12.6,paper_informed_nonreactive,HistGradientBoosting,within-season 5-fold CV over plots; fixed input history; horizon-specific models,2,5,98
2425,M45,Florida Medallion,3,2025-02-26,2025-01-07,2025-02-05,21,24.0,28.40625,0.0,8.8,paper_informed_nonreactive,HistGradientBoosting,within-season 5-fold CV over plots; fixed input history; horizon-specific models,2,5,98
2425,M55,Florida Medallion,3,2025-02-26,2025-01-07,2025-02-05,21,26.0,28.40625,0.0,0.0,paper_informed_nonreactive,HistGradientBoosting,within-season 5-fold CV over plots; fixed input history; horizon-specific models,2,5,98
2425,B11,Florida Brilliance,3,2025-02-26,2025-01-07,2025-02-05,21,8.0,25.5625,0.0,8.75,paper_informed_nonreactive,HistGradientBoosting,within-season 5-fold CV over plots; fixed input history; horizon-specific models,3,5,98
2425,B12,Florida Brilliance,3,2025-02-26,2025-01-07,2025-02-05,21,72.0,25.5625,18.0,7.4,paper_informed_nonreactive,HistGradientBoosting,within-season 5-fold CV over plots; fixed input history; horizon-specific models,3,5,98
2425,B21,Florida Brilliance,3,2025-02-26,2025-01-07,2025-02-05,21,21.0,25.5625,0.0,2.2,paper_informed_nonreactive,HistGradientBoosting,within-season 5-fold CV over plots; fixed input history; horizon-specific models,3,5,98
2425,B42,Florida Brilliance,3,2025-02-26,2025-01-07,2025-02-05,21,39.0,25.5625,12.0,13.6,paper_informed_nonreactive,HistGradientBoosting,within-season 5-fold CV over plots; fixed input history; horizon-specific models,3,5,98
2425,B53,Florida Brilliance,3,2025-02-26,2025-01-07,2025-02-05,21,41.0,25.5625,0.0,5.0,paper_informed_nonreactive,HistGradientBoosting,within-season 5-fold CV over plots; fixed input history; horizon-specific models,3,5,98
2425,M15,Florida Medallion,3,2025-02-26,2025-01-07,2025-02-05,21,45.0,25.5625,41.0,22.6,paper_informed_nonreactive,HistGradientBoosting,within-season 5-fold CV over plots; fixed input history; horizon-specific models,3,5,98
2425,M25,Florida Medallion,3,2025-02-26,2025-01-07,2025-02-05,21,15.0,25.5625,0.0,9.8,paper_informed_nonreactive,HistGradientBoosting,within-season 5-fold CV over plots; fixed input history; horizon-specific models,3,5,98
2425,M44,Florida Medallion,3,2025-02-26,2025-01-07,2025-02-05,21,40.0,25.5625,0.0,16.8,paper_informed_nonreactive,HistGradientBoosting,within-season 5-fold CV over plots; fixed input history; horizon-specific models,3,5,98
2425,B13,Florida Brilliance,3,2025-02-26,2025-01-07,2025-02-05,21,0.0,27.375,17.0,16.6,paper_informed_nonreactive,HistGradientBoosting,within-season 5-fold CV over plots; fixed input history; horizon-specific models,4,5,98
2425,B14,Florida Brilliance,3,2025-02-26,2025-01-07,2025-02-05,21,14.0,27.375,23.0,11.8,paper_informed_nonreactive,HistGradientBoosting,within-season 5-fold CV over plots; fixed input history; horizon-specific models,4,5,98
2425,M12,Florida Medallion,3,2025-02-26,2025-01-07,2025-02-05,21,83.0,27.375,33.0,18.2,paper_informed_nonreactive,HistGradientBoosting,within-season 5-fold CV over plots; fixed input history; horizon-specific models,4,5,98
2425,M14,Florida Medallion,3,2025-02-26,2025-01-07,2025-02-05,21,19.0,27.375,10.0,16.4,paper_informed_nonreactive,HistGradientBoosting,within-season 5-fold CV over plots; fixed input history; horizon-specific models,4,5,98
2425,M41,Florida Medallion,3,2025-02-26,2025-01-07,2025-02-05,21,24.0,27.375,4.0,2.4,paper_informed_nonreactive,HistGradientBoosting,within-season 5-fold CV over plots; fixed input history; horizon-specific models,4,5,98
2425,M43,Florida Medallion,3,2025-02-26,2025-01-07,2025-02-05,21,29.0,27.375,0.0,21.0,paper_informed_nonreactive,HistGradientBoosting,within-season 5-fold CV over plots; fixed input history; horizon-specific models,4,5,98
2425,M51,Florida Medallion,3,2025-02-26,2025-01-07,2025-02-05,21,35.0,27.375,18.0,4.6,paper_informed_nonreactive,HistGradientBoosting,within-season 5-fold CV over plots; fixed input history; horizon-specific models,4,5,98
2425,M52,Florida Medallion,3,2025-02-26,2025-01-07,2025-02-05,21,19.0,27.375,0.0,6.6,paper_informed_nonreactive,HistGradientBoosting,within-season 5-fold CV over plots; fixed input history; horizon-specific models,4,5,98
2425,B23,Florida Brilliance,3,2025-02-26,2025-01-07,2025-02-05,21,25.0,29.09375,21.0,10.4,paper_informed_nonreactive,HistGradientBoosting,within-season 5-fold CV over plots; fixed input history; horizon-specific models,5,5,98
2425,B41,Florida Brilliance,3,2025-02-26,2025-01-07,2025-02-05,21,40.0,29.09375,0.0,0.0,paper_informed_nonreactive,HistGradientBoosting,within-season 5-fold CV over plots; fixed input history; horizon-specific models,5,5,98
2425,B45,Florida Brilliance,3,2025-02-26,2025-01-07,2025-02-05,21,10.0,29.09375,0.0,1.4,paper_informed_nonreactive,HistGradientBoosting,within-season 5-fold CV over plots; fixed input history; horizon-specific models,5,5,98
2425,B54,Florida Brilliance,3,2025-02-26,2025-01-07,2025-02-05,21,9.0,29.09375,0.0,6.8,paper_informed_nonreactive,HistGradientBoosting,within-season 5-fold CV over plots; fixed input history; horizon-specific models,5,5,98
2425,M11,Florida Medallion,3,2025-02-26,2025-01-07,2025-02-05,21,13.0,29.09375,0.0,20.8,paper_informed_nonreactive,HistGradientBoosting,within-season 5-fold CV over plots; fixed input history; horizon-specific models,5,5,98
2425,M13,Florida Medallion,3,2025-02-26,2025-01-07,2025-02-05,21,31.0,29.09375,86.0,33.6,paper_informed_nonreactive,HistGradientBoosting,within-season 5-fold CV over plots; fixed input history; horizon-specific models,5,5,98
2425,M24,Florida Medallion,3,2025-02-26,2025-01-07,2025-02-05,21,0.0,29.09375,14.0,16.0,paper_informed_nonreactive,HistGradientBoosting,within-season 5-fold CV over plots; fixed input history; horizon-specific models,5,5,98
2425,M54,Florida Medallion,3,2025-02-26,2025-01-07,2025-02-05,21,40.0,29.09375,0.0,0.4,paper_informed_nonreactive,HistGradientBoosting,within-season 5-fold CV over plots; fixed input history; horizon-specific models,5,5,98
2425,B15,Florida Brilliance,4,2025-03-05,2025-01-07,2025-02-05,28,121.0,50.3125,0.0,6.2,paper_informed_nonreactive,Training horizon mean baseline,within-season 5-fold CV over plots; fixed input history; horizon-specific models,1,5,0
2425,B43,Florida Brilliance,4,2025-03-05,2025-01-07,2025-02-05,28,38.0,50.3125,0.0,5.0,paper_informed_nonreactive,Training horizon mean baseline,within-season 5-fold CV over plots; fixed input history; horizon-specific models,1,5,0
2425,B51,Florida Brilliance,4,2025-03-05,2025-01-07,2025-02-05,28,65.0,50.3125,0.0,4.6,paper_informed_nonreactive,Training horizon mean baseline,within-season 5-fold CV over plots; fixed input history; horizon-specific models,1,5,0
2425,B52,Florida Brilliance,4,2025-03-05,2025-01-07,2025-02-05,28,150.0,50.3125,0.0,2.8,paper_informed_nonreactive,Training horizon mean baseline,within-season 5-fold CV over plots; fixed input history; horizon-specific models,1,5,0
2425,B55,Florida Brilliance,4,2025-03-05,2025-01-07,2025-02-05,28,7.0,50.3125,0.0,5.2,paper_informed_nonreactive,Training horizon mean baseline,within-season 5-fold CV over plots; fixed input history; horizon-specific models,1,5,0
2425,M22,Florida Medallion,4,2025-03-05,2025-01-07,2025-02-05,28,102.0,50.3125,0.0,14.0,paper_informed_nonreactive,Training horizon mean baseline,within-season 5-fold CV over plots; fixed input history; horizon-specific models,1,5,0
2425,M23,Florida Medallion,4,2025-03-05,2025-01-07,2025-02-05,28,26.0,50.3125,19.0,21.0,paper_informed_nonreactive,Training horizon mean baseline,within-season 5-fold CV over plots; fixed input history; horizon-specific models,1,5,0
2425,M53,Florida Medallion,4,2025-03-05,2025-01-07,2025-02-05,28,7.0,50.3125,0.0,20.2,paper_informed_nonreactive,Training horizon mean baseline,within-season 5-fold CV over plots; fixed input history; horizon-specific models,1,5,0
2425,B22,Florida Brilliance,4,2025-03-05,2025-01-07,2025-02-05,28,136.0,53.90625,43.0,15.6,paper_informed_nonreactive,Training horizon mean baseline,within-season 5-fold CV over plots; fixed input history; horizon-specific models,2,5,0
2425,B24,Florida Brilliance,4,2025-03-05,2025-01-07,2025-02-05,28,48.0,53.90625,73.0,35.6,paper_informed_nonreactive,Training horizon mean baseline,within-season 5-fold CV over plots; fixed input history; horizon-specific models,2,5,0
2425,B25,Florida Brilliance,4,2025-03-05,2025-01-07,2025-02-05,28,51.0,53.90625,33.0,9.4,paper_informed_nonreactive,Training horizon mean baseline,within-season 5-fold CV over plots; fixed input history; horizon-specific models,2,5,0
2425,B44,Florida Brilliance,4,2025-03-05,2025-01-07,2025-02-05,28,92.0,53.90625,9.0,8.4,paper_informed_nonreactive,Training horizon mean baseline,within-season 5-fold CV over plots; fixed input history; horizon-specific models,2,5,0
2425,M21,Florida Medallion,4,2025-03-05,2025-01-07,2025-02-05,28,38.0,53.90625,13.0,15.4,paper_informed_nonreactive,Training horizon mean baseline,within-season 5-fold CV over plots; fixed input history; horizon-specific models,2,5,0
2425,M42,Florida Medallion,4,2025-03-05,2025-01-07,2025-02-05,28,5.0,53.90625,0.0,12.6,paper_informed_nonreactive,Training horizon mean baseline,within-season 5-fold CV over plots; fixed input history; horizon-specific models,2,5,0
2425,M45,Florida Medallion,4,2025-03-05,2025-01-07,2025-02-05,28,2.0,53.90625,0.0,8.8,paper_informed_nonreactive,Training horizon mean baseline,within-season 5-fold CV over plots; fixed input history; horizon-specific models,2,5,0
2425,M55,Florida Medallion,4,2025-03-05,2025-01-07,2025-02-05,28,29.0,53.90625,0.0,0.0,paper_informed_nonreactive,Training horizon mean baseline,within-season 5-fold CV over plots; fixed input history; horizon-specific models,2,5,0
2425,B11,Florida Brilliance,4,2025-03-05,2025-01-07,2025-02-05,28,19.0,53.25,0.0,8.75,paper_informed_nonreactive,Training horizon mean baseline,within-season 5-fold CV over plots; fixed input history; horizon-specific models,3,5,0
2425,B12,Florida Brilliance,4,2025-03-05,2025-01-07,2025-02-05,28,50.0,53.25,18.0,7.4,paper_informed_nonreactive,Training horizon mean baseline,within-season 5-fold CV over plots; fixed input history; horizon-specific models,3,5,0
2425,B21,Florida Brilliance,4,2025-03-05,2025-01-07,2025-02-05,28,68.0,53.25,0.0,2.2,paper_informed_nonreactive,Training horizon mean baseline,within-season 5-fold CV over plots; fixed input history; horizon-specific models,3,5,0
2425,B42,Florida Brilliance,4,2025-03-05,2025-01-07,2025-02-05,28,47.0,53.25,12.0,13.6,paper_informed_nonreactive,Training horizon mean baseline,within-season 5-fold CV over plots; fixed input history; horizon-specific models,3,5,0
2425,B53,Florida Brilliance,4,2025-03-05,2025-01-07,2025-02-05,28,147.0,53.25,0.0,5.0,paper_informed_nonreactive,Training horizon mean baseline,within-season 5-fold CV over plots; fixed input history; horizon-specific models,3,5,0
2425,M15,Florida Medallion,4,2025-03-05,2025-01-07,2025-02-05,28,34.0,53.25,41.0,22.6,paper_informed_nonreactive,Training horizon mean baseline,within-season 5-fold CV over plots; fixed input history; horizon-specific models,3,5,0
2425,M25,Florida Medallion,4,2025-03-05,2025-01-07,2025-02-05,28,9.0,53.25,0.0,9.8,paper_informed_nonreactive,Training horizon mean baseline,within-season 5-fold CV over plots; fixed input history; horizon-specific models,3,5,0
2425,M44,Florida Medallion,4,2025-03-05,2025-01-07,2025-02-05,28,48.0,53.25,0.0,16.8,paper_informed_nonreactive,Training horizon mean baseline,within-season 5-fold CV over plots; fixed input history; horizon-specific models,3,5,0
2425,B13,Florida Brilliance,4,2025-03-05,2025-01-07,2025-02-05,28,55.0,57.40625,17.0,16.6,paper_informed_nonreactive,Training horizon mean baseline,within-season 5-fold CV over plots; fixed input history; horizon-specific models,4,5,0
2425,B14,Florida Brilliance,4,2025-03-05,2025-01-07,2025-02-05,28,36.0,57.40625,23.0,11.8,paper_informed_nonreactive,Training horizon mean baseline,within-season 5-fold CV over plots; fixed input history; horizon-specific models,4,5,0
2425,M12,Florida Medallion,4,2025-03-05,2025-01-07,2025-02-05,28,71.0,57.40625,33.0,18.2,paper_informed_nonreactive,Training horizon mean baseline,within-season 5-fold CV over plots; fixed input history; horizon-specific models,4,5,0
2425,M14,Florida Medallion,4,2025-03-05,2025-01-07,2025-02-05,28,32.0,57.40625,10.0,16.4,paper_informed_nonreactive,Training horizon mean baseline,within-season 5-fold CV over plots; fixed input history; horizon-specific models,4,5,0
2425,M41,Florida Medallion,4,2025-03-05,2025-01-07,2025-02-05,28,28.0,57.40625,4.0,2.4,paper_informed_nonreactive,Training horizon mean baseline,within-season 5-fold CV over plots; fixed input history; horizon-specific models,4,5,0
2425,M43,Florida Medallion,4,2025-03-05,2025-01-07,2025-02-05,28,24.0,57.40625,0.0,21.0,paper_informed_nonreactive,Training horizon mean baseline,within-season 5-fold CV over plots; fixed input history; horizon-specific models,4,5,0
2425,M51,Florida Medallion,4,2025-03-05,2025-01-07,2025-02-05,28,17.0,57.40625,18.0,4.6,paper_informed_nonreactive,Training horizon mean baseline,within-season 5-fold CV over plots; fixed input history; horizon-specific models,4,5,0
2425,M52,Florida Medallion,4,2025-03-05,2025-01-07,2025-02-05,28,26.0,57.40625,0.0,6.6,paper_informed_nonreactive,Training horizon mean baseline,within-season 5-fold CV over plots; fixed input history; horizon-specific models,4,5,0
2425,B23,Florida Brilliance,4,2025-03-05,2025-01-07,2025-02-05,28,55.0,50.875,21.0,10.4,paper_informed_nonreactive,Training horizon mean baseline,within-season 5-fold CV over plots; fixed input history; horizon-specific models,5,5,0
2425,B41,Florida Brilliance,4,2025-03-05,2025-01-07,2025-02-05,28,134.0,50.875,0.0,0.0,paper_informed_nonreactive,Training horizon mean baseline,within-season 5-fold CV over plots; fixed input history; horizon-specific models,5,5,0
2425,B45,Florida Brilliance,4,2025-03-05,2025-01-07,2025-02-05,28,34.0,50.875,0.0,1.4,paper_informed_nonreactive,Training horizon mean baseline,within-season 5-fold CV over plots; fixed input history; horizon-specific models,5,5,0
2425,B54,Florida Brilliance,4,2025-03-05,2025-01-07,2025-02-05,28,98.0,50.875,0.0,6.8,paper_informed_nonreactive,Training horizon mean baseline,within-season 5-fold CV over plots; fixed input history; horizon-specific models,5,5,0
2425,M11,Florida Medallion,4,2025-03-05,2025-01-07,2025-02-05,28,5.0,50.875,0.0,20.8,paper_informed_nonreactive,Training horizon mean baseline,within-season 5-fold CV over plots; fixed input history; horizon-specific models,5,5,0
2425,M13,Florida Medallion,4,2025-03-05,2025-01-07,2025-02-05,28,107.0,50.875,86.0,33.6,paper_informed_nonreactive,Training horizon mean baseline,within-season 5-fold CV over plots; fixed input history; horizon-specific models,5,5,0
2425,M24,Florida Medallion,4,2025-03-05,2025-01-07,2025-02-05,28,18.0,50.875,14.0,16.0,paper_informed_nonreactive,Training horizon mean baseline,within-season 5-fold CV over plots; fixed input history; horizon-specific models,5,5,0
2425,M54,Florida Medallion,4,2025-03-05,2025-01-07,2025-02-05,28,47.0,50.875,0.0,0.4,paper_informed_nonreactive,Training horizon mean baseline,within-season 5-fold CV over plots; fixed input history; horizon-specific models,5,5,0
2425,B15,Florida Brilliance,4,2025-03-05,2025-01-07,2025-02-05,28,121.0,71.33333333333333,0.0,6.2,paper_informed_nonreactive,Cultivar horizon mean baseline,within-season 5-fold CV over plots; fixed input history; horizon-specific models,1,5,0
2425,B43,Florida Brilliance,4,2025-03-05,2025-01-07,2025-02-05,28,38.0,71.33333333333333,0.0,5.0,paper_informed_nonreactive,Cultivar horizon mean baseline,within-season 5-fold CV over plots; fixed input history; horizon-specific models,1,5,0
2425,B51,Florida Brilliance,4,2025-03-05,2025-01-07,2025-02-05,28,65.0,71.33333333333333,0.0,4.6,paper_informed_nonreactive,Cultivar horizon mean baseline,within-season 5-fold CV over plots; fixed input history; horizon-specific models,1,5,0
2425,B52,Florida Brilliance,4,2025-03-05,2025-01-07,2025-02-05,28,150.0,71.33333333333333,0.0,2.8,paper_informed_nonreactive,Cultivar horizon mean baseline,within-season 5-fold CV over plots; fixed input history; horizon-specific models,1,5,0
2425,B55,Florida Brilliance,4,2025-03-05,2025-01-07,2025-02-05,28,7.0,71.33333333333333,0.0,5.2,paper_informed_nonreactive,Cultivar horizon mean baseline,within-season 5-fold CV over plots; fixed input history; horizon-specific models,1,5,0
2425,M22,Florida Medallion,4,2025-03-05,2025-01-07,2025-02-05,28,102.0,31.764705882352942,0.0,14.0,paper_informed_nonreactive,Cultivar horizon mean baseline,within-season 5-fold CV over plots; fixed input history; horizon-specific models,1,5,0
2425,M23,Florida Medallion,4,2025-03-05,2025-01-07,2025-02-05,28,26.0,31.764705882352942,19.0,21.0,paper_informed_nonreactive,Cultivar horizon mean baseline,within-season 5-fold CV over plots; fixed input history; horizon-specific models,1,5,0
2425,M53,Florida Medallion,4,2025-03-05,2025-01-07,2025-02-05,28,7.0,31.764705882352942,0.0,20.2,paper_informed_nonreactive,Cultivar horizon mean baseline,within-season 5-fold CV over plots; fixed input history; horizon-specific models,1,5,0
2425,B22,Florida Brilliance,4,2025-03-05,2025-01-07,2025-02-05,28,136.0,70.25,43.0,15.6,paper_informed_nonreactive,Cultivar horizon mean baseline,within-season 5-fold CV over plots; fixed input history; horizon-specific models,2,5,0
2425,B24,Florida Brilliance,4,2025-03-05,2025-01-07,2025-02-05,28,48.0,70.25,73.0,35.6,paper_informed_nonreactive,Cultivar horizon mean baseline,within-season 5-fold CV over plots; fixed input history; horizon-specific models,2,5,0
2425,B25,Florida Brilliance,4,2025-03-05,2025-01-07,2025-02-05,28,51.0,70.25,33.0,9.4,paper_informed_nonreactive,Cultivar horizon mean baseline,within-season 5-fold CV over plots; fixed input history; horizon-specific models,2,5,0
2425,B44,Florida Brilliance,4,2025-03-05,2025-01-07,2025-02-05,28,92.0,70.25,9.0,8.4,paper_informed_nonreactive,Cultivar horizon mean baseline,within-season 5-fold CV over plots; fixed input history; horizon-specific models,2,5,0
2425,M21,Florida Medallion,4,2025-03-05,2025-01-07,2025-02-05,28,38.0,37.5625,13.0,15.4,paper_informed_nonreactive,Cultivar horizon mean baseline,within-season 5-fold CV over plots; fixed input history; horizon-specific models,2,5,0
2425,M42,Florida Medallion,4,2025-03-05,2025-01-07,2025-02-05,28,5.0,37.5625,0.0,12.6,paper_informed_nonreactive,Cultivar horizon mean baseline,within-season 5-fold CV over plots; fixed input history; horizon-specific models,2,5,0
2425,M45,Florida Medallion,4,2025-03-05,2025-01-07,2025-02-05,28,2.0,37.5625,0.0,8.8,paper_informed_nonreactive,Cultivar horizon mean baseline,within-season 5-fold CV over plots; fixed input history; horizon-specific models,2,5,0
2425,M55,Florida Medallion,4,2025-03-05,2025-01-07,2025-02-05,28,29.0,37.5625,0.0,0.0,paper_informed_nonreactive,Cultivar horizon mean baseline,within-season 5-fold CV over plots; fixed input history; horizon-specific models,2,5,0
2425,B11,Florida Brilliance,4,2025-03-05,2025-01-07,2025-02-05,28,19.0,74.66666666666667,0.0,8.75,paper_informed_nonreactive,Cultivar horizon mean baseline,within-season 5-fold CV over plots; fixed input history; horizon-specific models,3,5,0
2425,B12,Florida Brilliance,4,2025-03-05,2025-01-07,2025-02-05,28,50.0,74.66666666666667,18.0,7.4,paper_informed_nonreactive,Cultivar horizon mean baseline,within-season 5-fold CV over plots; fixed input history; horizon-specific models,3,5,0
2425,B21,Florida Brilliance,4,2025-03-05,2025-01-07,2025-02-05,28,68.0,74.66666666666667,0.0,2.2,paper_informed_nonreactive,Cultivar horizon mean baseline,within-season 5-fold CV over plots; fixed input history; horizon-specific models,3,5,0
2425,B42,Florida Brilliance,4,2025-03-05,2025-01-07,2025-02-05,28,47.0,74.66666666666667,12.0,13.6,paper_informed_nonreactive,Cultivar horizon mean baseline,within-season 5-fold CV over plots; fixed input history; horizon-specific models,3,5,0
2425,B53,Florida Brilliance,4,2025-03-05,2025-01-07,2025-02-05,28,147.0,74.66666666666667,0.0,5.0,paper_informed_nonreactive,Cultivar horizon mean baseline,within-season 5-fold CV over plots; fixed input history; horizon-specific models,3,5,0
2425,M15,Florida Medallion,4,2025-03-05,2025-01-07,2025-02-05,28,34.0,34.35294117647059,41.0,22.6,paper_informed_nonreactive,Cultivar horizon mean baseline,within-season 5-fold CV over plots; fixed input history; horizon-specific models,3,5,0
2425,M25,Florida Medallion,4,2025-03-05,2025-01-07,2025-02-05,28,9.0,34.35294117647059,0.0,9.8,paper_informed_nonreactive,Cultivar horizon mean baseline,within-season 5-fold CV over plots; fixed input history; horizon-specific models,3,5,0
2425,M44,Florida Medallion,4,2025-03-05,2025-01-07,2025-02-05,28,48.0,34.35294117647059,0.0,16.8,paper_informed_nonreactive,Cultivar horizon mean baseline,within-season 5-fold CV over plots; fixed input history; horizon-specific models,3,5,0
2425,B13,Florida Brilliance,4,2025-03-05,2025-01-07,2025-02-05,28,55.0,75.55555555555556,17.0,16.6,paper_informed_nonreactive,Cultivar horizon mean baseline,within-season 5-fold CV over plots; fixed input history; horizon-specific models,4,5,0
2425,B14,Florida Brilliance,4,2025-03-05,2025-01-07,2025-02-05,28,36.0,75.55555555555556,23.0,11.8,paper_informed_nonreactive,Cultivar horizon mean baseline,within-season 5-fold CV over plots; fixed input history; horizon-specific models,4,5,0
2425,M12,Florida Medallion,4,2025-03-05,2025-01-07,2025-02-05,28,71.0,34.07142857142857,33.0,18.2,paper_informed_nonreactive,Cultivar horizon mean baseline,within-season 5-fold CV over plots; fixed input history; horizon-specific models,4,5,0
2425,M14,Florida Medallion,4,2025-03-05,2025-01-07,2025-02-05,28,32.0,34.07142857142857,10.0,16.4,paper_informed_nonreactive,Cultivar horizon mean baseline,within-season 5-fold CV over plots; fixed input history; horizon-specific models,4,5,0
2425,M41,Florida Medallion,4,2025-03-05,2025-01-07,2025-02-05,28,28.0,34.07142857142857,4.0,2.4,paper_informed_nonreactive,Cultivar horizon mean baseline,within-season 5-fold CV over plots; fixed input history; horizon-specific models,4,5,0
2425,M43,Florida Medallion,4,2025-03-05,2025-01-07,2025-02-05,28,24.0,34.07142857142857,0.0,21.0,paper_informed_nonreactive,Cultivar horizon mean baseline,within-season 5-fold CV over plots; fixed input history; horizon-specific models,4,5,0
2425,M51,Florida Medallion,4,2025-03-05,2025-01-07,2025-02-05,28,17.0,34.07142857142857,18.0,4.6,paper_informed_nonreactive,Cultivar horizon mean baseline,within-season 5-fold CV over plots; fixed input history; horizon-specific models,4,5,0
2425,M52,Florida Medallion,4,2025-03-05,2025-01-07,2025-02-05,28,26.0,34.07142857142857,0.0,6.6,paper_informed_nonreactive,Cultivar horizon mean baseline,within-season 5-fold CV over plots; fixed input history; horizon-specific models,4,5,0
2425,B23,Florida Brilliance,4,2025-03-05,2025-01-07,2025-02-05,28,55.0,70.625,21.0,10.4,paper_informed_nonreactive,Cultivar horizon mean baseline,within-season 5-fold CV over plots; fixed input history; horizon-specific models,5,5,0
2425,B41,Florida Brilliance,4,2025-03-05,2025-01-07,2025-02-05,28,134.0,70.625,0.0,0.0,paper_informed_nonreactive,Cultivar horizon mean baseline,within-season 5-fold CV over plots; fixed input history; horizon-specific models,5,5,0
2425,B45,Florida Brilliance,4,2025-03-05,2025-01-07,2025-02-05,28,34.0,70.625,0.0,1.4,paper_informed_nonreactive,Cultivar horizon mean baseline,within-season 5-fold CV over plots; fixed input history; horizon-specific models,5,5,0
2425,B54,Florida Brilliance,4,2025-03-05,2025-01-07,2025-02-05,28,98.0,70.625,0.0,6.8,paper_informed_nonreactive,Cultivar horizon mean baseline,within-season 5-fold CV over plots; fixed input history; horizon-specific models,5,5,0
2425,M11,Florida Medallion,4,2025-03-05,2025-01-07,2025-02-05,28,5.0,31.125,0.0,20.8,paper_informed_nonreactive,Cultivar horizon mean baseline,within-season 5-fold CV over plots; fixed input history; horizon-specific models,5,5,0
2425,M13,Florida Medallion,4,2025-03-05,2025-01-07,2025-02-05,28,107.0,31.125,86.0,33.6,paper_informed_nonreactive,Cultivar horizon mean baseline,within-season 5-fold CV over plots; fixed input history; horizon-specific models,5,5,0
2425,M24,Florida Medallion,4,2025-03-05,2025-01-07,2025-02-05,28,18.0,31.125,14.0,16.0,paper_informed_nonreactive,Cultivar horizon mean baseline,within-season 5-fold CV over plots; fixed input history; horizon-specific models,5,5,0
2425,M54,Florida Medallion,4,2025-03-05,2025-01-07,2025-02-05,28,47.0,31.125,0.0,0.4,paper_informed_nonreactive,Cultivar horizon mean baseline,within-season 5-fold CV over plots; fixed input history; horizon-specific models,5,5,0
2425,B15,Florida Brilliance,4,2025-03-05,2025-01-07,2025-02-05,28,121.0,0.0,0.0,6.2,paper_informed_nonreactive,Last observed week-5 yield baseline,within-season 5-fold CV over plots; fixed input history; horizon-specific models,1,5,0
2425,B43,Florida Brilliance,4,2025-03-05,2025-01-07,2025-02-05,28,38.0,0.0,0.0,5.0,paper_informed_nonreactive,Last observed week-5 yield baseline,within-season 5-fold CV over plots; fixed input history; horizon-specific models,1,5,0
2425,B51,Florida Brilliance,4,2025-03-05,2025-01-07,2025-02-05,28,65.0,0.0,0.0,4.6,paper_informed_nonreactive,Last observed week-5 yield baseline,within-season 5-fold CV over plots; fixed input history; horizon-specific models,1,5,0
2425,B52,Florida Brilliance,4,2025-03-05,2025-01-07,2025-02-05,28,150.0,0.0,0.0,2.8,paper_informed_nonreactive,Last observed week-5 yield baseline,within-season 5-fold CV over plots; fixed input history; horizon-specific models,1,5,0
2425,B55,Florida Brilliance,4,2025-03-05,2025-01-07,2025-02-05,28,7.0,0.0,0.0,5.2,paper_informed_nonreactive,Last observed week-5 yield baseline,within-season 5-fold CV over plots; fixed input history; horizon-specific models,1,5,0
2425,M22,Florida Medallion,4,2025-03-05,2025-01-07,2025-02-05,28,102.0,0.0,0.0,14.0,paper_informed_nonreactive,Last observed week-5 yield baseline,within-season 5-fold CV over plots; fixed input history; horizon-specific models,1,5,0
2425,M23,Florida Medallion,4,2025-03-05,2025-01-07,2025-02-05,28,26.0,19.0,19.0,21.0,paper_informed_nonreactive,Last observed week-5 yield baseline,within-season 5-fold CV over plots; fixed input history; horizon-specific models,1,5,0
2425,M53,Florida Medallion,4,2025-03-05,2025-01-07,2025-02-05,28,7.0,0.0,0.0,20.2,paper_informed_nonreactive,Last observed week-5 yield baseline,within-season 5-fold CV over plots; fixed input history; horizon-specific models,1,5,0
2425,B22,Florida Brilliance,4,2025-03-05,2025-01-07,2025-02-05,28,136.0,43.0,43.0,15.6,paper_informed_nonreactive,Last observed week-5 yield baseline,within-season 5-fold CV over plots; fixed input history; horizon-specific models,2,5,0
2425,B24,Florida Brilliance,4,2025-03-05,2025-01-07,2025-02-05,28,48.0,73.0,73.0,35.6,paper_informed_nonreactive,Last observed week-5 yield baseline,within-season 5-fold CV over plots; fixed input history; horizon-specific models,2,5,0
2425,B25,Florida Brilliance,4,2025-03-05,2025-01-07,2025-02-05,28,51.0,33.0,33.0,9.4,paper_informed_nonreactive,Last observed week-5 yield baseline,within-season 5-fold CV over plots; fixed input history; horizon-specific models,2,5,0
2425,B44,Florida Brilliance,4,2025-03-05,2025-01-07,2025-02-05,28,92.0,9.0,9.0,8.4,paper_informed_nonreactive,Last observed week-5 yield baseline,within-season 5-fold CV over plots; fixed input history; horizon-specific models,2,5,0
2425,M21,Florida Medallion,4,2025-03-05,2025-01-07,2025-02-05,28,38.0,13.0,13.0,15.4,paper_informed_nonreactive,Last observed week-5 yield baseline,within-season 5-fold CV over plots; fixed input history; horizon-specific models,2,5,0
2425,M42,Florida Medallion,4,2025-03-05,2025-01-07,2025-02-05,28,5.0,0.0,0.0,12.6,paper_informed_nonreactive,Last observed week-5 yield baseline,within-season 5-fold CV over plots; fixed input history; horizon-specific models,2,5,0
2425,M45,Florida Medallion,4,2025-03-05,2025-01-07,2025-02-05,28,2.0,0.0,0.0,8.8,paper_informed_nonreactive,Last observed week-5 yield baseline,within-season 5-fold CV over plots; fixed input history; horizon-specific models,2,5,0
2425,M55,Florida Medallion,4,2025-03-05,2025-01-07,2025-02-05,28,29.0,0.0,0.0,0.0,paper_informed_nonreactive,Last observed week-5 yield baseline,within-season 5-fold CV over plots; fixed input history; horizon-specific models,2,5,0
2425,B11,Florida Brilliance,4,2025-03-05,2025-01-07,2025-02-05,28,19.0,0.0,0.0,8.75,paper_informed_nonreactive,Last observed week-5 yield baseline,within-season 5-fold CV over plots; fixed input history; horizon-specific models,3,5,0
2425,B12,Florida Brilliance,4,2025-03-05,2025-01-07,2025-02-05,28,50.0,18.0,18.0,7.4,paper_informed_nonreactive,Last observed week-5 yield baseline,within-season 5-fold CV over plots; fixed input history; horizon-specific models,3,5,0
2425,B21,Florida Brilliance,4,2025-03-05,2025-01-07,2025-02-05,28,68.0,0.0,0.0,2.2,paper_informed_nonreactive,Last observed week-5 yield baseline,within-season 5-fold CV over plots; fixed input history; horizon-specific models,3,5,0
2425,B42,Florida Brilliance,4,2025-03-05,2025-01-07,2025-02-05,28,47.0,12.0,12.0,13.6,paper_informed_nonreactive,Last observed week-5 yield baseline,within-season 5-fold CV over plots; fixed input history; horizon-specific models,3,5,0
2425,B53,Florida Brilliance,4,2025-03-05,2025-01-07,2025-02-05,28,147.0,0.0,0.0,5.0,paper_informed_nonreactive,Last observed week-5 yield baseline,within-season 5-fold CV over plots; fixed input history; horizon-specific models,3,5,0
2425,M15,Florida Medallion,4,2025-03-05,2025-01-07,2025-02-05,28,34.0,41.0,41.0,22.6,paper_informed_nonreactive,Last observed week-5 yield baseline,within-season 5-fold CV over plots; fixed input history; horizon-specific models,3,5,0
2425,M25,Florida Medallion,4,2025-03-05,2025-01-07,2025-02-05,28,9.0,0.0,0.0,9.8,paper_informed_nonreactive,Last observed week-5 yield baseline,within-season 5-fold CV over plots; fixed input history; horizon-specific models,3,5,0
2425,M44,Florida Medallion,4,2025-03-05,2025-01-07,2025-02-05,28,48.0,0.0,0.0,16.8,paper_informed_nonreactive,Last observed week-5 yield baseline,within-season 5-fold CV over plots; fixed input history; horizon-specific models,3,5,0
2425,B13,Florida Brilliance,4,2025-03-05,2025-01-07,2025-02-05,28,55.0,17.0,17.0,16.6,paper_informed_nonreactive,Last observed week-5 yield baseline,within-season 5-fold CV over plots; fixed input history; horizon-specific models,4,5,0
2425,B14,Florida Brilliance,4,2025-03-05,2025-01-07,2025-02-05,28,36.0,23.0,23.0,11.8,paper_informed_nonreactive,Last observed week-5 yield baseline,within-season 5-fold CV over plots; fixed input history; horizon-specific models,4,5,0
2425,M12,Florida Medallion,4,2025-03-05,2025-01-07,2025-02-05,28,71.0,33.0,33.0,18.2,paper_informed_nonreactive,Last observed week-5 yield baseline,within-season 5-fold CV over plots; fixed input history; horizon-specific models,4,5,0
2425,M14,Florida Medallion,4,2025-03-05,2025-01-07,2025-02-05,28,32.0,10.0,10.0,16.4,paper_informed_nonreactive,Last observed week-5 yield baseline,within-season 5-fold CV over plots; fixed input history; horizon-specific models,4,5,0
2425,M41,Florida Medallion,4,2025-03-05,2025-01-07,2025-02-05,28,28.0,4.0,4.0,2.4,paper_informed_nonreactive,Last observed week-5 yield baseline,within-season 5-fold CV over plots; fixed input history; horizon-specific models,4,5,0
2425,M43,Florida Medallion,4,2025-03-05,2025-01-07,2025-02-05,28,24.0,0.0,0.0,21.0,paper_informed_nonreactive,Last observed week-5 yield baseline,within-season 5-fold CV over plots; fixed input history; horizon-specific models,4,5,0
2425,M51,Florida Medallion,4,2025-03-05,2025-01-07,2025-02-05,28,17.0,18.0,18.0,4.6,paper_informed_nonreactive,Last observed week-5 yield baseline,within-season 5-fold CV over plots; fixed input history; horizon-specific models,4,5,0
2425,M52,Florida Medallion,4,2025-03-05,2025-01-07,2025-02-05,28,26.0,0.0,0.0,6.6,paper_informed_nonreactive,Last observed week-5 yield baseline,within-season 5-fold CV over plots; fixed input history; horizon-specific models,4,5,0
2425,B23,Florida Brilliance,4,2025-03-05,2025-01-07,2025-02-05,28,55.0,21.0,21.0,10.4,paper_informed_nonreactive,Last observed week-5 yield baseline,within-season 5-fold CV over plots; fixed input history; horizon-specific models,5,5,0
2425,B41,Florida Brilliance,4,2025-03-05,2025-01-07,2025-02-05,28,134.0,0.0,0.0,0.0,paper_informed_nonreactive,Last observed week-5 yield baseline,within-season 5-fold CV over plots; fixed input history; horizon-specific models,5,5,0
2425,B45,Florida Brilliance,4,2025-03-05,2025-01-07,2025-02-05,28,34.0,0.0,0.0,1.4,paper_informed_nonreactive,Last observed week-5 yield baseline,within-season 5-fold CV over plots; fixed input history; horizon-specific models,5,5,0
2425,B54,Florida Brilliance,4,2025-03-05,2025-01-07,2025-02-05,28,98.0,0.0,0.0,6.8,paper_informed_nonreactive,Last observed week-5 yield baseline,within-season 5-fold CV over plots; fixed input history; horizon-specific models,5,5,0
2425,M11,Florida Medallion,4,2025-03-05,2025-01-07,2025-02-05,28,5.0,0.0,0.0,20.8,paper_informed_nonreactive,Last observed week-5 yield baseline,within-season 5-fold CV over plots; fixed input history; horizon-specific models,5,5,0
2425,M13,Florida Medallion,4,2025-03-05,2025-01-07,2025-02-05,28,107.0,86.0,86.0,33.6,paper_informed_nonreactive,Last observed week-5 yield baseline,within-season 5-fold CV over plots; fixed input history; horizon-specific models,5,5,0
2425,M24,Florida Medallion,4,2025-03-05,2025-01-07,2025-02-05,28,18.0,14.0,14.0,16.0,paper_informed_nonreactive,Last observed week-5 yield baseline,within-season 5-fold CV over plots; fixed input history; horizon-specific models,5,5,0
2425,M54,Florida Medallion,4,2025-03-05,2025-01-07,2025-02-05,28,47.0,0.0,0.0,0.4,paper_informed_nonreactive,Last observed week-5 yield baseline,within-season 5-fold CV over plots; fixed input history; horizon-specific models,5,5,0
2425,B15,Florida Brilliance,4,2025-03-05,2025-01-07,2025-02-05,28,121.0,6.2,0.0,6.2,paper_informed_nonreactive,Observed 5-week mean yield baseline,within-season 5-fold CV over plots; fixed input history; horizon-specific models,1,5,0
2425,B43,Florida Brilliance,4,2025-03-05,2025-01-07,2025-02-05,28,38.0,5.0,0.0,5.0,paper_informed_nonreactive,Observed 5-week mean yield baseline,within-season 5-fold CV over plots; fixed input history; horizon-specific models,1,5,0
2425,B51,Florida Brilliance,4,2025-03-05,2025-01-07,2025-02-05,28,65.0,4.6,0.0,4.6,paper_informed_nonreactive,Observed 5-week mean yield baseline,within-season 5-fold CV over plots; fixed input history; horizon-specific models,1,5,0
2425,B52,Florida Brilliance,4,2025-03-05,2025-01-07,2025-02-05,28,150.0,2.8,0.0,2.8,paper_informed_nonreactive,Observed 5-week mean yield baseline,within-season 5-fold CV over plots; fixed input history; horizon-specific models,1,5,0
2425,B55,Florida Brilliance,4,2025-03-05,2025-01-07,2025-02-05,28,7.0,5.2,0.0,5.2,paper_informed_nonreactive,Observed 5-week mean yield baseline,within-season 5-fold CV over plots; fixed input history; horizon-specific models,1,5,0
2425,M22,Florida Medallion,4,2025-03-05,2025-01-07,2025-02-05,28,102.0,14.0,0.0,14.0,paper_informed_nonreactive,Observed 5-week mean yield baseline,within-season 5-fold CV over plots; fixed input history; horizon-specific models,1,5,0
2425,M23,Florida Medallion,4,2025-03-05,2025-01-07,2025-02-05,28,26.0,21.0,19.0,21.0,paper_informed_nonreactive,Observed 5-week mean yield baseline,within-season 5-fold CV over plots; fixed input history; horizon-specific models,1,5,0
2425,M53,Florida Medallion,4,2025-03-05,2025-01-07,2025-02-05,28,7.0,20.2,0.0,20.2,paper_informed_nonreactive,Observed 5-week mean yield baseline,within-season 5-fold CV over plots; fixed input history; horizon-specific models,1,5,0
2425,B22,Florida Brilliance,4,2025-03-05,2025-01-07,2025-02-05,28,136.0,15.6,43.0,15.6,paper_informed_nonreactive,Observed 5-week mean yield baseline,within-season 5-fold CV over plots; fixed input history; horizon-specific models,2,5,0
2425,B24,Florida Brilliance,4,2025-03-05,2025-01-07,2025-02-05,28,48.0,35.6,73.0,35.6,paper_informed_nonreactive,Observed 5-week mean yield baseline,within-season 5-fold CV over plots; fixed input history; horizon-specific models,2,5,0
2425,B25,Florida Brilliance,4,2025-03-05,2025-01-07,2025-02-05,28,51.0,9.4,33.0,9.4,paper_informed_nonreactive,Observed 5-week mean yield baseline,within-season 5-fold CV over plots; fixed input history; horizon-specific models,2,5,0
2425,B44,Florida Brilliance,4,2025-03-05,2025-01-07,2025-02-05,28,92.0,8.4,9.0,8.4,paper_informed_nonreactive,Observed 5-week mean yield baseline,within-season 5-fold CV over plots; fixed input history; horizon-specific models,2,5,0
2425,M21,Florida Medallion,4,2025-03-05,2025-01-07,2025-02-05,28,38.0,15.4,13.0,15.4,paper_informed_nonreactive,Observed 5-week mean yield baseline,within-season 5-fold CV over plots; fixed input history; horizon-specific models,2,5,0
2425,M42,Florida Medallion,4,2025-03-05,2025-01-07,2025-02-05,28,5.0,12.6,0.0,12.6,paper_informed_nonreactive,Observed 5-week mean yield baseline,within-season 5-fold CV over plots; fixed input history; horizon-specific models,2,5,0
2425,M45,Florida Medallion,4,2025-03-05,2025-01-07,2025-02-05,28,2.0,8.8,0.0,8.8,paper_informed_nonreactive,Observed 5-week mean yield baseline,within-season 5-fold CV over plots; fixed input history; horizon-specific models,2,5,0
2425,M55,Florida Medallion,4,2025-03-05,2025-01-07,2025-02-05,28,29.0,0.0,0.0,0.0,paper_informed_nonreactive,Observed 5-week mean yield baseline,within-season 5-fold CV over plots; fixed input history; horizon-specific models,2,5,0
2425,B11,Florida Brilliance,4,2025-03-05,2025-01-07,2025-02-05,28,19.0,8.75,0.0,8.75,paper_informed_nonreactive,Observed 5-week mean yield baseline,within-season 5-fold CV over plots; fixed input history; horizon-specific models,3,5,0
2425,B12,Florida Brilliance,4,2025-03-05,2025-01-07,2025-02-05,28,50.0,7.4,18.0,7.4,paper_informed_nonreactive,Observed 5-week mean yield baseline,within-season 5-fold CV over plots; fixed input history; horizon-specific models,3,5,0
2425,B21,Florida Brilliance,4,2025-03-05,2025-01-07,2025-02-05,28,68.0,2.2,0.0,2.2,paper_informed_nonreactive,Observed 5-week mean yield baseline,within-season 5-fold CV over plots; fixed input history; horizon-specific models,3,5,0
2425,B42,Florida Brilliance,4,2025-03-05,2025-01-07,2025-02-05,28,47.0,13.6,12.0,13.6,paper_informed_nonreactive,Observed 5-week mean yield baseline,within-season 5-fold CV over plots; fixed input history; horizon-specific models,3,5,0
2425,B53,Florida Brilliance,4,2025-03-05,2025-01-07,2025-02-05,28,147.0,5.0,0.0,5.0,paper_informed_nonreactive,Observed 5-week mean yield baseline,within-season 5-fold CV over plots; fixed input history; horizon-specific models,3,5,0
2425,M15,Florida Medallion,4,2025-03-05,2025-01-07,2025-02-05,28,34.0,22.6,41.0,22.6,paper_informed_nonreactive,Observed 5-week mean yield baseline,within-season 5-fold CV over plots; fixed input history; horizon-specific models,3,5,0
2425,M25,Florida Medallion,4,2025-03-05,2025-01-07,2025-02-05,28,9.0,9.8,0.0,9.8,paper_informed_nonreactive,Observed 5-week mean yield baseline,within-season 5-fold CV over plots; fixed input history; horizon-specific models,3,5,0
2425,M44,Florida Medallion,4,2025-03-05,2025-01-07,2025-02-05,28,48.0,16.8,0.0,16.8,paper_informed_nonreactive,Observed 5-week mean yield baseline,within-season 5-fold CV over plots; fixed input history; horizon-specific models,3,5,0
2425,B13,Florida Brilliance,4,2025-03-05,2025-01-07,2025-02-05,28,55.0,16.6,17.0,16.6,paper_informed_nonreactive,Observed 5-week mean yield baseline,within-season 5-fold CV over plots; fixed input history; horizon-specific models,4,5,0
2425,B14,Florida Brilliance,4,2025-03-05,2025-01-07,2025-02-05,28,36.0,11.8,23.0,11.8,paper_informed_nonreactive,Observed 5-week mean yield baseline,within-season 5-fold CV over plots; fixed input history; horizon-specific models,4,5,0
2425,M12,Florida Medallion,4,2025-03-05,2025-01-07,2025-02-05,28,71.0,18.2,33.0,18.2,paper_informed_nonreactive,Observed 5-week mean yield baseline,within-season 5-fold CV over plots; fixed input history; horizon-specific models,4,5,0
2425,M14,Florida Medallion,4,2025-03-05,2025-01-07,2025-02-05,28,32.0,16.4,10.0,16.4,paper_informed_nonreactive,Observed 5-week mean yield baseline,within-season 5-fold CV over plots; fixed input history; horizon-specific models,4,5,0
2425,M41,Florida Medallion,4,2025-03-05,2025-01-07,2025-02-05,28,28.0,2.4,4.0,2.4,paper_informed_nonreactive,Observed 5-week mean yield baseline,within-season 5-fold CV over plots; fixed input history; horizon-specific models,4,5,0
2425,M43,Florida Medallion,4,2025-03-05,2025-01-07,2025-02-05,28,24.0,21.0,0.0,21.0,paper_informed_nonreactive,Observed 5-week mean yield baseline,within-season 5-fold CV over plots; fixed input history; horizon-specific models,4,5,0
2425,M51,Florida Medallion,4,2025-03-05,2025-01-07,2025-02-05,28,17.0,4.6,18.0,4.6,paper_informed_nonreactive,Observed 5-week mean yield baseline,within-season 5-fold CV over plots; fixed input history; horizon-specific models,4,5,0
2425,M52,Florida Medallion,4,2025-03-05,2025-01-07,2025-02-05,28,26.0,6.6,0.0,6.6,paper_informed_nonreactive,Observed 5-week mean yield baseline,within-season 5-fold CV over plots; fixed input history; horizon-specific models,4,5,0
2425,B23,Florida Brilliance,4,2025-03-05,2025-01-07,2025-02-05,28,55.0,10.4,21.0,10.4,paper_informed_nonreactive,Observed 5-week mean yield baseline,within-season 5-fold CV over plots; fixed input history; horizon-specific models,5,5,0
2425,B41,Florida Brilliance,4,2025-03-05,2025-01-07,2025-02-05,28,134.0,0.0,0.0,0.0,paper_informed_nonreactive,Observed 5-week mean yield baseline,within-season 5-fold CV over plots; fixed input history; horizon-specific models,5,5,0
2425,B45,Florida Brilliance,4,2025-03-05,2025-01-07,2025-02-05,28,34.0,1.4,0.0,1.4,paper_informed_nonreactive,Observed 5-week mean yield baseline,within-season 5-fold CV over plots; fixed input history; horizon-specific models,5,5,0
2425,B54,Florida Brilliance,4,2025-03-05,2025-01-07,2025-02-05,28,98.0,6.8,0.0,6.8,paper_informed_nonreactive,Observed 5-week mean yield baseline,within-season 5-fold CV over plots; fixed input history; horizon-specific models,5,5,0
2425,M11,Florida Medallion,4,2025-03-05,2025-01-07,2025-02-05,28,5.0,20.8,0.0,20.8,paper_informed_nonreactive,Observed 5-week mean yield baseline,within-season 5-fold CV over plots; fixed input history; horizon-specific models,5,5,0
2425,M13,Florida Medallion,4,2025-03-05,2025-01-07,2025-02-05,28,107.0,33.6,86.0,33.6,paper_informed_nonreactive,Observed 5-week mean yield baseline,within-season 5-fold CV over plots; fixed input history; horizon-specific models,5,5,0
2425,M24,Florida Medallion,4,2025-03-05,2025-01-07,2025-02-05,28,18.0,16.0,14.0,16.0,paper_informed_nonreactive,Observed 5-week mean yield baseline,within-season 5-fold CV over plots; fixed input history; horizon-specific models,5,5,0
2425,M54,Florida Medallion,4,2025-03-05,2025-01-07,2025-02-05,28,47.0,0.4,0.0,0.4,paper_informed_nonreactive,Observed 5-week mean yield baseline,within-season 5-fold CV over plots; fixed input history; horizon-specific models,5,5,0
2425,B15,Florida Brilliance,4,2025-03-05,2025-01-07,2025-02-05,28,121.0,0.0,0.0,6.2,paper_informed_nonreactive,Zero yield baseline,within-season 5-fold CV over plots; fixed input history; horizon-specific models,1,5,0
2425,B43,Florida Brilliance,4,2025-03-05,2025-01-07,2025-02-05,28,38.0,0.0,0.0,5.0,paper_informed_nonreactive,Zero yield baseline,within-season 5-fold CV over plots; fixed input history; horizon-specific models,1,5,0
2425,B51,Florida Brilliance,4,2025-03-05,2025-01-07,2025-02-05,28,65.0,0.0,0.0,4.6,paper_informed_nonreactive,Zero yield baseline,within-season 5-fold CV over plots; fixed input history; horizon-specific models,1,5,0
2425,B52,Florida Brilliance,4,2025-03-05,2025-01-07,2025-02-05,28,150.0,0.0,0.0,2.8,paper_informed_nonreactive,Zero yield baseline,within-season 5-fold CV over plots; fixed input history; horizon-specific models,1,5,0
2425,B55,Florida Brilliance,4,2025-03-05,2025-01-07,2025-02-05,28,7.0,0.0,0.0,5.2,paper_informed_nonreactive,Zero yield baseline,within-season 5-fold CV over plots; fixed input history; horizon-specific models,1,5,0
2425,M22,Florida Medallion,4,2025-03-05,2025-01-07,2025-02-05,28,102.0,0.0,0.0,14.0,paper_informed_nonreactive,Zero yield baseline,within-season 5-fold CV over plots; fixed input history; horizon-specific models,1,5,0
2425,M23,Florida Medallion,4,2025-03-05,2025-01-07,2025-02-05,28,26.0,0.0,19.0,21.0,paper_informed_nonreactive,Zero yield baseline,within-season 5-fold CV over plots; fixed input history; horizon-specific models,1,5,0
2425,M53,Florida Medallion,4,2025-03-05,2025-01-07,2025-02-05,28,7.0,0.0,0.0,20.2,paper_informed_nonreactive,Zero yield baseline,within-season 5-fold CV over plots; fixed input history; horizon-specific models,1,5,0
2425,B22,Florida Brilliance,4,2025-03-05,2025-01-07,2025-02-05,28,136.0,0.0,43.0,15.6,paper_informed_nonreactive,Zero yield baseline,within-season 5-fold CV over plots; fixed input history; horizon-specific models,2,5,0
2425,B24,Florida Brilliance,4,2025-03-05,2025-01-07,2025-02-05,28,48.0,0.0,73.0,35.6,paper_informed_nonreactive,Zero yield baseline,within-season 5-fold CV over plots; fixed input history; horizon-specific models,2,5,0
2425,B25,Florida Brilliance,4,2025-03-05,2025-01-07,2025-02-05,28,51.0,0.0,33.0,9.4,paper_informed_nonreactive,Zero yield baseline,within-season 5-fold CV over plots; fixed input history; horizon-specific models,2,5,0
2425,B44,Florida Brilliance,4,2025-03-05,2025-01-07,2025-02-05,28,92.0,0.0,9.0,8.4,paper_informed_nonreactive,Zero yield baseline,within-season 5-fold CV over plots; fixed input history; horizon-specific models,2,5,0
2425,M21,Florida Medallion,4,2025-03-05,2025-01-07,2025-02-05,28,38.0,0.0,13.0,15.4,paper_informed_nonreactive,Zero yield baseline,within-season 5-fold CV over plots; fixed input history; horizon-specific models,2,5,0
2425,M42,Florida Medallion,4,2025-03-05,2025-01-07,2025-02-05,28,5.0,0.0,0.0,12.6,paper_informed_nonreactive,Zero yield baseline,within-season 5-fold CV over plots; fixed input history; horizon-specific models,2,5,0
2425,M45,Florida Medallion,4,2025-03-05,2025-01-07,2025-02-05,28,2.0,0.0,0.0,8.8,paper_informed_nonreactive,Zero yield baseline,within-season 5-fold CV over plots; fixed input history; horizon-specific models,2,5,0
2425,M55,Florida Medallion,4,2025-03-05,2025-01-07,2025-02-05,28,29.0,0.0,0.0,0.0,paper_informed_nonreactive,Zero yield baseline,within-season 5-fold CV over plots; fixed input history; horizon-specific models,2,5,0
2425,B11,Florida Brilliance,4,2025-03-05,2025-01-07,2025-02-05,28,19.0,0.0,0.0,8.75,paper_informed_nonreactive,Zero yield baseline,within-season 5-fold CV over plots; fixed input history; horizon-specific models,3,5,0
2425,B12,Florida Brilliance,4,2025-03-05,2025-01-07,2025-02-05,28,50.0,0.0,18.0,7.4,paper_informed_nonreactive,Zero yield baseline,within-season 5-fold CV over plots; fixed input history; horizon-specific models,3,5,0
2425,B21,Florida Brilliance,4,2025-03-05,2025-01-07,2025-02-05,28,68.0,0.0,0.0,2.2,paper_informed_nonreactive,Zero yield baseline,within-season 5-fold CV over plots; fixed input history; horizon-specific models,3,5,0
2425,B42,Florida Brilliance,4,2025-03-05,2025-01-07,2025-02-05,28,47.0,0.0,12.0,13.6,paper_informed_nonreactive,Zero yield baseline,within-season 5-fold CV over plots; fixed input history; horizon-specific models,3,5,0
2425,B53,Florida Brilliance,4,2025-03-05,2025-01-07,2025-02-05,28,147.0,0.0,0.0,5.0,paper_informed_nonreactive,Zero yield baseline,within-season 5-fold CV over plots; fixed input history; horizon-specific models,3,5,0
2425,M15,Florida Medallion,4,2025-03-05,2025-01-07,2025-02-05,28,34.0,0.0,41.0,22.6,paper_informed_nonreactive,Zero yield baseline,within-season 5-fold CV over plots; fixed input history; horizon-specific models,3,5,0
2425,M25,Florida Medallion,4,2025-03-05,2025-01-07,2025-02-05,28,9.0,0.0,0.0,9.8,paper_informed_nonreactive,Zero yield baseline,within-season 5-fold CV over plots; fixed input history; horizon-specific models,3,5,0
2425,M44,Florida Medallion,4,2025-03-05,2025-01-07,2025-02-05,28,48.0,0.0,0.0,16.8,paper_informed_nonreactive,Zero yield baseline,within-season 5-fold CV over plots; fixed input history; horizon-specific models,3,5,0
2425,B13,Florida Brilliance,4,2025-03-05,2025-01-07,2025-02-05,28,55.0,0.0,17.0,16.6,paper_informed_nonreactive,Zero yield baseline,within-season 5-fold CV over plots; fixed input history; horizon-specific models,4,5,0
2425,B14,Florida Brilliance,4,2025-03-05,2025-01-07,2025-02-05,28,36.0,0.0,23.0,11.8,paper_informed_nonreactive,Zero yield baseline,within-season 5-fold CV over plots; fixed input history; horizon-specific models,4,5,0
2425,M12,Florida Medallion,4,2025-03-05,2025-01-07,2025-02-05,28,71.0,0.0,33.0,18.2,paper_informed_nonreactive,Zero yield baseline,within-season 5-fold CV over plots; fixed input history; horizon-specific models,4,5,0
2425,M14,Florida Medallion,4,2025-03-05,2025-01-07,2025-02-05,28,32.0,0.0,10.0,16.4,paper_informed_nonreactive,Zero yield baseline,within-season 5-fold CV over plots; fixed input history; horizon-specific models,4,5,0
2425,M41,Florida Medallion,4,2025-03-05,2025-01-07,2025-02-05,28,28.0,0.0,4.0,2.4,paper_informed_nonreactive,Zero yield baseline,within-season 5-fold CV over plots; fixed input history; horizon-specific models,4,5,0
2425,M43,Florida Medallion,4,2025-03-05,2025-01-07,2025-02-05,28,24.0,0.0,0.0,21.0,paper_informed_nonreactive,Zero yield baseline,within-season 5-fold CV over plots; fixed input history; horizon-specific models,4,5,0
2425,M51,Florida Medallion,4,2025-03-05,2025-01-07,2025-02-05,28,17.0,0.0,18.0,4.6,paper_informed_nonreactive,Zero yield baseline,within-season 5-fold CV over plots; fixed input history; horizon-specific models,4,5,0
2425,M52,Florida Medallion,4,2025-03-05,2025-01-07,2025-02-05,28,26.0,0.0,0.0,6.6,paper_informed_nonreactive,Zero yield baseline,within-season 5-fold CV over plots; fixed input history; horizon-specific models,4,5,0
2425,B23,Florida Brilliance,4,2025-03-05,2025-01-07,2025-02-05,28,55.0,0.0,21.0,10.4,paper_informed_nonreactive,Zero yield baseline,within-season 5-fold CV over plots; fixed input history; horizon-specific models,5,5,0
2425,B41,Florida Brilliance,4,2025-03-05,2025-01-07,2025-02-05,28,134.0,0.0,0.0,0.0,paper_informed_nonreactive,Zero yield baseline,within-season 5-fold CV over plots; fixed input history; horizon-specific models,5,5,0
2425,B45,Florida Brilliance,4,2025-03-05,2025-01-07,2025-02-05,28,34.0,0.0,0.0,1.4,paper_informed_nonreactive,Zero yield baseline,within-season 5-fold CV over plots; fixed input history; horizon-specific models,5,5,0
2425,B54,Florida Brilliance,4,2025-03-05,2025-01-07,2025-02-05,28,98.0,0.0,0.0,6.8,paper_informed_nonreactive,Zero yield baseline,within-season 5-fold CV over plots; fixed input history; horizon-specific models,5,5,0
2425,M11,Florida Medallion,4,2025-03-05,2025-01-07,2025-02-05,28,5.0,0.0,0.0,20.8,paper_informed_nonreactive,Zero yield baseline,within-season 5-fold CV over plots; fixed input history; horizon-specific models,5,5,0
2425,M13,Florida Medallion,4,2025-03-05,2025-01-07,2025-02-05,28,107.0,0.0,86.0,33.6,paper_informed_nonreactive,Zero yield baseline,within-season 5-fold CV over plots; fixed input history; horizon-specific models,5,5,0
2425,M24,Florida Medallion,4,2025-03-05,2025-01-07,2025-02-05,28,18.0,0.0,14.0,16.0,paper_informed_nonreactive,Zero yield baseline,within-season 5-fold CV over plots; fixed input history; horizon-specific models,5,5,0
2425,M54,Florida Medallion,4,2025-03-05,2025-01-07,2025-02-05,28,47.0,0.0,0.0,0.4,paper_informed_nonreactive,Zero yield baseline,within-season 5-fold CV over plots; fixed input history; horizon-specific models,5,5,0
2425,B15,Florida Brilliance,4,2025-03-05,2025-01-07,2025-02-05,28,121.0,66.65578753159159,0.0,6.2,paper_informed_nonreactive,Ridge,within-season 5-fold CV over plots; fixed input history; horizon-specific models,1,5,98
2425,B43,Florida Brilliance,4,2025-03-05,2025-01-07,2025-02-05,28,38.0,59.40556462597438,0.0,5.0,paper_informed_nonreactive,Ridge,within-season 5-fold CV over plots; fixed input history; horizon-specific models,1,5,98
2425,B51,Florida Brilliance,4,2025-03-05,2025-01-07,2025-02-05,28,65.0,26.30501640201768,0.0,4.6,paper_informed_nonreactive,Ridge,within-season 5-fold CV over plots; fixed input history; horizon-specific models,1,5,98
2425,B52,Florida Brilliance,4,2025-03-05,2025-01-07,2025-02-05,28,150.0,163.6293807523018,0.0,2.8,paper_informed_nonreactive,Ridge,within-season 5-fold CV over plots; fixed input history; horizon-specific models,1,5,98
2425,B55,Florida Brilliance,4,2025-03-05,2025-01-07,2025-02-05,28,7.0,53.151407284541754,0.0,5.2,paper_informed_nonreactive,Ridge,within-season 5-fold CV over plots; fixed input history; horizon-specific models,1,5,98
2425,M22,Florida Medallion,4,2025-03-05,2025-01-07,2025-02-05,28,102.0,46.8782038732412,0.0,14.0,paper_informed_nonreactive,Ridge,within-season 5-fold CV over plots; fixed input history; horizon-specific models,1,5,98
2425,M23,Florida Medallion,4,2025-03-05,2025-01-07,2025-02-05,28,26.0,24.241853340586367,19.0,21.0,paper_informed_nonreactive,Ridge,within-season 5-fold CV over plots; fixed input history; horizon-specific models,1,5,98
2425,M53,Florida Medallion,4,2025-03-05,2025-01-07,2025-02-05,28,7.0,48.09821259294907,0.0,20.2,paper_informed_nonreactive,Ridge,within-season 5-fold CV over plots; fixed input history; horizon-specific models,1,5,98
2425,B22,Florida Brilliance,4,2025-03-05,2025-01-07,2025-02-05,28,136.0,39.000767981965055,43.0,15.6,paper_informed_nonreactive,Ridge,within-season 5-fold CV over plots; fixed input history; horizon-specific models,2,5,98
2425,B24,Florida Brilliance,4,2025-03-05,2025-01-07,2025-02-05,28,48.0,82.44117947099767,73.0,35.6,paper_informed_nonreactive,Ridge,within-season 5-fold CV over plots; fixed input history; horizon-specific models,2,5,98
2425,B25,Florida Brilliance,4,2025-03-05,2025-01-07,2025-02-05,28,51.0,59.033367114708625,33.0,9.4,paper_informed_nonreactive,Ridge,within-season 5-fold CV over plots; fixed input history; horizon-specific models,2,5,98
2425,B44,Florida Brilliance,4,2025-03-05,2025-01-07,2025-02-05,28,92.0,68.38968106641201,9.0,8.4,paper_informed_nonreactive,Ridge,within-season 5-fold CV over plots; fixed input history; horizon-specific models,2,5,98
2425,M21,Florida Medallion,4,2025-03-05,2025-01-07,2025-02-05,28,38.0,46.651124775905735,13.0,15.4,paper_informed_nonreactive,Ridge,within-season 5-fold CV over plots; fixed input history; horizon-specific models,2,5,98
2425,M42,Florida Medallion,4,2025-03-05,2025-01-07,2025-02-05,28,5.0,32.39124748789841,0.0,12.6,paper_informed_nonreactive,Ridge,within-season 5-fold CV over plots; fixed input history; horizon-specific models,2,5,98
2425,M45,Florida Medallion,4,2025-03-05,2025-01-07,2025-02-05,28,2.0,7.8338706932300965,0.0,8.8,paper_informed_nonreactive,Ridge,within-season 5-fold CV over plots; fixed input history; horizon-specific models,2,5,98
2425,M55,Florida Medallion,4,2025-03-05,2025-01-07,2025-02-05,28,29.0,14.512287519506273,0.0,0.0,paper_informed_nonreactive,Ridge,within-season 5-fold CV over plots; fixed input history; horizon-specific models,2,5,98
2425,B11,Florida Brilliance,4,2025-03-05,2025-01-07,2025-02-05,28,19.0,91.16731172355608,0.0,8.75,paper_informed_nonreactive,Ridge,within-season 5-fold CV over plots; fixed input history; horizon-specific models,3,5,98
2425,B12,Florida Brilliance,4,2025-03-05,2025-01-07,2025-02-05,28,50.0,78.79466053978368,18.0,7.4,paper_informed_nonreactive,Ridge,within-season 5-fold CV over plots; fixed input history; horizon-specific models,3,5,98
2425,B21,Florida Brilliance,4,2025-03-05,2025-01-07,2025-02-05,28,68.0,89.22384416247776,0.0,2.2,paper_informed_nonreactive,Ridge,within-season 5-fold CV over plots; fixed input history; horizon-specific models,3,5,98
2425,B42,Florida Brilliance,4,2025-03-05,2025-01-07,2025-02-05,28,47.0,38.576069989041,12.0,13.6,paper_informed_nonreactive,Ridge,within-season 5-fold CV over plots; fixed input history; horizon-specific models,3,5,98
2425,B53,Florida Brilliance,4,2025-03-05,2025-01-07,2025-02-05,28,147.0,146.46769742959745,0.0,5.0,paper_informed_nonreactive,Ridge,within-season 5-fold CV over plots; fixed input history; horizon-specific models,3,5,98
2425,M15,Florida Medallion,4,2025-03-05,2025-01-07,2025-02-05,28,34.0,23.92593866331089,41.0,22.6,paper_informed_nonreactive,Ridge,within-season 5-fold CV over plots; fixed input history; horizon-specific models,3,5,98
2425,M25,Florida Medallion,4,2025-03-05,2025-01-07,2025-02-05,28,9.0,81.59137219752971,0.0,9.8,paper_informed_nonreactive,Ridge,within-season 5-fold CV over plots; fixed input history; horizon-specific models,3,5,98
2425,M44,Florida Medallion,4,2025-03-05,2025-01-07,2025-02-05,28,48.0,91.4961758927881,0.0,16.8,paper_informed_nonreactive,Ridge,within-season 5-fold CV over plots; fixed input history; horizon-specific models,3,5,98
2425,B13,Florida Brilliance,4,2025-03-05,2025-01-07,2025-02-05,28,55.0,71.67620224019332,17.0,16.6,paper_informed_nonreactive,Ridge,within-season 5-fold CV over plots; fixed input history; horizon-specific models,4,5,98
2425,B14,Florida Brilliance,4,2025-03-05,2025-01-07,2025-02-05,28,36.0,32.91392559862001,23.0,11.8,paper_informed_nonreactive,Ridge,within-season 5-fold CV over plots; fixed input history; horizon-specific models,4,5,98
2425,M12,Florida Medallion,4,2025-03-05,2025-01-07,2025-02-05,28,71.0,29.209451899664955,33.0,18.2,paper_informed_nonreactive,Ridge,within-season 5-fold CV over plots; fixed input history; horizon-specific models,4,5,98
2425,M14,Florida Medallion,4,2025-03-05,2025-01-07,2025-02-05,28,32.0,37.71336864346159,10.0,16.4,paper_informed_nonreactive,Ridge,within-season 5-fold CV over plots; fixed input history; horizon-specific models,4,5,98
2425,M41,Florida Medallion,4,2025-03-05,2025-01-07,2025-02-05,28,28.0,110.48462307528742,4.0,2.4,paper_informed_nonreactive,Ridge,within-season 5-fold CV over plots; fixed input history; horizon-specific models,4,5,98
2425,M43,Florida Medallion,4,2025-03-05,2025-01-07,2025-02-05,28,24.0,30.42683768994317,0.0,21.0,paper_informed_nonreactive,Ridge,within-season 5-fold CV over plots; fixed input history; horizon-specific models,4,5,98
2425,M51,Florida Medallion,4,2025-03-05,2025-01-07,2025-02-05,28,17.0,41.75773812950126,18.0,4.6,paper_informed_nonreactive,Ridge,within-season 5-fold CV over plots; fixed input history; horizon-specific models,4,5,98
2425,M52,Florida Medallion,4,2025-03-05,2025-01-07,2025-02-05,28,26.0,17.176845410607044,0.0,6.6,paper_informed_nonreactive,Ridge,within-season 5-fold CV over plots; fixed input history; horizon-specific models,4,5,98
2425,B23,Florida Brilliance,4,2025-03-05,2025-01-07,2025-02-05,28,55.0,58.00933260504482,21.0,10.4,paper_informed_nonreactive,Ridge,within-season 5-fold CV over plots; fixed input history; horizon-specific models,5,5,98
2425,B41,Florida Brilliance,4,2025-03-05,2025-01-07,2025-02-05,28,134.0,22.63657586441417,0.0,0.0,paper_informed_nonreactive,Ridge,within-season 5-fold CV over plots; fixed input history; horizon-specific models,5,5,98
2425,B45,Florida Brilliance,4,2025-03-05,2025-01-07,2025-02-05,28,34.0,33.235132532239334,0.0,1.4,paper_informed_nonreactive,Ridge,within-season 5-fold CV over plots; fixed input history; horizon-specific models,5,5,98
2425,B54,Florida Brilliance,4,2025-03-05,2025-01-07,2025-02-05,28,98.0,71.32699112864809,0.0,6.8,paper_informed_nonreactive,Ridge,within-season 5-fold CV over plots; fixed input history; horizon-specific models,5,5,98
2425,M11,Florida Medallion,4,2025-03-05,2025-01-07,2025-02-05,28,5.0,41.96621304153925,0.0,20.8,paper_informed_nonreactive,Ridge,within-season 5-fold CV over plots; fixed input history; horizon-specific models,5,5,98
2425,M13,Florida Medallion,4,2025-03-05,2025-01-07,2025-02-05,28,107.0,120.32385824752184,86.0,33.6,paper_informed_nonreactive,Ridge,within-season 5-fold CV over plots; fixed input history; horizon-specific models,5,5,98
2425,M24,Florida Medallion,4,2025-03-05,2025-01-07,2025-02-05,28,18.0,11.07758540831886,14.0,16.0,paper_informed_nonreactive,Ridge,within-season 5-fold CV over plots; fixed input history; horizon-specific models,5,5,98
2425,M54,Florida Medallion,4,2025-03-05,2025-01-07,2025-02-05,28,47.0,6.148988206657279,0.0,0.4,paper_informed_nonreactive,Ridge,within-season 5-fold CV over plots; fixed input history; horizon-specific models,5,5,98
2425,B15,Florida Brilliance,4,2025-03-05,2025-01-07,2025-02-05,28,121.0,101.2498602698486,0.0,6.2,paper_informed_nonreactive,ElasticNet,within-season 5-fold CV over plots; fixed input history; horizon-specific models,1,5,98
2425,B43,Florida Brilliance,4,2025-03-05,2025-01-07,2025-02-05,28,38.0,53.81988326648181,0.0,5.0,paper_informed_nonreactive,ElasticNet,within-season 5-fold CV over plots; fixed input history; horizon-specific models,1,5,98
2425,B51,Florida Brilliance,4,2025-03-05,2025-01-07,2025-02-05,28,65.0,-6.723199582884902,0.0,4.6,paper_informed_nonreactive,ElasticNet,within-season 5-fold CV over plots; fixed input history; horizon-specific models,1,5,98
2425,B52,Florida Brilliance,4,2025-03-05,2025-01-07,2025-02-05,28,150.0,209.73027999711417,0.0,2.8,paper_informed_nonreactive,ElasticNet,within-season 5-fold CV over plots; fixed input history; horizon-specific models,1,5,98
2425,B55,Florida Brilliance,4,2025-03-05,2025-01-07,2025-02-05,28,7.0,38.44476870708834,0.0,5.2,paper_informed_nonreactive,ElasticNet,within-season 5-fold CV over plots; fixed input history; horizon-specific models,1,5,98
2425,M22,Florida Medallion,4,2025-03-05,2025-01-07,2025-02-05,28,102.0,94.864479100928,0.0,14.0,paper_informed_nonreactive,ElasticNet,within-season 5-fold CV over plots; fixed input history; horizon-specific models,1,5,98
2425,M23,Florida Medallion,4,2025-03-05,2025-01-07,2025-02-05,28,26.0,11.582737907549891,19.0,21.0,paper_informed_nonreactive,ElasticNet,within-season 5-fold CV over plots; fixed input history; horizon-specific models,1,5,98
2425,M53,Florida Medallion,4,2025-03-05,2025-01-07,2025-02-05,28,7.0,52.90952589231278,0.0,20.2,paper_informed_nonreactive,ElasticNet,within-season 5-fold CV over plots; fixed input history; horizon-specific models,1,5,98
2425,B22,Florida Brilliance,4,2025-03-05,2025-01-07,2025-02-05,28,136.0,44.82348696460423,43.0,15.6,paper_informed_nonreactive,ElasticNet,within-season 5-fold CV over plots; fixed input history; horizon-specific models,2,5,98
2425,B24,Florida Brilliance,4,2025-03-05,2025-01-07,2025-02-05,28,48.0,66.54575029472689,73.0,35.6,paper_informed_nonreactive,ElasticNet,within-season 5-fold CV over plots; fixed input history; horizon-specific models,2,5,98
2425,B25,Florida Brilliance,4,2025-03-05,2025-01-07,2025-02-05,28,51.0,23.643840811200068,33.0,9.4,paper_informed_nonreactive,ElasticNet,within-season 5-fold CV over plots; fixed input history; horizon-specific models,2,5,98
2425,B44,Florida Brilliance,4,2025-03-05,2025-01-07,2025-02-05,28,92.0,92.3788783832068,9.0,8.4,paper_informed_nonreactive,ElasticNet,within-season 5-fold CV over plots; fixed input history; horizon-specific models,2,5,98
2425,M21,Florida Medallion,4,2025-03-05,2025-01-07,2025-02-05,28,38.0,43.09122906444843,13.0,15.4,paper_informed_nonreactive,ElasticNet,within-season 5-fold CV over plots; fixed input history; horizon-specific models,2,5,98
2425,M42,Florida Medallion,4,2025-03-05,2025-01-07,2025-02-05,28,5.0,41.17736400842982,0.0,12.6,paper_informed_nonreactive,ElasticNet,within-season 5-fold CV over plots; fixed input history; horizon-specific models,2,5,98
2425,M45,Florida Medallion,4,2025-03-05,2025-01-07,2025-02-05,28,2.0,16.106779525397272,0.0,8.8,paper_informed_nonreactive,ElasticNet,within-season 5-fold CV over plots; fixed input history; horizon-specific models,2,5,98
2425,M55,Florida Medallion,4,2025-03-05,2025-01-07,2025-02-05,28,29.0,19.551383575934942,0.0,0.0,paper_informed_nonreactive,ElasticNet,within-season 5-fold CV over plots; fixed input history; horizon-specific models,2,5,98
2425,B11,Florida Brilliance,4,2025-03-05,2025-01-07,2025-02-05,28,19.0,110.71810126663107,0.0,8.75,paper_informed_nonreactive,ElasticNet,within-season 5-fold CV over plots; fixed input history; horizon-specific models,3,5,98
2425,B12,Florida Brilliance,4,2025-03-05,2025-01-07,2025-02-05,28,50.0,72.72757250302365,18.0,7.4,paper_informed_nonreactive,ElasticNet,within-season 5-fold CV over plots; fixed input history; horizon-specific models,3,5,98
2425,B21,Florida Brilliance,4,2025-03-05,2025-01-07,2025-02-05,28,68.0,99.11341835939527,0.0,2.2,paper_informed_nonreactive,ElasticNet,within-season 5-fold CV over plots; fixed input history; horizon-specific models,3,5,98
2425,B42,Florida Brilliance,4,2025-03-05,2025-01-07,2025-02-05,28,47.0,31.570647392202364,12.0,13.6,paper_informed_nonreactive,ElasticNet,within-season 5-fold CV over plots; fixed input history; horizon-specific models,3,5,98
2425,B53,Florida Brilliance,4,2025-03-05,2025-01-07,2025-02-05,28,147.0,157.5968837090852,0.0,5.0,paper_informed_nonreactive,ElasticNet,within-season 5-fold CV over plots; fixed input history; horizon-specific models,3,5,98
2425,M15,Florida Medallion,4,2025-03-05,2025-01-07,2025-02-05,28,34.0,14.048638632239054,41.0,22.6,paper_informed_nonreactive,ElasticNet,within-season 5-fold CV over plots; fixed input history; horizon-specific models,3,5,98
2425,M25,Florida Medallion,4,2025-03-05,2025-01-07,2025-02-05,28,9.0,58.247619779803,0.0,9.8,paper_informed_nonreactive,ElasticNet,within-season 5-fold CV over plots; fixed input history; horizon-specific models,3,5,98
2425,M44,Florida Medallion,4,2025-03-05,2025-01-07,2025-02-05,28,48.0,90.06529523934284,0.0,16.8,paper_informed_nonreactive,ElasticNet,within-season 5-fold CV over plots; fixed input history; horizon-specific models,3,5,98
2425,B13,Florida Brilliance,4,2025-03-05,2025-01-07,2025-02-05,28,55.0,72.57360258781338,17.0,16.6,paper_informed_nonreactive,ElasticNet,within-season 5-fold CV over plots; fixed input history; horizon-specific models,4,5,98
2425,B14,Florida Brilliance,4,2025-03-05,2025-01-07,2025-02-05,28,36.0,29.02554519554355,23.0,11.8,paper_informed_nonreactive,ElasticNet,within-season 5-fold CV over plots; fixed input history; horizon-specific models,4,5,98
2425,M12,Florida Medallion,4,2025-03-05,2025-01-07,2025-02-05,28,71.0,13.405035042482979,33.0,18.2,paper_informed_nonreactive,ElasticNet,within-season 5-fold CV over plots; fixed input history; horizon-specific models,4,5,98
2425,M14,Florida Medallion,4,2025-03-05,2025-01-07,2025-02-05,28,32.0,17.00252054513556,10.0,16.4,paper_informed_nonreactive,ElasticNet,within-season 5-fold CV over plots; fixed input history; horizon-specific models,4,5,98
2425,M41,Florida Medallion,4,2025-03-05,2025-01-07,2025-02-05,28,28.0,128.42431275212718,4.0,2.4,paper_informed_nonreactive,ElasticNet,within-season 5-fold CV over plots; fixed input history; horizon-specific models,4,5,98
2425,M43,Florida Medallion,4,2025-03-05,2025-01-07,2025-02-05,28,24.0,29.232558096286535,0.0,21.0,paper_informed_nonreactive,ElasticNet,within-season 5-fold CV over plots; fixed input history; horizon-specific models,4,5,98
2425,M51,Florida Medallion,4,2025-03-05,2025-01-07,2025-02-05,28,17.0,22.42067314638713,18.0,4.6,paper_informed_nonreactive,ElasticNet,within-season 5-fold CV over plots; fixed input history; horizon-specific models,4,5,98
2425,M52,Florida Medallion,4,2025-03-05,2025-01-07,2025-02-05,28,26.0,14.326859853021944,0.0,6.6,paper_informed_nonreactive,ElasticNet,within-season 5-fold CV over plots; fixed input history; horizon-specific models,4,5,98
2425,B23,Florida Brilliance,4,2025-03-05,2025-01-07,2025-02-05,28,55.0,51.583544210652335,21.0,10.4,paper_informed_nonreactive,ElasticNet,within-season 5-fold CV over plots; fixed input history; horizon-specific models,5,5,98
2425,B41,Florida Brilliance,4,2025-03-05,2025-01-07,2025-02-05,28,134.0,-3.2118039132502645,0.0,0.0,paper_informed_nonreactive,ElasticNet,within-season 5-fold CV over plots; fixed input history; horizon-specific models,5,5,98
2425,B45,Florida Brilliance,4,2025-03-05,2025-01-07,2025-02-05,28,34.0,24.420978223088174,0.0,1.4,paper_informed_nonreactive,ElasticNet,within-season 5-fold CV over plots; fixed input history; horizon-specific models,5,5,98
2425,B54,Florida Brilliance,4,2025-03-05,2025-01-07,2025-02-05,28,98.0,76.60595658191383,0.0,6.8,paper_informed_nonreactive,ElasticNet,within-season 5-fold CV over plots; fixed input history; horizon-specific models,5,5,98
2425,M11,Florida Medallion,4,2025-03-05,2025-01-07,2025-02-05,28,5.0,58.44255391780363,0.0,20.8,paper_informed_nonreactive,ElasticNet,within-season 5-fold CV over plots; fixed input history; horizon-specific models,5,5,98
2425,M13,Florida Medallion,4,2025-03-05,2025-01-07,2025-02-05,28,107.0,195.58952327698844,86.0,33.6,paper_informed_nonreactive,ElasticNet,within-season 5-fold CV over plots; fixed input history; horizon-specific models,5,5,98
2425,M24,Florida Medallion,4,2025-03-05,2025-01-07,2025-02-05,28,18.0,9.037816357605124,14.0,16.0,paper_informed_nonreactive,ElasticNet,within-season 5-fold CV over plots; fixed input history; horizon-specific models,5,5,98
2425,M54,Florida Medallion,4,2025-03-05,2025-01-07,2025-02-05,28,47.0,5.879216441351076,0.0,0.4,paper_informed_nonreactive,ElasticNet,within-season 5-fold CV over plots; fixed input history; horizon-specific models,5,5,98
2425,B15,Florida Brilliance,4,2025-03-05,2025-01-07,2025-02-05,28,121.0,55.86092905242906,0.0,6.2,paper_informed_nonreactive,Random Forest,within-season 5-fold CV over plots; fixed input history; horizon-specific models,1,5,98
2425,B43,Florida Brilliance,4,2025-03-05,2025-01-07,2025-02-05,28,38.0,30.431535594035587,0.0,5.0,paper_informed_nonreactive,Random Forest,within-season 5-fold CV over plots; fixed input history; horizon-specific models,1,5,98
2425,B51,Florida Brilliance,4,2025-03-05,2025-01-07,2025-02-05,28,65.0,42.48328980278982,0.0,4.6,paper_informed_nonreactive,Random Forest,within-season 5-fold CV over plots; fixed input history; horizon-specific models,1,5,98
2425,B52,Florida Brilliance,4,2025-03-05,2025-01-07,2025-02-05,28,150.0,81.32515776815775,0.0,2.8,paper_informed_nonreactive,Random Forest,within-season 5-fold CV over plots; fixed input history; horizon-specific models,1,5,98
2425,B55,Florida Brilliance,4,2025-03-05,2025-01-07,2025-02-05,28,7.0,56.18727224627222,0.0,5.2,paper_informed_nonreactive,Random Forest,within-season 5-fold CV over plots; fixed input history; horizon-specific models,1,5,98
2425,M22,Florida Medallion,4,2025-03-05,2025-01-07,2025-02-05,28,102.0,81.92625925925924,0.0,14.0,paper_informed_nonreactive,Random Forest,within-season 5-fold CV over plots; fixed input history; horizon-specific models,1,5,98
2425,M23,Florida Medallion,4,2025-03-05,2025-01-07,2025-02-05,28,26.0,30.493978354978353,19.0,21.0,paper_informed_nonreactive,Random Forest,within-season 5-fold CV over plots; fixed input history; horizon-specific models,1,5,98
2425,M53,Florida Medallion,4,2025-03-05,2025-01-07,2025-02-05,28,7.0,61.268183501683524,0.0,20.2,paper_informed_nonreactive,Random Forest,within-season 5-fold CV over plots; fixed input history; horizon-specific models,1,5,98
2425,B22,Florida Brilliance,4,2025-03-05,2025-01-07,2025-02-05,28,136.0,47.72511014911013,43.0,15.6,paper_informed_nonreactive,Random Forest,within-season 5-fold CV over plots; fixed input history; horizon-specific models,2,5,98
2425,B24,Florida Brilliance,4,2025-03-05,2025-01-07,2025-02-05,28,48.0,72.75933501683502,73.0,35.6,paper_informed_nonreactive,Random Forest,within-season 5-fold CV over plots; fixed input history; horizon-specific models,2,5,98
2425,B25,Florida Brilliance,4,2025-03-05,2025-01-07,2025-02-05,28,51.0,73.91872342472341,33.0,9.4,paper_informed_nonreactive,Random Forest,within-season 5-fold CV over plots; fixed input history; horizon-specific models,2,5,98
2425,B44,Florida Brilliance,4,2025-03-05,2025-01-07,2025-02-05,28,92.0,58.60155555555556,9.0,8.4,paper_informed_nonreactive,Random Forest,within-season 5-fold CV over plots; fixed input history; horizon-specific models,2,5,98
2425,M21,Florida Medallion,4,2025-03-05,2025-01-07,2025-02-05,28,38.0,38.263349058349036,13.0,15.4,paper_informed_nonreactive,Random Forest,within-season 5-fold CV over plots; fixed input history; horizon-specific models,2,5,98
2425,M42,Florida Medallion,4,2025-03-05,2025-01-07,2025-02-05,28,5.0,43.12437960187959,0.0,12.6,paper_informed_nonreactive,Random Forest,within-season 5-fold CV over plots; fixed input history; horizon-specific models,2,5,98
2425,M45,Florida Medallion,4,2025-03-05,2025-01-07,2025-02-05,28,2.0,29.190001054501046,0.0,8.8,paper_informed_nonreactive,Random Forest,within-season 5-fold CV over plots; fixed input history; horizon-specific models,2,5,98
2425,M55,Florida Medallion,4,2025-03-05,2025-01-07,2025-02-05,28,29.0,31.949479890479875,0.0,0.0,paper_informed_nonreactive,Random Forest,within-season 5-fold CV over plots; fixed input history; horizon-specific models,2,5,98
2425,B11,Florida Brilliance,4,2025-03-05,2025-01-07,2025-02-05,28,19.0,72.96861042661043,0.0,8.75,paper_informed_nonreactive,Random Forest,within-season 5-fold CV over plots; fixed input history; horizon-specific models,3,5,98
2425,B12,Florida Brilliance,4,2025-03-05,2025-01-07,2025-02-05,28,50.0,28.213897306397303,18.0,7.4,paper_informed_nonreactive,Random Forest,within-season 5-fold CV over plots; fixed input history; horizon-specific models,3,5,98
2425,B21,Florida Brilliance,4,2025-03-05,2025-01-07,2025-02-05,28,68.0,45.52935714285714,0.0,2.2,paper_informed_nonreactive,Random Forest,within-season 5-fold CV over plots; fixed input history; horizon-specific models,3,5,98
2425,B42,Florida Brilliance,4,2025-03-05,2025-01-07,2025-02-05,28,47.0,28.080125541125543,12.0,13.6,paper_informed_nonreactive,Random Forest,within-season 5-fold CV over plots; fixed input history; horizon-specific models,3,5,98
2425,B53,Florida Brilliance,4,2025-03-05,2025-01-07,2025-02-05,28,147.0,111.78910413660412,0.0,5.0,paper_informed_nonreactive,Random Forest,within-season 5-fold CV over plots; fixed input history; horizon-specific models,3,5,98
2425,M15,Florida Medallion,4,2025-03-05,2025-01-07,2025-02-05,28,34.0,84.39907407407408,41.0,22.6,paper_informed_nonreactive,Random Forest,within-season 5-fold CV over plots; fixed input history; horizon-specific models,3,5,98
2425,M25,Florida Medallion,4,2025-03-05,2025-01-07,2025-02-05,28,9.0,81.39673280423281,0.0,9.8,paper_informed_nonreactive,Random Forest,within-season 5-fold CV over plots; fixed input history; horizon-specific models,3,5,98
2425,M44,Florida Medallion,4,2025-03-05,2025-01-07,2025-02-05,28,48.0,57.397283068783075,0.0,16.8,paper_informed_nonreactive,Random Forest,within-season 5-fold CV over plots; fixed input history; horizon-specific models,3,5,98
2425,B13,Florida Brilliance,4,2025-03-05,2025-01-07,2025-02-05,28,55.0,66.96753222703221,17.0,16.6,paper_informed_nonreactive,Random Forest,within-season 5-fold CV over plots; fixed input history; horizon-specific models,4,5,98
2425,B14,Florida Brilliance,4,2025-03-05,2025-01-07,2025-02-05,28,36.0,40.175707440707455,23.0,11.8,paper_informed_nonreactive,Random Forest,within-season 5-fold CV over plots; fixed input history; horizon-specific models,4,5,98
2425,M12,Florida Medallion,4,2025-03-05,2025-01-07,2025-02-05,28,71.0,54.91381374181374,33.0,18.2,paper_informed_nonreactive,Random Forest,within-season 5-fold CV over plots; fixed input history; horizon-specific models,4,5,98
2425,M14,Florida Medallion,4,2025-03-05,2025-01-07,2025-02-05,28,32.0,41.68329966329966,10.0,16.4,paper_informed_nonreactive,Random Forest,within-season 5-fold CV over plots; fixed input history; horizon-specific models,4,5,98
2425,M41,Florida Medallion,4,2025-03-05,2025-01-07,2025-02-05,28,28.0,60.146799663299646,4.0,2.4,paper_informed_nonreactive,Random Forest,within-season 5-fold CV over plots; fixed input history; horizon-specific models,4,5,98
2425,M43,Florida Medallion,4,2025-03-05,2025-01-07,2025-02-05,28,24.0,39.09739454989455,0.0,21.0,paper_informed_nonreactive,Random Forest,within-season 5-fold CV over plots; fixed input history; horizon-specific models,4,5,98
2425,M51,Florida Medallion,4,2025-03-05,2025-01-07,2025-02-05,28,17.0,45.953591149591155,18.0,4.6,paper_informed_nonreactive,Random Forest,within-season 5-fold CV over plots; fixed input history; horizon-specific models,4,5,98
2425,M52,Florida Medallion,4,2025-03-05,2025-01-07,2025-02-05,28,26.0,48.704651515151525,0.0,6.6,paper_informed_nonreactive,Random Forest,within-season 5-fold CV over plots; fixed input history; horizon-specific models,4,5,98
2425,B23,Florida Brilliance,4,2025-03-05,2025-01-07,2025-02-05,28,55.0,47.63351474560299,21.0,10.4,paper_informed_nonreactive,Random Forest,within-season 5-fold CV over plots; fixed input history; horizon-specific models,5,5,98
2425,B41,Florida Brilliance,4,2025-03-05,2025-01-07,2025-02-05,28,134.0,42.11988603988605,0.0,0.0,paper_informed_nonreactive,Random Forest,within-season 5-fold CV over plots; fixed input history; horizon-specific models,5,5,98
2425,B45,Florida Brilliance,4,2025-03-05,2025-01-07,2025-02-05,28,34.0,67.79643780402607,0.0,1.4,paper_informed_nonreactive,Random Forest,within-season 5-fold CV over plots; fixed input history; horizon-specific models,5,5,98
2425,B54,Florida Brilliance,4,2025-03-05,2025-01-07,2025-02-05,28,98.0,60.7712712657713,0.0,6.8,paper_informed_nonreactive,Random Forest,within-season 5-fold CV over plots; fixed input history; horizon-specific models,5,5,98
2425,M11,Florida Medallion,4,2025-03-05,2025-01-07,2025-02-05,28,5.0,26.443959577459577,0.0,20.8,paper_informed_nonreactive,Random Forest,within-season 5-fold CV over plots; fixed input history; horizon-specific models,5,5,98
2425,M13,Florida Medallion,4,2025-03-05,2025-01-07,2025-02-05,28,107.0,84.35787088945912,86.0,33.6,paper_informed_nonreactive,Random Forest,within-season 5-fold CV over plots; fixed input history; horizon-specific models,5,5,98
2425,M24,Florida Medallion,4,2025-03-05,2025-01-07,2025-02-05,28,18.0,27.883635698723925,14.0,16.0,paper_informed_nonreactive,Random Forest,within-season 5-fold CV over plots; fixed input history; horizon-specific models,5,5,98
2425,M54,Florida Medallion,4,2025-03-05,2025-01-07,2025-02-05,28,47.0,35.122337218337236,0.0,0.4,paper_informed_nonreactive,Random Forest,within-season 5-fold CV over plots; fixed input history; horizon-specific models,5,5,98
2425,B15,Florida Brilliance,4,2025-03-05,2025-01-07,2025-02-05,28,121.0,76.62355555555557,0.0,6.2,paper_informed_nonreactive,Extra Trees,within-season 5-fold CV over plots; fixed input history; horizon-specific models,1,5,98
2425,B43,Florida Brilliance,4,2025-03-05,2025-01-07,2025-02-05,28,38.0,57.17688888888885,0.0,5.0,paper_informed_nonreactive,Extra Trees,within-season 5-fold CV over plots; fixed input history; horizon-specific models,1,5,98
2425,B51,Florida Brilliance,4,2025-03-05,2025-01-07,2025-02-05,28,65.0,51.183587301587295,0.0,4.6,paper_informed_nonreactive,Extra Trees,within-season 5-fold CV over plots; fixed input history; horizon-specific models,1,5,98
2425,B52,Florida Brilliance,4,2025-03-05,2025-01-07,2025-02-05,28,150.0,99.04111111111118,0.0,2.8,paper_informed_nonreactive,Extra Trees,within-season 5-fold CV over plots; fixed input history; horizon-specific models,1,5,98
2425,B55,Florida Brilliance,4,2025-03-05,2025-01-07,2025-02-05,28,7.0,67.73247619047619,0.0,5.2,paper_informed_nonreactive,Extra Trees,within-season 5-fold CV over plots; fixed input history; horizon-specific models,1,5,98
2425,M22,Florida Medallion,4,2025-03-05,2025-01-07,2025-02-05,28,102.0,50.11051587301586,0.0,14.0,paper_informed_nonreactive,Extra Trees,within-season 5-fold CV over plots; fixed input history; horizon-specific models,1,5,98
2425,M23,Florida Medallion,4,2025-03-05,2025-01-07,2025-02-05,28,26.0,15.197849206349199,19.0,21.0,paper_informed_nonreactive,Extra Trees,within-season 5-fold CV over plots; fixed input history; horizon-specific models,1,5,98
2425,M53,Florida Medallion,4,2025-03-05,2025-01-07,2025-02-05,28,7.0,47.393449735449714,0.0,20.2,paper_informed_nonreactive,Extra Trees,within-season 5-fold CV over plots; fixed input history; horizon-specific models,1,5,98
2425,B22,Florida Brilliance,4,2025-03-05,2025-01-07,2025-02-05,28,136.0,46.52476411388176,43.0,15.6,paper_informed_nonreactive,Extra Trees,within-season 5-fold CV over plots; fixed input history; horizon-specific models,2,5,98
2425,B24,Florida Brilliance,4,2025-03-05,2025-01-07,2025-02-05,28,48.0,94.79071957671957,73.0,35.6,paper_informed_nonreactive,Extra Trees,within-season 5-fold CV over plots; fixed input history; horizon-specific models,2,5,98
2425,B25,Florida Brilliance,4,2025-03-05,2025-01-07,2025-02-05,28,51.0,81.47599999999993,33.0,9.4,paper_informed_nonreactive,Extra Trees,within-season 5-fold CV over plots; fixed input history; horizon-specific models,2,5,98
2425,B44,Florida Brilliance,4,2025-03-05,2025-01-07,2025-02-05,28,92.0,63.441568542568554,9.0,8.4,paper_informed_nonreactive,Extra Trees,within-season 5-fold CV over plots; fixed input history; horizon-specific models,2,5,98
2425,M21,Florida Medallion,4,2025-03-05,2025-01-07,2025-02-05,28,38.0,55.68815164465164,13.0,15.4,paper_informed_nonreactive,Extra Trees,within-season 5-fold CV over plots; fixed input history; horizon-specific models,2,5,98
2425,M42,Florida Medallion,4,2025-03-05,2025-01-07,2025-02-05,28,5.0,35.19893653405418,0.0,12.6,paper_informed_nonreactive,Extra Trees,within-season 5-fold CV over plots; fixed input history; horizon-specific models,2,5,98
2425,M45,Florida Medallion,4,2025-03-05,2025-01-07,2025-02-05,28,2.0,32.43569435684139,0.0,8.8,paper_informed_nonreactive,Extra Trees,within-season 5-fold CV over plots; fixed input history; horizon-specific models,2,5,98
2425,M55,Florida Medallion,4,2025-03-05,2025-01-07,2025-02-05,28,29.0,28.886208972944267,0.0,0.0,paper_informed_nonreactive,Extra Trees,within-season 5-fold CV over plots; fixed input history; horizon-specific models,2,5,98
2425,B11,Florida Brilliance,4,2025-03-05,2025-01-07,2025-02-05,28,19.0,65.00980952380954,0.0,8.75,paper_informed_nonreactive,Extra Trees,within-season 5-fold CV over plots; fixed input history; horizon-specific models,3,5,98
2425,B12,Florida Brilliance,4,2025-03-05,2025-01-07,2025-02-05,28,50.0,50.03514879564881,18.0,7.4,paper_informed_nonreactive,Extra Trees,within-season 5-fold CV over plots; fixed input history; horizon-specific models,3,5,98
2425,B21,Florida Brilliance,4,2025-03-05,2025-01-07,2025-02-05,28,68.0,54.602531986531986,0.0,2.2,paper_informed_nonreactive,Extra Trees,within-season 5-fold CV over plots; fixed input history; horizon-specific models,3,5,98
2425,B42,Florida Brilliance,4,2025-03-05,2025-01-07,2025-02-05,28,47.0,56.52229694379695,12.0,13.6,paper_informed_nonreactive,Extra Trees,within-season 5-fold CV over plots; fixed input history; horizon-specific models,3,5,98
2425,B53,Florida Brilliance,4,2025-03-05,2025-01-07,2025-02-05,28,147.0,106.63611111111116,0.0,5.0,paper_informed_nonreactive,Extra Trees,within-season 5-fold CV over plots; fixed input history; horizon-specific models,3,5,98
2425,M15,Florida Medallion,4,2025-03-05,2025-01-07,2025-02-05,28,34.0,66.77725803825805,41.0,22.6,paper_informed_nonreactive,Extra Trees,within-season 5-fold CV over plots; fixed input history; horizon-specific models,3,5,98
2425,M25,Florida Medallion,4,2025-03-05,2025-01-07,2025-02-05,28,9.0,69.86601322751326,0.0,9.8,paper_informed_nonreactive,Extra Trees,within-season 5-fold CV over plots; fixed input history; horizon-specific models,3,5,98
2425,M44,Florida Medallion,4,2025-03-05,2025-01-07,2025-02-05,28,48.0,70.79089033189034,0.0,16.8,paper_informed_nonreactive,Extra Trees,within-season 5-fold CV over plots; fixed input history; horizon-specific models,3,5,98
2425,B13,Florida Brilliance,4,2025-03-05,2025-01-07,2025-02-05,28,55.0,65.090626984127,17.0,16.6,paper_informed_nonreactive,Extra Trees,within-season 5-fold CV over plots; fixed input history; horizon-specific models,4,5,98
2425,B14,Florida Brilliance,4,2025-03-05,2025-01-07,2025-02-05,28,36.0,58.37537301587302,23.0,11.8,paper_informed_nonreactive,Extra Trees,within-season 5-fold CV over plots; fixed input history; horizon-specific models,4,5,98
2425,M12,Florida Medallion,4,2025-03-05,2025-01-07,2025-02-05,28,71.0,34.220182539682526,33.0,18.2,paper_informed_nonreactive,Extra Trees,within-season 5-fold CV over plots; fixed input history; horizon-specific models,4,5,98
2425,M14,Florida Medallion,4,2025-03-05,2025-01-07,2025-02-05,28,32.0,37.70057142857141,10.0,16.4,paper_informed_nonreactive,Extra Trees,within-season 5-fold CV over plots; fixed input history; horizon-specific models,4,5,98
2425,M41,Florida Medallion,4,2025-03-05,2025-01-07,2025-02-05,28,28.0,47.66677777777778,4.0,2.4,paper_informed_nonreactive,Extra Trees,within-season 5-fold CV over plots; fixed input history; horizon-specific models,4,5,98
2425,M43,Florida Medallion,4,2025-03-05,2025-01-07,2025-02-05,28,24.0,27.48673565323564,0.0,21.0,paper_informed_nonreactive,Extra Trees,within-season 5-fold CV over plots; fixed input history; horizon-specific models,4,5,98
2425,M51,Florida Medallion,4,2025-03-05,2025-01-07,2025-02-05,28,17.0,35.68354327154327,18.0,4.6,paper_informed_nonreactive,Extra Trees,within-season 5-fold CV over plots; fixed input history; horizon-specific models,4,5,98
2425,M52,Florida Medallion,4,2025-03-05,2025-01-07,2025-02-05,28,26.0,31.160364801864798,0.0,6.6,paper_informed_nonreactive,Extra Trees,within-season 5-fold CV over plots; fixed input history; horizon-specific models,4,5,98
2425,B23,Florida Brilliance,4,2025-03-05,2025-01-07,2025-02-05,28,55.0,46.77414928589929,21.0,10.4,paper_informed_nonreactive,Extra Trees,within-season 5-fold CV over plots; fixed input history; horizon-specific models,5,5,98
2425,B41,Florida Brilliance,4,2025-03-05,2025-01-07,2025-02-05,28,134.0,44.173456164206165,0.0,0.0,paper_informed_nonreactive,Extra Trees,within-season 5-fold CV over plots; fixed input history; horizon-specific models,5,5,98
2425,B45,Florida Brilliance,4,2025-03-05,2025-01-07,2025-02-05,28,34.0,74.10787271062267,0.0,1.4,paper_informed_nonreactive,Extra Trees,within-season 5-fold CV over plots; fixed input history; horizon-specific models,5,5,98
2425,B54,Florida Brilliance,4,2025-03-05,2025-01-07,2025-02-05,28,98.0,54.34152975727974,0.0,6.8,paper_informed_nonreactive,Extra Trees,within-season 5-fold CV over plots; fixed input history; horizon-specific models,5,5,98
2425,M11,Florida Medallion,4,2025-03-05,2025-01-07,2025-02-05,28,5.0,25.39715800865801,0.0,20.8,paper_informed_nonreactive,Extra Trees,within-season 5-fold CV over plots; fixed input history; horizon-specific models,5,5,98
2425,M13,Florida Medallion,4,2025-03-05,2025-01-07,2025-02-05,28,107.0,67.15381481481482,86.0,33.6,paper_informed_nonreactive,Extra Trees,within-season 5-fold CV over plots; fixed input history; horizon-specific models,5,5,98
2425,M24,Florida Medallion,4,2025-03-05,2025-01-07,2025-02-05,28,18.0,25.136245125245118,14.0,16.0,paper_informed_nonreactive,Extra Trees,within-season 5-fold CV over plots; fixed input history; horizon-specific models,5,5,98
2425,M54,Florida Medallion,4,2025-03-05,2025-01-07,2025-02-05,28,47.0,26.399861407111413,0.0,0.4,paper_informed_nonreactive,Extra Trees,within-season 5-fold CV over plots; fixed input history; horizon-specific models,5,5,98
2425,B15,Florida Brilliance,4,2025-03-05,2025-01-07,2025-02-05,28,121.0,73.09746888042572,0.0,6.2,paper_informed_nonreactive,Gradient Boosting,within-season 5-fold CV over plots; fixed input history; horizon-specific models,1,5,98
2425,B43,Florida Brilliance,4,2025-03-05,2025-01-07,2025-02-05,28,38.0,53.82801644445972,0.0,5.0,paper_informed_nonreactive,Gradient Boosting,within-season 5-fold CV over plots; fixed input history; horizon-specific models,1,5,98
2425,B51,Florida Brilliance,4,2025-03-05,2025-01-07,2025-02-05,28,65.0,39.19298390695131,0.0,4.6,paper_informed_nonreactive,Gradient Boosting,within-season 5-fold CV over plots; fixed input history; horizon-specific models,1,5,98
2425,B52,Florida Brilliance,4,2025-03-05,2025-01-07,2025-02-05,28,150.0,103.13407531885156,0.0,2.8,paper_informed_nonreactive,Gradient Boosting,within-season 5-fold CV over plots; fixed input history; horizon-specific models,1,5,98
2425,B55,Florida Brilliance,4,2025-03-05,2025-01-07,2025-02-05,28,7.0,45.84527676877462,0.0,5.2,paper_informed_nonreactive,Gradient Boosting,within-season 5-fold CV over plots; fixed input history; horizon-specific models,1,5,98
2425,M22,Florida Medallion,4,2025-03-05,2025-01-07,2025-02-05,28,102.0,85.19136813743,0.0,14.0,paper_informed_nonreactive,Gradient Boosting,within-season 5-fold CV over plots; fixed input history; horizon-specific models,1,5,98
2425,M23,Florida Medallion,4,2025-03-05,2025-01-07,2025-02-05,28,26.0,20.257238853826546,19.0,21.0,paper_informed_nonreactive,Gradient Boosting,within-season 5-fold CV over plots; fixed input history; horizon-specific models,1,5,98
2425,M53,Florida Medallion,4,2025-03-05,2025-01-07,2025-02-05,28,7.0,51.621624507870976,0.0,20.2,paper_informed_nonreactive,Gradient Boosting,within-season 5-fold CV over plots; fixed input history; horizon-specific models,1,5,98
2425,B22,Florida Brilliance,4,2025-03-05,2025-01-07,2025-02-05,28,136.0,53.02393697872769,43.0,15.6,paper_informed_nonreactive,Gradient Boosting,within-season 5-fold CV over plots; fixed input history; horizon-specific models,2,5,98
2425,B24,Florida Brilliance,4,2025-03-05,2025-01-07,2025-02-05,28,48.0,80.8769788452002,73.0,35.6,paper_informed_nonreactive,Gradient Boosting,within-season 5-fold CV over plots; fixed input history; horizon-specific models,2,5,98
2425,B25,Florida Brilliance,4,2025-03-05,2025-01-07,2025-02-05,28,51.0,63.97025410751545,33.0,9.4,paper_informed_nonreactive,Gradient Boosting,within-season 5-fold CV over plots; fixed input history; horizon-specific models,2,5,98
2425,B44,Florida Brilliance,4,2025-03-05,2025-01-07,2025-02-05,28,92.0,66.28472401350936,9.0,8.4,paper_informed_nonreactive,Gradient Boosting,within-season 5-fold CV over plots; fixed input history; horizon-specific models,2,5,98
2425,M21,Florida Medallion,4,2025-03-05,2025-01-07,2025-02-05,28,38.0,43.83422699523287,13.0,15.4,paper_informed_nonreactive,Gradient Boosting,within-season 5-fold CV over plots; fixed input history; horizon-specific models,2,5,98
2425,M42,Florida Medallion,4,2025-03-05,2025-01-07,2025-02-05,28,5.0,26.57828210585387,0.0,12.6,paper_informed_nonreactive,Gradient Boosting,within-season 5-fold CV over plots; fixed input history; horizon-specific models,2,5,98
2425,M45,Florida Medallion,4,2025-03-05,2025-01-07,2025-02-05,28,2.0,31.48670105655938,0.0,8.8,paper_informed_nonreactive,Gradient Boosting,within-season 5-fold CV over plots; fixed input history; horizon-specific models,2,5,98
2425,M55,Florida Medallion,4,2025-03-05,2025-01-07,2025-02-05,28,29.0,35.4975293049947,0.0,0.0,paper_informed_nonreactive,Gradient Boosting,within-season 5-fold CV over plots; fixed input history; horizon-specific models,2,5,98
2425,B11,Florida Brilliance,4,2025-03-05,2025-01-07,2025-02-05,28,19.0,75.39524077120657,0.0,8.75,paper_informed_nonreactive,Gradient Boosting,within-season 5-fold CV over plots; fixed input history; horizon-specific models,3,5,98
2425,B12,Florida Brilliance,4,2025-03-05,2025-01-07,2025-02-05,28,50.0,19.9888359349422,18.0,7.4,paper_informed_nonreactive,Gradient Boosting,within-season 5-fold CV over plots; fixed input history; horizon-specific models,3,5,98
2425,B21,Florida Brilliance,4,2025-03-05,2025-01-07,2025-02-05,28,68.0,41.991118715118404,0.0,2.2,paper_informed_nonreactive,Gradient Boosting,within-season 5-fold CV over plots; fixed input history; horizon-specific models,3,5,98
2425,B42,Florida Brilliance,4,2025-03-05,2025-01-07,2025-02-05,28,47.0,24.658828198368543,12.0,13.6,paper_informed_nonreactive,Gradient Boosting,within-season 5-fold CV over plots; fixed input history; horizon-specific models,3,5,98
2425,B53,Florida Brilliance,4,2025-03-05,2025-01-07,2025-02-05,28,147.0,118.34351261908056,0.0,5.0,paper_informed_nonreactive,Gradient Boosting,within-season 5-fold CV over plots; fixed input history; horizon-specific models,3,5,98
2425,M15,Florida Medallion,4,2025-03-05,2025-01-07,2025-02-05,28,34.0,113.36784458549894,41.0,22.6,paper_informed_nonreactive,Gradient Boosting,within-season 5-fold CV over plots; fixed input history; horizon-specific models,3,5,98
2425,M25,Florida Medallion,4,2025-03-05,2025-01-07,2025-02-05,28,9.0,92.12626417779846,0.0,9.8,paper_informed_nonreactive,Gradient Boosting,within-season 5-fold CV over plots; fixed input history; horizon-specific models,3,5,98
2425,M44,Florida Medallion,4,2025-03-05,2025-01-07,2025-02-05,28,48.0,41.85733393919975,0.0,16.8,paper_informed_nonreactive,Gradient Boosting,within-season 5-fold CV over plots; fixed input history; horizon-specific models,3,5,98
2425,B13,Florida Brilliance,4,2025-03-05,2025-01-07,2025-02-05,28,55.0,63.599582413210264,17.0,16.6,paper_informed_nonreactive,Gradient Boosting,within-season 5-fold CV over plots; fixed input history; horizon-specific models,4,5,98
2425,B14,Florida Brilliance,4,2025-03-05,2025-01-07,2025-02-05,28,36.0,48.76033024121542,23.0,11.8,paper_informed_nonreactive,Gradient Boosting,within-season 5-fold CV over plots; fixed input history; horizon-specific models,4,5,98
2425,M12,Florida Medallion,4,2025-03-05,2025-01-07,2025-02-05,28,71.0,48.5637603671648,33.0,18.2,paper_informed_nonreactive,Gradient Boosting,within-season 5-fold CV over plots; fixed input history; horizon-specific models,4,5,98
2425,M14,Florida Medallion,4,2025-03-05,2025-01-07,2025-02-05,28,32.0,33.08083666361981,10.0,16.4,paper_informed_nonreactive,Gradient Boosting,within-season 5-fold CV over plots; fixed input history; horizon-specific models,4,5,98
2425,M41,Florida Medallion,4,2025-03-05,2025-01-07,2025-02-05,28,28.0,74.50483008296318,4.0,2.4,paper_informed_nonreactive,Gradient Boosting,within-season 5-fold CV over plots; fixed input history; horizon-specific models,4,5,98
2425,M43,Florida Medallion,4,2025-03-05,2025-01-07,2025-02-05,28,24.0,33.23176261163955,0.0,21.0,paper_informed_nonreactive,Gradient Boosting,within-season 5-fold CV over plots; fixed input history; horizon-specific models,4,5,98
2425,M51,Florida Medallion,4,2025-03-05,2025-01-07,2025-02-05,28,17.0,23.559704586662964,18.0,4.6,paper_informed_nonreactive,Gradient Boosting,within-season 5-fold CV over plots; fixed input history; horizon-specific models,4,5,98
2425,M52,Florida Medallion,4,2025-03-05,2025-01-07,2025-02-05,28,26.0,44.19293818429105,0.0,6.6,paper_informed_nonreactive,Gradient Boosting,within-season 5-fold CV over plots; fixed input history; horizon-specific models,4,5,98
2425,B23,Florida Brilliance,4,2025-03-05,2025-01-07,2025-02-05,28,55.0,52.305383207398854,21.0,10.4,paper_informed_nonreactive,Gradient Boosting,within-season 5-fold CV over plots; fixed input history; horizon-specific models,5,5,98
2425,B41,Florida Brilliance,4,2025-03-05,2025-01-07,2025-02-05,28,134.0,34.171802136501604,0.0,0.0,paper_informed_nonreactive,Gradient Boosting,within-season 5-fold CV over plots; fixed input history; horizon-specific models,5,5,98
2425,B45,Florida Brilliance,4,2025-03-05,2025-01-07,2025-02-05,28,34.0,69.21262929898043,0.0,1.4,paper_informed_nonreactive,Gradient Boosting,within-season 5-fold CV over plots; fixed input history; horizon-specific models,5,5,98
2425,B54,Florida Brilliance,4,2025-03-05,2025-01-07,2025-02-05,28,98.0,88.64704857817605,0.0,6.8,paper_informed_nonreactive,Gradient Boosting,within-season 5-fold CV over plots; fixed input history; horizon-specific models,5,5,98
2425,M11,Florida Medallion,4,2025-03-05,2025-01-07,2025-02-05,28,5.0,17.588580065406227,0.0,20.8,paper_informed_nonreactive,Gradient Boosting,within-season 5-fold CV over plots; fixed input history; horizon-specific models,5,5,98
2425,M13,Florida Medallion,4,2025-03-05,2025-01-07,2025-02-05,28,107.0,93.17125575253911,86.0,33.6,paper_informed_nonreactive,Gradient Boosting,within-season 5-fold CV over plots; fixed input history; horizon-specific models,5,5,98
2425,M24,Florida Medallion,4,2025-03-05,2025-01-07,2025-02-05,28,18.0,29.809256271115476,14.0,16.0,paper_informed_nonreactive,Gradient Boosting,within-season 5-fold CV over plots; fixed input history; horizon-specific models,5,5,98
2425,M54,Florida Medallion,4,2025-03-05,2025-01-07,2025-02-05,28,47.0,29.12000441402887,0.0,0.4,paper_informed_nonreactive,Gradient Boosting,within-season 5-fold CV over plots; fixed input history; horizon-specific models,5,5,98
2425,B15,Florida Brilliance,4,2025-03-05,2025-01-07,2025-02-05,28,121.0,50.3125,0.0,6.2,paper_informed_nonreactive,HistGradientBoosting,within-season 5-fold CV over plots; fixed input history; horizon-specific models,1,5,98
2425,B43,Florida Brilliance,4,2025-03-05,2025-01-07,2025-02-05,28,38.0,50.3125,0.0,5.0,paper_informed_nonreactive,HistGradientBoosting,within-season 5-fold CV over plots; fixed input history; horizon-specific models,1,5,98
2425,B51,Florida Brilliance,4,2025-03-05,2025-01-07,2025-02-05,28,65.0,50.3125,0.0,4.6,paper_informed_nonreactive,HistGradientBoosting,within-season 5-fold CV over plots; fixed input history; horizon-specific models,1,5,98
2425,B52,Florida Brilliance,4,2025-03-05,2025-01-07,2025-02-05,28,150.0,50.3125,0.0,2.8,paper_informed_nonreactive,HistGradientBoosting,within-season 5-fold CV over plots; fixed input history; horizon-specific models,1,5,98
2425,B55,Florida Brilliance,4,2025-03-05,2025-01-07,2025-02-05,28,7.0,50.3125,0.0,5.2,paper_informed_nonreactive,HistGradientBoosting,within-season 5-fold CV over plots; fixed input history; horizon-specific models,1,5,98
2425,M22,Florida Medallion,4,2025-03-05,2025-01-07,2025-02-05,28,102.0,50.3125,0.0,14.0,paper_informed_nonreactive,HistGradientBoosting,within-season 5-fold CV over plots; fixed input history; horizon-specific models,1,5,98
2425,M23,Florida Medallion,4,2025-03-05,2025-01-07,2025-02-05,28,26.0,50.3125,19.0,21.0,paper_informed_nonreactive,HistGradientBoosting,within-season 5-fold CV over plots; fixed input history; horizon-specific models,1,5,98
2425,M53,Florida Medallion,4,2025-03-05,2025-01-07,2025-02-05,28,7.0,50.3125,0.0,20.2,paper_informed_nonreactive,HistGradientBoosting,within-season 5-fold CV over plots; fixed input history; horizon-specific models,1,5,98
2425,B22,Florida Brilliance,4,2025-03-05,2025-01-07,2025-02-05,28,136.0,53.90625,43.0,15.6,paper_informed_nonreactive,HistGradientBoosting,within-season 5-fold CV over plots; fixed input history; horizon-specific models,2,5,98
2425,B24,Florida Brilliance,4,2025-03-05,2025-01-07,2025-02-05,28,48.0,53.90625,73.0,35.6,paper_informed_nonreactive,HistGradientBoosting,within-season 5-fold CV over plots; fixed input history; horizon-specific models,2,5,98
2425,B25,Florida Brilliance,4,2025-03-05,2025-01-07,2025-02-05,28,51.0,53.90625,33.0,9.4,paper_informed_nonreactive,HistGradientBoosting,within-season 5-fold CV over plots; fixed input history; horizon-specific models,2,5,98
2425,B44,Florida Brilliance,4,2025-03-05,2025-01-07,2025-02-05,28,92.0,53.90625,9.0,8.4,paper_informed_nonreactive,HistGradientBoosting,within-season 5-fold CV over plots; fixed input history; horizon-specific models,2,5,98
2425,M21,Florida Medallion,4,2025-03-05,2025-01-07,2025-02-05,28,38.0,53.90625,13.0,15.4,paper_informed_nonreactive,HistGradientBoosting,within-season 5-fold CV over plots; fixed input history; horizon-specific models,2,5,98
2425,M42,Florida Medallion,4,2025-03-05,2025-01-07,2025-02-05,28,5.0,53.90625,0.0,12.6,paper_informed_nonreactive,HistGradientBoosting,within-season 5-fold CV over plots; fixed input history; horizon-specific models,2,5,98
2425,M45,Florida Medallion,4,2025-03-05,2025-01-07,2025-02-05,28,2.0,53.90625,0.0,8.8,paper_informed_nonreactive,HistGradientBoosting,within-season 5-fold CV over plots; fixed input history; horizon-specific models,2,5,98
2425,M55,Florida Medallion,4,2025-03-05,2025-01-07,2025-02-05,28,29.0,53.90625,0.0,0.0,paper_informed_nonreactive,HistGradientBoosting,within-season 5-fold CV over plots; fixed input history; horizon-specific models,2,5,98
2425,B11,Florida Brilliance,4,2025-03-05,2025-01-07,2025-02-05,28,19.0,53.25,0.0,8.75,paper_informed_nonreactive,HistGradientBoosting,within-season 5-fold CV over plots; fixed input history; horizon-specific models,3,5,98
2425,B12,Florida Brilliance,4,2025-03-05,2025-01-07,2025-02-05,28,50.0,53.25,18.0,7.4,paper_informed_nonreactive,HistGradientBoosting,within-season 5-fold CV over plots; fixed input history; horizon-specific models,3,5,98
2425,B21,Florida Brilliance,4,2025-03-05,2025-01-07,2025-02-05,28,68.0,53.25,0.0,2.2,paper_informed_nonreactive,HistGradientBoosting,within-season 5-fold CV over plots; fixed input history; horizon-specific models,3,5,98
2425,B42,Florida Brilliance,4,2025-03-05,2025-01-07,2025-02-05,28,47.0,53.25,12.0,13.6,paper_informed_nonreactive,HistGradientBoosting,within-season 5-fold CV over plots; fixed input history; horizon-specific models,3,5,98
2425,B53,Florida Brilliance,4,2025-03-05,2025-01-07,2025-02-05,28,147.0,53.25,0.0,5.0,paper_informed_nonreactive,HistGradientBoosting,within-season 5-fold CV over plots; fixed input history; horizon-specific models,3,5,98
2425,M15,Florida Medallion,4,2025-03-05,2025-01-07,2025-02-05,28,34.0,53.25,41.0,22.6,paper_informed_nonreactive,HistGradientBoosting,within-season 5-fold CV over plots; fixed input history; horizon-specific models,3,5,98
2425,M25,Florida Medallion,4,2025-03-05,2025-01-07,2025-02-05,28,9.0,53.25,0.0,9.8,paper_informed_nonreactive,HistGradientBoosting,within-season 5-fold CV over plots; fixed input history; horizon-specific models,3,5,98
2425,M44,Florida Medallion,4,2025-03-05,2025-01-07,2025-02-05,28,48.0,53.25,0.0,16.8,paper_informed_nonreactive,HistGradientBoosting,within-season 5-fold CV over plots; fixed input history; horizon-specific models,3,5,98
2425,B13,Florida Brilliance,4,2025-03-05,2025-01-07,2025-02-05,28,55.0,57.40625,17.0,16.6,paper_informed_nonreactive,HistGradientBoosting,within-season 5-fold CV over plots; fixed input history; horizon-specific models,4,5,98
2425,B14,Florida Brilliance,4,2025-03-05,2025-01-07,2025-02-05,28,36.0,57.40625,23.0,11.8,paper_informed_nonreactive,HistGradientBoosting,within-season 5-fold CV over plots; fixed input history; horizon-specific models,4,5,98
2425,M12,Florida Medallion,4,2025-03-05,2025-01-07,2025-02-05,28,71.0,57.40625,33.0,18.2,paper_informed_nonreactive,HistGradientBoosting,within-season 5-fold CV over plots; fixed input history; horizon-specific models,4,5,98
2425,M14,Florida Medallion,4,2025-03-05,2025-01-07,2025-02-05,28,32.0,57.40625,10.0,16.4,paper_informed_nonreactive,HistGradientBoosting,within-season 5-fold CV over plots; fixed input history; horizon-specific models,4,5,98
2425,M41,Florida Medallion,4,2025-03-05,2025-01-07,2025-02-05,28,28.0,57.40625,4.0,2.4,paper_informed_nonreactive,HistGradientBoosting,within-season 5-fold CV over plots; fixed input history; horizon-specific models,4,5,98
2425,M43,Florida Medallion,4,2025-03-05,2025-01-07,2025-02-05,28,24.0,57.40625,0.0,21.0,paper_informed_nonreactive,HistGradientBoosting,within-season 5-fold CV over plots; fixed input history; horizon-specific models,4,5,98
2425,M51,Florida Medallion,4,2025-03-05,2025-01-07,2025-02-05,28,17.0,57.40625,18.0,4.6,paper_informed_nonreactive,HistGradientBoosting,within-season 5-fold CV over plots; fixed input history; horizon-specific models,4,5,98
2425,M52,Florida Medallion,4,2025-03-05,2025-01-07,2025-02-05,28,26.0,57.40625,0.0,6.6,paper_informed_nonreactive,HistGradientBoosting,within-season 5-fold CV over plots; fixed input history; horizon-specific models,4,5,98
2425,B23,Florida Brilliance,4,2025-03-05,2025-01-07,2025-02-05,28,55.0,50.875,21.0,10.4,paper_informed_nonreactive,HistGradientBoosting,within-season 5-fold CV over plots; fixed input history; horizon-specific models,5,5,98
2425,B41,Florida Brilliance,4,2025-03-05,2025-01-07,2025-02-05,28,134.0,50.875,0.0,0.0,paper_informed_nonreactive,HistGradientBoosting,within-season 5-fold CV over plots; fixed input history; horizon-specific models,5,5,98
2425,B45,Florida Brilliance,4,2025-03-05,2025-01-07,2025-02-05,28,34.0,50.875,0.0,1.4,paper_informed_nonreactive,HistGradientBoosting,within-season 5-fold CV over plots; fixed input history; horizon-specific models,5,5,98
2425,B54,Florida Brilliance,4,2025-03-05,2025-01-07,2025-02-05,28,98.0,50.875,0.0,6.8,paper_informed_nonreactive,HistGradientBoosting,within-season 5-fold CV over plots; fixed input history; horizon-specific models,5,5,98
2425,M11,Florida Medallion,4,2025-03-05,2025-01-07,2025-02-05,28,5.0,50.875,0.0,20.8,paper_informed_nonreactive,HistGradientBoosting,within-season 5-fold CV over plots; fixed input history; horizon-specific models,5,5,98
2425,M13,Florida Medallion,4,2025-03-05,2025-01-07,2025-02-05,28,107.0,50.875,86.0,33.6,paper_informed_nonreactive,HistGradientBoosting,within-season 5-fold CV over plots; fixed input history; horizon-specific models,5,5,98
2425,M24,Florida Medallion,4,2025-03-05,2025-01-07,2025-02-05,28,18.0,50.875,14.0,16.0,paper_informed_nonreactive,HistGradientBoosting,within-season 5-fold CV over plots; fixed input history; horizon-specific models,5,5,98
2425,M54,Florida Medallion,4,2025-03-05,2025-01-07,2025-02-05,28,47.0,50.875,0.0,0.4,paper_informed_nonreactive,HistGradientBoosting,within-season 5-fold CV over plots; fixed input history; horizon-specific models,5,5,98
