date,tagged_fruit_id,value,year,measurement_type,source_file
2022-07-22,0,11.5,2022,tagged_diameter_mm,data_taggedFruit_diameter_2022.csv
2022-07-26,0,16.89,2022,tagged_diameter_mm,data_taggedFruit_diameter_2022.csv
2022-07-29,0,20.75,2022,tagged_diameter_mm,data_taggedFruit_diameter_2022.csv
2022-08-02,0,21.02,2022,tagged_diameter_mm,data_taggedFruit_diameter_2022.csv
2022-08-05,0,23.39,2022,tagged_diameter_mm,data_taggedFruit_diameter_2022.csv
2022-08-09,0,9.91,2022,tagged_diameter_mm,data_taggedFruit_diameter_2022.csv
2022-08-12,0,12.4,2022,tagged_diameter_mm,data_taggedFruit_diameter_2022.csv
2022-08-16,0,16.95,2022,tagged_diameter_mm,data_taggedFruit_diameter_2022.csv
2022-08-19,0,19.46,2022,tagged_diameter_mm,data_taggedFruit_diameter_2022.csv
2022-08-23,0,18.92,2022,tagged_diameter_mm,data_taggedFruit_diameter_2022.csv
2022-08-30,0,,2022,tagged_diameter_mm,data_taggedFruit_diameter_2022.csv
2022-09-06,0,14.79,2022,tagged_diameter_mm,data_taggedFruit_diameter_2022.csv
2022-09-09,0,18.38,2022,tagged_diameter_mm,data_taggedFruit_diameter_2022.csv
2022-09-13,0,3.95,2022,tagged_diameter_mm,data_taggedFruit_diameter_2022.csv
2022-09-16,0,5.77,2022,tagged_diameter_mm,data_taggedFruit_diameter_2022.csv
2022-09-20,0,,2022,tagged_diameter_mm,data_taggedFruit_diameter_2022.csv
2022-09-23,0,6.73,2022,tagged_diameter_mm,data_taggedFruit_diameter_2022.csv
2022-09-27,0,7.31,2022,tagged_diameter_mm,data_taggedFruit_diameter_2022.csv
2022-09-30,0,7.19,2022,tagged_diameter_mm,data_taggedFruit_diameter_2022.csv
2022-10-04,0,10.54,2022,tagged_diameter_mm,data_taggedFruit_diameter_2022.csv
2022-10-07,0,12.61,2022,tagged_diameter_mm,data_taggedFruit_diameter_2022.csv
2022-10-11,0,16.34,2022,tagged_diameter_mm,data_taggedFruit_diameter_2022.csv
2022-10-14,0,6.4,2022,tagged_diameter_mm,data_taggedFruit_diameter_2022.csv
2022-10-18,0,15.9,2022,tagged_diameter_mm,data_taggedFruit_diameter_2022.csv
2022-10-21,0,16.11,2022,tagged_diameter_mm,data_taggedFruit_diameter_2022.csv
2022-11-01,0,15.04,2022,tagged_diameter_mm,data_taggedFruit_diameter_2022.csv
2022-07-22,1,10.88,2022,tagged_diameter_mm,data_taggedFruit_diameter_2022.csv
2022-07-26,1,12.77,2022,tagged_diameter_mm,data_taggedFruit_diameter_2022.csv
2022-07-29,1,15.73,2022,tagged_diameter_mm,data_taggedFruit_diameter_2022.csv
2022-08-02,1,21.36,2022,tagged_diameter_mm,data_taggedFruit_diameter_2022.csv
2022-08-05,1,23.56,2022,tagged_diameter_mm,data_taggedFruit_diameter_2022.csv
2022-08-09,1,4.07,2022,tagged_diameter_mm,data_taggedFruit_diameter_2022.csv
2022-08-12,1,,2022,tagged_diameter_mm,data_taggedFruit_diameter_2022.csv
2022-08-16,1,12.07,2022,tagged_diameter_mm,data_taggedFruit_diameter_2022.csv
2022-08-19,1,14.52,2022,tagged_diameter_mm,data_taggedFruit_diameter_2022.csv
2022-08-23,1,17.54,2022,tagged_diameter_mm,data_taggedFruit_diameter_2022.csv
2022-08-30,1,16.78,2022,tagged_diameter_mm,data_taggedFruit_diameter_2022.csv
2022-09-06,1,5.26,2022,tagged_diameter_mm,data_taggedFruit_diameter_2022.csv
2022-09-09,1,4.13,2022,tagged_diameter_mm,data_taggedFruit_diameter_2022.csv
2022-09-13,1,4.48,2022,tagged_diameter_mm,data_taggedFruit_diameter_2022.csv
2022-09-16,1,4.5,2022,tagged_diameter_mm,data_taggedFruit_diameter_2022.csv
2022-09-20,1,,2022,tagged_diameter_mm,data_taggedFruit_diameter_2022.csv
2022-09-23,1,8.19,2022,tagged_diameter_mm,data_taggedFruit_diameter_2022.csv
2022-09-27,1,9.3,2022,tagged_diameter_mm,data_taggedFruit_diameter_2022.csv
2022-09-30,1,11.06,2022,tagged_diameter_mm,data_taggedFruit_diameter_2022.csv
2022-10-04,1,13.56,2022,tagged_diameter_mm,data_taggedFruit_diameter_2022.csv
2022-10-07,1,17.77,2022,tagged_diameter_mm,data_taggedFruit_diameter_2022.csv
2022-10-11,1,18.81,2022,tagged_diameter_mm,data_taggedFruit_diameter_2022.csv
2022-10-14,1,3.08,2022,tagged_diameter_mm,data_taggedFruit_diameter_2022.csv
2022-10-18,1,12.28,2022,tagged_diameter_mm,data_taggedFruit_diameter_2022.csv
2022-10-21,1,14.57,2022,tagged_diameter_mm,data_taggedFruit_diameter_2022.csv
2022-11-01,1,22.21,2022,tagged_diameter_mm,data_taggedFruit_diameter_2022.csv
2022-07-22,2,9.72,2022,tagged_diameter_mm,data_taggedFruit_diameter_2022.csv
2022-07-26,2,13.72,2022,tagged_diameter_mm,data_taggedFruit_diameter_2022.csv
2022-07-29,2,16.79,2022,tagged_diameter_mm,data_taggedFruit_diameter_2022.csv
2022-08-02,2,20.44,2022,tagged_diameter_mm,data_taggedFruit_diameter_2022.csv
2022-08-05,2,9.43,2022,tagged_diameter_mm,data_taggedFruit_diameter_2022.csv
2022-08-09,2,10.72,2022,tagged_diameter_mm,data_taggedFruit_diameter_2022.csv
2022-08-12,2,13.04,2022,tagged_diameter_mm,data_taggedFruit_diameter_2022.csv
2022-08-16,2,18.06,2022,tagged_diameter_mm,data_taggedFruit_diameter_2022.csv
2022-08-19,2,20.94,2022,tagged_diameter_mm,data_taggedFruit_diameter_2022.csv
2022-08-23,2,22.74,2022,tagged_diameter_mm,data_taggedFruit_diameter_2022.csv
2022-08-30,2,21.14,2022,tagged_diameter_mm,data_taggedFruit_diameter_2022.csv
2022-09-06,2,17.49,2022,tagged_diameter_mm,data_taggedFruit_diameter_2022.csv
2022-09-09,2,18.79,2022,tagged_diameter_mm,data_taggedFruit_diameter_2022.csv
2022-09-13,2,20.78,2022,tagged_diameter_mm,data_taggedFruit_diameter_2022.csv
2022-09-16,2,5.04,2022,tagged_diameter_mm,data_taggedFruit_diameter_2022.csv
2022-09-20,2,,2022,tagged_diameter_mm,data_taggedFruit_diameter_2022.csv
2022-09-23,2,7.49,2022,tagged_diameter_mm,data_taggedFruit_diameter_2022.csv
2022-09-27,2,6.86,2022,tagged_diameter_mm,data_taggedFruit_diameter_2022.csv
2022-09-30,2,8.91,2022,tagged_diameter_mm,data_taggedFruit_diameter_2022.csv
2022-10-04,2,13.34,2022,tagged_diameter_mm,data_taggedFruit_diameter_2022.csv
2022-10-07,2,15.93,2022,tagged_diameter_mm,data_taggedFruit_diameter_2022.csv
2022-10-11,2,18.32,2022,tagged_diameter_mm,data_taggedFruit_diameter_2022.csv
2022-10-14,2,11.45,2022,tagged_diameter_mm,data_taggedFruit_diameter_2022.csv
2022-10-18,2,8.35,2022,tagged_diameter_mm,data_taggedFruit_diameter_2022.csv
2022-10-21,2,10.62,2022,tagged_diameter_mm,data_taggedFruit_diameter_2022.csv
2022-11-01,2,17.48,2022,tagged_diameter_mm,data_taggedFruit_diameter_2022.csv
2022-07-22,3,7.79,2022,tagged_diameter_mm,data_taggedFruit_diameter_2022.csv
2022-07-26,3,9.77,2022,tagged_diameter_mm,data_taggedFruit_diameter_2022.csv
2022-07-29,3,9.43,2022,tagged_diameter_mm,data_taggedFruit_diameter_2022.csv
2022-08-02,3,16.89,2022,tagged_diameter_mm,data_taggedFruit_diameter_2022.csv
2022-08-05,3,22.35,2022,tagged_diameter_mm,data_taggedFruit_diameter_2022.csv
2022-08-09,3,25.16,2022,tagged_diameter_mm,data_taggedFruit_diameter_2022.csv
2022-08-12,3,24.06,2022,tagged_diameter_mm,data_taggedFruit_diameter_2022.csv
2022-08-16,3,17.59,2022,tagged_diameter_mm,data_taggedFruit_diameter_2022.csv
2022-08-19,3,21.16,2022,tagged_diameter_mm,data_taggedFruit_diameter_2022.csv
2022-08-23,3,24.87,2022,tagged_diameter_mm,data_taggedFruit_diameter_2022.csv
2022-08-30,3,22.29,2022,tagged_diameter_mm,data_taggedFruit_diameter_2022.csv
2022-09-06,3,10.39,2022,tagged_diameter_mm,data_taggedFruit_diameter_2022.csv
2022-09-09,3,13.17,2022,tagged_diameter_mm,data_taggedFruit_diameter_2022.csv
2022-09-13,3,13.49,2022,tagged_diameter_mm,data_taggedFruit_diameter_2022.csv
2022-09-16,3,9.89,2022,tagged_diameter_mm,data_taggedFruit_diameter_2022.csv
2022-09-20,3,14.43,2022,tagged_diameter_mm,data_taggedFruit_diameter_2022.csv
2022-09-23,3,15.98,2022,tagged_diameter_mm,data_taggedFruit_diameter_2022.csv
2022-09-27,3,18.89,2022,tagged_diameter_mm,data_taggedFruit_diameter_2022.csv
2022-09-30,3,18.7,2022,tagged_diameter_mm,data_taggedFruit_diameter_2022.csv
2022-10-04,3,6.09,2022,tagged_diameter_mm,data_taggedFruit_diameter_2022.csv
2022-10-07,3,6.51,2022,tagged_diameter_mm,data_taggedFruit_diameter_2022.csv
2022-10-11,3,7.71,2022,tagged_diameter_mm,data_taggedFruit_diameter_2022.csv
2022-10-14,3,3.77,2022,tagged_diameter_mm,data_taggedFruit_diameter_2022.csv
2022-10-18,3,12.3,2022,tagged_diameter_mm,data_taggedFruit_diameter_2022.csv
2022-10-21,3,11.25,2022,tagged_diameter_mm,data_taggedFruit_diameter_2022.csv
2022-11-01,3,11.63,2022,tagged_diameter_mm,data_taggedFruit_diameter_2022.csv
2022-07-22,4,8.05,2022,tagged_diameter_mm,data_taggedFruit_diameter_2022.csv
2022-07-26,4,9.44,2022,tagged_diameter_mm,data_taggedFruit_diameter_2022.csv
2022-07-29,4,11.97,2022,tagged_diameter_mm,data_taggedFruit_diameter_2022.csv
2022-08-02,4,16.97,2022,tagged_diameter_mm,data_taggedFruit_diameter_2022.csv
2022-08-05,4,22.28,2022,tagged_diameter_mm,data_taggedFruit_diameter_2022.csv
2022-08-09,4,21.26,2022,tagged_diameter_mm,data_taggedFruit_diameter_2022.csv
2022-08-12,4,,2022,tagged_diameter_mm,data_taggedFruit_diameter_2022.csv
2022-08-16,4,10.17,2022,tagged_diameter_mm,data_taggedFruit_diameter_2022.csv
2022-08-19,4,11.97,2022,tagged_diameter_mm,data_taggedFruit_diameter_2022.csv
2022-08-23,4,15.86,2022,tagged_diameter_mm,data_taggedFruit_diameter_2022.csv
2022-08-30,4,19.98,2022,tagged_diameter_mm,data_taggedFruit_diameter_2022.csv
2022-09-06,4,20.74,2022,tagged_diameter_mm,data_taggedFruit_diameter_2022.csv
2022-09-09,4,9.84,2022,tagged_diameter_mm,data_taggedFruit_diameter_2022.csv
2022-09-13,4,11.17,2022,tagged_diameter_mm,data_taggedFruit_diameter_2022.csv
2022-09-16,4,13.98,2022,tagged_diameter_mm,data_taggedFruit_diameter_2022.csv
2022-09-20,4,16.15,2022,tagged_diameter_mm,data_taggedFruit_diameter_2022.csv
2022-09-23,4,16.67,2022,tagged_diameter_mm,data_taggedFruit_diameter_2022.csv
2022-09-27,4,4.48,2022,tagged_diameter_mm,data_taggedFruit_diameter_2022.csv
2022-09-30,4,,2022,tagged_diameter_mm,data_taggedFruit_diameter_2022.csv
2022-10-04,4,14.08,2022,tagged_diameter_mm,data_taggedFruit_diameter_2022.csv
2022-10-07,4,16.4,2022,tagged_diameter_mm,data_taggedFruit_diameter_2022.csv
2022-10-11,4,17.48,2022,tagged_diameter_mm,data_taggedFruit_diameter_2022.csv
2022-10-14,4,6.3,2022,tagged_diameter_mm,data_taggedFruit_diameter_2022.csv
2022-10-18,4,7.81,2022,tagged_diameter_mm,data_taggedFruit_diameter_2022.csv
2022-10-21,4,7.27,2022,tagged_diameter_mm,data_taggedFruit_diameter_2022.csv
2022-11-01,4,12.67,2022,tagged_diameter_mm,data_taggedFruit_diameter_2022.csv
2022-07-22,5,8.4,2022,tagged_diameter_mm,data_taggedFruit_diameter_2022.csv
2022-07-26,5,10.37,2022,tagged_diameter_mm,data_taggedFruit_diameter_2022.csv
2022-07-29,5,13.04,2022,tagged_diameter_mm,data_taggedFruit_diameter_2022.csv
2022-08-02,5,20.5,2022,tagged_diameter_mm,data_taggedFruit_diameter_2022.csv
2022-08-05,5,22.39,2022,tagged_diameter_mm,data_taggedFruit_diameter_2022.csv
2022-08-09,5,10.54,2022,tagged_diameter_mm,data_taggedFruit_diameter_2022.csv
2022-08-12,5,15.93,2022,tagged_diameter_mm,data_taggedFruit_diameter_2022.csv
2022-08-16,5,18.54,2022,tagged_diameter_mm,data_taggedFruit_diameter_2022.csv
2022-08-19,5,18.04,2022,tagged_diameter_mm,data_taggedFruit_diameter_2022.csv
2022-08-23,5,12.46,2022,tagged_diameter_mm,data_taggedFruit_diameter_2022.csv
2022-08-30,5,,2022,tagged_diameter_mm,data_taggedFruit_diameter_2022.csv
2022-09-06,5,19.39,2022,tagged_diameter_mm,data_taggedFruit_diameter_2022.csv
2022-09-09,5,25.85,2022,tagged_diameter_mm,data_taggedFruit_diameter_2022.csv
2022-09-13,5,32.45,2022,tagged_diameter_mm,data_taggedFruit_diameter_2022.csv
2022-09-16,5,11.62,2022,tagged_diameter_mm,data_taggedFruit_diameter_2022.csv
2022-09-20,5,23.09,2022,tagged_diameter_mm,data_taggedFruit_diameter_2022.csv
2022-09-23,5,21.1,2022,tagged_diameter_mm,data_taggedFruit_diameter_2022.csv
2022-09-27,5,19.36,2022,tagged_diameter_mm,data_taggedFruit_diameter_2022.csv
2022-09-30,5,11.85,2022,tagged_diameter_mm,data_taggedFruit_diameter_2022.csv
2022-10-04,5,16.19,2022,tagged_diameter_mm,data_taggedFruit_diameter_2022.csv
2022-10-07,5,21.86,2022,tagged_diameter_mm,data_taggedFruit_diameter_2022.csv
2022-10-11,5,23.1,2022,tagged_diameter_mm,data_taggedFruit_diameter_2022.csv
2022-10-14,5,12.62,2022,tagged_diameter_mm,data_taggedFruit_diameter_2022.csv
2022-10-18,5,17.8,2022,tagged_diameter_mm,data_taggedFruit_diameter_2022.csv
2022-10-21,5,18.93,2022,tagged_diameter_mm,data_taggedFruit_diameter_2022.csv
2022-11-01,5,6.02,2022,tagged_diameter_mm,data_taggedFruit_diameter_2022.csv
2022-07-22,6,11.6,2022,tagged_diameter_mm,data_taggedFruit_diameter_2022.csv
2022-07-26,6,16.7,2022,tagged_diameter_mm,data_taggedFruit_diameter_2022.csv
2022-07-29,6,21.69,2022,tagged_diameter_mm,data_taggedFruit_diameter_2022.csv
2022-08-02,6,22.45,2022,tagged_diameter_mm,data_taggedFruit_diameter_2022.csv
2022-08-05,6,9.67,2022,tagged_diameter_mm,data_taggedFruit_diameter_2022.csv
2022-08-09,6,10.75,2022,tagged_diameter_mm,data_taggedFruit_diameter_2022.csv
2022-08-12,6,16.35,2022,tagged_diameter_mm,data_taggedFruit_diameter_2022.csv
2022-08-16,6,18.9,2022,tagged_diameter_mm,data_taggedFruit_diameter_2022.csv
2022-08-19,6,13.89,2022,tagged_diameter_mm,data_taggedFruit_diameter_2022.csv
2022-08-23,6,18.39,2022,tagged_diameter_mm,data_taggedFruit_diameter_2022.csv
2022-08-30,6,21.98,2022,tagged_diameter_mm,data_taggedFruit_diameter_2022.csv
2022-09-06,6,18.39,2022,tagged_diameter_mm,data_taggedFruit_diameter_2022.csv
2022-09-09,6,,2022,tagged_diameter_mm,data_taggedFruit_diameter_2022.csv
2022-09-13,6,7.69,2022,tagged_diameter_mm,data_taggedFruit_diameter_2022.csv
2022-09-16,6,9.26,2022,tagged_diameter_mm,data_taggedFruit_diameter_2022.csv
2022-09-20,6,14.06,2022,tagged_diameter_mm,data_taggedFruit_diameter_2022.csv
2022-09-23,6,17.18,2022,tagged_diameter_mm,data_taggedFruit_diameter_2022.csv
2022-09-27,6,19.02,2022,tagged_diameter_mm,data_taggedFruit_diameter_2022.csv
2022-09-30,6,10.53,2022,tagged_diameter_mm,data_taggedFruit_diameter_2022.csv
2022-10-04,6,16.45,2022,tagged_diameter_mm,data_taggedFruit_diameter_2022.csv
2022-10-07,6,20.4,2022,tagged_diameter_mm,data_taggedFruit_diameter_2022.csv
2022-10-11,6,23.84,2022,tagged_diameter_mm,data_taggedFruit_diameter_2022.csv
2022-10-14,6,10.29,2022,tagged_diameter_mm,data_taggedFruit_diameter_2022.csv
2022-10-18,6,14.05,2022,tagged_diameter_mm,data_taggedFruit_diameter_2022.csv
2022-10-21,6,16.55,2022,tagged_diameter_mm,data_taggedFruit_diameter_2022.csv
2022-11-01,6,17.78,2022,tagged_diameter_mm,data_taggedFruit_diameter_2022.csv
2022-07-22,7,12.44,2022,tagged_diameter_mm,data_taggedFruit_diameter_2022.csv
2022-07-26,7,16.75,2022,tagged_diameter_mm,data_taggedFruit_diameter_2022.csv
2022-07-29,7,21.84,2022,tagged_diameter_mm,data_taggedFruit_diameter_2022.csv
2022-08-02,7,23.32,2022,tagged_diameter_mm,data_taggedFruit_diameter_2022.csv
2022-08-05,7,11.32,2022,tagged_diameter_mm,data_taggedFruit_diameter_2022.csv
2022-08-09,7,11.22,2022,tagged_diameter_mm,data_taggedFruit_diameter_2022.csv
2022-08-12,7,21.17,2022,tagged_diameter_mm,data_taggedFruit_diameter_2022.csv
2022-08-16,7,26.64,2022,tagged_diameter_mm,data_taggedFruit_diameter_2022.csv
2022-08-19,7,27.29,2022,tagged_diameter_mm,data_taggedFruit_diameter_2022.csv
2022-08-23,7,7.81,2022,tagged_diameter_mm,data_taggedFruit_diameter_2022.csv
2022-08-30,7,11.19,2022,tagged_diameter_mm,data_taggedFruit_diameter_2022.csv
2022-09-06,7,21.23,2022,tagged_diameter_mm,data_taggedFruit_diameter_2022.csv
2022-09-09,7,25.43,2022,tagged_diameter_mm,data_taggedFruit_diameter_2022.csv
2022-09-13,7,26.34,2022,tagged_diameter_mm,data_taggedFruit_diameter_2022.csv
2022-09-16,7,10.61,2022,tagged_diameter_mm,data_taggedFruit_diameter_2022.csv
2022-09-20,7,14.83,2022,tagged_diameter_mm,data_taggedFruit_diameter_2022.csv
2022-09-23,7,17.16,2022,tagged_diameter_mm,data_taggedFruit_diameter_2022.csv
2022-09-27,7,22.55,2022,tagged_diameter_mm,data_taggedFruit_diameter_2022.csv
2022-09-30,7,24.92,2022,tagged_diameter_mm,data_taggedFruit_diameter_2022.csv
2022-10-04,7,26.63,2022,tagged_diameter_mm,data_taggedFruit_diameter_2022.csv
2022-10-07,7,9.86,2022,tagged_diameter_mm,data_taggedFruit_diameter_2022.csv
2022-10-11,7,11.55,2022,tagged_diameter_mm,data_taggedFruit_diameter_2022.csv
2022-10-14,7,12.69,2022,tagged_diameter_mm,data_taggedFruit_diameter_2022.csv
2022-10-18,7,17.2,2022,tagged_diameter_mm,data_taggedFruit_diameter_2022.csv
2022-10-21,7,19.35,2022,tagged_diameter_mm,data_taggedFruit_diameter_2022.csv
2022-11-01,7,21.28,2022,tagged_diameter_mm,data_taggedFruit_diameter_2022.csv
2022-07-22,8,13.84,2022,tagged_diameter_mm,data_taggedFruit_diameter_2022.csv
2022-07-26,8,20.4,2022,tagged_diameter_mm,data_taggedFruit_diameter_2022.csv
2022-07-29,8,23.26,2022,tagged_diameter_mm,data_taggedFruit_diameter_2022.csv
2022-08-02,8,15.74,2022,tagged_diameter_mm,data_taggedFruit_diameter_2022.csv
2022-08-05,8,20.65,2022,tagged_diameter_mm,data_taggedFruit_diameter_2022.csv
2022-08-09,8,26.57,2022,tagged_diameter_mm,data_taggedFruit_diameter_2022.csv
2022-08-12,8,27.47,2022,tagged_diameter_mm,data_taggedFruit_diameter_2022.csv
2022-08-16,8,29.49,2022,tagged_diameter_mm,data_taggedFruit_diameter_2022.csv
2022-08-19,8,10.4,2022,tagged_diameter_mm,data_taggedFruit_diameter_2022.csv
2022-08-23,8,14.62,2022,tagged_diameter_mm,data_taggedFruit_diameter_2022.csv
2022-08-30,8,22.33,2022,tagged_diameter_mm,data_taggedFruit_diameter_2022.csv
2022-09-06,8,21.25,2022,tagged_diameter_mm,data_taggedFruit_diameter_2022.csv
2022-09-09,8,20.07,2022,tagged_diameter_mm,data_taggedFruit_diameter_2022.csv
2022-09-13,8,25.22,2022,tagged_diameter_mm,data_taggedFruit_diameter_2022.csv
2022-09-16,8,12.36,2022,tagged_diameter_mm,data_taggedFruit_diameter_2022.csv
2022-09-20,8,16.84,2022,tagged_diameter_mm,data_taggedFruit_diameter_2022.csv
2022-09-23,8,21.5,2022,tagged_diameter_mm,data_taggedFruit_diameter_2022.csv
2022-09-27,8,25.41,2022,tagged_diameter_mm,data_taggedFruit_diameter_2022.csv
2022-09-30,8,6.71,2022,tagged_diameter_mm,data_taggedFruit_diameter_2022.csv
2022-10-04,8,10.31,2022,tagged_diameter_mm,data_taggedFruit_diameter_2022.csv
2022-10-07,8,11.92,2022,tagged_diameter_mm,data_taggedFruit_diameter_2022.csv
2022-10-11,8,13.75,2022,tagged_diameter_mm,data_taggedFruit_diameter_2022.csv
2022-10-14,8,17.6,2022,tagged_diameter_mm,data_taggedFruit_diameter_2022.csv
2022-10-18,8,,2022,tagged_diameter_mm,data_taggedFruit_diameter_2022.csv
2022-10-21,8,25.42,2022,tagged_diameter_mm,data_taggedFruit_diameter_2022.csv
2022-11-01,8,,2022,tagged_diameter_mm,data_taggedFruit_diameter_2022.csv
2022-07-22,9,9.42,2022,tagged_diameter_mm,data_taggedFruit_diameter_2022.csv
2022-07-26,9,11.97,2022,tagged_diameter_mm,data_taggedFruit_diameter_2022.csv
2022-07-29,9,12.13,2022,tagged_diameter_mm,data_taggedFruit_diameter_2022.csv
2022-08-02,9,18.93,2022,tagged_diameter_mm,data_taggedFruit_diameter_2022.csv
2022-08-05,9,24.49,2022,tagged_diameter_mm,data_taggedFruit_diameter_2022.csv
2022-08-09,9,24.19,2022,tagged_diameter_mm,data_taggedFruit_diameter_2022.csv
2022-08-12,9,25.66,2022,tagged_diameter_mm,data_taggedFruit_diameter_2022.csv
2022-08-16,9,12.61,2022,tagged_diameter_mm,data_taggedFruit_diameter_2022.csv
2022-08-19,9,17.12,2022,tagged_diameter_mm,data_taggedFruit_diameter_2022.csv
2022-08-23,9,20.72,2022,tagged_diameter_mm,data_taggedFruit_diameter_2022.csv
2022-08-30,9,22.16,2022,tagged_diameter_mm,data_taggedFruit_diameter_2022.csv
2022-09-06,9,8.17,2022,tagged_diameter_mm,data_taggedFruit_diameter_2022.csv
2022-09-09,9,11.73,2022,tagged_diameter_mm,data_taggedFruit_diameter_2022.csv
2022-09-13,9,16.48,2022,tagged_diameter_mm,data_taggedFruit_diameter_2022.csv
2022-09-16,9,20.31,2022,tagged_diameter_mm,data_taggedFruit_diameter_2022.csv
2022-09-20,9,24.49,2022,tagged_diameter_mm,data_taggedFruit_diameter_2022.csv
2022-09-23,9,9.93,2022,tagged_diameter_mm,data_taggedFruit_diameter_2022.csv
2022-09-27,9,11.2,2022,tagged_diameter_mm,data_taggedFruit_diameter_2022.csv
2022-09-30,9,14.39,2022,tagged_diameter_mm,data_taggedFruit_diameter_2022.csv
2022-10-04,9,21.57,2022,tagged_diameter_mm,data_taggedFruit_diameter_2022.csv
2022-10-07,9,24.22,2022,tagged_diameter_mm,data_taggedFruit_diameter_2022.csv
2022-10-11,9,25.47,2022,tagged_diameter_mm,data_taggedFruit_diameter_2022.csv
2022-10-14,9,7.3,2022,tagged_diameter_mm,data_taggedFruit_diameter_2022.csv
2022-10-18,9,9.58,2022,tagged_diameter_mm,data_taggedFruit_diameter_2022.csv
2022-10-21,9,13.82,2022,tagged_diameter_mm,data_taggedFruit_diameter_2022.csv
2022-11-01,9,10.62,2022,tagged_diameter_mm,data_taggedFruit_diameter_2022.csv
2022-07-22,10,10.35,2022,tagged_diameter_mm,data_taggedFruit_diameter_2022.csv
2022-07-26,10,15.45,2022,tagged_diameter_mm,data_taggedFruit_diameter_2022.csv
2022-07-29,10,17.55,2022,tagged_diameter_mm,data_taggedFruit_diameter_2022.csv
2022-08-02,10,19.16,2022,tagged_diameter_mm,data_taggedFruit_diameter_2022.csv
2022-08-05,10,7.87,2022,tagged_diameter_mm,data_taggedFruit_diameter_2022.csv
2022-08-09,10,12.51,2022,tagged_diameter_mm,data_taggedFruit_diameter_2022.csv
2022-08-12,10,17.2,2022,tagged_diameter_mm,data_taggedFruit_diameter_2022.csv
2022-08-16,10,17.36,2022,tagged_diameter_mm,data_taggedFruit_diameter_2022.csv
2022-08-19,10,17.99,2022,tagged_diameter_mm,data_taggedFruit_diameter_2022.csv
2022-08-23,10,22.75,2022,tagged_diameter_mm,data_taggedFruit_diameter_2022.csv
2022-08-30,10,25.75,2022,tagged_diameter_mm,data_taggedFruit_diameter_2022.csv
2022-09-06,10,12.25,2022,tagged_diameter_mm,data_taggedFruit_diameter_2022.csv
2022-09-09,10,,2022,tagged_diameter_mm,data_taggedFruit_diameter_2022.csv
2022-09-13,10,14.89,2022,tagged_diameter_mm,data_taggedFruit_diameter_2022.csv
2022-09-16,10,19.46,2022,tagged_diameter_mm,data_taggedFruit_diameter_2022.csv
2022-09-20,10,23.91,2022,tagged_diameter_mm,data_taggedFruit_diameter_2022.csv
2022-09-23,10,18.5,2022,tagged_diameter_mm,data_taggedFruit_diameter_2022.csv
2022-09-27,10,,2022,tagged_diameter_mm,data_taggedFruit_diameter_2022.csv
2022-09-30,10,8.03,2022,tagged_diameter_mm,data_taggedFruit_diameter_2022.csv
2022-10-04,10,11.28,2022,tagged_diameter_mm,data_taggedFruit_diameter_2022.csv
2022-10-07,10,15.88,2022,tagged_diameter_mm,data_taggedFruit_diameter_2022.csv
2022-10-11,10,17.66,2022,tagged_diameter_mm,data_taggedFruit_diameter_2022.csv
2022-10-14,10,10.55,2022,tagged_diameter_mm,data_taggedFruit_diameter_2022.csv
2022-10-18,10,14.53,2022,tagged_diameter_mm,data_taggedFruit_diameter_2022.csv
2022-10-21,10,16.97,2022,tagged_diameter_mm,data_taggedFruit_diameter_2022.csv
2022-11-01,10,16.2,2022,tagged_diameter_mm,data_taggedFruit_diameter_2022.csv
2022-07-22,11,12.42,2022,tagged_diameter_mm,data_taggedFruit_diameter_2022.csv
2022-07-26,11,16.8,2022,tagged_diameter_mm,data_taggedFruit_diameter_2022.csv
2022-07-29,11,19.55,2022,tagged_diameter_mm,data_taggedFruit_diameter_2022.csv
2022-08-02,11,24.86,2022,tagged_diameter_mm,data_taggedFruit_diameter_2022.csv
2022-08-05,11,12.1,2022,tagged_diameter_mm,data_taggedFruit_diameter_2022.csv
2022-08-09,11,17.99,2022,tagged_diameter_mm,data_taggedFruit_diameter_2022.csv
2022-08-12,11,22.2,2022,tagged_diameter_mm,data_taggedFruit_diameter_2022.csv
2022-08-16,11,14.76,2022,tagged_diameter_mm,data_taggedFruit_diameter_2022.csv
2022-08-19,11,19.7,2022,tagged_diameter_mm,data_taggedFruit_diameter_2022.csv
2022-08-23,11,23.81,2022,tagged_diameter_mm,data_taggedFruit_diameter_2022.csv
2022-08-30,11,17.87,2022,tagged_diameter_mm,data_taggedFruit_diameter_2022.csv
2022-09-06,11,7.81,2022,tagged_diameter_mm,data_taggedFruit_diameter_2022.csv
2022-09-09,11,,2022,tagged_diameter_mm,data_taggedFruit_diameter_2022.csv
2022-09-13,11,11.21,2022,tagged_diameter_mm,data_taggedFruit_diameter_2022.csv
2022-09-16,11,13.34,2022,tagged_diameter_mm,data_taggedFruit_diameter_2022.csv
2022-09-20,11,20.3,2022,tagged_diameter_mm,data_taggedFruit_diameter_2022.csv
2022-09-23,11,24.8,2022,tagged_diameter_mm,data_taggedFruit_diameter_2022.csv
2022-09-27,11,29.29,2022,tagged_diameter_mm,data_taggedFruit_diameter_2022.csv
2022-09-30,11,7.03,2022,tagged_diameter_mm,data_taggedFruit_diameter_2022.csv
2022-10-04,11,9.88,2022,tagged_diameter_mm,data_taggedFruit_diameter_2022.csv
2022-10-07,11,10.86,2022,tagged_diameter_mm,data_taggedFruit_diameter_2022.csv
2022-10-11,11,18.15,2022,tagged_diameter_mm,data_taggedFruit_diameter_2022.csv
2022-10-14,11,17.64,2022,tagged_diameter_mm,data_taggedFruit_diameter_2022.csv
2022-10-18,11,16.27,2022,tagged_diameter_mm,data_taggedFruit_diameter_2022.csv
2022-10-21,11,12.25,2022,tagged_diameter_mm,data_taggedFruit_diameter_2022.csv
2022-11-01,11,,2022,tagged_diameter_mm,data_taggedFruit_diameter_2022.csv
2022-07-22,12,10.09,2022,tagged_diameter_mm,data_taggedFruit_diameter_2022.csv
2022-07-26,12,11.95,2022,tagged_diameter_mm,data_taggedFruit_diameter_2022.csv
2022-07-29,12,17.33,2022,tagged_diameter_mm,data_taggedFruit_diameter_2022.csv
2022-08-02,12,20.68,2022,tagged_diameter_mm,data_taggedFruit_diameter_2022.csv
2022-08-05,12,21.55,2022,tagged_diameter_mm,data_taggedFruit_diameter_2022.csv
2022-08-09,12,8.98,2022,tagged_diameter_mm,data_taggedFruit_diameter_2022.csv
2022-08-12,12,11.2,2022,tagged_diameter_mm,data_taggedFruit_diameter_2022.csv
2022-08-16,12,16.25,2022,tagged_diameter_mm,data_taggedFruit_diameter_2022.csv
2022-08-19,12,18.5,2022,tagged_diameter_mm,data_taggedFruit_diameter_2022.csv
2022-08-23,12,16.69,2022,tagged_diameter_mm,data_taggedFruit_diameter_2022.csv
2022-08-30,12,,2022,tagged_diameter_mm,data_taggedFruit_diameter_2022.csv
2022-09-06,12,17.74,2022,tagged_diameter_mm,data_taggedFruit_diameter_2022.csv
2022-09-09,12,22.35,2022,tagged_diameter_mm,data_taggedFruit_diameter_2022.csv
2022-09-13,12,27.89,2022,tagged_diameter_mm,data_taggedFruit_diameter_2022.csv
2022-09-16,12,10.43,2022,tagged_diameter_mm,data_taggedFruit_diameter_2022.csv
2022-09-20,12,13.76,2022,tagged_diameter_mm,data_taggedFruit_diameter_2022.csv
2022-09-23,12,13.16,2022,tagged_diameter_mm,data_taggedFruit_diameter_2022.csv
2022-09-27,12,20.81,2022,tagged_diameter_mm,data_taggedFruit_diameter_2022.csv
2022-09-30,12,22.55,2022,tagged_diameter_mm,data_taggedFruit_diameter_2022.csv
2022-10-04,12,,2022,tagged_diameter_mm,data_taggedFruit_diameter_2022.csv
2022-10-07,12,8.06,2022,tagged_diameter_mm,data_taggedFruit_diameter_2022.csv
2022-10-11,12,9.47,2022,tagged_diameter_mm,data_taggedFruit_diameter_2022.csv
2022-10-14,12,8.87,2022,tagged_diameter_mm,data_taggedFruit_diameter_2022.csv
2022-10-18,12,16.13,2022,tagged_diameter_mm,data_taggedFruit_diameter_2022.csv
2022-10-21,12,15.79,2022,tagged_diameter_mm,data_taggedFruit_diameter_2022.csv
2022-11-01,12,13.25,2022,tagged_diameter_mm,data_taggedFruit_diameter_2022.csv
2022-07-22,13,8.04,2022,tagged_diameter_mm,data_taggedFruit_diameter_2022.csv
2022-07-26,13,9.52,2022,tagged_diameter_mm,data_taggedFruit_diameter_2022.csv
2022-07-29,13,10.63,2022,tagged_diameter_mm,data_taggedFruit_diameter_2022.csv
2022-08-02,13,15.36,2022,tagged_diameter_mm,data_taggedFruit_diameter_2022.csv
2022-08-05,13,16.85,2022,tagged_diameter_mm,data_taggedFruit_diameter_2022.csv
2022-08-09,13,14.23,2022,tagged_diameter_mm,data_taggedFruit_diameter_2022.csv
2022-08-12,13,,2022,tagged_diameter_mm,data_taggedFruit_diameter_2022.csv
2022-08-16,13,11.25,2022,tagged_diameter_mm,data_taggedFruit_diameter_2022.csv
2022-08-19,13,14.56,2022,tagged_diameter_mm,data_taggedFruit_diameter_2022.csv
2022-08-23,13,19.6,2022,tagged_diameter_mm,data_taggedFruit_diameter_2022.csv
2022-08-30,13,27.6,2022,tagged_diameter_mm,data_taggedFruit_diameter_2022.csv
2022-09-06,13,12.74,2022,tagged_diameter_mm,data_taggedFruit_diameter_2022.csv
2022-09-09,13,15.73,2022,tagged_diameter_mm,data_taggedFruit_diameter_2022.csv
2022-09-13,13,20.47,2022,tagged_diameter_mm,data_taggedFruit_diameter_2022.csv
2022-09-16,13,26.3,2022,tagged_diameter_mm,data_taggedFruit_diameter_2022.csv
2022-09-20,13,29.13,2022,tagged_diameter_mm,data_taggedFruit_diameter_2022.csv
2022-09-23,13,8.56,2022,tagged_diameter_mm,data_taggedFruit_diameter_2022.csv
2022-09-27,13,12.33,2022,tagged_diameter_mm,data_taggedFruit_diameter_2022.csv
2022-09-30,13,14.97,2022,tagged_diameter_mm,data_taggedFruit_diameter_2022.csv
2022-10-04,13,16.9,2022,tagged_diameter_mm,data_taggedFruit_diameter_2022.csv
2022-10-07,13,7.67,2022,tagged_diameter_mm,data_taggedFruit_diameter_2022.csv
2022-10-11,13,8.42,2022,tagged_diameter_mm,data_taggedFruit_diameter_2022.csv
2022-10-14,13,6.1,2022,tagged_diameter_mm,data_taggedFruit_diameter_2022.csv
2022-10-18,13,,2022,tagged_diameter_mm,data_taggedFruit_diameter_2022.csv
2022-10-21,13,15.78,2022,tagged_diameter_mm,data_taggedFruit_diameter_2022.csv
2022-11-01,13,14.01,2022,tagged_diameter_mm,data_taggedFruit_diameter_2022.csv
2022-07-22,14,12.14,2022,tagged_diameter_mm,data_taggedFruit_diameter_2022.csv
2022-07-26,14,15.13,2022,tagged_diameter_mm,data_taggedFruit_diameter_2022.csv
2022-07-29,14,18.99,2022,tagged_diameter_mm,data_taggedFruit_diameter_2022.csv
2022-08-02,14,25.8,2022,tagged_diameter_mm,data_taggedFruit_diameter_2022.csv
2022-08-05,14,28.27,2022,tagged_diameter_mm,data_taggedFruit_diameter_2022.csv
2022-08-09,14,9.05,2022,tagged_diameter_mm,data_taggedFruit_diameter_2022.csv
2022-08-12,14,12.14,2022,tagged_diameter_mm,data_taggedFruit_diameter_2022.csv
2022-08-16,14,18.82,2022,tagged_diameter_mm,data_taggedFruit_diameter_2022.csv
2022-08-19,14,21.8,2022,tagged_diameter_mm,data_taggedFruit_diameter_2022.csv
2022-08-23,14,19.37,2022,tagged_diameter_mm,data_taggedFruit_diameter_2022.csv
2022-08-30,14,12.13,2022,tagged_diameter_mm,data_taggedFruit_diameter_2022.csv
2022-09-06,14,10.33,2022,tagged_diameter_mm,data_taggedFruit_diameter_2022.csv
2022-09-09,14,,2022,tagged_diameter_mm,data_taggedFruit_diameter_2022.csv
2022-09-13,14,15.69,2022,tagged_diameter_mm,data_taggedFruit_diameter_2022.csv
2022-09-16,14,19.23,2022,tagged_diameter_mm,data_taggedFruit_diameter_2022.csv
2022-09-20,14,19.97,2022,tagged_diameter_mm,data_taggedFruit_diameter_2022.csv
2022-09-23,14,13.14,2022,tagged_diameter_mm,data_taggedFruit_diameter_2022.csv
2022-09-27,14,18.39,2022,tagged_diameter_mm,data_taggedFruit_diameter_2022.csv
2022-09-30,14,11.18,2022,tagged_diameter_mm,data_taggedFruit_diameter_2022.csv
2022-10-04,14,14.86,2022,tagged_diameter_mm,data_taggedFruit_diameter_2022.csv
2022-10-07,14,17.09,2022,tagged_diameter_mm,data_taggedFruit_diameter_2022.csv
2022-10-11,14,24.47,2022,tagged_diameter_mm,data_taggedFruit_diameter_2022.csv
2022-10-14,14,23.17,2022,tagged_diameter_mm,data_taggedFruit_diameter_2022.csv
2022-10-18,14,7.68,2022,tagged_diameter_mm,data_taggedFruit_diameter_2022.csv
2022-10-21,14,7.03,2022,tagged_diameter_mm,data_taggedFruit_diameter_2022.csv
2022-11-01,14,,2022,tagged_diameter_mm,data_taggedFruit_diameter_2022.csv
2022-07-22,15,12.07,2022,tagged_diameter_mm,data_taggedFruit_diameter_2022.csv
2022-07-26,15,16.31,2022,tagged_diameter_mm,data_taggedFruit_diameter_2022.csv
2022-07-29,15,18.45,2022,tagged_diameter_mm,data_taggedFruit_diameter_2022.csv
2022-08-02,15,19.78,2022,tagged_diameter_mm,data_taggedFruit_diameter_2022.csv
2022-08-05,15,16.9,2022,tagged_diameter_mm,data_taggedFruit_diameter_2022.csv
2022-08-09,15,8.36,2022,tagged_diameter_mm,data_taggedFruit_diameter_2022.csv
2022-08-12,15,11.52,2022,tagged_diameter_mm,data_taggedFruit_diameter_2022.csv
2022-08-16,15,15.35,2022,tagged_diameter_mm,data_taggedFruit_diameter_2022.csv
2022-08-19,15,16.33,2022,tagged_diameter_mm,data_taggedFruit_diameter_2022.csv
2022-08-23,15,12.53,2022,tagged_diameter_mm,data_taggedFruit_diameter_2022.csv
2022-08-30,15,,2022,tagged_diameter_mm,data_taggedFruit_diameter_2022.csv
2022-09-06,15,6.74,2022,tagged_diameter_mm,data_taggedFruit_diameter_2022.csv
2022-09-09,15,7.11,2022,tagged_diameter_mm,data_taggedFruit_diameter_2022.csv
2022-09-13,15,7.06,2022,tagged_diameter_mm,data_taggedFruit_diameter_2022.csv
2022-09-16,15,6.69,2022,tagged_diameter_mm,data_taggedFruit_diameter_2022.csv
2022-09-20,15,6.47,2022,tagged_diameter_mm,data_taggedFruit_diameter_2022.csv
2022-09-23,15,,2022,tagged_diameter_mm,data_taggedFruit_diameter_2022.csv
2022-09-27,15,11.85,2022,tagged_diameter_mm,data_taggedFruit_diameter_2022.csv
2022-09-30,15,10.82,2022,tagged_diameter_mm,data_taggedFruit_diameter_2022.csv
2022-10-04,15,12.08,2022,tagged_diameter_mm,data_taggedFruit_diameter_2022.csv
2022-10-07,15,9.25,2022,tagged_diameter_mm,data_taggedFruit_diameter_2022.csv
2022-10-11,15,12.42,2022,tagged_diameter_mm,data_taggedFruit_diameter_2022.csv
2022-10-14,15,9.81,2022,tagged_diameter_mm,data_taggedFruit_diameter_2022.csv
2022-10-18,15,11.64,2022,tagged_diameter_mm,data_taggedFruit_diameter_2022.csv
2022-10-21,15,9.74,2022,tagged_diameter_mm,data_taggedFruit_diameter_2022.csv
2022-11-01,15,,2022,tagged_diameter_mm,data_taggedFruit_diameter_2022.csv
2022-07-22,16,11.73,2022,tagged_diameter_mm,data_taggedFruit_diameter_2022.csv
2022-07-26,16,15.53,2022,tagged_diameter_mm,data_taggedFruit_diameter_2022.csv
2022-07-29,16,20.73,2022,tagged_diameter_mm,data_taggedFruit_diameter_2022.csv
2022-08-02,16,24.94,2022,tagged_diameter_mm,data_taggedFruit_diameter_2022.csv
2022-08-05,16,10.63,2022,tagged_diameter_mm,data_taggedFruit_diameter_2022.csv
2022-08-09,16,13.91,2022,tagged_diameter_mm,data_taggedFruit_diameter_2022.csv
2022-08-12,16,20.29,2022,tagged_diameter_mm,data_taggedFruit_diameter_2022.csv
2022-08-16,16,23.16,2022,tagged_diameter_mm,data_taggedFruit_diameter_2022.csv
2022-08-19,16,8.29,2022,tagged_diameter_mm,data_taggedFruit_diameter_2022.csv
2022-08-23,16,8.7,2022,tagged_diameter_mm,data_taggedFruit_diameter_2022.csv
2022-08-30,16,15.08,2022,tagged_diameter_mm,data_taggedFruit_diameter_2022.csv
2022-09-06,16,17.06,2022,tagged_diameter_mm,data_taggedFruit_diameter_2022.csv
2022-09-09,16,15.2,2022,tagged_diameter_mm,data_taggedFruit_diameter_2022.csv
2022-09-13,16,,2022,tagged_diameter_mm,data_taggedFruit_diameter_2022.csv
2022-09-16,16,8.69,2022,tagged_diameter_mm,data_taggedFruit_diameter_2022.csv
2022-09-20,16,11.52,2022,tagged_diameter_mm,data_taggedFruit_diameter_2022.csv
2022-09-23,16,9.4,2022,tagged_diameter_mm,data_taggedFruit_diameter_2022.csv
2022-09-27,16,17.19,2022,tagged_diameter_mm,data_taggedFruit_diameter_2022.csv
2022-09-30,16,18.26,2022,tagged_diameter_mm,data_taggedFruit_diameter_2022.csv
2022-10-04,16,17.46,2022,tagged_diameter_mm,data_taggedFruit_diameter_2022.csv
2022-10-07,16,10.84,2022,tagged_diameter_mm,data_taggedFruit_diameter_2022.csv
2022-10-11,16,14.4,2022,tagged_diameter_mm,data_taggedFruit_diameter_2022.csv
2022-10-14,16,14.57,2022,tagged_diameter_mm,data_taggedFruit_diameter_2022.csv
2022-10-18,16,15.09,2022,tagged_diameter_mm,data_taggedFruit_diameter_2022.csv
2022-10-21,16,14.13,2022,tagged_diameter_mm,data_taggedFruit_diameter_2022.csv
2022-11-01,16,13.5,2022,tagged_diameter_mm,data_taggedFruit_diameter_2022.csv
2022-07-22,17,10.35,2022,tagged_diameter_mm,data_taggedFruit_diameter_2022.csv
2022-07-26,17,10.86,2022,tagged_diameter_mm,data_taggedFruit_diameter_2022.csv
2022-07-29,17,13.9,2022,tagged_diameter_mm,data_taggedFruit_diameter_2022.csv
2022-08-02,17,21.33,2022,tagged_diameter_mm,data_taggedFruit_diameter_2022.csv
2022-08-05,17,23.43,2022,tagged_diameter_mm,data_taggedFruit_diameter_2022.csv
2022-08-09,17,6.41,2022,tagged_diameter_mm,data_taggedFruit_diameter_2022.csv
2022-08-12,17,,2022,tagged_diameter_mm,data_taggedFruit_diameter_2022.csv
2022-08-16,17,9.56,2022,tagged_diameter_mm,data_taggedFruit_diameter_2022.csv
2022-08-19,17,10.7,2022,tagged_diameter_mm,data_taggedFruit_diameter_2022.csv
2022-08-23,17,13.59,2022,tagged_diameter_mm,data_taggedFruit_diameter_2022.csv
2022-08-30,17,18.45,2022,tagged_diameter_mm,data_taggedFruit_diameter_2022.csv
2022-09-06,17,11.68,2022,tagged_diameter_mm,data_taggedFruit_diameter_2022.csv
2022-09-09,17,15.02,2022,tagged_diameter_mm,data_taggedFruit_diameter_2022.csv
2022-09-13,17,20.18,2022,tagged_diameter_mm,data_taggedFruit_diameter_2022.csv
2022-09-16,17,25.05,2022,tagged_diameter_mm,data_taggedFruit_diameter_2022.csv
2022-09-20,17,8.87,2022,tagged_diameter_mm,data_taggedFruit_diameter_2022.csv
2022-09-23,17,7.0,2022,tagged_diameter_mm,data_taggedFruit_diameter_2022.csv
2022-09-27,17,11.82,2022,tagged_diameter_mm,data_taggedFruit_diameter_2022.csv
2022-09-30,17,13.28,2022,tagged_diameter_mm,data_taggedFruit_diameter_2022.csv
2022-10-04,17,17.08,2022,tagged_diameter_mm,data_taggedFruit_diameter_2022.csv
2022-10-07,17,9.89,2022,tagged_diameter_mm,data_taggedFruit_diameter_2022.csv
2022-10-11,17,12.58,2022,tagged_diameter_mm,data_taggedFruit_diameter_2022.csv
2022-10-14,17,13.65,2022,tagged_diameter_mm,data_taggedFruit_diameter_2022.csv
2022-10-18,17,19.73,2022,tagged_diameter_mm,data_taggedFruit_diameter_2022.csv
2022-10-21,17,21.09,2022,tagged_diameter_mm,data_taggedFruit_diameter_2022.csv
2022-11-01,17,16.38,2022,tagged_diameter_mm,data_taggedFruit_diameter_2022.csv
2022-07-22,18,8.04,2022,tagged_diameter_mm,data_taggedFruit_diameter_2022.csv
2022-07-26,18,9.08,2022,tagged_diameter_mm,data_taggedFruit_diameter_2022.csv
2022-07-29,18,11.23,2022,tagged_diameter_mm,data_taggedFruit_diameter_2022.csv
2022-08-02,18,16.75,2022,tagged_diameter_mm,data_taggedFruit_diameter_2022.csv
2022-08-05,18,17.17,2022,tagged_diameter_mm,data_taggedFruit_diameter_2022.csv
2022-08-09,18,14.1,2022,tagged_diameter_mm,data_taggedFruit_diameter_2022.csv
2022-08-12,18,12.5,2022,tagged_diameter_mm,data_taggedFruit_diameter_2022.csv
2022-08-16,18,16.0,2022,tagged_diameter_mm,data_taggedFruit_diameter_2022.csv
2022-08-19,18,23.42,2022,tagged_diameter_mm,data_taggedFruit_diameter_2022.csv
2022-08-23,18,10.29,2022,tagged_diameter_mm,data_taggedFruit_diameter_2022.csv
2022-08-30,18,15.3,2022,tagged_diameter_mm,data_taggedFruit_diameter_2022.csv
2022-09-06,18,25.26,2022,tagged_diameter_mm,data_taggedFruit_diameter_2022.csv
2022-09-09,18,28.51,2022,tagged_diameter_mm,data_taggedFruit_diameter_2022.csv
2022-09-13,18,11.94,2022,tagged_diameter_mm,data_taggedFruit_diameter_2022.csv
2022-09-16,18,15.83,2022,tagged_diameter_mm,data_taggedFruit_diameter_2022.csv
2022-09-20,18,19.86,2022,tagged_diameter_mm,data_taggedFruit_diameter_2022.csv
2022-09-23,18,21.68,2022,tagged_diameter_mm,data_taggedFruit_diameter_2022.csv
2022-09-27,18,,2022,tagged_diameter_mm,data_taggedFruit_diameter_2022.csv
2022-09-30,18,10.92,2022,tagged_diameter_mm,data_taggedFruit_diameter_2022.csv
2022-10-04,18,17.01,2022,tagged_diameter_mm,data_taggedFruit_diameter_2022.csv
2022-10-07,18,21.29,2022,tagged_diameter_mm,data_taggedFruit_diameter_2022.csv
2022-10-11,18,25.49,2022,tagged_diameter_mm,data_taggedFruit_diameter_2022.csv
2022-10-14,18,11.45,2022,tagged_diameter_mm,data_taggedFruit_diameter_2022.csv
2022-10-18,18,15.79,2022,tagged_diameter_mm,data_taggedFruit_diameter_2022.csv
2022-10-21,18,13.45,2022,tagged_diameter_mm,data_taggedFruit_diameter_2022.csv
2022-11-01,18,,2022,tagged_diameter_mm,data_taggedFruit_diameter_2022.csv
2022-07-22,19,9.79,2022,tagged_diameter_mm,data_taggedFruit_diameter_2022.csv
2022-07-26,19,11.61,2022,tagged_diameter_mm,data_taggedFruit_diameter_2022.csv
2022-07-29,19,11.98,2022,tagged_diameter_mm,data_taggedFruit_diameter_2022.csv
2022-08-02,19,18.96,2022,tagged_diameter_mm,data_taggedFruit_diameter_2022.csv
2022-08-05,19,23.24,2022,tagged_diameter_mm,data_taggedFruit_diameter_2022.csv
2022-08-09,19,26.75,2022,tagged_diameter_mm,data_taggedFruit_diameter_2022.csv
2022-08-12,19,11.08,2022,tagged_diameter_mm,data_taggedFruit_diameter_2022.csv
2022-08-16,19,13.33,2022,tagged_diameter_mm,data_taggedFruit_diameter_2022.csv
2022-08-19,19,17.88,2022,tagged_diameter_mm,data_taggedFruit_diameter_2022.csv
2022-08-23,19,22.28,2022,tagged_diameter_mm,data_taggedFruit_diameter_2022.csv
2022-08-30,19,18.96,2022,tagged_diameter_mm,data_taggedFruit_diameter_2022.csv
2022-09-06,19,14.64,2022,tagged_diameter_mm,data_taggedFruit_diameter_2022.csv
2022-09-09,19,19.12,2022,tagged_diameter_mm,data_taggedFruit_diameter_2022.csv
2022-09-13,19,20.57,2022,tagged_diameter_mm,data_taggedFruit_diameter_2022.csv
2022-09-16,19,6.19,2022,tagged_diameter_mm,data_taggedFruit_diameter_2022.csv
2022-09-20,19,9.75,2022,tagged_diameter_mm,data_taggedFruit_diameter_2022.csv
2022-09-23,19,7.7,2022,tagged_diameter_mm,data_taggedFruit_diameter_2022.csv
2022-09-27,19,12.37,2022,tagged_diameter_mm,data_taggedFruit_diameter_2022.csv
2022-09-30,19,15.68,2022,tagged_diameter_mm,data_taggedFruit_diameter_2022.csv
2022-10-04,19,20.57,2022,tagged_diameter_mm,data_taggedFruit_diameter_2022.csv
2022-10-07,19,11.13,2022,tagged_diameter_mm,data_taggedFruit_diameter_2022.csv
2022-10-11,19,13.6,2022,tagged_diameter_mm,data_taggedFruit_diameter_2022.csv
2022-10-14,19,13.83,2022,tagged_diameter_mm,data_taggedFruit_diameter_2022.csv
2022-10-18,19,19.01,2022,tagged_diameter_mm,data_taggedFruit_diameter_2022.csv
2022-10-21,19,23.07,2022,tagged_diameter_mm,data_taggedFruit_diameter_2022.csv
2022-11-01,19,19.57,2022,tagged_diameter_mm,data_taggedFruit_diameter_2022.csv
2023-07-26,0,8.84,2023,tagged_diameter_mm,data_taggedFruit_diameter_2023.csv
2023-07-29,0,9.53,2023,tagged_diameter_mm,data_taggedFruit_diameter_2023.csv
2023-08-01,0,10.15,2023,tagged_diameter_mm,data_taggedFruit_diameter_2023.csv
2023-08-04,0,10.73,2023,tagged_diameter_mm,data_taggedFruit_diameter_2023.csv
2023-08-07,0,12.15,2023,tagged_diameter_mm,data_taggedFruit_diameter_2023.csv
2023-08-11,0,17.45,2023,tagged_diameter_mm,data_taggedFruit_diameter_2023.csv
2023-08-13,0,20.37,2023,tagged_diameter_mm,data_taggedFruit_diameter_2023.csv
2023-08-17,0,6.52,2023,tagged_diameter_mm,data_taggedFruit_diameter_2023.csv
2023-08-21,0,8.72,2023,tagged_diameter_mm,data_taggedFruit_diameter_2023.csv
2023-08-24,0,9.58,2023,tagged_diameter_mm,data_taggedFruit_diameter_2023.csv
2023-08-27,0,10.79,2023,tagged_diameter_mm,data_taggedFruit_diameter_2023.csv
2023-08-31,0,13.82,2023,tagged_diameter_mm,data_taggedFruit_diameter_2023.csv
2023-09-05,0,23.02,2023,tagged_diameter_mm,data_taggedFruit_diameter_2023.csv
2023-09-09,0,24.44,2023,tagged_diameter_mm,data_taggedFruit_diameter_2023.csv
2023-09-13,0,,2023,tagged_diameter_mm,data_taggedFruit_diameter_2023.csv
2023-09-17,0,6.23,2023,tagged_diameter_mm,data_taggedFruit_diameter_2023.csv
2023-09-21,0,6.78,2023,tagged_diameter_mm,data_taggedFruit_diameter_2023.csv
2023-09-24,0,8.21,2023,tagged_diameter_mm,data_taggedFruit_diameter_2023.csv
2023-09-28,0,8.44,2023,tagged_diameter_mm,data_taggedFruit_diameter_2023.csv
2023-07-26,1,8.8,2023,tagged_diameter_mm,data_taggedFruit_diameter_2023.csv
2023-07-29,1,11.75,2023,tagged_diameter_mm,data_taggedFruit_diameter_2023.csv
2023-08-01,1,13.56,2023,tagged_diameter_mm,data_taggedFruit_diameter_2023.csv
2023-08-04,1,16.86,2023,tagged_diameter_mm,data_taggedFruit_diameter_2023.csv
2023-08-07,1,22.13,2023,tagged_diameter_mm,data_taggedFruit_diameter_2023.csv
2023-08-11,1,27.58,2023,tagged_diameter_mm,data_taggedFruit_diameter_2023.csv
2023-08-13,1,9.15,2023,tagged_diameter_mm,data_taggedFruit_diameter_2023.csv
2023-08-17,1,10.78,2023,tagged_diameter_mm,data_taggedFruit_diameter_2023.csv
2023-08-21,1,14.44,2023,tagged_diameter_mm,data_taggedFruit_diameter_2023.csv
2023-08-24,1,15.71,2023,tagged_diameter_mm,data_taggedFruit_diameter_2023.csv
2023-08-27,1,18.1,2023,tagged_diameter_mm,data_taggedFruit_diameter_2023.csv
2023-08-31,1,26.19,2023,tagged_diameter_mm,data_taggedFruit_diameter_2023.csv
2023-09-05,1,6.46,2023,tagged_diameter_mm,data_taggedFruit_diameter_2023.csv
2023-09-09,1,7.31,2023,tagged_diameter_mm,data_taggedFruit_diameter_2023.csv
2023-09-13,1,6.87,2023,tagged_diameter_mm,data_taggedFruit_diameter_2023.csv
2023-09-17,1,8.17,2023,tagged_diameter_mm,data_taggedFruit_diameter_2023.csv
2023-09-21,1,10.14,2023,tagged_diameter_mm,data_taggedFruit_diameter_2023.csv
2023-09-24,1,12.85,2023,tagged_diameter_mm,data_taggedFruit_diameter_2023.csv
2023-09-28,1,10.51,2023,tagged_diameter_mm,data_taggedFruit_diameter_2023.csv
2023-07-26,2,,2023,tagged_diameter_mm,data_taggedFruit_diameter_2023.csv
2023-07-29,2,10.26,2023,tagged_diameter_mm,data_taggedFruit_diameter_2023.csv
2023-08-01,2,11.01,2023,tagged_diameter_mm,data_taggedFruit_diameter_2023.csv
2023-08-04,2,13.12,2023,tagged_diameter_mm,data_taggedFruit_diameter_2023.csv
2023-08-07,2,14.38,2023,tagged_diameter_mm,data_taggedFruit_diameter_2023.csv
2023-08-11,2,18.67,2023,tagged_diameter_mm,data_taggedFruit_diameter_2023.csv
2023-08-13,2,22.23,2023,tagged_diameter_mm,data_taggedFruit_diameter_2023.csv
2023-08-17,2,25.83,2023,tagged_diameter_mm,data_taggedFruit_diameter_2023.csv
2023-08-21,2,,2023,tagged_diameter_mm,data_taggedFruit_diameter_2023.csv
2023-08-24,2,9.08,2023,tagged_diameter_mm,data_taggedFruit_diameter_2023.csv
2023-08-27,2,8.74,2023,tagged_diameter_mm,data_taggedFruit_diameter_2023.csv
2023-08-31,2,10.7,2023,tagged_diameter_mm,data_taggedFruit_diameter_2023.csv
2023-09-05,2,15.29,2023,tagged_diameter_mm,data_taggedFruit_diameter_2023.csv
2023-09-09,2,20.27,2023,tagged_diameter_mm,data_taggedFruit_diameter_2023.csv
2023-09-13,2,21.91,2023,tagged_diameter_mm,data_taggedFruit_diameter_2023.csv
2023-09-17,2,,2023,tagged_diameter_mm,data_taggedFruit_diameter_2023.csv
2023-09-21,2,,2023,tagged_diameter_mm,data_taggedFruit_diameter_2023.csv
2023-09-24,2,6.42,2023,tagged_diameter_mm,data_taggedFruit_diameter_2023.csv
2023-09-28,2,6.11,2023,tagged_diameter_mm,data_taggedFruit_diameter_2023.csv
2023-07-26,3,8.09,2023,tagged_diameter_mm,data_taggedFruit_diameter_2023.csv
2023-07-29,3,10.34,2023,tagged_diameter_mm,data_taggedFruit_diameter_2023.csv
2023-08-01,3,11.8,2023,tagged_diameter_mm,data_taggedFruit_diameter_2023.csv
2023-08-04,3,13.61,2023,tagged_diameter_mm,data_taggedFruit_diameter_2023.csv
2023-08-07,3,17.17,2023,tagged_diameter_mm,data_taggedFruit_diameter_2023.csv
2023-08-11,3,22.61,2023,tagged_diameter_mm,data_taggedFruit_diameter_2023.csv
2023-08-13,3,24.19,2023,tagged_diameter_mm,data_taggedFruit_diameter_2023.csv
2023-08-17,3,6.69,2023,tagged_diameter_mm,data_taggedFruit_diameter_2023.csv
2023-08-21,3,8.15,2023,tagged_diameter_mm,data_taggedFruit_diameter_2023.csv
2023-08-24,3,9.79,2023,tagged_diameter_mm,data_taggedFruit_diameter_2023.csv
2023-08-27,3,10.93,2023,tagged_diameter_mm,data_taggedFruit_diameter_2023.csv
2023-08-31,3,15.45,2023,tagged_diameter_mm,data_taggedFruit_diameter_2023.csv
2023-09-05,3,21.34,2023,tagged_diameter_mm,data_taggedFruit_diameter_2023.csv
2023-09-09,3,7.17,2023,tagged_diameter_mm,data_taggedFruit_diameter_2023.csv
2023-09-13,3,8.38,2023,tagged_diameter_mm,data_taggedFruit_diameter_2023.csv
2023-09-17,3,9.08,2023,tagged_diameter_mm,data_taggedFruit_diameter_2023.csv
2023-09-21,3,14.3,2023,tagged_diameter_mm,data_taggedFruit_diameter_2023.csv
2023-09-24,3,17.91,2023,tagged_diameter_mm,data_taggedFruit_diameter_2023.csv
2023-09-28,3,21.09,2023,tagged_diameter_mm,data_taggedFruit_diameter_2023.csv
2023-07-26,4,9.89,2023,tagged_diameter_mm,data_taggedFruit_diameter_2023.csv
2023-07-29,4,10.89,2023,tagged_diameter_mm,data_taggedFruit_diameter_2023.csv
2023-08-01,4,13.09,2023,tagged_diameter_mm,data_taggedFruit_diameter_2023.csv
2023-08-04,4,16.53,2023,tagged_diameter_mm,data_taggedFruit_diameter_2023.csv
2023-08-07,4,19.79,2023,tagged_diameter_mm,data_taggedFruit_diameter_2023.csv
2023-08-11,4,22.95,2023,tagged_diameter_mm,data_taggedFruit_diameter_2023.csv
2023-08-13,4,6.65,2023,tagged_diameter_mm,data_taggedFruit_diameter_2023.csv
2023-08-17,4,7.58,2023,tagged_diameter_mm,data_taggedFruit_diameter_2023.csv
2023-08-21,4,8.99,2023,tagged_diameter_mm,data_taggedFruit_diameter_2023.csv
2023-08-24,4,10.28,2023,tagged_diameter_mm,data_taggedFruit_diameter_2023.csv
2023-08-27,4,11.65,2023,tagged_diameter_mm,data_taggedFruit_diameter_2023.csv
2023-08-31,4,17.76,2023,tagged_diameter_mm,data_taggedFruit_diameter_2023.csv
2023-09-05,4,21.31,2023,tagged_diameter_mm,data_taggedFruit_diameter_2023.csv
2023-09-09,4,,2023,tagged_diameter_mm,data_taggedFruit_diameter_2023.csv
2023-09-13,4,,2023,tagged_diameter_mm,data_taggedFruit_diameter_2023.csv
2023-09-17,4,,2023,tagged_diameter_mm,data_taggedFruit_diameter_2023.csv
2023-09-21,4,,2023,tagged_diameter_mm,data_taggedFruit_diameter_2023.csv
2023-09-24,4,,2023,tagged_diameter_mm,data_taggedFruit_diameter_2023.csv
2023-09-28,4,,2023,tagged_diameter_mm,data_taggedFruit_diameter_2023.csv
2023-07-26,5,9.43,2023,tagged_diameter_mm,data_taggedFruit_diameter_2023.csv
2023-07-29,5,14.4,2023,tagged_diameter_mm,data_taggedFruit_diameter_2023.csv
2023-08-01,5,20.16,2023,tagged_diameter_mm,data_taggedFruit_diameter_2023.csv
2023-08-04,5,6.73,2023,tagged_diameter_mm,data_taggedFruit_diameter_2023.csv
2023-08-07,5,8.96,2023,tagged_diameter_mm,data_taggedFruit_diameter_2023.csv
2023-08-11,5,11.07,2023,tagged_diameter_mm,data_taggedFruit_diameter_2023.csv
2023-08-13,5,10.25,2023,tagged_diameter_mm,data_taggedFruit_diameter_2023.csv
2023-08-17,5,11.6,2023,tagged_diameter_mm,data_taggedFruit_diameter_2023.csv
2023-08-21,5,15.04,2023,tagged_diameter_mm,data_taggedFruit_diameter_2023.csv
2023-08-24,5,19.35,2023,tagged_diameter_mm,data_taggedFruit_diameter_2023.csv
2023-08-27,5,,2023,tagged_diameter_mm,data_taggedFruit_diameter_2023.csv
2023-08-31,5,9.53,2023,tagged_diameter_mm,data_taggedFruit_diameter_2023.csv
2023-09-05,5,12.4,2023,tagged_diameter_mm,data_taggedFruit_diameter_2023.csv
2023-09-09,5,15.36,2023,tagged_diameter_mm,data_taggedFruit_diameter_2023.csv
2023-09-13,5,19.59,2023,tagged_diameter_mm,data_taggedFruit_diameter_2023.csv
2023-09-17,5,25.46,2023,tagged_diameter_mm,data_taggedFruit_diameter_2023.csv
2023-09-21,5,,2023,tagged_diameter_mm,data_taggedFruit_diameter_2023.csv
2023-09-24,5,,2023,tagged_diameter_mm,data_taggedFruit_diameter_2023.csv
2023-09-28,5,,2023,tagged_diameter_mm,data_taggedFruit_diameter_2023.csv
2023-07-26,6,,2023,tagged_diameter_mm,data_taggedFruit_diameter_2023.csv
2023-07-29,6,12.31,2023,tagged_diameter_mm,data_taggedFruit_diameter_2023.csv
2023-08-01,6,14.8,2023,tagged_diameter_mm,data_taggedFruit_diameter_2023.csv
2023-08-04,6,17.6,2023,tagged_diameter_mm,data_taggedFruit_diameter_2023.csv
2023-08-07,6,23.88,2023,tagged_diameter_mm,data_taggedFruit_diameter_2023.csv
2023-08-11,6,28.72,2023,tagged_diameter_mm,data_taggedFruit_diameter_2023.csv
2023-08-13,6,28.24,2023,tagged_diameter_mm,data_taggedFruit_diameter_2023.csv
2023-08-17,6,,2023,tagged_diameter_mm,data_taggedFruit_diameter_2023.csv
2023-08-21,6,,2023,tagged_diameter_mm,data_taggedFruit_diameter_2023.csv
2023-08-24,6,7.57,2023,tagged_diameter_mm,data_taggedFruit_diameter_2023.csv
2023-08-27,6,8.39,2023,tagged_diameter_mm,data_taggedFruit_diameter_2023.csv
2023-08-31,6,9.68,2023,tagged_diameter_mm,data_taggedFruit_diameter_2023.csv
2023-09-05,6,14.93,2023,tagged_diameter_mm,data_taggedFruit_diameter_2023.csv
2023-09-09,6,17.67,2023,tagged_diameter_mm,data_taggedFruit_diameter_2023.csv
2023-09-13,6,19.46,2023,tagged_diameter_mm,data_taggedFruit_diameter_2023.csv
2023-09-17,6,,2023,tagged_diameter_mm,data_taggedFruit_diameter_2023.csv
2023-09-21,6,6.29,2023,tagged_diameter_mm,data_taggedFruit_diameter_2023.csv
2023-09-24,6,7.48,2023,tagged_diameter_mm,data_taggedFruit_diameter_2023.csv
2023-09-28,6,7.51,2023,tagged_diameter_mm,data_taggedFruit_diameter_2023.csv
2023-07-26,7,9.19,2023,tagged_diameter_mm,data_taggedFruit_diameter_2023.csv
2023-07-29,7,11.32,2023,tagged_diameter_mm,data_taggedFruit_diameter_2023.csv
2023-08-01,7,13.33,2023,tagged_diameter_mm,data_taggedFruit_diameter_2023.csv
2023-08-04,7,16.51,2023,tagged_diameter_mm,data_taggedFruit_diameter_2023.csv
2023-08-07,7,22.1,2023,tagged_diameter_mm,data_taggedFruit_diameter_2023.csv
2023-08-11,7,25.86,2023,tagged_diameter_mm,data_taggedFruit_diameter_2023.csv
2023-08-13,7,25.5,2023,tagged_diameter_mm,data_taggedFruit_diameter_2023.csv
2023-08-17,7,7.59,2023,tagged_diameter_mm,data_taggedFruit_diameter_2023.csv
2023-08-21,7,9.82,2023,tagged_diameter_mm,data_taggedFruit_diameter_2023.csv
2023-08-24,7,12.77,2023,tagged_diameter_mm,data_taggedFruit_diameter_2023.csv
2023-08-27,7,15.99,2023,tagged_diameter_mm,data_taggedFruit_diameter_2023.csv
2023-08-31,7,22.7,2023,tagged_diameter_mm,data_taggedFruit_diameter_2023.csv
2023-09-05,7,26.73,2023,tagged_diameter_mm,data_taggedFruit_diameter_2023.csv
2023-09-09,7,,2023,tagged_diameter_mm,data_taggedFruit_diameter_2023.csv
2023-09-13,7,,2023,tagged_diameter_mm,data_taggedFruit_diameter_2023.csv
2023-09-17,7,,2023,tagged_diameter_mm,data_taggedFruit_diameter_2023.csv
2023-09-21,7,7.96,2023,tagged_diameter_mm,data_taggedFruit_diameter_2023.csv
2023-09-24,7,8.39,2023,tagged_diameter_mm,data_taggedFruit_diameter_2023.csv
2023-09-28,7,9.83,2023,tagged_diameter_mm,data_taggedFruit_diameter_2023.csv
2023-07-26,8,9.27,2023,tagged_diameter_mm,data_taggedFruit_diameter_2023.csv
2023-07-29,8,11.66,2023,tagged_diameter_mm,data_taggedFruit_diameter_2023.csv
2023-08-01,8,13.5,2023,tagged_diameter_mm,data_taggedFruit_diameter_2023.csv
2023-08-04,8,15.64,2023,tagged_diameter_mm,data_taggedFruit_diameter_2023.csv
2023-08-07,8,19.88,2023,tagged_diameter_mm,data_taggedFruit_diameter_2023.csv
2023-08-11,8,26.6,2023,tagged_diameter_mm,data_taggedFruit_diameter_2023.csv
2023-08-13,8,,2023,tagged_diameter_mm,data_taggedFruit_diameter_2023.csv
2023-08-17,8,6.93,2023,tagged_diameter_mm,data_taggedFruit_diameter_2023.csv
2023-08-21,8,8.59,2023,tagged_diameter_mm,data_taggedFruit_diameter_2023.csv
2023-08-24,8,10.97,2023,tagged_diameter_mm,data_taggedFruit_diameter_2023.csv
2023-08-27,8,12.39,2023,tagged_diameter_mm,data_taggedFruit_diameter_2023.csv
2023-08-31,8,17.78,2023,tagged_diameter_mm,data_taggedFruit_diameter_2023.csv
2023-09-05,8,23.7,2023,tagged_diameter_mm,data_taggedFruit_diameter_2023.csv
2023-09-09,8,,2023,tagged_diameter_mm,data_taggedFruit_diameter_2023.csv
2023-09-13,8,6.36,2023,tagged_diameter_mm,data_taggedFruit_diameter_2023.csv
2023-09-17,8,8.87,2023,tagged_diameter_mm,data_taggedFruit_diameter_2023.csv
2023-09-21,8,10.97,2023,tagged_diameter_mm,data_taggedFruit_diameter_2023.csv
2023-09-24,8,11.79,2023,tagged_diameter_mm,data_taggedFruit_diameter_2023.csv
2023-09-28,8,14.25,2023,tagged_diameter_mm,data_taggedFruit_diameter_2023.csv
2023-07-26,9,9.69,2023,tagged_diameter_mm,data_taggedFruit_diameter_2023.csv
2023-07-29,9,11.7,2023,tagged_diameter_mm,data_taggedFruit_diameter_2023.csv
2023-08-01,9,12.97,2023,tagged_diameter_mm,data_taggedFruit_diameter_2023.csv
2023-08-04,9,15.27,2023,tagged_diameter_mm,data_taggedFruit_diameter_2023.csv
2023-08-07,9,20.31,2023,tagged_diameter_mm,data_taggedFruit_diameter_2023.csv
2023-08-11,9,26.16,2023,tagged_diameter_mm,data_taggedFruit_diameter_2023.csv
2023-08-13,9,,2023,tagged_diameter_mm,data_taggedFruit_diameter_2023.csv
2023-08-17,9,5.98,2023,tagged_diameter_mm,data_taggedFruit_diameter_2023.csv
2023-08-21,9,6.58,2023,tagged_diameter_mm,data_taggedFruit_diameter_2023.csv
2023-08-24,9,7.83,2023,tagged_diameter_mm,data_taggedFruit_diameter_2023.csv
2023-08-27,9,8.49,2023,tagged_diameter_mm,data_taggedFruit_diameter_2023.csv
2023-08-31,9,10.21,2023,tagged_diameter_mm,data_taggedFruit_diameter_2023.csv
2023-09-05,9,18.52,2023,tagged_diameter_mm,data_taggedFruit_diameter_2023.csv
2023-09-09,9,20.55,2023,tagged_diameter_mm,data_taggedFruit_diameter_2023.csv
2023-09-13,9,,2023,tagged_diameter_mm,data_taggedFruit_diameter_2023.csv
2023-09-17,9,6.31,2023,tagged_diameter_mm,data_taggedFruit_diameter_2023.csv
2023-09-21,9,8.29,2023,tagged_diameter_mm,data_taggedFruit_diameter_2023.csv
2023-09-24,9,9.57,2023,tagged_diameter_mm,data_taggedFruit_diameter_2023.csv
2023-09-28,9,10.76,2023,tagged_diameter_mm,data_taggedFruit_diameter_2023.csv
2023-07-26,10,,2023,tagged_diameter_mm,data_taggedFruit_diameter_2023.csv
2023-07-29,10,10.57,2023,tagged_diameter_mm,data_taggedFruit_diameter_2023.csv
2023-08-01,10,12.86,2023,tagged_diameter_mm,data_taggedFruit_diameter_2023.csv
2023-08-04,10,13.41,2023,tagged_diameter_mm,data_taggedFruit_diameter_2023.csv
2023-08-07,10,14.63,2023,tagged_diameter_mm,data_taggedFruit_diameter_2023.csv
2023-08-11,10,17.54,2023,tagged_diameter_mm,data_taggedFruit_diameter_2023.csv
2023-08-13,10,21.94,2023,tagged_diameter_mm,data_taggedFruit_diameter_2023.csv
2023-08-17,10,26.62,2023,tagged_diameter_mm,data_taggedFruit_diameter_2023.csv
2023-08-21,10,,2023,tagged_diameter_mm,data_taggedFruit_diameter_2023.csv
2023-08-24,10,6.83,2023,tagged_diameter_mm,data_taggedFruit_diameter_2023.csv
2023-08-27,10,8.53,2023,tagged_diameter_mm,data_taggedFruit_diameter_2023.csv
2023-08-31,10,10.55,2023,tagged_diameter_mm,data_taggedFruit_diameter_2023.csv
2023-09-05,10,13.65,2023,tagged_diameter_mm,data_taggedFruit_diameter_2023.csv
2023-09-09,10,19.89,2023,tagged_diameter_mm,data_taggedFruit_diameter_2023.csv
2023-09-13,10,23.81,2023,tagged_diameter_mm,data_taggedFruit_diameter_2023.csv
2023-09-17,10,,2023,tagged_diameter_mm,data_taggedFruit_diameter_2023.csv
2023-09-21,10,7.07,2023,tagged_diameter_mm,data_taggedFruit_diameter_2023.csv
2023-09-24,10,7.69,2023,tagged_diameter_mm,data_taggedFruit_diameter_2023.csv
2023-09-28,10,8.6,2023,tagged_diameter_mm,data_taggedFruit_diameter_2023.csv
2023-07-26,11,8.05,2023,tagged_diameter_mm,data_taggedFruit_diameter_2023.csv
2023-07-29,11,11.39,2023,tagged_diameter_mm,data_taggedFruit_diameter_2023.csv
2023-08-01,11,11.42,2023,tagged_diameter_mm,data_taggedFruit_diameter_2023.csv
2023-08-04,11,14.5,2023,tagged_diameter_mm,data_taggedFruit_diameter_2023.csv
2023-08-07,11,18.45,2023,tagged_diameter_mm,data_taggedFruit_diameter_2023.csv
2023-08-11,11,23.94,2023,tagged_diameter_mm,data_taggedFruit_diameter_2023.csv
2023-08-13,11,7.29,2023,tagged_diameter_mm,data_taggedFruit_diameter_2023.csv
2023-08-17,11,7.57,2023,tagged_diameter_mm,data_taggedFruit_diameter_2023.csv
2023-08-21,11,6.68,2023,tagged_diameter_mm,data_taggedFruit_diameter_2023.csv
2023-08-24,11,,2023,tagged_diameter_mm,data_taggedFruit_diameter_2023.csv
2023-08-27,11,6.49,2023,tagged_diameter_mm,data_taggedFruit_diameter_2023.csv
2023-08-31,11,,2023,tagged_diameter_mm,data_taggedFruit_diameter_2023.csv
2023-09-05,11,6.18,2023,tagged_diameter_mm,data_taggedFruit_diameter_2023.csv
2023-09-09,11,5.84,2023,tagged_diameter_mm,data_taggedFruit_diameter_2023.csv
2023-09-13,11,5.4,2023,tagged_diameter_mm,data_taggedFruit_diameter_2023.csv
2023-09-17,11,5.28,2023,tagged_diameter_mm,data_taggedFruit_diameter_2023.csv
2023-09-21,11,5.54,2023,tagged_diameter_mm,data_taggedFruit_diameter_2023.csv
2023-09-24,11,6.04,2023,tagged_diameter_mm,data_taggedFruit_diameter_2023.csv
2023-09-28,11,6.28,2023,tagged_diameter_mm,data_taggedFruit_diameter_2023.csv
2023-07-26,12,10.96,2023,tagged_diameter_mm,data_taggedFruit_diameter_2023.csv
2023-07-29,12,13.13,2023,tagged_diameter_mm,data_taggedFruit_diameter_2023.csv
2023-08-01,12,14.12,2023,tagged_diameter_mm,data_taggedFruit_diameter_2023.csv
2023-08-04,12,16.83,2023,tagged_diameter_mm,data_taggedFruit_diameter_2023.csv
2023-08-07,12,23.9,2023,tagged_diameter_mm,data_taggedFruit_diameter_2023.csv
2023-08-11,12,22.96,2023,tagged_diameter_mm,data_taggedFruit_diameter_2023.csv
2023-08-13,12,23.36,2023,tagged_diameter_mm,data_taggedFruit_diameter_2023.csv
2023-08-17,12,6.1,2023,tagged_diameter_mm,data_taggedFruit_diameter_2023.csv
2023-08-21,12,8.54,2023,tagged_diameter_mm,data_taggedFruit_diameter_2023.csv
2023-08-24,12,11.13,2023,tagged_diameter_mm,data_taggedFruit_diameter_2023.csv
2023-08-27,12,12.89,2023,tagged_diameter_mm,data_taggedFruit_diameter_2023.csv
2023-08-31,12,17.95,2023,tagged_diameter_mm,data_taggedFruit_diameter_2023.csv
2023-09-05,12,25.38,2023,tagged_diameter_mm,data_taggedFruit_diameter_2023.csv
2023-09-09,12,,2023,tagged_diameter_mm,data_taggedFruit_diameter_2023.csv
2023-09-13,12,,2023,tagged_diameter_mm,data_taggedFruit_diameter_2023.csv
2023-09-17,12,8.29,2023,tagged_diameter_mm,data_taggedFruit_diameter_2023.csv
2023-09-21,12,13.23,2023,tagged_diameter_mm,data_taggedFruit_diameter_2023.csv
2023-09-24,12,13.42,2023,tagged_diameter_mm,data_taggedFruit_diameter_2023.csv
2023-09-28,12,16.85,2023,tagged_diameter_mm,data_taggedFruit_diameter_2023.csv
2023-07-26,13,,2023,tagged_diameter_mm,data_taggedFruit_diameter_2023.csv
2023-07-29,13,9.3,2023,tagged_diameter_mm,data_taggedFruit_diameter_2023.csv
2023-08-01,13,10.92,2023,tagged_diameter_mm,data_taggedFruit_diameter_2023.csv
2023-08-04,13,10.59,2023,tagged_diameter_mm,data_taggedFruit_diameter_2023.csv
2023-08-07,13,15.74,2023,tagged_diameter_mm,data_taggedFruit_diameter_2023.csv
2023-08-11,13,19.94,2023,tagged_diameter_mm,data_taggedFruit_diameter_2023.csv
2023-08-13,13,23.9,2023,tagged_diameter_mm,data_taggedFruit_diameter_2023.csv
2023-08-17,13,22.22,2023,tagged_diameter_mm,data_taggedFruit_diameter_2023.csv
2023-08-21,13,,2023,tagged_diameter_mm,data_taggedFruit_diameter_2023.csv
2023-08-24,13,7.6,2023,tagged_diameter_mm,data_taggedFruit_diameter_2023.csv
2023-08-27,13,9.61,2023,tagged_diameter_mm,data_taggedFruit_diameter_2023.csv
2023-08-31,13,12.89,2023,tagged_diameter_mm,data_taggedFruit_diameter_2023.csv
2023-09-05,13,21.17,2023,tagged_diameter_mm,data_taggedFruit_diameter_2023.csv
2023-09-09,13,25.92,2023,tagged_diameter_mm,data_taggedFruit_diameter_2023.csv
2023-09-13,13,28.35,2023,tagged_diameter_mm,data_taggedFruit_diameter_2023.csv
2023-09-17,13,,2023,tagged_diameter_mm,data_taggedFruit_diameter_2023.csv
2023-09-21,13,6.6,2023,tagged_diameter_mm,data_taggedFruit_diameter_2023.csv
2023-09-24,13,8.66,2023,tagged_diameter_mm,data_taggedFruit_diameter_2023.csv
2023-09-28,13,9.26,2023,tagged_diameter_mm,data_taggedFruit_diameter_2023.csv
2023-07-26,14,,2023,tagged_diameter_mm,data_taggedFruit_diameter_2023.csv
2023-07-29,14,12.78,2023,tagged_diameter_mm,data_taggedFruit_diameter_2023.csv
2023-08-01,14,13.81,2023,tagged_diameter_mm,data_taggedFruit_diameter_2023.csv
2023-08-04,14,18.23,2023,tagged_diameter_mm,data_taggedFruit_diameter_2023.csv
2023-08-07,14,22.34,2023,tagged_diameter_mm,data_taggedFruit_diameter_2023.csv
2023-08-11,14,28.03,2023,tagged_diameter_mm,data_taggedFruit_diameter_2023.csv
2023-08-13,14,29.46,2023,tagged_diameter_mm,data_taggedFruit_diameter_2023.csv
2023-08-17,14,7.62,2023,tagged_diameter_mm,data_taggedFruit_diameter_2023.csv
2023-08-21,14,7.92,2023,tagged_diameter_mm,data_taggedFruit_diameter_2023.csv
2023-08-24,14,9.39,2023,tagged_diameter_mm,data_taggedFruit_diameter_2023.csv
2023-08-27,14,12.16,2023,tagged_diameter_mm,data_taggedFruit_diameter_2023.csv
2023-08-31,14,18.28,2023,tagged_diameter_mm,data_taggedFruit_diameter_2023.csv
2023-09-05,14,20.85,2023,tagged_diameter_mm,data_taggedFruit_diameter_2023.csv
2023-09-09,14,,2023,tagged_diameter_mm,data_taggedFruit_diameter_2023.csv
2023-09-13,14,9.7,2023,tagged_diameter_mm,data_taggedFruit_diameter_2023.csv
2023-09-17,14,11.28,2023,tagged_diameter_mm,data_taggedFruit_diameter_2023.csv
2023-09-21,14,14.96,2023,tagged_diameter_mm,data_taggedFruit_diameter_2023.csv
2023-09-24,14,17.96,2023,tagged_diameter_mm,data_taggedFruit_diameter_2023.csv
2023-09-28,14,23.55,2023,tagged_diameter_mm,data_taggedFruit_diameter_2023.csv
2023-07-26,15,9.54,2023,tagged_diameter_mm,data_taggedFruit_diameter_2023.csv
2023-07-29,15,12.77,2023,tagged_diameter_mm,data_taggedFruit_diameter_2023.csv
2023-08-01,15,14.19,2023,tagged_diameter_mm,data_taggedFruit_diameter_2023.csv
2023-08-04,15,20.13,2023,tagged_diameter_mm,data_taggedFruit_diameter_2023.csv
2023-08-07,15,25.52,2023,tagged_diameter_mm,data_taggedFruit_diameter_2023.csv
2023-08-11,15,33.37,2023,tagged_diameter_mm,data_taggedFruit_diameter_2023.csv
2023-08-13,15,34.87,2023,tagged_diameter_mm,data_taggedFruit_diameter_2023.csv
2023-08-17,15,6.96,2023,tagged_diameter_mm,data_taggedFruit_diameter_2023.csv
2023-08-21,15,7.96,2023,tagged_diameter_mm,data_taggedFruit_diameter_2023.csv
2023-08-24,15,7.97,2023,tagged_diameter_mm,data_taggedFruit_diameter_2023.csv
2023-08-27,15,7.29,2023,tagged_diameter_mm,data_taggedFruit_diameter_2023.csv
2023-08-31,15,,2023,tagged_diameter_mm,data_taggedFruit_diameter_2023.csv
2023-09-05,15,,2023,tagged_diameter_mm,data_taggedFruit_diameter_2023.csv
2023-09-09,15,5.91,2023,tagged_diameter_mm,data_taggedFruit_diameter_2023.csv
2023-09-13,15,5.55,2023,tagged_diameter_mm,data_taggedFruit_diameter_2023.csv
2023-09-17,15,6.94,2023,tagged_diameter_mm,data_taggedFruit_diameter_2023.csv
2023-09-21,15,,2023,tagged_diameter_mm,data_taggedFruit_diameter_2023.csv
2023-09-24,15,,2023,tagged_diameter_mm,data_taggedFruit_diameter_2023.csv
2023-09-28,15,,2023,tagged_diameter_mm,data_taggedFruit_diameter_2023.csv
2023-07-26,16,,2023,tagged_diameter_mm,data_taggedFruit_diameter_2023.csv
2023-07-29,16,10.56,2023,tagged_diameter_mm,data_taggedFruit_diameter_2023.csv
2023-08-01,16,14.42,2023,tagged_diameter_mm,data_taggedFruit_diameter_2023.csv
2023-08-04,16,17.27,2023,tagged_diameter_mm,data_taggedFruit_diameter_2023.csv
2023-08-07,16,22.87,2023,tagged_diameter_mm,data_taggedFruit_diameter_2023.csv
2023-08-11,16,29.82,2023,tagged_diameter_mm,data_taggedFruit_diameter_2023.csv
2023-08-13,16,8.83,2023,tagged_diameter_mm,data_taggedFruit_diameter_2023.csv
2023-08-17,16,11.13,2023,tagged_diameter_mm,data_taggedFruit_diameter_2023.csv
2023-08-21,16,12.99,2023,tagged_diameter_mm,data_taggedFruit_diameter_2023.csv
2023-08-24,16,16.38,2023,tagged_diameter_mm,data_taggedFruit_diameter_2023.csv
2023-08-27,16,21.28,2023,tagged_diameter_mm,data_taggedFruit_diameter_2023.csv
2023-08-31,16,27.66,2023,tagged_diameter_mm,data_taggedFruit_diameter_2023.csv
2023-09-05,16,,2023,tagged_diameter_mm,data_taggedFruit_diameter_2023.csv
2023-09-09,16,8.1,2023,tagged_diameter_mm,data_taggedFruit_diameter_2023.csv
2023-09-13,16,9.61,2023,tagged_diameter_mm,data_taggedFruit_diameter_2023.csv
2023-09-17,16,11.69,2023,tagged_diameter_mm,data_taggedFruit_diameter_2023.csv
2023-09-21,16,16.15,2023,tagged_diameter_mm,data_taggedFruit_diameter_2023.csv
2023-09-24,16,18.99,2023,tagged_diameter_mm,data_taggedFruit_diameter_2023.csv
2023-09-28,16,23.22,2023,tagged_diameter_mm,data_taggedFruit_diameter_2023.csv
2023-07-26,17,,2023,tagged_diameter_mm,data_taggedFruit_diameter_2023.csv
2023-07-29,17,11.17,2023,tagged_diameter_mm,data_taggedFruit_diameter_2023.csv
2023-08-01,17,12.2,2023,tagged_diameter_mm,data_taggedFruit_diameter_2023.csv
2023-08-04,17,13.87,2023,tagged_diameter_mm,data_taggedFruit_diameter_2023.csv
2023-08-07,17,16.57,2023,tagged_diameter_mm,data_taggedFruit_diameter_2023.csv
2023-08-11,17,22.02,2023,tagged_diameter_mm,data_taggedFruit_diameter_2023.csv
2023-08-13,17,23.27,2023,tagged_diameter_mm,data_taggedFruit_diameter_2023.csv
2023-08-17,17,7.76,2023,tagged_diameter_mm,data_taggedFruit_diameter_2023.csv
2023-08-21,17,,2023,tagged_diameter_mm,data_taggedFruit_diameter_2023.csv
2023-08-24,17,,2023,tagged_diameter_mm,data_taggedFruit_diameter_2023.csv
2023-08-27,17,,2023,tagged_diameter_mm,data_taggedFruit_diameter_2023.csv
2023-08-31,17,6.24,2023,tagged_diameter_mm,data_taggedFruit_diameter_2023.csv
2023-09-05,17,5.61,2023,tagged_diameter_mm,data_taggedFruit_diameter_2023.csv
2023-09-09,17,5.43,2023,tagged_diameter_mm,data_taggedFruit_diameter_2023.csv
2023-09-13,17,4.36,2023,tagged_diameter_mm,data_taggedFruit_diameter_2023.csv
2023-09-17,17,5.54,2023,tagged_diameter_mm,data_taggedFruit_diameter_2023.csv
2023-09-21,17,,2023,tagged_diameter_mm,data_taggedFruit_diameter_2023.csv
2023-09-24,17,,2023,tagged_diameter_mm,data_taggedFruit_diameter_2023.csv
2023-09-28,17,,2023,tagged_diameter_mm,data_taggedFruit_diameter_2023.csv
2023-07-26,18,8.64,2023,tagged_diameter_mm,data_taggedFruit_diameter_2023.csv
2023-07-29,18,12.02,2023,tagged_diameter_mm,data_taggedFruit_diameter_2023.csv
2023-08-01,18,12.83,2023,tagged_diameter_mm,data_taggedFruit_diameter_2023.csv
2023-08-04,18,14.43,2023,tagged_diameter_mm,data_taggedFruit_diameter_2023.csv
2023-08-07,18,18.04,2023,tagged_diameter_mm,data_taggedFruit_diameter_2023.csv
2023-08-11,18,21.18,2023,tagged_diameter_mm,data_taggedFruit_diameter_2023.csv
2023-08-13,18,5.57,2023,tagged_diameter_mm,data_taggedFruit_diameter_2023.csv
2023-08-17,18,8.54,2023,tagged_diameter_mm,data_taggedFruit_diameter_2023.csv
2023-08-21,18,,2023,tagged_diameter_mm,data_taggedFruit_diameter_2023.csv
2023-08-24,18,,2023,tagged_diameter_mm,data_taggedFruit_diameter_2023.csv
2023-08-27,18,6.1,2023,tagged_diameter_mm,data_taggedFruit_diameter_2023.csv
2023-08-31,18,6.03,2023,tagged_diameter_mm,data_taggedFruit_diameter_2023.csv
2023-09-05,18,7.42,2023,tagged_diameter_mm,data_taggedFruit_diameter_2023.csv
2023-09-09,18,9.46,2023,tagged_diameter_mm,data_taggedFruit_diameter_2023.csv
2023-09-13,18,11.84,2023,tagged_diameter_mm,data_taggedFruit_diameter_2023.csv
2023-09-17,18,14.66,2023,tagged_diameter_mm,data_taggedFruit_diameter_2023.csv
2023-09-21,18,19.59,2023,tagged_diameter_mm,data_taggedFruit_diameter_2023.csv
2023-09-24,18,24.34,2023,tagged_diameter_mm,data_taggedFruit_diameter_2023.csv
2023-09-28,18,26.79,2023,tagged_diameter_mm,data_taggedFruit_diameter_2023.csv
2023-07-26,19,,2023,tagged_diameter_mm,data_taggedFruit_diameter_2023.csv
2023-07-29,19,12.46,2023,tagged_diameter_mm,data_taggedFruit_diameter_2023.csv
2023-08-01,19,13.59,2023,tagged_diameter_mm,data_taggedFruit_diameter_2023.csv
2023-08-04,19,13.57,2023,tagged_diameter_mm,data_taggedFruit_diameter_2023.csv
2023-08-07,19,18.45,2023,tagged_diameter_mm,data_taggedFruit_diameter_2023.csv
2023-08-11,19,22.83,2023,tagged_diameter_mm,data_taggedFruit_diameter_2023.csv
2023-08-13,19,24.76,2023,tagged_diameter_mm,data_taggedFruit_diameter_2023.csv
2023-08-17,19,,2023,tagged_diameter_mm,data_taggedFruit_diameter_2023.csv
2023-08-21,19,,2023,tagged_diameter_mm,data_taggedFruit_diameter_2023.csv
2023-08-24,19,,2023,tagged_diameter_mm,data_taggedFruit_diameter_2023.csv
2023-08-27,19,6.26,2023,tagged_diameter_mm,data_taggedFruit_diameter_2023.csv
2023-08-31,19,10.97,2023,tagged_diameter_mm,data_taggedFruit_diameter_2023.csv
2023-09-05,19,14.59,2023,tagged_diameter_mm,data_taggedFruit_diameter_2023.csv
2023-09-09,19,21.08,2023,tagged_diameter_mm,data_taggedFruit_diameter_2023.csv
2023-09-13,19,26.82,2023,tagged_diameter_mm,data_taggedFruit_diameter_2023.csv
2023-09-17,19,28.8,2023,tagged_diameter_mm,data_taggedFruit_diameter_2023.csv
2023-09-21,19,,2023,tagged_diameter_mm,data_taggedFruit_diameter_2023.csv
2023-09-24,19,,2023,tagged_diameter_mm,data_taggedFruit_diameter_2023.csv
2023-09-28,19,,2023,tagged_diameter_mm,data_taggedFruit_diameter_2023.csv
2023-07-26,1,,2023,tagged_fresh_matter_g,data_taggedFruit_freshMatter_2023.csv
2023-07-29,1,,2023,tagged_fresh_matter_g,data_taggedFruit_freshMatter_2023.csv
2023-08-01,1,,2023,tagged_fresh_matter_g,data_taggedFruit_freshMatter_2023.csv
2023-08-04,1,,2023,tagged_fresh_matter_g,data_taggedFruit_freshMatter_2023.csv
2023-08-07,1,,2023,tagged_fresh_matter_g,data_taggedFruit_freshMatter_2023.csv
2023-08-11,1,,2023,tagged_fresh_matter_g,data_taggedFruit_freshMatter_2023.csv
2023-08-13,1,4.46,2023,tagged_fresh_matter_g,data_taggedFruit_freshMatter_2023.csv
2023-08-17,1,,2023,tagged_fresh_matter_g,data_taggedFruit_freshMatter_2023.csv
2023-08-21,1,,2023,tagged_fresh_matter_g,data_taggedFruit_freshMatter_2023.csv
2023-08-24,1,,2023,tagged_fresh_matter_g,data_taggedFruit_freshMatter_2023.csv
2023-08-27,1,,2023,tagged_fresh_matter_g,data_taggedFruit_freshMatter_2023.csv
2023-08-31,1,,2023,tagged_fresh_matter_g,data_taggedFruit_freshMatter_2023.csv
2023-09-05,1,,2023,tagged_fresh_matter_g,data_taggedFruit_freshMatter_2023.csv
2023-09-09,1,7.34,2023,tagged_fresh_matter_g,data_taggedFruit_freshMatter_2023.csv
2023-09-13,1,,2023,tagged_fresh_matter_g,data_taggedFruit_freshMatter_2023.csv
2023-09-17,1,,2023,tagged_fresh_matter_g,data_taggedFruit_freshMatter_2023.csv
2023-09-21,1,,2023,tagged_fresh_matter_g,data_taggedFruit_freshMatter_2023.csv
2023-09-24,1,,2023,tagged_fresh_matter_g,data_taggedFruit_freshMatter_2023.csv
2023-09-28,1,,2023,tagged_fresh_matter_g,data_taggedFruit_freshMatter_2023.csv
2023-07-26,2,,2023,tagged_fresh_matter_g,data_taggedFruit_freshMatter_2023.csv
2023-07-29,2,,2023,tagged_fresh_matter_g,data_taggedFruit_freshMatter_2023.csv
2023-08-01,2,,2023,tagged_fresh_matter_g,data_taggedFruit_freshMatter_2023.csv
2023-08-04,2,,2023,tagged_fresh_matter_g,data_taggedFruit_freshMatter_2023.csv
2023-08-07,2,,2023,tagged_fresh_matter_g,data_taggedFruit_freshMatter_2023.csv
2023-08-11,2,8.02,2023,tagged_fresh_matter_g,data_taggedFruit_freshMatter_2023.csv
2023-08-13,2,,2023,tagged_fresh_matter_g,data_taggedFruit_freshMatter_2023.csv
2023-08-17,2,,2023,tagged_fresh_matter_g,data_taggedFruit_freshMatter_2023.csv
2023-08-21,2,,2023,tagged_fresh_matter_g,data_taggedFruit_freshMatter_2023.csv
2023-08-24,2,,2023,tagged_fresh_matter_g,data_taggedFruit_freshMatter_2023.csv
2023-08-27,2,,2023,tagged_fresh_matter_g,data_taggedFruit_freshMatter_2023.csv
2023-08-31,2,6.36,2023,tagged_fresh_matter_g,data_taggedFruit_freshMatter_2023.csv
2023-09-05,2,,2023,tagged_fresh_matter_g,data_taggedFruit_freshMatter_2023.csv
2023-09-09,2,,2023,tagged_fresh_matter_g,data_taggedFruit_freshMatter_2023.csv
2023-09-13,2,,2023,tagged_fresh_matter_g,data_taggedFruit_freshMatter_2023.csv
2023-09-17,2,,2023,tagged_fresh_matter_g,data_taggedFruit_freshMatter_2023.csv
2023-09-21,2,,2023,tagged_fresh_matter_g,data_taggedFruit_freshMatter_2023.csv
2023-09-24,2,,2023,tagged_fresh_matter_g,data_taggedFruit_freshMatter_2023.csv
2023-09-28,2,,2023,tagged_fresh_matter_g,data_taggedFruit_freshMatter_2023.csv
2023-07-26,3,,2023,tagged_fresh_matter_g,data_taggedFruit_freshMatter_2023.csv
2023-07-29,3,,2023,tagged_fresh_matter_g,data_taggedFruit_freshMatter_2023.csv
2023-08-01,3,,2023,tagged_fresh_matter_g,data_taggedFruit_freshMatter_2023.csv
2023-08-04,3,,2023,tagged_fresh_matter_g,data_taggedFruit_freshMatter_2023.csv
2023-08-07,3,,2023,tagged_fresh_matter_g,data_taggedFruit_freshMatter_2023.csv
2023-08-11,3,,2023,tagged_fresh_matter_g,data_taggedFruit_freshMatter_2023.csv
2023-08-13,3,,2023,tagged_fresh_matter_g,data_taggedFruit_freshMatter_2023.csv
2023-08-17,3,8.4,2023,tagged_fresh_matter_g,data_taggedFruit_freshMatter_2023.csv
2023-08-21,3,,2023,tagged_fresh_matter_g,data_taggedFruit_freshMatter_2023.csv
2023-08-24,3,,2023,tagged_fresh_matter_g,data_taggedFruit_freshMatter_2023.csv
2023-08-27,3,,2023,tagged_fresh_matter_g,data_taggedFruit_freshMatter_2023.csv
2023-08-31,3,,2023,tagged_fresh_matter_g,data_taggedFruit_freshMatter_2023.csv
2023-09-05,3,,2023,tagged_fresh_matter_g,data_taggedFruit_freshMatter_2023.csv
2023-09-09,3,,2023,tagged_fresh_matter_g,data_taggedFruit_freshMatter_2023.csv
2023-09-13,3,5.08,2023,tagged_fresh_matter_g,data_taggedFruit_freshMatter_2023.csv
2023-09-17,3,,2023,tagged_fresh_matter_g,data_taggedFruit_freshMatter_2023.csv
2023-09-21,3,,2023,tagged_fresh_matter_g,data_taggedFruit_freshMatter_2023.csv
2023-09-24,3,,2023,tagged_fresh_matter_g,data_taggedFruit_freshMatter_2023.csv
2023-09-28,3,,2023,tagged_fresh_matter_g,data_taggedFruit_freshMatter_2023.csv
2023-07-26,4,,2023,tagged_fresh_matter_g,data_taggedFruit_freshMatter_2023.csv
2023-07-29,4,,2023,tagged_fresh_matter_g,data_taggedFruit_freshMatter_2023.csv
2023-08-01,4,,2023,tagged_fresh_matter_g,data_taggedFruit_freshMatter_2023.csv
2023-08-04,4,,2023,tagged_fresh_matter_g,data_taggedFruit_freshMatter_2023.csv
2023-08-07,4,,2023,tagged_fresh_matter_g,data_taggedFruit_freshMatter_2023.csv
2023-08-11,4,,2023,tagged_fresh_matter_g,data_taggedFruit_freshMatter_2023.csv
2023-08-13,4,6.28,2023,tagged_fresh_matter_g,data_taggedFruit_freshMatter_2023.csv
2023-08-17,4,,2023,tagged_fresh_matter_g,data_taggedFruit_freshMatter_2023.csv
2023-08-21,4,,2023,tagged_fresh_matter_g,data_taggedFruit_freshMatter_2023.csv
2023-08-24,4,,2023,tagged_fresh_matter_g,data_taggedFruit_freshMatter_2023.csv
2023-08-27,4,,2023,tagged_fresh_matter_g,data_taggedFruit_freshMatter_2023.csv
2023-08-31,4,,2023,tagged_fresh_matter_g,data_taggedFruit_freshMatter_2023.csv
2023-09-05,4,4.25,2023,tagged_fresh_matter_g,data_taggedFruit_freshMatter_2023.csv
2023-09-09,4,,2023,tagged_fresh_matter_g,data_taggedFruit_freshMatter_2023.csv
2023-09-13,4,,2023,tagged_fresh_matter_g,data_taggedFruit_freshMatter_2023.csv
2023-09-17,4,,2023,tagged_fresh_matter_g,data_taggedFruit_freshMatter_2023.csv
2023-09-21,4,,2023,tagged_fresh_matter_g,data_taggedFruit_freshMatter_2023.csv
2023-09-24,4,,2023,tagged_fresh_matter_g,data_taggedFruit_freshMatter_2023.csv
2023-09-28,4,4.11,2023,tagged_fresh_matter_g,data_taggedFruit_freshMatter_2023.csv
2023-07-26,5,,2023,tagged_fresh_matter_g,data_taggedFruit_freshMatter_2023.csv
2023-07-29,5,,2023,tagged_fresh_matter_g,data_taggedFruit_freshMatter_2023.csv
2023-08-01,5,,2023,tagged_fresh_matter_g,data_taggedFruit_freshMatter_2023.csv
2023-08-04,5,,2023,tagged_fresh_matter_g,data_taggedFruit_freshMatter_2023.csv
2023-08-07,5,,2023,tagged_fresh_matter_g,data_taggedFruit_freshMatter_2023.csv
2023-08-11,5,7.33,2023,tagged_fresh_matter_g,data_taggedFruit_freshMatter_2023.csv
2023-08-13,5,,2023,tagged_fresh_matter_g,data_taggedFruit_freshMatter_2023.csv
2023-08-17,5,,2023,tagged_fresh_matter_g,data_taggedFruit_freshMatter_2023.csv
2023-08-21,5,,2023,tagged_fresh_matter_g,data_taggedFruit_freshMatter_2023.csv
2023-08-24,5,,2023,tagged_fresh_matter_g,data_taggedFruit_freshMatter_2023.csv
2023-08-27,5,,2023,tagged_fresh_matter_g,data_taggedFruit_freshMatter_2023.csv
2023-08-31,5,,2023,tagged_fresh_matter_g,data_taggedFruit_freshMatter_2023.csv
2023-09-05,5,4.98,2023,tagged_fresh_matter_g,data_taggedFruit_freshMatter_2023.csv
2023-09-09,5,,2023,tagged_fresh_matter_g,data_taggedFruit_freshMatter_2023.csv
2023-09-13,5,,2023,tagged_fresh_matter_g,data_taggedFruit_freshMatter_2023.csv
2023-09-17,5,,2023,tagged_fresh_matter_g,data_taggedFruit_freshMatter_2023.csv
2023-09-21,5,,2023,tagged_fresh_matter_g,data_taggedFruit_freshMatter_2023.csv
2023-09-24,5,,2023,tagged_fresh_matter_g,data_taggedFruit_freshMatter_2023.csv
2023-09-28,5,,2023,tagged_fresh_matter_g,data_taggedFruit_freshMatter_2023.csv
2023-07-26,6,,2023,tagged_fresh_matter_g,data_taggedFruit_freshMatter_2023.csv
2023-07-29,6,,2023,tagged_fresh_matter_g,data_taggedFruit_freshMatter_2023.csv
2023-08-01,6,5.13,2023,tagged_fresh_matter_g,data_taggedFruit_freshMatter_2023.csv
2023-08-04,6,,2023,tagged_fresh_matter_g,data_taggedFruit_freshMatter_2023.csv
2023-08-07,6,,2023,tagged_fresh_matter_g,data_taggedFruit_freshMatter_2023.csv
2023-08-11,6,,2023,tagged_fresh_matter_g,data_taggedFruit_freshMatter_2023.csv
2023-08-13,6,,2023,tagged_fresh_matter_g,data_taggedFruit_freshMatter_2023.csv
2023-08-17,6,,2023,tagged_fresh_matter_g,data_taggedFruit_freshMatter_2023.csv
2023-08-21,6,,2023,tagged_fresh_matter_g,data_taggedFruit_freshMatter_2023.csv
2023-08-24,6,4.33,2023,tagged_fresh_matter_g,data_taggedFruit_freshMatter_2023.csv
2023-08-27,6,,2023,tagged_fresh_matter_g,data_taggedFruit_freshMatter_2023.csv
2023-08-31,6,,2023,tagged_fresh_matter_g,data_taggedFruit_freshMatter_2023.csv
2023-09-05,6,,2023,tagged_fresh_matter_g,data_taggedFruit_freshMatter_2023.csv
2023-09-09,6,,2023,tagged_fresh_matter_g,data_taggedFruit_freshMatter_2023.csv
2023-09-13,6,,2023,tagged_fresh_matter_g,data_taggedFruit_freshMatter_2023.csv
2023-09-17,6,8.12,2023,tagged_fresh_matter_g,data_taggedFruit_freshMatter_2023.csv
2023-09-21,6,,2023,tagged_fresh_matter_g,data_taggedFruit_freshMatter_2023.csv
2023-09-24,6,,2023,tagged_fresh_matter_g,data_taggedFruit_freshMatter_2023.csv
2023-09-28,6,,2023,tagged_fresh_matter_g,data_taggedFruit_freshMatter_2023.csv
2023-07-26,7,,2023,tagged_fresh_matter_g,data_taggedFruit_freshMatter_2023.csv
2023-07-29,7,,2023,tagged_fresh_matter_g,data_taggedFruit_freshMatter_2023.csv
2023-08-01,7,,2023,tagged_fresh_matter_g,data_taggedFruit_freshMatter_2023.csv
2023-08-04,7,,2023,tagged_fresh_matter_g,data_taggedFruit_freshMatter_2023.csv
2023-08-07,7,,2023,tagged_fresh_matter_g,data_taggedFruit_freshMatter_2023.csv
2023-08-11,7,,2023,tagged_fresh_matter_g,data_taggedFruit_freshMatter_2023.csv
2023-08-13,7,10.04,2023,tagged_fresh_matter_g,data_taggedFruit_freshMatter_2023.csv
2023-08-17,7,,2023,tagged_fresh_matter_g,data_taggedFruit_freshMatter_2023.csv
2023-08-21,7,,2023,tagged_fresh_matter_g,data_taggedFruit_freshMatter_2023.csv
2023-08-24,7,,2023,tagged_fresh_matter_g,data_taggedFruit_freshMatter_2023.csv
2023-08-27,7,,2023,tagged_fresh_matter_g,data_taggedFruit_freshMatter_2023.csv
2023-08-31,7,,2023,tagged_fresh_matter_g,data_taggedFruit_freshMatter_2023.csv
2023-09-05,7,,2023,tagged_fresh_matter_g,data_taggedFruit_freshMatter_2023.csv
2023-09-09,7,,2023,tagged_fresh_matter_g,data_taggedFruit_freshMatter_2023.csv
2023-09-13,7,4.34,2023,tagged_fresh_matter_g,data_taggedFruit_freshMatter_2023.csv
2023-09-17,7,,2023,tagged_fresh_matter_g,data_taggedFruit_freshMatter_2023.csv
2023-09-21,7,,2023,tagged_fresh_matter_g,data_taggedFruit_freshMatter_2023.csv
2023-09-24,7,,2023,tagged_fresh_matter_g,data_taggedFruit_freshMatter_2023.csv
2023-09-28,7,,2023,tagged_fresh_matter_g,data_taggedFruit_freshMatter_2023.csv
2023-07-26,8,,2023,tagged_fresh_matter_g,data_taggedFruit_freshMatter_2023.csv
2023-07-29,8,,2023,tagged_fresh_matter_g,data_taggedFruit_freshMatter_2023.csv
2023-08-01,8,,2023,tagged_fresh_matter_g,data_taggedFruit_freshMatter_2023.csv
2023-08-04,8,,2023,tagged_fresh_matter_g,data_taggedFruit_freshMatter_2023.csv
2023-08-07,8,,2023,tagged_fresh_matter_g,data_taggedFruit_freshMatter_2023.csv
2023-08-11,8,,2023,tagged_fresh_matter_g,data_taggedFruit_freshMatter_2023.csv
2023-08-13,8,10.46,2023,tagged_fresh_matter_g,data_taggedFruit_freshMatter_2023.csv
2023-08-17,8,,2023,tagged_fresh_matter_g,data_taggedFruit_freshMatter_2023.csv
2023-08-21,8,,2023,tagged_fresh_matter_g,data_taggedFruit_freshMatter_2023.csv
2023-08-24,8,,2023,tagged_fresh_matter_g,data_taggedFruit_freshMatter_2023.csv
2023-08-27,8,,2023,tagged_fresh_matter_g,data_taggedFruit_freshMatter_2023.csv
2023-08-31,8,,2023,tagged_fresh_matter_g,data_taggedFruit_freshMatter_2023.csv
2023-09-05,8,8.41,2023,tagged_fresh_matter_g,data_taggedFruit_freshMatter_2023.csv
2023-09-09,8,,2023,tagged_fresh_matter_g,data_taggedFruit_freshMatter_2023.csv
2023-09-13,8,,2023,tagged_fresh_matter_g,data_taggedFruit_freshMatter_2023.csv
2023-09-17,8,,2023,tagged_fresh_matter_g,data_taggedFruit_freshMatter_2023.csv
2023-09-21,8,,2023,tagged_fresh_matter_g,data_taggedFruit_freshMatter_2023.csv
2023-09-24,8,,2023,tagged_fresh_matter_g,data_taggedFruit_freshMatter_2023.csv
2023-09-28,8,,2023,tagged_fresh_matter_g,data_taggedFruit_freshMatter_2023.csv
2023-07-26,9,,2023,tagged_fresh_matter_g,data_taggedFruit_freshMatter_2023.csv
2023-07-29,9,,2023,tagged_fresh_matter_g,data_taggedFruit_freshMatter_2023.csv
2023-08-01,9,,2023,tagged_fresh_matter_g,data_taggedFruit_freshMatter_2023.csv
2023-08-04,9,,2023,tagged_fresh_matter_g,data_taggedFruit_freshMatter_2023.csv
2023-08-07,9,,2023,tagged_fresh_matter_g,data_taggedFruit_freshMatter_2023.csv
2023-08-11,9,9.92,2023,tagged_fresh_matter_g,data_taggedFruit_freshMatter_2023.csv
2023-08-13,9,,2023,tagged_fresh_matter_g,data_taggedFruit_freshMatter_2023.csv
2023-08-17,9,,2023,tagged_fresh_matter_g,data_taggedFruit_freshMatter_2023.csv
2023-08-21,9,,2023,tagged_fresh_matter_g,data_taggedFruit_freshMatter_2023.csv
2023-08-24,9,,2023,tagged_fresh_matter_g,data_taggedFruit_freshMatter_2023.csv
2023-08-27,9,,2023,tagged_fresh_matter_g,data_taggedFruit_freshMatter_2023.csv
2023-08-31,9,,2023,tagged_fresh_matter_g,data_taggedFruit_freshMatter_2023.csv
2023-09-05,9,6.05,2023,tagged_fresh_matter_g,data_taggedFruit_freshMatter_2023.csv
2023-09-09,9,,2023,tagged_fresh_matter_g,data_taggedFruit_freshMatter_2023.csv
2023-09-13,9,,2023,tagged_fresh_matter_g,data_taggedFruit_freshMatter_2023.csv
2023-09-17,9,,2023,tagged_fresh_matter_g,data_taggedFruit_freshMatter_2023.csv
2023-09-21,9,,2023,tagged_fresh_matter_g,data_taggedFruit_freshMatter_2023.csv
2023-09-24,9,,2023,tagged_fresh_matter_g,data_taggedFruit_freshMatter_2023.csv
2023-09-28,9,,2023,tagged_fresh_matter_g,data_taggedFruit_freshMatter_2023.csv
2023-07-26,10,,2023,tagged_fresh_matter_g,data_taggedFruit_freshMatter_2023.csv
2023-07-29,10,,2023,tagged_fresh_matter_g,data_taggedFruit_freshMatter_2023.csv
2023-08-01,10,,2023,tagged_fresh_matter_g,data_taggedFruit_freshMatter_2023.csv
2023-08-04,10,,2023,tagged_fresh_matter_g,data_taggedFruit_freshMatter_2023.csv
2023-08-07,10,,2023,tagged_fresh_matter_g,data_taggedFruit_freshMatter_2023.csv
2023-08-11,10,9.06,2023,tagged_fresh_matter_g,data_taggedFruit_freshMatter_2023.csv
2023-08-13,10,,2023,tagged_fresh_matter_g,data_taggedFruit_freshMatter_2023.csv
2023-08-17,10,,2023,tagged_fresh_matter_g,data_taggedFruit_freshMatter_2023.csv
2023-08-21,10,,2023,tagged_fresh_matter_g,data_taggedFruit_freshMatter_2023.csv
2023-08-24,10,,2023,tagged_fresh_matter_g,data_taggedFruit_freshMatter_2023.csv
2023-08-27,10,,2023,tagged_fresh_matter_g,data_taggedFruit_freshMatter_2023.csv
2023-08-31,10,,2023,tagged_fresh_matter_g,data_taggedFruit_freshMatter_2023.csv
2023-09-05,10,,2023,tagged_fresh_matter_g,data_taggedFruit_freshMatter_2023.csv
2023-09-09,10,2.99,2023,tagged_fresh_matter_g,data_taggedFruit_freshMatter_2023.csv
2023-09-13,10,,2023,tagged_fresh_matter_g,data_taggedFruit_freshMatter_2023.csv
2023-09-17,10,,2023,tagged_fresh_matter_g,data_taggedFruit_freshMatter_2023.csv
2023-09-21,10,,2023,tagged_fresh_matter_g,data_taggedFruit_freshMatter_2023.csv
2023-09-24,10,,2023,tagged_fresh_matter_g,data_taggedFruit_freshMatter_2023.csv
2023-09-28,10,,2023,tagged_fresh_matter_g,data_taggedFruit_freshMatter_2023.csv
2023-07-26,11,,2023,tagged_fresh_matter_g,data_taggedFruit_freshMatter_2023.csv
2023-07-29,11,,2023,tagged_fresh_matter_g,data_taggedFruit_freshMatter_2023.csv
2023-08-01,11,,2023,tagged_fresh_matter_g,data_taggedFruit_freshMatter_2023.csv
2023-08-04,11,,2023,tagged_fresh_matter_g,data_taggedFruit_freshMatter_2023.csv
2023-08-07,11,,2023,tagged_fresh_matter_g,data_taggedFruit_freshMatter_2023.csv
2023-08-11,11,,2023,tagged_fresh_matter_g,data_taggedFruit_freshMatter_2023.csv
2023-08-13,11,,2023,tagged_fresh_matter_g,data_taggedFruit_freshMatter_2023.csv
2023-08-17,11,10.69,2023,tagged_fresh_matter_g,data_taggedFruit_freshMatter_2023.csv
2023-08-21,11,,2023,tagged_fresh_matter_g,data_taggedFruit_freshMatter_2023.csv
2023-08-24,11,,2023,tagged_fresh_matter_g,data_taggedFruit_freshMatter_2023.csv
2023-08-27,11,,2023,tagged_fresh_matter_g,data_taggedFruit_freshMatter_2023.csv
2023-08-31,11,,2023,tagged_fresh_matter_g,data_taggedFruit_freshMatter_2023.csv
2023-09-05,11,,2023,tagged_fresh_matter_g,data_taggedFruit_freshMatter_2023.csv
2023-09-09,11,,2023,tagged_fresh_matter_g,data_taggedFruit_freshMatter_2023.csv
2023-09-13,11,6.688,2023,tagged_fresh_matter_g,data_taggedFruit_freshMatter_2023.csv
2023-09-17,11,,2023,tagged_fresh_matter_g,data_taggedFruit_freshMatter_2023.csv
2023-09-21,11,,2023,tagged_fresh_matter_g,data_taggedFruit_freshMatter_2023.csv
2023-09-24,11,,2023,tagged_fresh_matter_g,data_taggedFruit_freshMatter_2023.csv
2023-09-28,11,,2023,tagged_fresh_matter_g,data_taggedFruit_freshMatter_2023.csv
2023-07-26,12,,2023,tagged_fresh_matter_g,data_taggedFruit_freshMatter_2023.csv
2023-07-29,12,,2023,tagged_fresh_matter_g,data_taggedFruit_freshMatter_2023.csv
2023-08-01,12,,2023,tagged_fresh_matter_g,data_taggedFruit_freshMatter_2023.csv
2023-08-04,12,,2023,tagged_fresh_matter_g,data_taggedFruit_freshMatter_2023.csv
2023-08-07,12,,2023,tagged_fresh_matter_g,data_taggedFruit_freshMatter_2023.csv
2023-08-11,12,7.28,2023,tagged_fresh_matter_g,data_taggedFruit_freshMatter_2023.csv
2023-08-13,12,,2023,tagged_fresh_matter_g,data_taggedFruit_freshMatter_2023.csv
2023-08-17,12,,2023,tagged_fresh_matter_g,data_taggedFruit_freshMatter_2023.csv
2023-08-21,12,,2023,tagged_fresh_matter_g,data_taggedFruit_freshMatter_2023.csv
2023-08-24,12,,2023,tagged_fresh_matter_g,data_taggedFruit_freshMatter_2023.csv
2023-08-27,12,,2023,tagged_fresh_matter_g,data_taggedFruit_freshMatter_2023.csv
2023-08-31,12,,2023,tagged_fresh_matter_g,data_taggedFruit_freshMatter_2023.csv
2023-09-05,12,,2023,tagged_fresh_matter_g,data_taggedFruit_freshMatter_2023.csv
2023-09-09,12,,2023,tagged_fresh_matter_g,data_taggedFruit_freshMatter_2023.csv
2023-09-13,12,,2023,tagged_fresh_matter_g,data_taggedFruit_freshMatter_2023.csv
2023-09-17,12,,2023,tagged_fresh_matter_g,data_taggedFruit_freshMatter_2023.csv
2023-09-21,12,,2023,tagged_fresh_matter_g,data_taggedFruit_freshMatter_2023.csv
2023-09-24,12,,2023,tagged_fresh_matter_g,data_taggedFruit_freshMatter_2023.csv
2023-09-28,12,,2023,tagged_fresh_matter_g,data_taggedFruit_freshMatter_2023.csv
2023-07-26,13,,2023,tagged_fresh_matter_g,data_taggedFruit_freshMatter_2023.csv
2023-07-29,13,,2023,tagged_fresh_matter_g,data_taggedFruit_freshMatter_2023.csv
2023-08-01,13,,2023,tagged_fresh_matter_g,data_taggedFruit_freshMatter_2023.csv
2023-08-04,13,,2023,tagged_fresh_matter_g,data_taggedFruit_freshMatter_2023.csv
2023-08-07,13,,2023,tagged_fresh_matter_g,data_taggedFruit_freshMatter_2023.csv
2023-08-11,13,,2023,tagged_fresh_matter_g,data_taggedFruit_freshMatter_2023.csv
2023-08-13,13,5.51,2023,tagged_fresh_matter_g,data_taggedFruit_freshMatter_2023.csv
2023-08-17,13,,2023,tagged_fresh_matter_g,data_taggedFruit_freshMatter_2023.csv
2023-08-21,13,,2023,tagged_fresh_matter_g,data_taggedFruit_freshMatter_2023.csv
2023-08-24,13,,2023,tagged_fresh_matter_g,data_taggedFruit_freshMatter_2023.csv
2023-08-27,13,,2023,tagged_fresh_matter_g,data_taggedFruit_freshMatter_2023.csv
2023-08-31,13,,2023,tagged_fresh_matter_g,data_taggedFruit_freshMatter_2023.csv
2023-09-05,13,8.51,2023,tagged_fresh_matter_g,data_taggedFruit_freshMatter_2023.csv
2023-09-09,13,,2023,tagged_fresh_matter_g,data_taggedFruit_freshMatter_2023.csv
2023-09-13,13,,2023,tagged_fresh_matter_g,data_taggedFruit_freshMatter_2023.csv
2023-09-17,13,,2023,tagged_fresh_matter_g,data_taggedFruit_freshMatter_2023.csv
2023-09-21,13,,2023,tagged_fresh_matter_g,data_taggedFruit_freshMatter_2023.csv
2023-09-24,13,,2023,tagged_fresh_matter_g,data_taggedFruit_freshMatter_2023.csv
2023-09-28,13,,2023,tagged_fresh_matter_g,data_taggedFruit_freshMatter_2023.csv
2023-07-26,14,,2023,tagged_fresh_matter_g,data_taggedFruit_freshMatter_2023.csv
2023-07-29,14,,2023,tagged_fresh_matter_g,data_taggedFruit_freshMatter_2023.csv
2023-08-01,14,,2023,tagged_fresh_matter_g,data_taggedFruit_freshMatter_2023.csv
2023-08-04,14,,2023,tagged_fresh_matter_g,data_taggedFruit_freshMatter_2023.csv
2023-08-07,14,,2023,tagged_fresh_matter_g,data_taggedFruit_freshMatter_2023.csv
2023-08-11,14,,2023,tagged_fresh_matter_g,data_taggedFruit_freshMatter_2023.csv
2023-08-13,14,,2023,tagged_fresh_matter_g,data_taggedFruit_freshMatter_2023.csv
2023-08-17,14,5.23,2023,tagged_fresh_matter_g,data_taggedFruit_freshMatter_2023.csv
2023-08-21,14,,2023,tagged_fresh_matter_g,data_taggedFruit_freshMatter_2023.csv
2023-08-24,14,,2023,tagged_fresh_matter_g,data_taggedFruit_freshMatter_2023.csv
2023-08-27,14,,2023,tagged_fresh_matter_g,data_taggedFruit_freshMatter_2023.csv
2023-08-31,14,,2023,tagged_fresh_matter_g,data_taggedFruit_freshMatter_2023.csv
2023-09-05,14,,2023,tagged_fresh_matter_g,data_taggedFruit_freshMatter_2023.csv
2023-09-09,14,,2023,tagged_fresh_matter_g,data_taggedFruit_freshMatter_2023.csv
2023-09-13,14,12.86,2023,tagged_fresh_matter_g,data_taggedFruit_freshMatter_2023.csv
2023-09-17,14,,2023,tagged_fresh_matter_g,data_taggedFruit_freshMatter_2023.csv
2023-09-21,14,,2023,tagged_fresh_matter_g,data_taggedFruit_freshMatter_2023.csv
2023-09-24,14,,2023,tagged_fresh_matter_g,data_taggedFruit_freshMatter_2023.csv
2023-09-28,14,,2023,tagged_fresh_matter_g,data_taggedFruit_freshMatter_2023.csv
2023-07-26,15,,2023,tagged_fresh_matter_g,data_taggedFruit_freshMatter_2023.csv
2023-07-29,15,,2023,tagged_fresh_matter_g,data_taggedFruit_freshMatter_2023.csv
2023-08-01,15,,2023,tagged_fresh_matter_g,data_taggedFruit_freshMatter_2023.csv
2023-08-04,15,,2023,tagged_fresh_matter_g,data_taggedFruit_freshMatter_2023.csv
2023-08-07,15,,2023,tagged_fresh_matter_g,data_taggedFruit_freshMatter_2023.csv
2023-08-11,15,,2023,tagged_fresh_matter_g,data_taggedFruit_freshMatter_2023.csv
2023-08-13,15,14.81,2023,tagged_fresh_matter_g,data_taggedFruit_freshMatter_2023.csv
2023-08-17,15,,2023,tagged_fresh_matter_g,data_taggedFruit_freshMatter_2023.csv
2023-08-21,15,,2023,tagged_fresh_matter_g,data_taggedFruit_freshMatter_2023.csv
2023-08-24,15,,2023,tagged_fresh_matter_g,data_taggedFruit_freshMatter_2023.csv
2023-08-27,15,,2023,tagged_fresh_matter_g,data_taggedFruit_freshMatter_2023.csv
2023-08-31,15,,2023,tagged_fresh_matter_g,data_taggedFruit_freshMatter_2023.csv
2023-09-05,15,3.79,2023,tagged_fresh_matter_g,data_taggedFruit_freshMatter_2023.csv
2023-09-09,15,,2023,tagged_fresh_matter_g,data_taggedFruit_freshMatter_2023.csv
2023-09-13,15,,2023,tagged_fresh_matter_g,data_taggedFruit_freshMatter_2023.csv
2023-09-17,15,,2023,tagged_fresh_matter_g,data_taggedFruit_freshMatter_2023.csv
2023-09-21,15,,2023,tagged_fresh_matter_g,data_taggedFruit_freshMatter_2023.csv
2023-09-24,15,,2023,tagged_fresh_matter_g,data_taggedFruit_freshMatter_2023.csv
2023-09-28,15,,2023,tagged_fresh_matter_g,data_taggedFruit_freshMatter_2023.csv
2023-07-26,16,,2023,tagged_fresh_matter_g,data_taggedFruit_freshMatter_2023.csv
2023-07-29,16,,2023,tagged_fresh_matter_g,data_taggedFruit_freshMatter_2023.csv
2023-08-01,16,,2023,tagged_fresh_matter_g,data_taggedFruit_freshMatter_2023.csv
2023-08-04,16,,2023,tagged_fresh_matter_g,data_taggedFruit_freshMatter_2023.csv
2023-08-07,16,,2023,tagged_fresh_matter_g,data_taggedFruit_freshMatter_2023.csv
2023-08-11,16,,2023,tagged_fresh_matter_g,data_taggedFruit_freshMatter_2023.csv
2023-08-13,16,17.69,2023,tagged_fresh_matter_g,data_taggedFruit_freshMatter_2023.csv
2023-08-17,16,,2023,tagged_fresh_matter_g,data_taggedFruit_freshMatter_2023.csv
2023-08-21,16,,2023,tagged_fresh_matter_g,data_taggedFruit_freshMatter_2023.csv
2023-08-24,16,,2023,tagged_fresh_matter_g,data_taggedFruit_freshMatter_2023.csv
2023-08-27,16,,2023,tagged_fresh_matter_g,data_taggedFruit_freshMatter_2023.csv
2023-08-31,16,,2023,tagged_fresh_matter_g,data_taggedFruit_freshMatter_2023.csv
2023-09-05,16,,2023,tagged_fresh_matter_g,data_taggedFruit_freshMatter_2023.csv
2023-09-09,16,,2023,tagged_fresh_matter_g,data_taggedFruit_freshMatter_2023.csv
2023-09-13,16,,2023,tagged_fresh_matter_g,data_taggedFruit_freshMatter_2023.csv
2023-09-17,16,,2023,tagged_fresh_matter_g,data_taggedFruit_freshMatter_2023.csv
2023-09-21,16,,2023,tagged_fresh_matter_g,data_taggedFruit_freshMatter_2023.csv
2023-09-24,16,,2023,tagged_fresh_matter_g,data_taggedFruit_freshMatter_2023.csv
2023-09-28,16,,2023,tagged_fresh_matter_g,data_taggedFruit_freshMatter_2023.csv
2023-07-26,17,,2023,tagged_fresh_matter_g,data_taggedFruit_freshMatter_2023.csv
2023-07-29,17,,2023,tagged_fresh_matter_g,data_taggedFruit_freshMatter_2023.csv
2023-08-01,17,,2023,tagged_fresh_matter_g,data_taggedFruit_freshMatter_2023.csv
2023-08-04,17,,2023,tagged_fresh_matter_g,data_taggedFruit_freshMatter_2023.csv
2023-08-07,17,,2023,tagged_fresh_matter_g,data_taggedFruit_freshMatter_2023.csv
2023-08-11,17,11.86,2023,tagged_fresh_matter_g,data_taggedFruit_freshMatter_2023.csv
2023-08-13,17,,2023,tagged_fresh_matter_g,data_taggedFruit_freshMatter_2023.csv
2023-08-17,17,,2023,tagged_fresh_matter_g,data_taggedFruit_freshMatter_2023.csv
2023-08-21,17,,2023,tagged_fresh_matter_g,data_taggedFruit_freshMatter_2023.csv
2023-08-24,17,,2023,tagged_fresh_matter_g,data_taggedFruit_freshMatter_2023.csv
2023-08-27,17,,2023,tagged_fresh_matter_g,data_taggedFruit_freshMatter_2023.csv
2023-08-31,17,8.54,2023,tagged_fresh_matter_g,data_taggedFruit_freshMatter_2023.csv
2023-09-05,17,,2023,tagged_fresh_matter_g,data_taggedFruit_freshMatter_2023.csv
2023-09-09,17,,2023,tagged_fresh_matter_g,data_taggedFruit_freshMatter_2023.csv
2023-09-13,17,,2023,tagged_fresh_matter_g,data_taggedFruit_freshMatter_2023.csv
2023-09-17,17,,2023,tagged_fresh_matter_g,data_taggedFruit_freshMatter_2023.csv
2023-09-21,17,,2023,tagged_fresh_matter_g,data_taggedFruit_freshMatter_2023.csv
2023-09-24,17,,2023,tagged_fresh_matter_g,data_taggedFruit_freshMatter_2023.csv
2023-09-28,17,,2023,tagged_fresh_matter_g,data_taggedFruit_freshMatter_2023.csv
2023-07-26,18,,2023,tagged_fresh_matter_g,data_taggedFruit_freshMatter_2023.csv
2023-07-29,18,,2023,tagged_fresh_matter_g,data_taggedFruit_freshMatter_2023.csv
2023-08-01,18,,2023,tagged_fresh_matter_g,data_taggedFruit_freshMatter_2023.csv
2023-08-04,18,,2023,tagged_fresh_matter_g,data_taggedFruit_freshMatter_2023.csv
2023-08-07,18,,2023,tagged_fresh_matter_g,data_taggedFruit_freshMatter_2023.csv
2023-08-11,18,,2023,tagged_fresh_matter_g,data_taggedFruit_freshMatter_2023.csv
2023-08-13,18,6.39,2023,tagged_fresh_matter_g,data_taggedFruit_freshMatter_2023.csv
2023-08-17,18,,2023,tagged_fresh_matter_g,data_taggedFruit_freshMatter_2023.csv
2023-08-21,18,,2023,tagged_fresh_matter_g,data_taggedFruit_freshMatter_2023.csv
2023-08-24,18,,2023,tagged_fresh_matter_g,data_taggedFruit_freshMatter_2023.csv
2023-08-27,18,,2023,tagged_fresh_matter_g,data_taggedFruit_freshMatter_2023.csv
2023-08-31,18,,2023,tagged_fresh_matter_g,data_taggedFruit_freshMatter_2023.csv
2023-09-05,18,,2023,tagged_fresh_matter_g,data_taggedFruit_freshMatter_2023.csv
2023-09-09,18,,2023,tagged_fresh_matter_g,data_taggedFruit_freshMatter_2023.csv
2023-09-13,18,,2023,tagged_fresh_matter_g,data_taggedFruit_freshMatter_2023.csv
2023-09-17,18,,2023,tagged_fresh_matter_g,data_taggedFruit_freshMatter_2023.csv
2023-09-21,18,,2023,tagged_fresh_matter_g,data_taggedFruit_freshMatter_2023.csv
2023-09-24,18,,2023,tagged_fresh_matter_g,data_taggedFruit_freshMatter_2023.csv
2023-09-28,18,,2023,tagged_fresh_matter_g,data_taggedFruit_freshMatter_2023.csv
2023-07-26,19,,2023,tagged_fresh_matter_g,data_taggedFruit_freshMatter_2023.csv
2023-07-29,19,,2023,tagged_fresh_matter_g,data_taggedFruit_freshMatter_2023.csv
2023-08-01,19,,2023,tagged_fresh_matter_g,data_taggedFruit_freshMatter_2023.csv
2023-08-04,19,,2023,tagged_fresh_matter_g,data_taggedFruit_freshMatter_2023.csv
2023-08-07,19,,2023,tagged_fresh_matter_g,data_taggedFruit_freshMatter_2023.csv
2023-08-11,19,5.28,2023,tagged_fresh_matter_g,data_taggedFruit_freshMatter_2023.csv
2023-08-13,19,,2023,tagged_fresh_matter_g,data_taggedFruit_freshMatter_2023.csv
2023-08-17,19,,2023,tagged_fresh_matter_g,data_taggedFruit_freshMatter_2023.csv
2023-08-21,19,,2023,tagged_fresh_matter_g,data_taggedFruit_freshMatter_2023.csv
2023-08-24,19,,2023,tagged_fresh_matter_g,data_taggedFruit_freshMatter_2023.csv
2023-08-27,19,,2023,tagged_fresh_matter_g,data_taggedFruit_freshMatter_2023.csv
2023-08-31,19,,2023,tagged_fresh_matter_g,data_taggedFruit_freshMatter_2023.csv
2023-09-05,19,,2023,tagged_fresh_matter_g,data_taggedFruit_freshMatter_2023.csv
2023-09-09,19,,2023,tagged_fresh_matter_g,data_taggedFruit_freshMatter_2023.csv
2023-09-13,19,,2023,tagged_fresh_matter_g,data_taggedFruit_freshMatter_2023.csv
2023-09-17,19,,2023,tagged_fresh_matter_g,data_taggedFruit_freshMatter_2023.csv
2023-09-21,19,,2023,tagged_fresh_matter_g,data_taggedFruit_freshMatter_2023.csv
2023-09-24,19,,2023,tagged_fresh_matter_g,data_taggedFruit_freshMatter_2023.csv
2023-09-28,19,8.17,2023,tagged_fresh_matter_g,data_taggedFruit_freshMatter_2023.csv
2023-07-26,20,,2023,tagged_fresh_matter_g,data_taggedFruit_freshMatter_2023.csv
2023-07-29,20,,2023,tagged_fresh_matter_g,data_taggedFruit_freshMatter_2023.csv
2023-08-01,20,,2023,tagged_fresh_matter_g,data_taggedFruit_freshMatter_2023.csv
2023-08-04,20,,2023,tagged_fresh_matter_g,data_taggedFruit_freshMatter_2023.csv
2023-08-07,20,,2023,tagged_fresh_matter_g,data_taggedFruit_freshMatter_2023.csv
2023-08-11,20,,2023,tagged_fresh_matter_g,data_taggedFruit_freshMatter_2023.csv
2023-08-13,20,8.48,2023,tagged_fresh_matter_g,data_taggedFruit_freshMatter_2023.csv
2023-08-17,20,,2023,tagged_fresh_matter_g,data_taggedFruit_freshMatter_2023.csv
2023-08-21,20,,2023,tagged_fresh_matter_g,data_taggedFruit_freshMatter_2023.csv
2023-08-24,20,,2023,tagged_fresh_matter_g,data_taggedFruit_freshMatter_2023.csv
2023-08-27,20,,2023,tagged_fresh_matter_g,data_taggedFruit_freshMatter_2023.csv
2023-08-31,20,,2023,tagged_fresh_matter_g,data_taggedFruit_freshMatter_2023.csv
2023-09-05,20,,2023,tagged_fresh_matter_g,data_taggedFruit_freshMatter_2023.csv
2023-09-09,20,,2023,tagged_fresh_matter_g,data_taggedFruit_freshMatter_2023.csv
2023-09-13,20,,2023,tagged_fresh_matter_g,data_taggedFruit_freshMatter_2023.csv
2023-09-17,20,12.75,2023,tagged_fresh_matter_g,data_taggedFruit_freshMatter_2023.csv
2023-09-21,20,,2023,tagged_fresh_matter_g,data_taggedFruit_freshMatter_2023.csv
2023-09-24,20,,2023,tagged_fresh_matter_g,data_taggedFruit_freshMatter_2023.csv
2023-09-28,20,,2023,tagged_fresh_matter_g,data_taggedFruit_freshMatter_2023.csv
2022-08-16,0,14.88,2022,tagged_length_mm,data_taggedFruit_length_2022.csv
2022-08-19,0,16.51,2022,tagged_length_mm,data_taggedFruit_length_2022.csv
2022-08-23,0,17.88,2022,tagged_length_mm,data_taggedFruit_length_2022.csv
2022-08-30,0,,2022,tagged_length_mm,data_taggedFruit_length_2022.csv
2022-09-06,0,14.93,2022,tagged_length_mm,data_taggedFruit_length_2022.csv
2022-09-09,0,16.1,2022,tagged_length_mm,data_taggedFruit_length_2022.csv
2022-09-13,0,4.61,2022,tagged_length_mm,data_taggedFruit_length_2022.csv
2022-09-16,0,3.55,2022,tagged_length_mm,data_taggedFruit_length_2022.csv
2022-09-20,0,,2022,tagged_length_mm,data_taggedFruit_length_2022.csv
2022-09-23,0,9.17,2022,tagged_length_mm,data_taggedFruit_length_2022.csv
2022-09-27,0,9.13,2022,tagged_length_mm,data_taggedFruit_length_2022.csv
2022-09-30,0,10.83,2022,tagged_length_mm,data_taggedFruit_length_2022.csv
2022-10-04,0,15.85,2022,tagged_length_mm,data_taggedFruit_length_2022.csv
2022-10-07,0,19.34,2022,tagged_length_mm,data_taggedFruit_length_2022.csv
2022-10-11,0,21.66,2022,tagged_length_mm,data_taggedFruit_length_2022.csv
2022-10-14,0,6.84,2022,tagged_length_mm,data_taggedFruit_length_2022.csv
2022-10-18,0,16.43,2022,tagged_length_mm,data_taggedFruit_length_2022.csv
2022-10-21,0,15.69,2022,tagged_length_mm,data_taggedFruit_length_2022.csv
2022-11-01,0,17.52,2022,tagged_length_mm,data_taggedFruit_length_2022.csv
2022-08-16,1,13.83,2022,tagged_length_mm,data_taggedFruit_length_2022.csv
2022-08-19,1,16.16,2022,tagged_length_mm,data_taggedFruit_length_2022.csv
2022-08-23,1,17.59,2022,tagged_length_mm,data_taggedFruit_length_2022.csv
2022-08-30,1,18.55,2022,tagged_length_mm,data_taggedFruit_length_2022.csv
2022-09-06,1,4.01,2022,tagged_length_mm,data_taggedFruit_length_2022.csv
2022-09-09,1,4.35,2022,tagged_length_mm,data_taggedFruit_length_2022.csv
2022-09-13,1,3.37,2022,tagged_length_mm,data_taggedFruit_length_2022.csv
2022-09-16,1,3.49,2022,tagged_length_mm,data_taggedFruit_length_2022.csv
2022-09-20,1,,2022,tagged_length_mm,data_taggedFruit_length_2022.csv
2022-09-23,1,10.77,2022,tagged_length_mm,data_taggedFruit_length_2022.csv
2022-09-27,1,11.42,2022,tagged_length_mm,data_taggedFruit_length_2022.csv
2022-09-30,1,12.71,2022,tagged_length_mm,data_taggedFruit_length_2022.csv
2022-10-04,1,17.15,2022,tagged_length_mm,data_taggedFruit_length_2022.csv
2022-10-07,1,19.94,2022,tagged_length_mm,data_taggedFruit_length_2022.csv
2022-10-11,1,21.96,2022,tagged_length_mm,data_taggedFruit_length_2022.csv
2022-10-14,1,7.5,2022,tagged_length_mm,data_taggedFruit_length_2022.csv
2022-10-18,1,18.14,2022,tagged_length_mm,data_taggedFruit_length_2022.csv
2022-10-21,1,22.5,2022,tagged_length_mm,data_taggedFruit_length_2022.csv
2022-11-01,1,29.86,2022,tagged_length_mm,data_taggedFruit_length_2022.csv
2022-08-16,2,20.8,2022,tagged_length_mm,data_taggedFruit_length_2022.csv
2022-08-19,2,22.59,2022,tagged_length_mm,data_taggedFruit_length_2022.csv
2022-08-23,2,22.57,2022,tagged_length_mm,data_taggedFruit_length_2022.csv
2022-08-30,2,22.54,2022,tagged_length_mm,data_taggedFruit_length_2022.csv
2022-09-06,2,17.62,2022,tagged_length_mm,data_taggedFruit_length_2022.csv
2022-09-09,2,19.28,2022,tagged_length_mm,data_taggedFruit_length_2022.csv
2022-09-13,2,20.29,2022,tagged_length_mm,data_taggedFruit_length_2022.csv
2022-09-16,2,5.02,2022,tagged_length_mm,data_taggedFruit_length_2022.csv
2022-09-20,2,,2022,tagged_length_mm,data_taggedFruit_length_2022.csv
2022-09-23,2,7.98,2022,tagged_length_mm,data_taggedFruit_length_2022.csv
2022-09-27,2,7.62,2022,tagged_length_mm,data_taggedFruit_length_2022.csv
2022-09-30,2,9.17,2022,tagged_length_mm,data_taggedFruit_length_2022.csv
2022-10-04,2,15.0,2022,tagged_length_mm,data_taggedFruit_length_2022.csv
2022-10-07,2,13.74,2022,tagged_length_mm,data_taggedFruit_length_2022.csv
2022-10-11,2,17.37,2022,tagged_length_mm,data_taggedFruit_length_2022.csv
2022-10-14,2,10.51,2022,tagged_length_mm,data_taggedFruit_length_2022.csv
2022-10-18,2,11.17,2022,tagged_length_mm,data_taggedFruit_length_2022.csv
2022-10-21,2,12.19,2022,tagged_length_mm,data_taggedFruit_length_2022.csv
2022-11-01,2,19.36,2022,tagged_length_mm,data_taggedFruit_length_2022.csv
2022-08-16,3,20.4,2022,tagged_length_mm,data_taggedFruit_length_2022.csv
2022-08-19,3,25.27,2022,tagged_length_mm,data_taggedFruit_length_2022.csv
2022-08-23,3,26.77,2022,tagged_length_mm,data_taggedFruit_length_2022.csv
2022-08-30,3,26.61,2022,tagged_length_mm,data_taggedFruit_length_2022.csv
2022-09-06,3,11.79,2022,tagged_length_mm,data_taggedFruit_length_2022.csv
2022-09-09,3,12.92,2022,tagged_length_mm,data_taggedFruit_length_2022.csv
2022-09-13,3,12.99,2022,tagged_length_mm,data_taggedFruit_length_2022.csv
2022-09-16,3,14.61,2022,tagged_length_mm,data_taggedFruit_length_2022.csv
2022-09-20,3,20.5,2022,tagged_length_mm,data_taggedFruit_length_2022.csv
2022-09-23,3,24.47,2022,tagged_length_mm,data_taggedFruit_length_2022.csv
2022-09-27,3,22.95,2022,tagged_length_mm,data_taggedFruit_length_2022.csv
2022-09-30,3,23.18,2022,tagged_length_mm,data_taggedFruit_length_2022.csv
2022-10-04,3,7.89,2022,tagged_length_mm,data_taggedFruit_length_2022.csv
2022-10-07,3,8.38,2022,tagged_length_mm,data_taggedFruit_length_2022.csv
2022-10-11,3,10.3,2022,tagged_length_mm,data_taggedFruit_length_2022.csv
2022-10-14,3,6.25,2022,tagged_length_mm,data_taggedFruit_length_2022.csv
2022-10-18,3,14.86,2022,tagged_length_mm,data_taggedFruit_length_2022.csv
2022-10-21,3,14.85,2022,tagged_length_mm,data_taggedFruit_length_2022.csv
2022-11-01,3,14.42,2022,tagged_length_mm,data_taggedFruit_length_2022.csv
2022-08-16,4,10.93,2022,tagged_length_mm,data_taggedFruit_length_2022.csv
2022-08-19,4,13.23,2022,tagged_length_mm,data_taggedFruit_length_2022.csv
2022-08-23,4,17.76,2022,tagged_length_mm,data_taggedFruit_length_2022.csv
2022-08-30,4,21.45,2022,tagged_length_mm,data_taggedFruit_length_2022.csv
2022-09-06,4,22.01,2022,tagged_length_mm,data_taggedFruit_length_2022.csv
2022-09-09,4,8.98,2022,tagged_length_mm,data_taggedFruit_length_2022.csv
2022-09-13,4,11.19,2022,tagged_length_mm,data_taggedFruit_length_2022.csv
2022-09-16,4,12.62,2022,tagged_length_mm,data_taggedFruit_length_2022.csv
2022-09-20,4,14.73,2022,tagged_length_mm,data_taggedFruit_length_2022.csv
2022-09-23,4,15.96,2022,tagged_length_mm,data_taggedFruit_length_2022.csv
2022-09-27,4,3.98,2022,tagged_length_mm,data_taggedFruit_length_2022.csv
2022-09-30,4,,2022,tagged_length_mm,data_taggedFruit_length_2022.csv
2022-10-04,4,16.01,2022,tagged_length_mm,data_taggedFruit_length_2022.csv
2022-10-07,4,18.92,2022,tagged_length_mm,data_taggedFruit_length_2022.csv
2022-10-11,4,19.12,2022,tagged_length_mm,data_taggedFruit_length_2022.csv
2022-10-14,4,7.07,2022,tagged_length_mm,data_taggedFruit_length_2022.csv
2022-10-18,4,9.02,2022,tagged_length_mm,data_taggedFruit_length_2022.csv
2022-10-21,4,9.69,2022,tagged_length_mm,data_taggedFruit_length_2022.csv
2022-11-01,4,18.06,2022,tagged_length_mm,data_taggedFruit_length_2022.csv
2022-08-16,5,18.97,2022,tagged_length_mm,data_taggedFruit_length_2022.csv
2022-08-19,5,16.89,2022,tagged_length_mm,data_taggedFruit_length_2022.csv
2022-08-23,5,15.18,2022,tagged_length_mm,data_taggedFruit_length_2022.csv
2022-08-30,5,,2022,tagged_length_mm,data_taggedFruit_length_2022.csv
2022-09-06,5,25.57,2022,tagged_length_mm,data_taggedFruit_length_2022.csv
2022-09-09,5,32.9,2022,tagged_length_mm,data_taggedFruit_length_2022.csv
2022-09-13,5,35.69,2022,tagged_length_mm,data_taggedFruit_length_2022.csv
2022-09-16,5,13.82,2022,tagged_length_mm,data_taggedFruit_length_2022.csv
2022-09-20,5,23.41,2022,tagged_length_mm,data_taggedFruit_length_2022.csv
2022-09-23,5,23.5,2022,tagged_length_mm,data_taggedFruit_length_2022.csv
2022-09-27,5,21.16,2022,tagged_length_mm,data_taggedFruit_length_2022.csv
2022-09-30,5,17.83,2022,tagged_length_mm,data_taggedFruit_length_2022.csv
2022-10-04,5,26.3,2022,tagged_length_mm,data_taggedFruit_length_2022.csv
2022-10-07,5,30.91,2022,tagged_length_mm,data_taggedFruit_length_2022.csv
2022-10-11,5,30.21,2022,tagged_length_mm,data_taggedFruit_length_2022.csv
2022-10-14,5,17.55,2022,tagged_length_mm,data_taggedFruit_length_2022.csv
2022-10-18,5,23.3,2022,tagged_length_mm,data_taggedFruit_length_2022.csv
2022-10-21,5,25.43,2022,tagged_length_mm,data_taggedFruit_length_2022.csv
2022-11-01,5,6.08,2022,tagged_length_mm,data_taggedFruit_length_2022.csv
2022-08-16,6,19.29,2022,tagged_length_mm,data_taggedFruit_length_2022.csv
2022-08-19,6,18.8,2022,tagged_length_mm,data_taggedFruit_length_2022.csv
2022-08-23,6,23.78,2022,tagged_length_mm,data_taggedFruit_length_2022.csv
2022-08-30,6,24.35,2022,tagged_length_mm,data_taggedFruit_length_2022.csv
2022-09-06,6,19.94,2022,tagged_length_mm,data_taggedFruit_length_2022.csv
2022-09-09,6,,2022,tagged_length_mm,data_taggedFruit_length_2022.csv
2022-09-13,6,8.3,2022,tagged_length_mm,data_taggedFruit_length_2022.csv
2022-09-16,6,8.86,2022,tagged_length_mm,data_taggedFruit_length_2022.csv
2022-09-20,6,12.97,2022,tagged_length_mm,data_taggedFruit_length_2022.csv
2022-09-23,6,15.97,2022,tagged_length_mm,data_taggedFruit_length_2022.csv
2022-09-27,6,18.27,2022,tagged_length_mm,data_taggedFruit_length_2022.csv
2022-09-30,6,15.76,2022,tagged_length_mm,data_taggedFruit_length_2022.csv
2022-10-04,6,23.85,2022,tagged_length_mm,data_taggedFruit_length_2022.csv
2022-10-07,6,28.8,2022,tagged_length_mm,data_taggedFruit_length_2022.csv
2022-10-11,6,31.65,2022,tagged_length_mm,data_taggedFruit_length_2022.csv
2022-10-14,6,13.59,2022,tagged_length_mm,data_taggedFruit_length_2022.csv
2022-10-18,6,19.39,2022,tagged_length_mm,data_taggedFruit_length_2022.csv
2022-10-21,6,21.99,2022,tagged_length_mm,data_taggedFruit_length_2022.csv
2022-11-01,6,23.69,2022,tagged_length_mm,data_taggedFruit_length_2022.csv
2022-08-16,7,29.14,2022,tagged_length_mm,data_taggedFruit_length_2022.csv
2022-08-19,7,28.41,2022,tagged_length_mm,data_taggedFruit_length_2022.csv
2022-08-23,7,11.12,2022,tagged_length_mm,data_taggedFruit_length_2022.csv
2022-08-30,7,17.74,2022,tagged_length_mm,data_taggedFruit_length_2022.csv
2022-09-06,7,30.67,2022,tagged_length_mm,data_taggedFruit_length_2022.csv
2022-09-09,7,33.64,2022,tagged_length_mm,data_taggedFruit_length_2022.csv
2022-09-13,7,33.22,2022,tagged_length_mm,data_taggedFruit_length_2022.csv
2022-09-16,7,14.12,2022,tagged_length_mm,data_taggedFruit_length_2022.csv
2022-09-20,7,19.81,2022,tagged_length_mm,data_taggedFruit_length_2022.csv
2022-09-23,7,26.0,2022,tagged_length_mm,data_taggedFruit_length_2022.csv
2022-09-27,7,30.64,2022,tagged_length_mm,data_taggedFruit_length_2022.csv
2022-09-30,7,31.74,2022,tagged_length_mm,data_taggedFruit_length_2022.csv
2022-10-04,7,32.98,2022,tagged_length_mm,data_taggedFruit_length_2022.csv
2022-10-07,7,12.29,2022,tagged_length_mm,data_taggedFruit_length_2022.csv
2022-10-11,7,15.81,2022,tagged_length_mm,data_taggedFruit_length_2022.csv
2022-10-14,7,18.71,2022,tagged_length_mm,data_taggedFruit_length_2022.csv
2022-10-18,7,27.86,2022,tagged_length_mm,data_taggedFruit_length_2022.csv
2022-10-21,7,28.96,2022,tagged_length_mm,data_taggedFruit_length_2022.csv
2022-11-01,7,27.57,2022,tagged_length_mm,data_taggedFruit_length_2022.csv
2022-08-16,8,31.64,2022,tagged_length_mm,data_taggedFruit_length_2022.csv
2022-08-19,8,13.68,2022,tagged_length_mm,data_taggedFruit_length_2022.csv
2022-08-23,8,17.9,2022,tagged_length_mm,data_taggedFruit_length_2022.csv
2022-08-30,8,24.27,2022,tagged_length_mm,data_taggedFruit_length_2022.csv
2022-09-06,8,14.5,2022,tagged_length_mm,data_taggedFruit_length_2022.csv
2022-09-09,8,26.84,2022,tagged_length_mm,data_taggedFruit_length_2022.csv
2022-09-13,8,29.9,2022,tagged_length_mm,data_taggedFruit_length_2022.csv
2022-09-16,8,14.77,2022,tagged_length_mm,data_taggedFruit_length_2022.csv
2022-09-20,8,19.42,2022,tagged_length_mm,data_taggedFruit_length_2022.csv
2022-09-23,8,23.7,2022,tagged_length_mm,data_taggedFruit_length_2022.csv
2022-09-27,8,27.32,2022,tagged_length_mm,data_taggedFruit_length_2022.csv
2022-09-30,8,7.06,2022,tagged_length_mm,data_taggedFruit_length_2022.csv
2022-10-04,8,13.16,2022,tagged_length_mm,data_taggedFruit_length_2022.csv
2022-10-07,8,15.16,2022,tagged_length_mm,data_taggedFruit_length_2022.csv
2022-10-11,8,19.44,2022,tagged_length_mm,data_taggedFruit_length_2022.csv
2022-10-14,8,23.84,2022,tagged_length_mm,data_taggedFruit_length_2022.csv
2022-10-18,8,,2022,tagged_length_mm,data_taggedFruit_length_2022.csv
2022-10-21,8,30.8,2022,tagged_length_mm,data_taggedFruit_length_2022.csv
2022-11-01,8,,2022,tagged_length_mm,data_taggedFruit_length_2022.csv
2022-08-16,9,16.57,2022,tagged_length_mm,data_taggedFruit_length_2022.csv
2022-08-19,9,22.74,2022,tagged_length_mm,data_taggedFruit_length_2022.csv
2022-08-23,9,22.85,2022,tagged_length_mm,data_taggedFruit_length_2022.csv
2022-08-30,9,26.75,2022,tagged_length_mm,data_taggedFruit_length_2022.csv
2022-09-06,9,12.98,2022,tagged_length_mm,data_taggedFruit_length_2022.csv
2022-09-09,9,15.07,2022,tagged_length_mm,data_taggedFruit_length_2022.csv
2022-09-13,9,19.38,2022,tagged_length_mm,data_taggedFruit_length_2022.csv
2022-09-16,9,23.99,2022,tagged_length_mm,data_taggedFruit_length_2022.csv
2022-09-20,9,26.45,2022,tagged_length_mm,data_taggedFruit_length_2022.csv
2022-09-23,9,11.26,2022,tagged_length_mm,data_taggedFruit_length_2022.csv
2022-09-27,9,12.79,2022,tagged_length_mm,data_taggedFruit_length_2022.csv
2022-09-30,9,15.31,2022,tagged_length_mm,data_taggedFruit_length_2022.csv
2022-10-04,9,21.98,2022,tagged_length_mm,data_taggedFruit_length_2022.csv
2022-10-07,9,22.62,2022,tagged_length_mm,data_taggedFruit_length_2022.csv
2022-10-11,9,24.02,2022,tagged_length_mm,data_taggedFruit_length_2022.csv
2022-10-14,9,11.58,2022,tagged_length_mm,data_taggedFruit_length_2022.csv
2022-10-18,9,13.33,2022,tagged_length_mm,data_taggedFruit_length_2022.csv
2022-10-21,9,15.56,2022,tagged_length_mm,data_taggedFruit_length_2022.csv
2022-11-01,9,16.66,2022,tagged_length_mm,data_taggedFruit_length_2022.csv
2022-08-16,10,17.67,2022,tagged_length_mm,data_taggedFruit_length_2022.csv
2022-08-19,10,19.81,2022,tagged_length_mm,data_taggedFruit_length_2022.csv
2022-08-23,10,22.79,2022,tagged_length_mm,data_taggedFruit_length_2022.csv
2022-08-30,10,23.22,2022,tagged_length_mm,data_taggedFruit_length_2022.csv
2022-09-06,10,18.58,2022,tagged_length_mm,data_taggedFruit_length_2022.csv
2022-09-09,10,,2022,tagged_length_mm,data_taggedFruit_length_2022.csv
2022-09-13,10,19.87,2022,tagged_length_mm,data_taggedFruit_length_2022.csv
2022-09-16,10,25.39,2022,tagged_length_mm,data_taggedFruit_length_2022.csv
2022-09-20,10,31.12,2022,tagged_length_mm,data_taggedFruit_length_2022.csv
2022-09-23,10,26.0,2022,tagged_length_mm,data_taggedFruit_length_2022.csv
2022-09-27,10,,2022,tagged_length_mm,data_taggedFruit_length_2022.csv
2022-09-30,10,11.75,2022,tagged_length_mm,data_taggedFruit_length_2022.csv
2022-10-04,10,20.08,2022,tagged_length_mm,data_taggedFruit_length_2022.csv
2022-10-07,10,24.19,2022,tagged_length_mm,data_taggedFruit_length_2022.csv
2022-10-11,10,23.98,2022,tagged_length_mm,data_taggedFruit_length_2022.csv
2022-10-14,10,13.41,2022,tagged_length_mm,data_taggedFruit_length_2022.csv
2022-10-18,10,23.33,2022,tagged_length_mm,data_taggedFruit_length_2022.csv
2022-10-21,10,25.13,2022,tagged_length_mm,data_taggedFruit_length_2022.csv
2022-11-01,10,22.45,2022,tagged_length_mm,data_taggedFruit_length_2022.csv
2022-08-16,11,22.92,2022,tagged_length_mm,data_taggedFruit_length_2022.csv
2022-08-19,11,29.28,2022,tagged_length_mm,data_taggedFruit_length_2022.csv
2022-08-23,11,30.71,2022,tagged_length_mm,data_taggedFruit_length_2022.csv
2022-08-30,11,25.2,2022,tagged_length_mm,data_taggedFruit_length_2022.csv
2022-09-06,11,24.97,2022,tagged_length_mm,data_taggedFruit_length_2022.csv
2022-09-09,11,,2022,tagged_length_mm,data_taggedFruit_length_2022.csv
2022-09-13,11,13.73,2022,tagged_length_mm,data_taggedFruit_length_2022.csv
2022-09-16,11,17.51,2022,tagged_length_mm,data_taggedFruit_length_2022.csv
2022-09-20,11,25.55,2022,tagged_length_mm,data_taggedFruit_length_2022.csv
2022-09-23,11,28.14,2022,tagged_length_mm,data_taggedFruit_length_2022.csv
2022-09-27,11,30.99,2022,tagged_length_mm,data_taggedFruit_length_2022.csv
2022-09-30,11,8.41,2022,tagged_length_mm,data_taggedFruit_length_2022.csv
2022-10-04,11,12.6,2022,tagged_length_mm,data_taggedFruit_length_2022.csv
2022-10-07,11,13.94,2022,tagged_length_mm,data_taggedFruit_length_2022.csv
2022-10-11,11,22.46,2022,tagged_length_mm,data_taggedFruit_length_2022.csv
2022-10-14,11,19.7,2022,tagged_length_mm,data_taggedFruit_length_2022.csv
2022-10-18,11,22.25,2022,tagged_length_mm,data_taggedFruit_length_2022.csv
2022-10-21,11,18.78,2022,tagged_length_mm,data_taggedFruit_length_2022.csv
2022-11-01,11,,2022,tagged_length_mm,data_taggedFruit_length_2022.csv
2022-08-16,12,23.6,2022,tagged_length_mm,data_taggedFruit_length_2022.csv
2022-08-19,12,24.09,2022,tagged_length_mm,data_taggedFruit_length_2022.csv
2022-08-23,12,23.53,2022,tagged_length_mm,data_taggedFruit_length_2022.csv
2022-08-30,12,,2022,tagged_length_mm,data_taggedFruit_length_2022.csv
2022-09-06,12,25.4,2022,tagged_length_mm,data_taggedFruit_length_2022.csv
2022-09-09,12,31.21,2022,tagged_length_mm,data_taggedFruit_length_2022.csv
2022-09-13,12,36.04,2022,tagged_length_mm,data_taggedFruit_length_2022.csv
2022-09-16,12,14.48,2022,tagged_length_mm,data_taggedFruit_length_2022.csv
2022-09-20,12,17.74,2022,tagged_length_mm,data_taggedFruit_length_2022.csv
2022-09-23,12,18.29,2022,tagged_length_mm,data_taggedFruit_length_2022.csv
2022-09-27,12,27.24,2022,tagged_length_mm,data_taggedFruit_length_2022.csv
2022-09-30,12,26.52,2022,tagged_length_mm,data_taggedFruit_length_2022.csv
2022-10-04,12,,2022,tagged_length_mm,data_taggedFruit_length_2022.csv
2022-10-07,12,11.86,2022,tagged_length_mm,data_taggedFruit_length_2022.csv
2022-10-11,12,15.5,2022,tagged_length_mm,data_taggedFruit_length_2022.csv
2022-10-14,12,13.53,2022,tagged_length_mm,data_taggedFruit_length_2022.csv
2022-10-18,12,22.73,2022,tagged_length_mm,data_taggedFruit_length_2022.csv
2022-10-21,12,22.37,2022,tagged_length_mm,data_taggedFruit_length_2022.csv
2022-11-01,12,19.05,2022,tagged_length_mm,data_taggedFruit_length_2022.csv
2022-08-16,13,16.78,2022,tagged_length_mm,data_taggedFruit_length_2022.csv
2022-08-19,13,21.07,2022,tagged_length_mm,data_taggedFruit_length_2022.csv
2022-08-23,13,26.74,2022,tagged_length_mm,data_taggedFruit_length_2022.csv
2022-08-30,13,33.74,2022,tagged_length_mm,data_taggedFruit_length_2022.csv
2022-09-06,13,14.03,2022,tagged_length_mm,data_taggedFruit_length_2022.csv
2022-09-09,13,18.27,2022,tagged_length_mm,data_taggedFruit_length_2022.csv
2022-09-13,13,23.91,2022,tagged_length_mm,data_taggedFruit_length_2022.csv
2022-09-16,13,28.17,2022,tagged_length_mm,data_taggedFruit_length_2022.csv
2022-09-20,13,30.62,2022,tagged_length_mm,data_taggedFruit_length_2022.csv
2022-09-23,13,13.82,2022,tagged_length_mm,data_taggedFruit_length_2022.csv
2022-09-27,13,15.96,2022,tagged_length_mm,data_taggedFruit_length_2022.csv
2022-09-30,13,16.46,2022,tagged_length_mm,data_taggedFruit_length_2022.csv
2022-10-04,13,19.88,2022,tagged_length_mm,data_taggedFruit_length_2022.csv
2022-10-07,13,9.45,2022,tagged_length_mm,data_taggedFruit_length_2022.csv
2022-10-11,13,10.81,2022,tagged_length_mm,data_taggedFruit_length_2022.csv
2022-10-14,13,9.15,2022,tagged_length_mm,data_taggedFruit_length_2022.csv
2022-10-18,13,,2022,tagged_length_mm,data_taggedFruit_length_2022.csv
2022-10-21,13,18.89,2022,tagged_length_mm,data_taggedFruit_length_2022.csv
2022-11-01,13,18.24,2022,tagged_length_mm,data_taggedFruit_length_2022.csv
2022-08-16,14,21.72,2022,tagged_length_mm,data_taggedFruit_length_2022.csv
2022-08-19,14,24.23,2022,tagged_length_mm,data_taggedFruit_length_2022.csv
2022-08-23,14,21.46,2022,tagged_length_mm,data_taggedFruit_length_2022.csv
2022-08-30,14,16.48,2022,tagged_length_mm,data_taggedFruit_length_2022.csv
2022-09-06,14,14.68,2022,tagged_length_mm,data_taggedFruit_length_2022.csv
2022-09-09,14,,2022,tagged_length_mm,data_taggedFruit_length_2022.csv
2022-09-13,14,19.13,2022,tagged_length_mm,data_taggedFruit_length_2022.csv
2022-09-16,14,22.2,2022,tagged_length_mm,data_taggedFruit_length_2022.csv
2022-09-20,14,21.6,2022,tagged_length_mm,data_taggedFruit_length_2022.csv
2022-09-23,14,13.87,2022,tagged_length_mm,data_taggedFruit_length_2022.csv
2022-09-27,14,18.13,2022,tagged_length_mm,data_taggedFruit_length_2022.csv
2022-09-30,14,12.81,2022,tagged_length_mm,data_taggedFruit_length_2022.csv
2022-10-04,14,17.48,2022,tagged_length_mm,data_taggedFruit_length_2022.csv
2022-10-07,14,22.48,2022,tagged_length_mm,data_taggedFruit_length_2022.csv
2022-10-11,14,30.19,2022,tagged_length_mm,data_taggedFruit_length_2022.csv
2022-10-14,14,26.4,2022,tagged_length_mm,data_taggedFruit_length_2022.csv
2022-10-18,14,9.9,2022,tagged_length_mm,data_taggedFruit_length_2022.csv
2022-10-21,14,8.37,2022,tagged_length_mm,data_taggedFruit_length_2022.csv
2022-11-01,14,,2022,tagged_length_mm,data_taggedFruit_length_2022.csv
2022-08-16,15,17.0,2022,tagged_length_mm,data_taggedFruit_length_2022.csv
2022-08-19,15,18.02,2022,tagged_length_mm,data_taggedFruit_length_2022.csv
2022-08-23,15,15.69,2022,tagged_length_mm,data_taggedFruit_length_2022.csv
2022-08-30,15,,2022,tagged_length_mm,data_taggedFruit_length_2022.csv
2022-09-06,15,8.13,2022,tagged_length_mm,data_taggedFruit_length_2022.csv
2022-09-09,15,8.59,2022,tagged_length_mm,data_taggedFruit_length_2022.csv
2022-09-13,15,8.44,2022,tagged_length_mm,data_taggedFruit_length_2022.csv
2022-09-16,15,8.15,2022,tagged_length_mm,data_taggedFruit_length_2022.csv
2022-09-20,15,7.76,2022,tagged_length_mm,data_taggedFruit_length_2022.csv
2022-09-23,15,,2022,tagged_length_mm,data_taggedFruit_length_2022.csv
2022-09-27,15,13.53,2022,tagged_length_mm,data_taggedFruit_length_2022.csv
2022-09-30,15,13.68,2022,tagged_length_mm,data_taggedFruit_length_2022.csv
2022-10-04,15,14.89,2022,tagged_length_mm,data_taggedFruit_length_2022.csv
2022-10-07,15,12.6,2022,tagged_length_mm,data_taggedFruit_length_2022.csv
2022-10-11,15,15.97,2022,tagged_length_mm,data_taggedFruit_length_2022.csv
2022-10-14,15,11.95,2022,tagged_length_mm,data_taggedFruit_length_2022.csv
2022-10-18,15,15.86,2022,tagged_length_mm,data_taggedFruit_length_2022.csv
2022-10-21,15,13.02,2022,tagged_length_mm,data_taggedFruit_length_2022.csv
2022-11-01,15,,2022,tagged_length_mm,data_taggedFruit_length_2022.csv
2022-08-16,16,25.27,2022,tagged_length_mm,data_taggedFruit_length_2022.csv
2022-08-19,16,8.18,2022,tagged_length_mm,data_taggedFruit_length_2022.csv
2022-08-23,16,8.73,2022,tagged_length_mm,data_taggedFruit_length_2022.csv
2022-08-30,16,11.25,2022,tagged_length_mm,data_taggedFruit_length_2022.csv
2022-09-06,16,15.88,2022,tagged_length_mm,data_taggedFruit_length_2022.csv
2022-09-09,16,14.74,2022,tagged_length_mm,data_taggedFruit_length_2022.csv
2022-09-13,16,,2022,tagged_length_mm,data_taggedFruit_length_2022.csv
2022-09-16,16,12.46,2022,tagged_length_mm,data_taggedFruit_length_2022.csv
2022-09-20,16,15.48,2022,tagged_length_mm,data_taggedFruit_length_2022.csv
2022-09-23,16,16.0,2022,tagged_length_mm,data_taggedFruit_length_2022.csv
2022-09-27,16,24.94,2022,tagged_length_mm,data_taggedFruit_length_2022.csv
2022-09-30,16,24.97,2022,tagged_length_mm,data_taggedFruit_length_2022.csv
2022-10-04,16,25.29,2022,tagged_length_mm,data_taggedFruit_length_2022.csv
2022-10-07,16,13.54,2022,tagged_length_mm,data_taggedFruit_length_2022.csv
2022-10-11,16,19.76,2022,tagged_length_mm,data_taggedFruit_length_2022.csv
2022-10-14,16,19.12,2022,tagged_length_mm,data_taggedFruit_length_2022.csv
2022-10-18,16,19.3,2022,tagged_length_mm,data_taggedFruit_length_2022.csv
2022-10-21,16,19.08,2022,tagged_length_mm,data_taggedFruit_length_2022.csv
2022-11-01,16,18.26,2022,tagged_length_mm,data_taggedFruit_length_2022.csv
2022-08-16,17,13.82,2022,tagged_length_mm,data_taggedFruit_length_2022.csv
2022-08-19,17,16.43,2022,tagged_length_mm,data_taggedFruit_length_2022.csv
2022-08-23,17,22.2,2022,tagged_length_mm,data_taggedFruit_length_2022.csv
2022-08-30,17,25.27,2022,tagged_length_mm,data_taggedFruit_length_2022.csv
2022-09-06,17,13.46,2022,tagged_length_mm,data_taggedFruit_length_2022.csv
2022-09-09,17,17.78,2022,tagged_length_mm,data_taggedFruit_length_2022.csv
2022-09-13,17,23.7,2022,tagged_length_mm,data_taggedFruit_length_2022.csv
2022-09-16,17,24.18,2022,tagged_length_mm,data_taggedFruit_length_2022.csv
2022-09-20,17,14.12,2022,tagged_length_mm,data_taggedFruit_length_2022.csv
2022-09-23,17,12.5,2022,tagged_length_mm,data_taggedFruit_length_2022.csv
2022-09-27,17,18.77,2022,tagged_length_mm,data_taggedFruit_length_2022.csv
2022-09-30,17,21.17,2022,tagged_length_mm,data_taggedFruit_length_2022.csv
2022-10-04,17,25.99,2022,tagged_length_mm,data_taggedFruit_length_2022.csv
2022-10-07,17,13.19,2022,tagged_length_mm,data_taggedFruit_length_2022.csv
2022-10-11,17,17.36,2022,tagged_length_mm,data_taggedFruit_length_2022.csv
2022-10-14,17,19.17,2022,tagged_length_mm,data_taggedFruit_length_2022.csv
2022-10-18,17,27.69,2022,tagged_length_mm,data_taggedFruit_length_2022.csv
2022-10-21,17,27.37,2022,tagged_length_mm,data_taggedFruit_length_2022.csv
2022-11-01,17,23.74,2022,tagged_length_mm,data_taggedFruit_length_2022.csv
2022-08-16,18,20.19,2022,tagged_length_mm,data_taggedFruit_length_2022.csv
2022-08-19,18,22.22,2022,tagged_length_mm,data_taggedFruit_length_2022.csv
2022-08-23,18,11.96,2022,tagged_length_mm,data_taggedFruit_length_2022.csv
2022-08-30,18,16.98,2022,tagged_length_mm,data_taggedFruit_length_2022.csv
2022-09-06,18,26.5,2022,tagged_length_mm,data_taggedFruit_length_2022.csv
2022-09-09,18,28.3,2022,tagged_length_mm,data_taggedFruit_length_2022.csv
2022-09-13,18,14.95,2022,tagged_length_mm,data_taggedFruit_length_2022.csv
2022-09-16,18,18.87,2022,tagged_length_mm,data_taggedFruit_length_2022.csv
2022-09-20,18,20.36,2022,tagged_length_mm,data_taggedFruit_length_2022.csv
2022-09-23,18,18.97,2022,tagged_length_mm,data_taggedFruit_length_2022.csv
2022-09-27,18,,2022,tagged_length_mm,data_taggedFruit_length_2022.csv
2022-09-30,18,15.01,2022,tagged_length_mm,data_taggedFruit_length_2022.csv
2022-10-04,18,22.72,2022,tagged_length_mm,data_taggedFruit_length_2022.csv
2022-10-07,18,28.16,2022,tagged_length_mm,data_taggedFruit_length_2022.csv
2022-10-11,18,30.76,2022,tagged_length_mm,data_taggedFruit_length_2022.csv
2022-10-14,18,11.32,2022,tagged_length_mm,data_taggedFruit_length_2022.csv
2022-10-18,18,15.13,2022,tagged_length_mm,data_taggedFruit_length_2022.csv
2022-10-21,18,12.66,2022,tagged_length_mm,data_taggedFruit_length_2022.csv
2022-11-01,18,,2022,tagged_length_mm,data_taggedFruit_length_2022.csv
2022-08-16,19,17.13,2022,tagged_length_mm,data_taggedFruit_length_2022.csv
2022-08-19,19,23.26,2022,tagged_length_mm,data_taggedFruit_length_2022.csv
2022-08-23,19,26.75,2022,tagged_length_mm,data_taggedFruit_length_2022.csv
2022-08-30,19,24.54,2022,tagged_length_mm,data_taggedFruit_length_2022.csv
2022-09-06,19,17.84,2022,tagged_length_mm,data_taggedFruit_length_2022.csv
2022-09-09,19,,2022,tagged_length_mm,data_taggedFruit_length_2022.csv
2022-09-13,19,24.23,2022,tagged_length_mm,data_taggedFruit_length_2022.csv
2022-09-16,19,10.88,2022,tagged_length_mm,data_taggedFruit_length_2022.csv
2022-09-20,19,14.09,2022,tagged_length_mm,data_taggedFruit_length_2022.csv
2022-09-23,19,13.0,2022,tagged_length_mm,data_taggedFruit_length_2022.csv
2022-09-27,19,20.33,2022,tagged_length_mm,data_taggedFruit_length_2022.csv
2022-09-30,19,23.29,2022,tagged_length_mm,data_taggedFruit_length_2022.csv
2022-10-04,19,29.15,2022,tagged_length_mm,data_taggedFruit_length_2022.csv
2022-10-07,19,12.92,2022,tagged_length_mm,data_taggedFruit_length_2022.csv
2022-10-11,19,15.72,2022,tagged_length_mm,data_taggedFruit_length_2022.csv
2022-10-14,19,,2022,tagged_length_mm,data_taggedFruit_length_2022.csv
2022-10-18,19,23.19,2022,tagged_length_mm,data_taggedFruit_length_2022.csv
2022-10-21,19,26.06,2022,tagged_length_mm,data_taggedFruit_length_2022.csv
2022-11-01,19,22.56,2022,tagged_length_mm,data_taggedFruit_length_2022.csv
2023-07-26,0,7.62,2023,tagged_length_mm,data_taggedFruit_length_2023.csv
2023-07-29,0,10.93,2023,tagged_length_mm,data_taggedFruit_length_2023.csv
2023-08-01,0,11.93,2023,tagged_length_mm,data_taggedFruit_length_2023.csv
2023-08-04,0,13.68,2023,tagged_length_mm,data_taggedFruit_length_2023.csv
2023-08-07,0,16.42,2023,tagged_length_mm,data_taggedFruit_length_2023.csv
2023-08-11,0,23.62,2023,tagged_length_mm,data_taggedFruit_length_2023.csv
2023-08-13,0,24.95,2023,tagged_length_mm,data_taggedFruit_length_2023.csv
2023-08-17,0,7.51,2023,tagged_length_mm,data_taggedFruit_length_2023.csv
2023-08-21,0,11.3,2023,tagged_length_mm,data_taggedFruit_length_2023.csv
2023-08-24,0,13.41,2023,tagged_length_mm,data_taggedFruit_length_2023.csv
2023-08-27,0,14.18,2023,tagged_length_mm,data_taggedFruit_length_2023.csv
2023-08-31,0,17.92,2023,tagged_length_mm,data_taggedFruit_length_2023.csv
2023-09-05,0,25.78,2023,tagged_length_mm,data_taggedFruit_length_2023.csv
2023-09-09,0,28.53,2023,tagged_length_mm,data_taggedFruit_length_2023.csv
2023-09-13,0,,2023,tagged_length_mm,data_taggedFruit_length_2023.csv
2023-09-17,0,9.95,2023,tagged_length_mm,data_taggedFruit_length_2023.csv
2023-09-21,0,8.52,2023,tagged_length_mm,data_taggedFruit_length_2023.csv
2023-09-24,0,10.11,2023,tagged_length_mm,data_taggedFruit_length_2023.csv
2023-09-28,0,10.31,2023,tagged_length_mm,data_taggedFruit_length_2023.csv
2023-07-26,1,11.04,2023,tagged_length_mm,data_taggedFruit_length_2023.csv
2023-07-29,1,12.96,2023,tagged_length_mm,data_taggedFruit_length_2023.csv
2023-08-01,1,15.5,2023,tagged_length_mm,data_taggedFruit_length_2023.csv
2023-08-04,1,18.12,2023,tagged_length_mm,data_taggedFruit_length_2023.csv
2023-08-07,1,23.69,2023,tagged_length_mm,data_taggedFruit_length_2023.csv
2023-08-11,1,27.26,2023,tagged_length_mm,data_taggedFruit_length_2023.csv
2023-08-13,1,9.09,2023,tagged_length_mm,data_taggedFruit_length_2023.csv
2023-08-17,1,11.29,2023,tagged_length_mm,data_taggedFruit_length_2023.csv
2023-08-21,1,13.43,2023,tagged_length_mm,data_taggedFruit_length_2023.csv
2023-08-24,1,14.88,2023,tagged_length_mm,data_taggedFruit_length_2023.csv
2023-08-27,1,17.06,2023,tagged_length_mm,data_taggedFruit_length_2023.csv
2023-08-31,1,21.76,2023,tagged_length_mm,data_taggedFruit_length_2023.csv
2023-09-05,1,7.03,2023,tagged_length_mm,data_taggedFruit_length_2023.csv
2023-09-09,1,6.98,2023,tagged_length_mm,data_taggedFruit_length_2023.csv
2023-09-13,1,7.56,2023,tagged_length_mm,data_taggedFruit_length_2023.csv
2023-09-17,1,8.51,2023,tagged_length_mm,data_taggedFruit_length_2023.csv
2023-09-21,1,12.32,2023,tagged_length_mm,data_taggedFruit_length_2023.csv
2023-09-24,1,14.58,2023,tagged_length_mm,data_taggedFruit_length_2023.csv
2023-09-28,1,14.92,2023,tagged_length_mm,data_taggedFruit_length_2023.csv
2023-07-26,2,,2023,tagged_length_mm,data_taggedFruit_length_2023.csv
2023-07-29,2,11.28,2023,tagged_length_mm,data_taggedFruit_length_2023.csv
2023-08-01,2,13.42,2023,tagged_length_mm,data_taggedFruit_length_2023.csv
2023-08-04,2,18.98,2023,tagged_length_mm,data_taggedFruit_length_2023.csv
2023-08-07,2,20.34,2023,tagged_length_mm,data_taggedFruit_length_2023.csv
2023-08-11,2,24.76,2023,tagged_length_mm,data_taggedFruit_length_2023.csv
2023-08-13,2,28.55,2023,tagged_length_mm,data_taggedFruit_length_2023.csv
2023-08-17,2,31.23,2023,tagged_length_mm,data_taggedFruit_length_2023.csv
2023-08-21,2,,2023,tagged_length_mm,data_taggedFruit_length_2023.csv
2023-08-24,2,9.53,2023,tagged_length_mm,data_taggedFruit_length_2023.csv
2023-08-27,2,10.3,2023,tagged_length_mm,data_taggedFruit_length_2023.csv
2023-08-31,2,11.92,2023,tagged_length_mm,data_taggedFruit_length_2023.csv
2023-09-05,2,17.26,2023,tagged_length_mm,data_taggedFruit_length_2023.csv
2023-09-09,2,22.07,2023,tagged_length_mm,data_taggedFruit_length_2023.csv
2023-09-13,2,24.72,2023,tagged_length_mm,data_taggedFruit_length_2023.csv
2023-09-17,2,,2023,tagged_length_mm,data_taggedFruit_length_2023.csv
2023-09-21,2,,2023,tagged_length_mm,data_taggedFruit_length_2023.csv
2023-09-24,2,5.86,2023,tagged_length_mm,data_taggedFruit_length_2023.csv
2023-09-28,2,6.56,2023,tagged_length_mm,data_taggedFruit_length_2023.csv
2023-07-26,3,10.36,2023,tagged_length_mm,data_taggedFruit_length_2023.csv
2023-07-29,3,12.16,2023,tagged_length_mm,data_taggedFruit_length_2023.csv
2023-08-01,3,14.78,2023,tagged_length_mm,data_taggedFruit_length_2023.csv
2023-08-04,3,17.64,2023,tagged_length_mm,data_taggedFruit_length_2023.csv
2023-08-07,3,21.22,2023,tagged_length_mm,data_taggedFruit_length_2023.csv
2023-08-11,3,26.17,2023,tagged_length_mm,data_taggedFruit_length_2023.csv
2023-08-13,3,26.98,2023,tagged_length_mm,data_taggedFruit_length_2023.csv
2023-08-17,3,6.99,2023,tagged_length_mm,data_taggedFruit_length_2023.csv
2023-08-21,3,8.13,2023,tagged_length_mm,data_taggedFruit_length_2023.csv
2023-08-24,3,9.54,2023,tagged_length_mm,data_taggedFruit_length_2023.csv
2023-08-27,3,10.79,2023,tagged_length_mm,data_taggedFruit_length_2023.csv
2023-08-31,3,14.77,2023,tagged_length_mm,data_taggedFruit_length_2023.csv
2023-09-05,3,18.87,2023,tagged_length_mm,data_taggedFruit_length_2023.csv
2023-09-09,3,7.82,2023,tagged_length_mm,data_taggedFruit_length_2023.csv
2023-09-13,3,7.74,2023,tagged_length_mm,data_taggedFruit_length_2023.csv
2023-09-17,3,10.45,2023,tagged_length_mm,data_taggedFruit_length_2023.csv
2023-09-21,3,14.78,2023,tagged_length_mm,data_taggedFruit_length_2023.csv
2023-09-24,3,18.65,2023,tagged_length_mm,data_taggedFruit_length_2023.csv
2023-09-28,3,21.49,2023,tagged_length_mm,data_taggedFruit_length_2023.csv
2023-07-26,4,13.18,2023,tagged_length_mm,data_taggedFruit_length_2023.csv
2023-07-29,4,15.23,2023,tagged_length_mm,data_taggedFruit_length_2023.csv
2023-08-01,4,18.94,2023,tagged_length_mm,data_taggedFruit_length_2023.csv
2023-08-04,4,24.62,2023,tagged_length_mm,data_taggedFruit_length_2023.csv
2023-08-07,4,29.46,2023,tagged_length_mm,data_taggedFruit_length_2023.csv
2023-08-11,4,31.84,2023,tagged_length_mm,data_taggedFruit_length_2023.csv
2023-08-13,4,6.04,2023,tagged_length_mm,data_taggedFruit_length_2023.csv
2023-08-17,4,8.72,2023,tagged_length_mm,data_taggedFruit_length_2023.csv
2023-08-21,4,10.14,2023,tagged_length_mm,data_taggedFruit_length_2023.csv
2023-08-24,4,11.2,2023,tagged_length_mm,data_taggedFruit_length_2023.csv
2023-08-27,4,13.96,2023,tagged_length_mm,data_taggedFruit_length_2023.csv
2023-08-31,4,18.31,2023,tagged_length_mm,data_taggedFruit_length_2023.csv
2023-09-05,4,23.56,2023,tagged_length_mm,data_taggedFruit_length_2023.csv
2023-09-09,4,,2023,tagged_length_mm,data_taggedFruit_length_2023.csv
2023-09-13,4,,2023,tagged_length_mm,data_taggedFruit_length_2023.csv
2023-09-17,4,,2023,tagged_length_mm,data_taggedFruit_length_2023.csv
2023-09-21,4,,2023,tagged_length_mm,data_taggedFruit_length_2023.csv
2023-09-24,4,,2023,tagged_length_mm,data_taggedFruit_length_2023.csv
2023-09-28,4,,2023,tagged_length_mm,data_taggedFruit_length_2023.csv
2023-07-26,5,14.53,2023,tagged_length_mm,data_taggedFruit_length_2023.csv
2023-07-29,5,21.82,2023,tagged_length_mm,data_taggedFruit_length_2023.csv
2023-08-01,5,27.68,2023,tagged_length_mm,data_taggedFruit_length_2023.csv
2023-08-04,5,8.43,2023,tagged_length_mm,data_taggedFruit_length_2023.csv
2023-08-07,5,12.61,2023,tagged_length_mm,data_taggedFruit_length_2023.csv
2023-08-11,5,16.16,2023,tagged_length_mm,data_taggedFruit_length_2023.csv
2023-08-13,5,18.0,2023,tagged_length_mm,data_taggedFruit_length_2023.csv
2023-08-17,5,20.0,2023,tagged_length_mm,data_taggedFruit_length_2023.csv
2023-08-21,5,23.94,2023,tagged_length_mm,data_taggedFruit_length_2023.csv
2023-08-24,5,29.04,2023,tagged_length_mm,data_taggedFruit_length_2023.csv
2023-08-27,5,,2023,tagged_length_mm,data_taggedFruit_length_2023.csv
2023-08-31,5,12.31,2023,tagged_length_mm,data_taggedFruit_length_2023.csv
2023-09-05,5,16.71,2023,tagged_length_mm,data_taggedFruit_length_2023.csv
2023-09-09,5,21.22,2023,tagged_length_mm,data_taggedFruit_length_2023.csv
2023-09-13,5,26.52,2023,tagged_length_mm,data_taggedFruit_length_2023.csv
2023-09-17,5,27.86,2023,tagged_length_mm,data_taggedFruit_length_2023.csv
2023-09-21,5,,2023,tagged_length_mm,data_taggedFruit_length_2023.csv
2023-09-24,5,,2023,tagged_length_mm,data_taggedFruit_length_2023.csv
2023-09-28,5,,2023,tagged_length_mm,data_taggedFruit_length_2023.csv
2023-07-26,6,,2023,tagged_length_mm,data_taggedFruit_length_2023.csv
2023-07-29,6,17.03,2023,tagged_length_mm,data_taggedFruit_length_2023.csv
2023-08-01,6,20.0,2023,tagged_length_mm,data_taggedFruit_length_2023.csv
2023-08-04,6,25.16,2023,tagged_length_mm,data_taggedFruit_length_2023.csv
2023-08-07,6,33.02,2023,tagged_length_mm,data_taggedFruit_length_2023.csv
2023-08-11,6,33.32,2023,tagged_length_mm,data_taggedFruit_length_2023.csv
2023-08-13,6,34.85,2023,tagged_length_mm,data_taggedFruit_length_2023.csv
2023-08-17,6,,2023,tagged_length_mm,data_taggedFruit_length_2023.csv
2023-08-21,6,,2023,tagged_length_mm,data_taggedFruit_length_2023.csv
2023-08-24,6,10.55,2023,tagged_length_mm,data_taggedFruit_length_2023.csv
2023-08-27,6,11.98,2023,tagged_length_mm,data_taggedFruit_length_2023.csv
2023-08-31,6,12.57,2023,tagged_length_mm,data_taggedFruit_length_2023.csv
2023-09-05,6,21.39,2023,tagged_length_mm,data_taggedFruit_length_2023.csv
2023-09-09,6,24.65,2023,tagged_length_mm,data_taggedFruit_length_2023.csv
2023-09-13,6,25.43,2023,tagged_length_mm,data_taggedFruit_length_2023.csv
2023-09-17,6,,2023,tagged_length_mm,data_taggedFruit_length_2023.csv
2023-09-21,6,7.14,2023,tagged_length_mm,data_taggedFruit_length_2023.csv
2023-09-24,6,7.06,2023,tagged_length_mm,data_taggedFruit_length_2023.csv
2023-09-28,6,8.24,2023,tagged_length_mm,data_taggedFruit_length_2023.csv
2023-07-26,7,12.08,2023,tagged_length_mm,data_taggedFruit_length_2023.csv
2023-07-29,7,17.03,2023,tagged_length_mm,data_taggedFruit_length_2023.csv
2023-08-01,7,19.81,2023,tagged_length_mm,data_taggedFruit_length_2023.csv
2023-08-04,7,26.48,2023,tagged_length_mm,data_taggedFruit_length_2023.csv
2023-08-07,7,33.08,2023,tagged_length_mm,data_taggedFruit_length_2023.csv
2023-08-11,7,36.3,2023,tagged_length_mm,data_taggedFruit_length_2023.csv
2023-08-13,7,34.9,2023,tagged_length_mm,data_taggedFruit_length_2023.csv
2023-08-17,7,9.74,2023,tagged_length_mm,data_taggedFruit_length_2023.csv
2023-08-21,7,12.61,2023,tagged_length_mm,data_taggedFruit_length_2023.csv
2023-08-24,7,15.86,2023,tagged_length_mm,data_taggedFruit_length_2023.csv
2023-08-27,7,20.34,2023,tagged_length_mm,data_taggedFruit_length_2023.csv
2023-08-31,7,27.85,2023,tagged_length_mm,data_taggedFruit_length_2023.csv
2023-09-05,7,30.17,2023,tagged_length_mm,data_taggedFruit_length_2023.csv
2023-09-09,7,,2023,tagged_length_mm,data_taggedFruit_length_2023.csv
2023-09-13,7,,2023,tagged_length_mm,data_taggedFruit_length_2023.csv
2023-09-17,7,,2023,tagged_length_mm,data_taggedFruit_length_2023.csv
2023-09-21,7,10.85,2023,tagged_length_mm,data_taggedFruit_length_2023.csv
2023-09-24,7,11.24,2023,tagged_length_mm,data_taggedFruit_length_2023.csv
2023-09-28,7,11.89,2023,tagged_length_mm,data_taggedFruit_length_2023.csv
2023-07-26,8,11.79,2023,tagged_length_mm,data_taggedFruit_length_2023.csv
2023-07-29,8,15.76,2023,tagged_length_mm,data_taggedFruit_length_2023.csv
2023-08-01,8,17.34,2023,tagged_length_mm,data_taggedFruit_length_2023.csv
2023-08-04,8,22.19,2023,tagged_length_mm,data_taggedFruit_length_2023.csv
2023-08-07,8,27.36,2023,tagged_length_mm,data_taggedFruit_length_2023.csv
2023-08-11,8,32.69,2023,tagged_length_mm,data_taggedFruit_length_2023.csv
2023-08-13,8,,2023,tagged_length_mm,data_taggedFruit_length_2023.csv
2023-08-17,8,7.66,2023,tagged_length_mm,data_taggedFruit_length_2023.csv
2023-08-21,8,10.9,2023,tagged_length_mm,data_taggedFruit_length_2023.csv
2023-08-24,8,12.66,2023,tagged_length_mm,data_taggedFruit_length_2023.csv
2023-08-27,8,14.49,2023,tagged_length_mm,data_taggedFruit_length_2023.csv
2023-08-31,8,20.22,2023,tagged_length_mm,data_taggedFruit_length_2023.csv
2023-09-05,8,25.02,2023,tagged_length_mm,data_taggedFruit_length_2023.csv
2023-09-09,8,,2023,tagged_length_mm,data_taggedFruit_length_2023.csv
2023-09-13,8,8.77,2023,tagged_length_mm,data_taggedFruit_length_2023.csv
2023-09-17,8,12.04,2023,tagged_length_mm,data_taggedFruit_length_2023.csv
2023-09-21,8,14.77,2023,tagged_length_mm,data_taggedFruit_length_2023.csv
2023-09-24,8,16.67,2023,tagged_length_mm,data_taggedFruit_length_2023.csv
2023-09-28,8,20.64,2023,tagged_length_mm,data_taggedFruit_length_2023.csv
2023-07-26,9,11.22,2023,tagged_length_mm,data_taggedFruit_length_2023.csv
2023-07-29,9,15.47,2023,tagged_length_mm,data_taggedFruit_length_2023.csv
2023-08-01,9,16.45,2023,tagged_length_mm,data_taggedFruit_length_2023.csv
2023-08-04,9,20.85,2023,tagged_length_mm,data_taggedFruit_length_2023.csv
2023-08-07,9,26.31,2023,tagged_length_mm,data_taggedFruit_length_2023.csv
2023-08-11,9,32.62,2023,tagged_length_mm,data_taggedFruit_length_2023.csv
2023-08-13,9,,2023,tagged_length_mm,data_taggedFruit_length_2023.csv
2023-08-17,9,6.35,2023,tagged_length_mm,data_taggedFruit_length_2023.csv
2023-08-21,9,7.08,2023,tagged_length_mm,data_taggedFruit_length_2023.csv
2023-08-24,9,7.47,2023,tagged_length_mm,data_taggedFruit_length_2023.csv
2023-08-27,9,8.14,2023,tagged_length_mm,data_taggedFruit_length_2023.csv
2023-08-31,9,10.3,2023,tagged_length_mm,data_taggedFruit_length_2023.csv
2023-09-05,9,15.28,2023,tagged_length_mm,data_taggedFruit_length_2023.csv
2023-09-09,9,18.56,2023,tagged_length_mm,data_taggedFruit_length_2023.csv
2023-09-13,9,,2023,tagged_length_mm,data_taggedFruit_length_2023.csv
2023-09-17,9,7.74,2023,tagged_length_mm,data_taggedFruit_length_2023.csv
2023-09-21,9,11.41,2023,tagged_length_mm,data_taggedFruit_length_2023.csv
2023-09-24,9,13.55,2023,tagged_length_mm,data_taggedFruit_length_2023.csv
2023-09-28,9,16.39,2023,tagged_length_mm,data_taggedFruit_length_2023.csv
2023-07-26,10,,2023,tagged_length_mm,data_taggedFruit_length_2023.csv
2023-07-29,10,10.89,2023,tagged_length_mm,data_taggedFruit_length_2023.csv
2023-08-01,10,15.78,2023,tagged_length_mm,data_taggedFruit_length_2023.csv
2023-08-04,10,18.15,2023,tagged_length_mm,data_taggedFruit_length_2023.csv
2023-08-07,10,18.75,2023,tagged_length_mm,data_taggedFruit_length_2023.csv
2023-08-11,10,22.52,2023,tagged_length_mm,data_taggedFruit_length_2023.csv
2023-08-13,10,29.16,2023,tagged_length_mm,data_taggedFruit_length_2023.csv
2023-08-17,10,34.06,2023,tagged_length_mm,data_taggedFruit_length_2023.csv
2023-08-21,10,,2023,tagged_length_mm,data_taggedFruit_length_2023.csv
2023-08-24,10,9.14,2023,tagged_length_mm,data_taggedFruit_length_2023.csv
2023-08-27,10,11.99,2023,tagged_length_mm,data_taggedFruit_length_2023.csv
2023-08-31,10,14.88,2023,tagged_length_mm,data_taggedFruit_length_2023.csv
2023-09-05,10,19.0,2023,tagged_length_mm,data_taggedFruit_length_2023.csv
2023-09-09,10,26.44,2023,tagged_length_mm,data_taggedFruit_length_2023.csv
2023-09-13,10,29.55,2023,tagged_length_mm,data_taggedFruit_length_2023.csv
2023-09-17,10,,2023,tagged_length_mm,data_taggedFruit_length_2023.csv
2023-09-21,10,7.98,2023,tagged_length_mm,data_taggedFruit_length_2023.csv
2023-09-24,10,10.08,2023,tagged_length_mm,data_taggedFruit_length_2023.csv
2023-09-28,10,11.38,2023,tagged_length_mm,data_taggedFruit_length_2023.csv
2023-07-26,11,10.09,2023,tagged_length_mm,data_taggedFruit_length_2023.csv
2023-07-29,11,14.19,2023,tagged_length_mm,data_taggedFruit_length_2023.csv
2023-08-01,11,15.72,2023,tagged_length_mm,data_taggedFruit_length_2023.csv
2023-08-04,11,19.53,2023,tagged_length_mm,data_taggedFruit_length_2023.csv
2023-08-07,11,25.3,2023,tagged_length_mm,data_taggedFruit_length_2023.csv
2023-08-11,11,30.93,2023,tagged_length_mm,data_taggedFruit_length_2023.csv
2023-08-13,11,10.61,2023,tagged_length_mm,data_taggedFruit_length_2023.csv
2023-08-17,11,10.52,2023,tagged_length_mm,data_taggedFruit_length_2023.csv
2023-08-21,11,9.91,2023,tagged_length_mm,data_taggedFruit_length_2023.csv
2023-08-24,11,,2023,tagged_length_mm,data_taggedFruit_length_2023.csv
2023-08-27,11,7.23,2023,tagged_length_mm,data_taggedFruit_length_2023.csv
2023-08-31,11,,2023,tagged_length_mm,data_taggedFruit_length_2023.csv
2023-09-05,11,6.46,2023,tagged_length_mm,data_taggedFruit_length_2023.csv
2023-09-09,11,6.8,2023,tagged_length_mm,data_taggedFruit_length_2023.csv
2023-09-13,11,6.34,2023,tagged_length_mm,data_taggedFruit_length_2023.csv
2023-09-17,11,6.55,2023,tagged_length_mm,data_taggedFruit_length_2023.csv
2023-09-21,11,6.77,2023,tagged_length_mm,data_taggedFruit_length_2023.csv
2023-09-24,11,7.4,2023,tagged_length_mm,data_taggedFruit_length_2023.csv
2023-09-28,11,8.76,2023,tagged_length_mm,data_taggedFruit_length_2023.csv
2023-07-26,12,13.02,2023,tagged_length_mm,data_taggedFruit_length_2023.csv
2023-07-29,12,16.36,2023,tagged_length_mm,data_taggedFruit_length_2023.csv
2023-08-01,12,19.58,2023,tagged_length_mm,data_taggedFruit_length_2023.csv
2023-08-04,12,23.23,2023,tagged_length_mm,data_taggedFruit_length_2023.csv
2023-08-07,12,30.76,2023,tagged_length_mm,data_taggedFruit_length_2023.csv
2023-08-11,12,28.65,2023,tagged_length_mm,data_taggedFruit_length_2023.csv
2023-08-13,12,30.16,2023,tagged_length_mm,data_taggedFruit_length_2023.csv
2023-08-17,12,7.41,2023,tagged_length_mm,data_taggedFruit_length_2023.csv
2023-08-21,12,11.99,2023,tagged_length_mm,data_taggedFruit_length_2023.csv
2023-08-24,12,16.6,2023,tagged_length_mm,data_taggedFruit_length_2023.csv
2023-08-27,12,19.18,2023,tagged_length_mm,data_taggedFruit_length_2023.csv
2023-08-31,12,25.96,2023,tagged_length_mm,data_taggedFruit_length_2023.csv
2023-09-05,12,32.42,2023,tagged_length_mm,data_taggedFruit_length_2023.csv
2023-09-09,12,,2023,tagged_length_mm,data_taggedFruit_length_2023.csv
2023-09-13,12,,2023,tagged_length_mm,data_taggedFruit_length_2023.csv
2023-09-17,12,12.88,2023,tagged_length_mm,data_taggedFruit_length_2023.csv
2023-09-21,12,18.09,2023,tagged_length_mm,data_taggedFruit_length_2023.csv
2023-09-24,12,21.12,2023,tagged_length_mm,data_taggedFruit_length_2023.csv
2023-09-28,12,27.31,2023,tagged_length_mm,data_taggedFruit_length_2023.csv
2023-07-26,13,,2023,tagged_length_mm,data_taggedFruit_length_2023.csv
2023-07-29,13,10.04,2023,tagged_length_mm,data_taggedFruit_length_2023.csv
2023-08-01,13,14.43,2023,tagged_length_mm,data_taggedFruit_length_2023.csv
2023-08-04,13,15.35,2023,tagged_length_mm,data_taggedFruit_length_2023.csv
2023-08-07,13,20.81,2023,tagged_length_mm,data_taggedFruit_length_2023.csv
2023-08-11,13,25.98,2023,tagged_length_mm,data_taggedFruit_length_2023.csv
2023-08-13,13,29.65,2023,tagged_length_mm,data_taggedFruit_length_2023.csv
2023-08-17,13,27.91,2023,tagged_length_mm,data_taggedFruit_length_2023.csv
2023-08-21,13,,2023,tagged_length_mm,data_taggedFruit_length_2023.csv
2023-08-24,13,10.15,2023,tagged_length_mm,data_taggedFruit_length_2023.csv
2023-08-27,13,13.75,2023,tagged_length_mm,data_taggedFruit_length_2023.csv
2023-08-31,13,19.6,2023,tagged_length_mm,data_taggedFruit_length_2023.csv
2023-09-05,13,29.56,2023,tagged_length_mm,data_taggedFruit_length_2023.csv
2023-09-09,13,35.86,2023,tagged_length_mm,data_taggedFruit_length_2023.csv
2023-09-13,13,37.67,2023,tagged_length_mm,data_taggedFruit_length_2023.csv
2023-09-17,13,,2023,tagged_length_mm,data_taggedFruit_length_2023.csv
2023-09-21,13,10.13,2023,tagged_length_mm,data_taggedFruit_length_2023.csv
2023-09-24,13,11.14,2023,tagged_length_mm,data_taggedFruit_length_2023.csv
2023-09-28,13,13.52,2023,tagged_length_mm,data_taggedFruit_length_2023.csv
2023-07-26,14,,2023,tagged_length_mm,data_taggedFruit_length_2023.csv
2023-07-29,14,17.01,2023,tagged_length_mm,data_taggedFruit_length_2023.csv
2023-08-01,14,19.66,2023,tagged_length_mm,data_taggedFruit_length_2023.csv
2023-08-04,14,25.58,2023,tagged_length_mm,data_taggedFruit_length_2023.csv
2023-08-07,14,32.3,2023,tagged_length_mm,data_taggedFruit_length_2023.csv
2023-08-11,14,36.81,2023,tagged_length_mm,data_taggedFruit_length_2023.csv
2023-08-13,14,37.94,2023,tagged_length_mm,data_taggedFruit_length_2023.csv
2023-08-17,14,6.48,2023,tagged_length_mm,data_taggedFruit_length_2023.csv
2023-08-21,14,7.91,2023,tagged_length_mm,data_taggedFruit_length_2023.csv
2023-08-24,14,9.02,2023,tagged_length_mm,data_taggedFruit_length_2023.csv
2023-08-27,14,10.96,2023,tagged_length_mm,data_taggedFruit_length_2023.csv
2023-08-31,14,16.27,2023,tagged_length_mm,data_taggedFruit_length_2023.csv
2023-09-05,14,21.58,2023,tagged_length_mm,data_taggedFruit_length_2023.csv
2023-09-09,14,,2023,tagged_length_mm,data_taggedFruit_length_2023.csv
2023-09-13,14,10.44,2023,tagged_length_mm,data_taggedFruit_length_2023.csv
2023-09-17,14,15.15,2023,tagged_length_mm,data_taggedFruit_length_2023.csv
2023-09-21,14,19.75,2023,tagged_length_mm,data_taggedFruit_length_2023.csv
2023-09-24,14,22.87,2023,tagged_length_mm,data_taggedFruit_length_2023.csv
2023-09-28,14,28.04,2023,tagged_length_mm,data_taggedFruit_length_2023.csv
2023-07-26,15,12.17,2023,tagged_length_mm,data_taggedFruit_length_2023.csv
2023-07-29,15,16.35,2023,tagged_length_mm,data_taggedFruit_length_2023.csv
2023-08-01,15,17.8,2023,tagged_length_mm,data_taggedFruit_length_2023.csv
2023-08-04,15,24.26,2023,tagged_length_mm,data_taggedFruit_length_2023.csv
2023-08-07,15,31.81,2023,tagged_length_mm,data_taggedFruit_length_2023.csv
2023-08-11,15,36.88,2023,tagged_length_mm,data_taggedFruit_length_2023.csv
2023-08-13,15,36.92,2023,tagged_length_mm,data_taggedFruit_length_2023.csv
2023-08-17,15,8.58,2023,tagged_length_mm,data_taggedFruit_length_2023.csv
2023-08-21,15,9.58,2023,tagged_length_mm,data_taggedFruit_length_2023.csv
2023-08-24,15,9.0,2023,tagged_length_mm,data_taggedFruit_length_2023.csv
2023-08-27,15,9.7,2023,tagged_length_mm,data_taggedFruit_length_2023.csv
2023-08-31,15,,2023,tagged_length_mm,data_taggedFruit_length_2023.csv
2023-09-05,15,,2023,tagged_length_mm,data_taggedFruit_length_2023.csv
2023-09-09,15,7.5,2023,tagged_length_mm,data_taggedFruit_length_2023.csv
2023-09-13,15,7.88,2023,tagged_length_mm,data_taggedFruit_length_2023.csv
2023-09-17,15,6.78,2023,tagged_length_mm,data_taggedFruit_length_2023.csv
2023-09-21,15,,2023,tagged_length_mm,data_taggedFruit_length_2023.csv
2023-09-24,15,,2023,tagged_length_mm,data_taggedFruit_length_2023.csv
2023-09-28,15,,2023,tagged_length_mm,data_taggedFruit_length_2023.csv
2023-07-26,16,,2023,tagged_length_mm,data_taggedFruit_length_2023.csv
2023-07-29,16,14.07,2023,tagged_length_mm,data_taggedFruit_length_2023.csv
2023-08-01,16,18.36,2023,tagged_length_mm,data_taggedFruit_length_2023.csv
2023-08-04,16,23.64,2023,tagged_length_mm,data_taggedFruit_length_2023.csv
2023-08-07,16,30.55,2023,tagged_length_mm,data_taggedFruit_length_2023.csv
2023-08-11,16,35.01,2023,tagged_length_mm,data_taggedFruit_length_2023.csv
2023-08-13,16,10.42,2023,tagged_length_mm,data_taggedFruit_length_2023.csv
2023-08-17,16,14.56,2023,tagged_length_mm,data_taggedFruit_length_2023.csv
2023-08-21,16,16.94,2023,tagged_length_mm,data_taggedFruit_length_2023.csv
2023-08-24,16,20.68,2023,tagged_length_mm,data_taggedFruit_length_2023.csv
2023-08-27,16,26.2,2023,tagged_length_mm,data_taggedFruit_length_2023.csv
2023-08-31,16,31.52,2023,tagged_length_mm,data_taggedFruit_length_2023.csv
2023-09-05,16,,2023,tagged_length_mm,data_taggedFruit_length_2023.csv
2023-09-09,16,9.9,2023,tagged_length_mm,data_taggedFruit_length_2023.csv
2023-09-13,16,13.97,2023,tagged_length_mm,data_taggedFruit_length_2023.csv
2023-09-17,16,17.48,2023,tagged_length_mm,data_taggedFruit_length_2023.csv
2023-09-21,16,21.69,2023,tagged_length_mm,data_taggedFruit_length_2023.csv
2023-09-24,16,25.58,2023,tagged_length_mm,data_taggedFruit_length_2023.csv
2023-09-28,16,29.47,2023,tagged_length_mm,data_taggedFruit_length_2023.csv
2023-07-26,17,,2023,tagged_length_mm,data_taggedFruit_length_2023.csv
2023-07-29,17,14.5,2023,tagged_length_mm,data_taggedFruit_length_2023.csv
2023-08-01,17,16.27,2023,tagged_length_mm,data_taggedFruit_length_2023.csv
2023-08-04,17,17.89,2023,tagged_length_mm,data_taggedFruit_length_2023.csv
2023-08-07,17,21.01,2023,tagged_length_mm,data_taggedFruit_length_2023.csv
2023-08-11,17,27.22,2023,tagged_length_mm,data_taggedFruit_length_2023.csv
2023-08-13,17,27.9,2023,tagged_length_mm,data_taggedFruit_length_2023.csv
2023-08-17,17,6.84,2023,tagged_length_mm,data_taggedFruit_length_2023.csv
2023-08-21,17,,2023,tagged_length_mm,data_taggedFruit_length_2023.csv
2023-08-24,17,,2023,tagged_length_mm,data_taggedFruit_length_2023.csv
2023-08-27,17,,2023,tagged_length_mm,data_taggedFruit_length_2023.csv
2023-08-31,17,5.85,2023,tagged_length_mm,data_taggedFruit_length_2023.csv
2023-09-05,17,6.0,2023,tagged_length_mm,data_taggedFruit_length_2023.csv
2023-09-09,17,6.16,2023,tagged_length_mm,data_taggedFruit_length_2023.csv
2023-09-13,17,5.59,2023,tagged_length_mm,data_taggedFruit_length_2023.csv
2023-09-17,17,6.25,2023,tagged_length_mm,data_taggedFruit_length_2023.csv
2023-09-21,17,,2023,tagged_length_mm,data_taggedFruit_length_2023.csv
2023-09-24,17,,2023,tagged_length_mm,data_taggedFruit_length_2023.csv
2023-09-28,17,,2023,tagged_length_mm,data_taggedFruit_length_2023.csv
2023-07-26,18,10.96,2023,tagged_length_mm,data_taggedFruit_length_2023.csv
2023-07-29,18,14.87,2023,tagged_length_mm,data_taggedFruit_length_2023.csv
2023-08-01,18,15.79,2023,tagged_length_mm,data_taggedFruit_length_2023.csv
2023-08-04,18,19.71,2023,tagged_length_mm,data_taggedFruit_length_2023.csv
2023-08-07,18,25.41,2023,tagged_length_mm,data_taggedFruit_length_2023.csv
2023-08-11,18,26.6,2023,tagged_length_mm,data_taggedFruit_length_2023.csv
2023-08-13,18,8.7,2023,tagged_length_mm,data_taggedFruit_length_2023.csv
2023-08-17,18,10.13,2023,tagged_length_mm,data_taggedFruit_length_2023.csv
2023-08-21,18,,2023,tagged_length_mm,data_taggedFruit_length_2023.csv
2023-08-24,18,,2023,tagged_length_mm,data_taggedFruit_length_2023.csv
2023-08-27,18,5.99,2023,tagged_length_mm,data_taggedFruit_length_2023.csv
2023-08-31,18,6.43,2023,tagged_length_mm,data_taggedFruit_length_2023.csv
2023-09-05,18,9.96,2023,tagged_length_mm,data_taggedFruit_length_2023.csv
2023-09-09,18,11.92,2023,tagged_length_mm,data_taggedFruit_length_2023.csv
2023-09-13,18,15.43,2023,tagged_length_mm,data_taggedFruit_length_2023.csv
2023-09-17,18,17.79,2023,tagged_length_mm,data_taggedFruit_length_2023.csv
2023-09-21,18,22.59,2023,tagged_length_mm,data_taggedFruit_length_2023.csv
2023-09-24,18,26.35,2023,tagged_length_mm,data_taggedFruit_length_2023.csv
2023-09-28,18,29.12,2023,tagged_length_mm,data_taggedFruit_length_2023.csv
2023-07-26,19,,2023,tagged_length_mm,data_taggedFruit_length_2023.csv
2023-07-29,19,15.02,2023,tagged_length_mm,data_taggedFruit_length_2023.csv
2023-08-01,19,18.39,2023,tagged_length_mm,data_taggedFruit_length_2023.csv
2023-08-04,19,18.3,2023,tagged_length_mm,data_taggedFruit_length_2023.csv
2023-08-07,19,24.13,2023,tagged_length_mm,data_taggedFruit_length_2023.csv
2023-08-11,19,30.18,2023,tagged_length_mm,data_taggedFruit_length_2023.csv
2023-08-13,19,31.43,2023,tagged_length_mm,data_taggedFruit_length_2023.csv
2023-08-17,19,,2023,tagged_length_mm,data_taggedFruit_length_2023.csv
2023-08-21,19,,2023,tagged_length_mm,data_taggedFruit_length_2023.csv
2023-08-24,19,,2023,tagged_length_mm,data_taggedFruit_length_2023.csv
2023-08-27,19,9.48,2023,tagged_length_mm,data_taggedFruit_length_2023.csv
2023-08-31,19,13.82,2023,tagged_length_mm,data_taggedFruit_length_2023.csv
2023-09-05,19,19.82,2023,tagged_length_mm,data_taggedFruit_length_2023.csv
2023-09-09,19,25.9,2023,tagged_length_mm,data_taggedFruit_length_2023.csv
2023-09-13,19,32.1,2023,tagged_length_mm,data_taggedFruit_length_2023.csv
2023-09-17,19,33.97,2023,tagged_length_mm,data_taggedFruit_length_2023.csv
2023-09-21,19,,2023,tagged_length_mm,data_taggedFruit_length_2023.csv
2023-09-24,19,,2023,tagged_length_mm,data_taggedFruit_length_2023.csv
2023-09-28,19,,2023,tagged_length_mm,data_taggedFruit_length_2023.csv
2023-07-26,1,1.0,2023,tagged_lifespan_code,data_taggedFruit_lifespan_2023.csv
2023-07-29,1,1.0,2023,tagged_lifespan_code,data_taggedFruit_lifespan_2023.csv
2023-08-01,1,1.0,2023,tagged_lifespan_code,data_taggedFruit_lifespan_2023.csv
2023-08-04,1,1.0,2023,tagged_lifespan_code,data_taggedFruit_lifespan_2023.csv
2023-08-07,1,1.0,2023,tagged_lifespan_code,data_taggedFruit_lifespan_2023.csv
2023-08-11,1,1.0,2023,tagged_lifespan_code,data_taggedFruit_lifespan_2023.csv
2023-08-13,1,1.0,2023,tagged_lifespan_code,data_taggedFruit_lifespan_2023.csv
2023-08-17,1,2.0,2023,tagged_lifespan_code,data_taggedFruit_lifespan_2023.csv
2023-08-21,1,2.0,2023,tagged_lifespan_code,data_taggedFruit_lifespan_2023.csv
2023-08-24,1,2.0,2023,tagged_lifespan_code,data_taggedFruit_lifespan_2023.csv
2023-08-27,1,2.0,2023,tagged_lifespan_code,data_taggedFruit_lifespan_2023.csv
2023-08-31,1,2.0,2023,tagged_lifespan_code,data_taggedFruit_lifespan_2023.csv
2023-09-05,1,2.0,2023,tagged_lifespan_code,data_taggedFruit_lifespan_2023.csv
2023-09-09,1,2.0,2023,tagged_lifespan_code,data_taggedFruit_lifespan_2023.csv
2023-09-13,1,,2023,tagged_lifespan_code,data_taggedFruit_lifespan_2023.csv
2023-09-17,1,,2023,tagged_lifespan_code,data_taggedFruit_lifespan_2023.csv
2023-09-21,1,,2023,tagged_lifespan_code,data_taggedFruit_lifespan_2023.csv
2023-09-24,1,,2023,tagged_lifespan_code,data_taggedFruit_lifespan_2023.csv
2023-09-28,1,,2023,tagged_lifespan_code,data_taggedFruit_lifespan_2023.csv
2023-07-26,2,1.0,2023,tagged_lifespan_code,data_taggedFruit_lifespan_2023.csv
2023-07-29,2,1.0,2023,tagged_lifespan_code,data_taggedFruit_lifespan_2023.csv
2023-08-01,2,1.0,2023,tagged_lifespan_code,data_taggedFruit_lifespan_2023.csv
2023-08-04,2,1.0,2023,tagged_lifespan_code,data_taggedFruit_lifespan_2023.csv
2023-08-07,2,1.0,2023,tagged_lifespan_code,data_taggedFruit_lifespan_2023.csv
2023-08-11,2,1.0,2023,tagged_lifespan_code,data_taggedFruit_lifespan_2023.csv
2023-08-13,2,2.0,2023,tagged_lifespan_code,data_taggedFruit_lifespan_2023.csv
2023-08-17,2,2.0,2023,tagged_lifespan_code,data_taggedFruit_lifespan_2023.csv
2023-08-21,2,2.0,2023,tagged_lifespan_code,data_taggedFruit_lifespan_2023.csv
2023-08-24,2,2.0,2023,tagged_lifespan_code,data_taggedFruit_lifespan_2023.csv
2023-08-27,2,2.0,2023,tagged_lifespan_code,data_taggedFruit_lifespan_2023.csv
2023-08-31,2,2.0,2023,tagged_lifespan_code,data_taggedFruit_lifespan_2023.csv
2023-09-05,2,,2023,tagged_lifespan_code,data_taggedFruit_lifespan_2023.csv
2023-09-09,2,,2023,tagged_lifespan_code,data_taggedFruit_lifespan_2023.csv
2023-09-13,2,,2023,tagged_lifespan_code,data_taggedFruit_lifespan_2023.csv
2023-09-17,2,,2023,tagged_lifespan_code,data_taggedFruit_lifespan_2023.csv
2023-09-21,2,,2023,tagged_lifespan_code,data_taggedFruit_lifespan_2023.csv
2023-09-24,2,,2023,tagged_lifespan_code,data_taggedFruit_lifespan_2023.csv
2023-09-28,2,,2023,tagged_lifespan_code,data_taggedFruit_lifespan_2023.csv
2023-07-26,3,1.0,2023,tagged_lifespan_code,data_taggedFruit_lifespan_2023.csv
2023-07-29,3,1.0,2023,tagged_lifespan_code,data_taggedFruit_lifespan_2023.csv
2023-08-01,3,1.0,2023,tagged_lifespan_code,data_taggedFruit_lifespan_2023.csv
2023-08-04,3,1.0,2023,tagged_lifespan_code,data_taggedFruit_lifespan_2023.csv
2023-08-07,3,1.0,2023,tagged_lifespan_code,data_taggedFruit_lifespan_2023.csv
2023-08-11,3,1.0,2023,tagged_lifespan_code,data_taggedFruit_lifespan_2023.csv
2023-08-13,3,1.0,2023,tagged_lifespan_code,data_taggedFruit_lifespan_2023.csv
2023-08-17,3,1.0,2023,tagged_lifespan_code,data_taggedFruit_lifespan_2023.csv
2023-08-21,3,2.0,2023,tagged_lifespan_code,data_taggedFruit_lifespan_2023.csv
2023-08-24,3,2.0,2023,tagged_lifespan_code,data_taggedFruit_lifespan_2023.csv
2023-08-27,3,2.0,2023,tagged_lifespan_code,data_taggedFruit_lifespan_2023.csv
2023-08-31,3,2.0,2023,tagged_lifespan_code,data_taggedFruit_lifespan_2023.csv
2023-09-05,3,2.0,2023,tagged_lifespan_code,data_taggedFruit_lifespan_2023.csv
2023-09-09,3,2.0,2023,tagged_lifespan_code,data_taggedFruit_lifespan_2023.csv
2023-09-13,3,2.0,2023,tagged_lifespan_code,data_taggedFruit_lifespan_2023.csv
2023-09-17,3,,2023,tagged_lifespan_code,data_taggedFruit_lifespan_2023.csv
2023-09-21,3,,2023,tagged_lifespan_code,data_taggedFruit_lifespan_2023.csv
2023-09-24,3,,2023,tagged_lifespan_code,data_taggedFruit_lifespan_2023.csv
2023-09-28,3,,2023,tagged_lifespan_code,data_taggedFruit_lifespan_2023.csv
2023-07-26,4,1.0,2023,tagged_lifespan_code,data_taggedFruit_lifespan_2023.csv
2023-07-29,4,1.0,2023,tagged_lifespan_code,data_taggedFruit_lifespan_2023.csv
2023-08-01,4,1.0,2023,tagged_lifespan_code,data_taggedFruit_lifespan_2023.csv
2023-08-04,4,1.0,2023,tagged_lifespan_code,data_taggedFruit_lifespan_2023.csv
2023-08-07,4,1.0,2023,tagged_lifespan_code,data_taggedFruit_lifespan_2023.csv
2023-08-11,4,1.0,2023,tagged_lifespan_code,data_taggedFruit_lifespan_2023.csv
2023-08-13,4,1.0,2023,tagged_lifespan_code,data_taggedFruit_lifespan_2023.csv
2023-08-17,4,2.0,2023,tagged_lifespan_code,data_taggedFruit_lifespan_2023.csv
2023-08-21,4,2.0,2023,tagged_lifespan_code,data_taggedFruit_lifespan_2023.csv
2023-08-24,4,2.0,2023,tagged_lifespan_code,data_taggedFruit_lifespan_2023.csv
2023-08-27,4,2.0,2023,tagged_lifespan_code,data_taggedFruit_lifespan_2023.csv
2023-08-31,4,2.0,2023,tagged_lifespan_code,data_taggedFruit_lifespan_2023.csv
2023-09-05,4,2.0,2023,tagged_lifespan_code,data_taggedFruit_lifespan_2023.csv
2023-09-09,4,3.0,2023,tagged_lifespan_code,data_taggedFruit_lifespan_2023.csv
2023-09-13,4,3.0,2023,tagged_lifespan_code,data_taggedFruit_lifespan_2023.csv
2023-09-17,4,3.0,2023,tagged_lifespan_code,data_taggedFruit_lifespan_2023.csv
2023-09-21,4,3.0,2023,tagged_lifespan_code,data_taggedFruit_lifespan_2023.csv
2023-09-24,4,3.0,2023,tagged_lifespan_code,data_taggedFruit_lifespan_2023.csv
2023-09-28,4,3.0,2023,tagged_lifespan_code,data_taggedFruit_lifespan_2023.csv
2023-07-26,5,1.0,2023,tagged_lifespan_code,data_taggedFruit_lifespan_2023.csv
2023-07-29,5,1.0,2023,tagged_lifespan_code,data_taggedFruit_lifespan_2023.csv
2023-08-01,5,1.0,2023,tagged_lifespan_code,data_taggedFruit_lifespan_2023.csv
2023-08-04,5,1.0,2023,tagged_lifespan_code,data_taggedFruit_lifespan_2023.csv
2023-08-07,5,1.0,2023,tagged_lifespan_code,data_taggedFruit_lifespan_2023.csv
2023-08-11,5,1.0,2023,tagged_lifespan_code,data_taggedFruit_lifespan_2023.csv
2023-08-13,5,2.0,2023,tagged_lifespan_code,data_taggedFruit_lifespan_2023.csv
2023-08-17,5,2.0,2023,tagged_lifespan_code,data_taggedFruit_lifespan_2023.csv
2023-08-21,5,2.0,2023,tagged_lifespan_code,data_taggedFruit_lifespan_2023.csv
2023-08-24,5,2.0,2023,tagged_lifespan_code,data_taggedFruit_lifespan_2023.csv
2023-08-27,5,2.0,2023,tagged_lifespan_code,data_taggedFruit_lifespan_2023.csv
2023-08-31,5,2.0,2023,tagged_lifespan_code,data_taggedFruit_lifespan_2023.csv
2023-09-05,5,2.0,2023,tagged_lifespan_code,data_taggedFruit_lifespan_2023.csv
2023-09-09,5,,2023,tagged_lifespan_code,data_taggedFruit_lifespan_2023.csv
2023-09-13,5,,2023,tagged_lifespan_code,data_taggedFruit_lifespan_2023.csv
2023-09-17,5,,2023,tagged_lifespan_code,data_taggedFruit_lifespan_2023.csv
2023-09-21,5,,2023,tagged_lifespan_code,data_taggedFruit_lifespan_2023.csv
2023-09-24,5,,2023,tagged_lifespan_code,data_taggedFruit_lifespan_2023.csv
2023-09-28,5,,2023,tagged_lifespan_code,data_taggedFruit_lifespan_2023.csv
2023-07-26,6,1.0,2023,tagged_lifespan_code,data_taggedFruit_lifespan_2023.csv
2023-07-29,6,1.0,2023,tagged_lifespan_code,data_taggedFruit_lifespan_2023.csv
2023-08-01,6,1.0,2023,tagged_lifespan_code,data_taggedFruit_lifespan_2023.csv
2023-08-04,6,2.0,2023,tagged_lifespan_code,data_taggedFruit_lifespan_2023.csv
2023-08-07,6,2.0,2023,tagged_lifespan_code,data_taggedFruit_lifespan_2023.csv
2023-08-11,6,2.0,2023,tagged_lifespan_code,data_taggedFruit_lifespan_2023.csv
2023-08-13,6,2.0,2023,tagged_lifespan_code,data_taggedFruit_lifespan_2023.csv
2023-08-17,6,2.0,2023,tagged_lifespan_code,data_taggedFruit_lifespan_2023.csv
2023-08-21,6,2.0,2023,tagged_lifespan_code,data_taggedFruit_lifespan_2023.csv
2023-08-24,6,2.0,2023,tagged_lifespan_code,data_taggedFruit_lifespan_2023.csv
2023-08-27,6,3.0,2023,tagged_lifespan_code,data_taggedFruit_lifespan_2023.csv
2023-08-31,6,3.0,2023,tagged_lifespan_code,data_taggedFruit_lifespan_2023.csv
2023-09-05,6,3.0,2023,tagged_lifespan_code,data_taggedFruit_lifespan_2023.csv
2023-09-09,6,3.0,2023,tagged_lifespan_code,data_taggedFruit_lifespan_2023.csv
2023-09-13,6,3.0,2023,tagged_lifespan_code,data_taggedFruit_lifespan_2023.csv
2023-09-17,6,3.0,2023,tagged_lifespan_code,data_taggedFruit_lifespan_2023.csv
2023-09-21,6,,2023,tagged_lifespan_code,data_taggedFruit_lifespan_2023.csv
2023-09-24,6,,2023,tagged_lifespan_code,data_taggedFruit_lifespan_2023.csv
2023-09-28,6,,2023,tagged_lifespan_code,data_taggedFruit_lifespan_2023.csv
2023-07-26,7,1.0,2023,tagged_lifespan_code,data_taggedFruit_lifespan_2023.csv
2023-07-29,7,1.0,2023,tagged_lifespan_code,data_taggedFruit_lifespan_2023.csv
2023-08-01,7,1.0,2023,tagged_lifespan_code,data_taggedFruit_lifespan_2023.csv
2023-08-04,7,1.0,2023,tagged_lifespan_code,data_taggedFruit_lifespan_2023.csv
2023-08-07,7,1.0,2023,tagged_lifespan_code,data_taggedFruit_lifespan_2023.csv
2023-08-11,7,1.0,2023,tagged_lifespan_code,data_taggedFruit_lifespan_2023.csv
2023-08-13,7,1.0,2023,tagged_lifespan_code,data_taggedFruit_lifespan_2023.csv
2023-08-17,7,2.0,2023,tagged_lifespan_code,data_taggedFruit_lifespan_2023.csv
2023-08-21,7,2.0,2023,tagged_lifespan_code,data_taggedFruit_lifespan_2023.csv
2023-08-24,7,2.0,2023,tagged_lifespan_code,data_taggedFruit_lifespan_2023.csv
2023-08-27,7,2.0,2023,tagged_lifespan_code,data_taggedFruit_lifespan_2023.csv
2023-08-31,7,2.0,2023,tagged_lifespan_code,data_taggedFruit_lifespan_2023.csv
2023-09-05,7,2.0,2023,tagged_lifespan_code,data_taggedFruit_lifespan_2023.csv
2023-09-09,7,2.0,2023,tagged_lifespan_code,data_taggedFruit_lifespan_2023.csv
2023-09-13,7,2.0,2023,tagged_lifespan_code,data_taggedFruit_lifespan_2023.csv
2023-09-17,7,,2023,tagged_lifespan_code,data_taggedFruit_lifespan_2023.csv
2023-09-21,7,,2023,tagged_lifespan_code,data_taggedFruit_lifespan_2023.csv
2023-09-24,7,,2023,tagged_lifespan_code,data_taggedFruit_lifespan_2023.csv
2023-09-28,7,,2023,tagged_lifespan_code,data_taggedFruit_lifespan_2023.csv
2023-07-26,8,1.0,2023,tagged_lifespan_code,data_taggedFruit_lifespan_2023.csv
2023-07-29,8,1.0,2023,tagged_lifespan_code,data_taggedFruit_lifespan_2023.csv
2023-08-01,8,1.0,2023,tagged_lifespan_code,data_taggedFruit_lifespan_2023.csv
2023-08-04,8,1.0,2023,tagged_lifespan_code,data_taggedFruit_lifespan_2023.csv
2023-08-07,8,1.0,2023,tagged_lifespan_code,data_taggedFruit_lifespan_2023.csv
2023-08-11,8,1.0,2023,tagged_lifespan_code,data_taggedFruit_lifespan_2023.csv
2023-08-13,8,1.0,2023,tagged_lifespan_code,data_taggedFruit_lifespan_2023.csv
2023-08-17,8,2.0,2023,tagged_lifespan_code,data_taggedFruit_lifespan_2023.csv
2023-08-21,8,2.0,2023,tagged_lifespan_code,data_taggedFruit_lifespan_2023.csv
2023-08-24,8,2.0,2023,tagged_lifespan_code,data_taggedFruit_lifespan_2023.csv
2023-08-27,8,2.0,2023,tagged_lifespan_code,data_taggedFruit_lifespan_2023.csv
2023-08-31,8,2.0,2023,tagged_lifespan_code,data_taggedFruit_lifespan_2023.csv
2023-09-05,8,2.0,2023,tagged_lifespan_code,data_taggedFruit_lifespan_2023.csv
2023-09-09,8,,2023,tagged_lifespan_code,data_taggedFruit_lifespan_2023.csv
2023-09-13,8,,2023,tagged_lifespan_code,data_taggedFruit_lifespan_2023.csv
2023-09-17,8,,2023,tagged_lifespan_code,data_taggedFruit_lifespan_2023.csv
2023-09-21,8,,2023,tagged_lifespan_code,data_taggedFruit_lifespan_2023.csv
2023-09-24,8,,2023,tagged_lifespan_code,data_taggedFruit_lifespan_2023.csv
2023-09-28,8,,2023,tagged_lifespan_code,data_taggedFruit_lifespan_2023.csv
2023-07-26,9,1.0,2023,tagged_lifespan_code,data_taggedFruit_lifespan_2023.csv
2023-07-29,9,1.0,2023,tagged_lifespan_code,data_taggedFruit_lifespan_2023.csv
2023-08-01,9,1.0,2023,tagged_lifespan_code,data_taggedFruit_lifespan_2023.csv
2023-08-04,9,1.0,2023,tagged_lifespan_code,data_taggedFruit_lifespan_2023.csv
2023-08-07,9,1.0,2023,tagged_lifespan_code,data_taggedFruit_lifespan_2023.csv
2023-08-11,9,1.0,2023,tagged_lifespan_code,data_taggedFruit_lifespan_2023.csv
2023-08-13,9,2.0,2023,tagged_lifespan_code,data_taggedFruit_lifespan_2023.csv
2023-08-17,9,2.0,2023,tagged_lifespan_code,data_taggedFruit_lifespan_2023.csv
2023-08-21,9,2.0,2023,tagged_lifespan_code,data_taggedFruit_lifespan_2023.csv
2023-08-24,9,2.0,2023,tagged_lifespan_code,data_taggedFruit_lifespan_2023.csv
2023-08-27,9,2.0,2023,tagged_lifespan_code,data_taggedFruit_lifespan_2023.csv
2023-08-31,9,2.0,2023,tagged_lifespan_code,data_taggedFruit_lifespan_2023.csv
2023-09-05,9,2.0,2023,tagged_lifespan_code,data_taggedFruit_lifespan_2023.csv
2023-09-09,9,,2023,tagged_lifespan_code,data_taggedFruit_lifespan_2023.csv
2023-09-13,9,,2023,tagged_lifespan_code,data_taggedFruit_lifespan_2023.csv
2023-09-17,9,,2023,tagged_lifespan_code,data_taggedFruit_lifespan_2023.csv
2023-09-21,9,,2023,tagged_lifespan_code,data_taggedFruit_lifespan_2023.csv
2023-09-24,9,,2023,tagged_lifespan_code,data_taggedFruit_lifespan_2023.csv
2023-09-28,9,,2023,tagged_lifespan_code,data_taggedFruit_lifespan_2023.csv
2023-07-26,10,1.0,2023,tagged_lifespan_code,data_taggedFruit_lifespan_2023.csv
2023-07-29,10,1.0,2023,tagged_lifespan_code,data_taggedFruit_lifespan_2023.csv
2023-08-01,10,1.0,2023,tagged_lifespan_code,data_taggedFruit_lifespan_2023.csv
2023-08-04,10,1.0,2023,tagged_lifespan_code,data_taggedFruit_lifespan_2023.csv
2023-08-07,10,1.0,2023,tagged_lifespan_code,data_taggedFruit_lifespan_2023.csv
2023-08-11,10,1.0,2023,tagged_lifespan_code,data_taggedFruit_lifespan_2023.csv
2023-08-13,10,2.0,2023,tagged_lifespan_code,data_taggedFruit_lifespan_2023.csv
2023-08-17,10,2.0,2023,tagged_lifespan_code,data_taggedFruit_lifespan_2023.csv
2023-08-21,10,2.0,2023,tagged_lifespan_code,data_taggedFruit_lifespan_2023.csv
2023-08-24,10,2.0,2023,tagged_lifespan_code,data_taggedFruit_lifespan_2023.csv
2023-08-27,10,2.0,2023,tagged_lifespan_code,data_taggedFruit_lifespan_2023.csv
2023-08-31,10,2.0,2023,tagged_lifespan_code,data_taggedFruit_lifespan_2023.csv
2023-09-05,10,2.0,2023,tagged_lifespan_code,data_taggedFruit_lifespan_2023.csv
2023-09-09,10,2.0,2023,tagged_lifespan_code,data_taggedFruit_lifespan_2023.csv
2023-09-13,10,,2023,tagged_lifespan_code,data_taggedFruit_lifespan_2023.csv
2023-09-17,10,,2023,tagged_lifespan_code,data_taggedFruit_lifespan_2023.csv
2023-09-21,10,,2023,tagged_lifespan_code,data_taggedFruit_lifespan_2023.csv
2023-09-24,10,,2023,tagged_lifespan_code,data_taggedFruit_lifespan_2023.csv
2023-09-28,10,,2023,tagged_lifespan_code,data_taggedFruit_lifespan_2023.csv
2023-07-26,11,1.0,2023,tagged_lifespan_code,data_taggedFruit_lifespan_2023.csv
2023-07-29,11,1.0,2023,tagged_lifespan_code,data_taggedFruit_lifespan_2023.csv
2023-08-01,11,1.0,2023,tagged_lifespan_code,data_taggedFruit_lifespan_2023.csv
2023-08-04,11,1.0,2023,tagged_lifespan_code,data_taggedFruit_lifespan_2023.csv
2023-08-07,11,1.0,2023,tagged_lifespan_code,data_taggedFruit_lifespan_2023.csv
2023-08-11,11,1.0,2023,tagged_lifespan_code,data_taggedFruit_lifespan_2023.csv
2023-08-13,11,1.0,2023,tagged_lifespan_code,data_taggedFruit_lifespan_2023.csv
2023-08-17,11,1.0,2023,tagged_lifespan_code,data_taggedFruit_lifespan_2023.csv
2023-08-21,11,2.0,2023,tagged_lifespan_code,data_taggedFruit_lifespan_2023.csv
2023-08-24,11,2.0,2023,tagged_lifespan_code,data_taggedFruit_lifespan_2023.csv
2023-08-27,11,2.0,2023,tagged_lifespan_code,data_taggedFruit_lifespan_2023.csv
2023-08-31,11,2.0,2023,tagged_lifespan_code,data_taggedFruit_lifespan_2023.csv
2023-09-05,11,2.0,2023,tagged_lifespan_code,data_taggedFruit_lifespan_2023.csv
2023-09-09,11,2.0,2023,tagged_lifespan_code,data_taggedFruit_lifespan_2023.csv
2023-09-13,11,2.0,2023,tagged_lifespan_code,data_taggedFruit_lifespan_2023.csv
2023-09-17,11,,2023,tagged_lifespan_code,data_taggedFruit_lifespan_2023.csv
2023-09-21,11,,2023,tagged_lifespan_code,data_taggedFruit_lifespan_2023.csv
2023-09-24,11,,2023,tagged_lifespan_code,data_taggedFruit_lifespan_2023.csv
2023-09-28,11,,2023,tagged_lifespan_code,data_taggedFruit_lifespan_2023.csv
2023-07-26,12,1.0,2023,tagged_lifespan_code,data_taggedFruit_lifespan_2023.csv
2023-07-29,12,1.0,2023,tagged_lifespan_code,data_taggedFruit_lifespan_2023.csv
2023-08-01,12,1.0,2023,tagged_lifespan_code,data_taggedFruit_lifespan_2023.csv
2023-08-04,12,1.0,2023,tagged_lifespan_code,data_taggedFruit_lifespan_2023.csv
2023-08-07,12,1.0,2023,tagged_lifespan_code,data_taggedFruit_lifespan_2023.csv
2023-08-11,12,1.0,2023,tagged_lifespan_code,data_taggedFruit_lifespan_2023.csv
2023-08-13,12,,2023,tagged_lifespan_code,data_taggedFruit_lifespan_2023.csv
2023-08-17,12,,2023,tagged_lifespan_code,data_taggedFruit_lifespan_2023.csv
2023-08-21,12,,2023,tagged_lifespan_code,data_taggedFruit_lifespan_2023.csv
2023-08-24,12,,2023,tagged_lifespan_code,data_taggedFruit_lifespan_2023.csv
2023-08-27,12,,2023,tagged_lifespan_code,data_taggedFruit_lifespan_2023.csv
2023-08-31,12,,2023,tagged_lifespan_code,data_taggedFruit_lifespan_2023.csv
2023-09-05,12,,2023,tagged_lifespan_code,data_taggedFruit_lifespan_2023.csv
2023-09-09,12,,2023,tagged_lifespan_code,data_taggedFruit_lifespan_2023.csv
2023-09-13,12,,2023,tagged_lifespan_code,data_taggedFruit_lifespan_2023.csv
2023-09-17,12,,2023,tagged_lifespan_code,data_taggedFruit_lifespan_2023.csv
2023-09-21,12,,2023,tagged_lifespan_code,data_taggedFruit_lifespan_2023.csv
2023-09-24,12,,2023,tagged_lifespan_code,data_taggedFruit_lifespan_2023.csv
2023-09-28,12,,2023,tagged_lifespan_code,data_taggedFruit_lifespan_2023.csv
2023-07-26,13,1.0,2023,tagged_lifespan_code,data_taggedFruit_lifespan_2023.csv
2023-07-29,13,1.0,2023,tagged_lifespan_code,data_taggedFruit_lifespan_2023.csv
2023-08-01,13,1.0,2023,tagged_lifespan_code,data_taggedFruit_lifespan_2023.csv
2023-08-04,13,1.0,2023,tagged_lifespan_code,data_taggedFruit_lifespan_2023.csv
2023-08-07,13,1.0,2023,tagged_lifespan_code,data_taggedFruit_lifespan_2023.csv
2023-08-11,13,1.0,2023,tagged_lifespan_code,data_taggedFruit_lifespan_2023.csv
2023-08-13,13,1.0,2023,tagged_lifespan_code,data_taggedFruit_lifespan_2023.csv
2023-08-17,13,2.0,2023,tagged_lifespan_code,data_taggedFruit_lifespan_2023.csv
2023-08-21,13,2.0,2023,tagged_lifespan_code,data_taggedFruit_lifespan_2023.csv
2023-08-24,13,2.0,2023,tagged_lifespan_code,data_taggedFruit_lifespan_2023.csv
2023-08-27,13,2.0,2023,tagged_lifespan_code,data_taggedFruit_lifespan_2023.csv
2023-08-31,13,2.0,2023,tagged_lifespan_code,data_taggedFruit_lifespan_2023.csv
2023-09-05,13,2.0,2023,tagged_lifespan_code,data_taggedFruit_lifespan_2023.csv
2023-09-09,13,,2023,tagged_lifespan_code,data_taggedFruit_lifespan_2023.csv
2023-09-13,13,,2023,tagged_lifespan_code,data_taggedFruit_lifespan_2023.csv
2023-09-17,13,,2023,tagged_lifespan_code,data_taggedFruit_lifespan_2023.csv
2023-09-21,13,,2023,tagged_lifespan_code,data_taggedFruit_lifespan_2023.csv
2023-09-24,13,,2023,tagged_lifespan_code,data_taggedFruit_lifespan_2023.csv
2023-09-28,13,,2023,tagged_lifespan_code,data_taggedFruit_lifespan_2023.csv
2023-07-26,14,1.0,2023,tagged_lifespan_code,data_taggedFruit_lifespan_2023.csv
2023-07-29,14,1.0,2023,tagged_lifespan_code,data_taggedFruit_lifespan_2023.csv
2023-08-01,14,1.0,2023,tagged_lifespan_code,data_taggedFruit_lifespan_2023.csv
2023-08-04,14,1.0,2023,tagged_lifespan_code,data_taggedFruit_lifespan_2023.csv
2023-08-07,14,1.0,2023,tagged_lifespan_code,data_taggedFruit_lifespan_2023.csv
2023-08-11,14,1.0,2023,tagged_lifespan_code,data_taggedFruit_lifespan_2023.csv
2023-08-13,14,1.0,2023,tagged_lifespan_code,data_taggedFruit_lifespan_2023.csv
2023-08-17,14,1.0,2023,tagged_lifespan_code,data_taggedFruit_lifespan_2023.csv
2023-08-21,14,2.0,2023,tagged_lifespan_code,data_taggedFruit_lifespan_2023.csv
2023-08-24,14,2.0,2023,tagged_lifespan_code,data_taggedFruit_lifespan_2023.csv
2023-08-27,14,2.0,2023,tagged_lifespan_code,data_taggedFruit_lifespan_2023.csv
2023-08-31,14,2.0,2023,tagged_lifespan_code,data_taggedFruit_lifespan_2023.csv
2023-09-05,14,2.0,2023,tagged_lifespan_code,data_taggedFruit_lifespan_2023.csv
2023-09-09,14,2.0,2023,tagged_lifespan_code,data_taggedFruit_lifespan_2023.csv
2023-09-13,14,2.0,2023,tagged_lifespan_code,data_taggedFruit_lifespan_2023.csv
2023-09-17,14,,2023,tagged_lifespan_code,data_taggedFruit_lifespan_2023.csv
2023-09-21,14,,2023,tagged_lifespan_code,data_taggedFruit_lifespan_2023.csv
2023-09-24,14,,2023,tagged_lifespan_code,data_taggedFruit_lifespan_2023.csv
2023-09-28,14,,2023,tagged_lifespan_code,data_taggedFruit_lifespan_2023.csv
2023-07-26,15,1.0,2023,tagged_lifespan_code,data_taggedFruit_lifespan_2023.csv
2023-07-29,15,1.0,2023,tagged_lifespan_code,data_taggedFruit_lifespan_2023.csv
2023-08-01,15,1.0,2023,tagged_lifespan_code,data_taggedFruit_lifespan_2023.csv
2023-08-04,15,1.0,2023,tagged_lifespan_code,data_taggedFruit_lifespan_2023.csv
2023-08-07,15,1.0,2023,tagged_lifespan_code,data_taggedFruit_lifespan_2023.csv
2023-08-11,15,1.0,2023,tagged_lifespan_code,data_taggedFruit_lifespan_2023.csv
2023-08-13,15,1.0,2023,tagged_lifespan_code,data_taggedFruit_lifespan_2023.csv
2023-08-17,15,2.0,2023,tagged_lifespan_code,data_taggedFruit_lifespan_2023.csv
2023-08-21,15,2.0,2023,tagged_lifespan_code,data_taggedFruit_lifespan_2023.csv
2023-08-24,15,2.0,2023,tagged_lifespan_code,data_taggedFruit_lifespan_2023.csv
2023-08-27,15,2.0,2023,tagged_lifespan_code,data_taggedFruit_lifespan_2023.csv
2023-08-31,15,2.0,2023,tagged_lifespan_code,data_taggedFruit_lifespan_2023.csv
2023-09-05,15,2.0,2023,tagged_lifespan_code,data_taggedFruit_lifespan_2023.csv
2023-09-09,15,,2023,tagged_lifespan_code,data_taggedFruit_lifespan_2023.csv
2023-09-13,15,,2023,tagged_lifespan_code,data_taggedFruit_lifespan_2023.csv
2023-09-17,15,,2023,tagged_lifespan_code,data_taggedFruit_lifespan_2023.csv
2023-09-21,15,,2023,tagged_lifespan_code,data_taggedFruit_lifespan_2023.csv
2023-09-24,15,,2023,tagged_lifespan_code,data_taggedFruit_lifespan_2023.csv
2023-09-28,15,,2023,tagged_lifespan_code,data_taggedFruit_lifespan_2023.csv
2023-07-26,16,1.0,2023,tagged_lifespan_code,data_taggedFruit_lifespan_2023.csv
2023-07-29,16,1.0,2023,tagged_lifespan_code,data_taggedFruit_lifespan_2023.csv
2023-08-01,16,1.0,2023,tagged_lifespan_code,data_taggedFruit_lifespan_2023.csv
2023-08-04,16,1.0,2023,tagged_lifespan_code,data_taggedFruit_lifespan_2023.csv
2023-08-07,16,1.0,2023,tagged_lifespan_code,data_taggedFruit_lifespan_2023.csv
2023-08-11,16,1.0,2023,tagged_lifespan_code,data_taggedFruit_lifespan_2023.csv
2023-08-13,16,1.0,2023,tagged_lifespan_code,data_taggedFruit_lifespan_2023.csv
2023-08-17,16,,2023,tagged_lifespan_code,data_taggedFruit_lifespan_2023.csv
2023-08-21,16,,2023,tagged_lifespan_code,data_taggedFruit_lifespan_2023.csv
2023-08-24,16,,2023,tagged_lifespan_code,data_taggedFruit_lifespan_2023.csv
2023-08-27,16,,2023,tagged_lifespan_code,data_taggedFruit_lifespan_2023.csv
2023-08-31,16,,2023,tagged_lifespan_code,data_taggedFruit_lifespan_2023.csv
2023-09-05,16,,2023,tagged_lifespan_code,data_taggedFruit_lifespan_2023.csv
2023-09-09,16,,2023,tagged_lifespan_code,data_taggedFruit_lifespan_2023.csv
2023-09-13,16,,2023,tagged_lifespan_code,data_taggedFruit_lifespan_2023.csv
2023-09-17,16,,2023,tagged_lifespan_code,data_taggedFruit_lifespan_2023.csv
2023-09-21,16,,2023,tagged_lifespan_code,data_taggedFruit_lifespan_2023.csv
2023-09-24,16,,2023,tagged_lifespan_code,data_taggedFruit_lifespan_2023.csv
2023-09-28,16,,2023,tagged_lifespan_code,data_taggedFruit_lifespan_2023.csv
2023-07-26,17,1.0,2023,tagged_lifespan_code,data_taggedFruit_lifespan_2023.csv
2023-07-29,17,1.0,2023,tagged_lifespan_code,data_taggedFruit_lifespan_2023.csv
2023-08-01,17,1.0,2023,tagged_lifespan_code,data_taggedFruit_lifespan_2023.csv
2023-08-04,17,1.0,2023,tagged_lifespan_code,data_taggedFruit_lifespan_2023.csv
2023-08-07,17,1.0,2023,tagged_lifespan_code,data_taggedFruit_lifespan_2023.csv
2023-08-11,17,1.0,2023,tagged_lifespan_code,data_taggedFruit_lifespan_2023.csv
2023-08-13,17,2.0,2023,tagged_lifespan_code,data_taggedFruit_lifespan_2023.csv
2023-08-17,17,2.0,2023,tagged_lifespan_code,data_taggedFruit_lifespan_2023.csv
2023-08-21,17,2.0,2023,tagged_lifespan_code,data_taggedFruit_lifespan_2023.csv
2023-08-24,17,2.0,2023,tagged_lifespan_code,data_taggedFruit_lifespan_2023.csv
2023-08-27,17,2.0,2023,tagged_lifespan_code,data_taggedFruit_lifespan_2023.csv
2023-08-31,17,2.0,2023,tagged_lifespan_code,data_taggedFruit_lifespan_2023.csv
2023-09-05,17,,2023,tagged_lifespan_code,data_taggedFruit_lifespan_2023.csv
2023-09-09,17,,2023,tagged_lifespan_code,data_taggedFruit_lifespan_2023.csv
2023-09-13,17,,2023,tagged_lifespan_code,data_taggedFruit_lifespan_2023.csv
2023-09-17,17,,2023,tagged_lifespan_code,data_taggedFruit_lifespan_2023.csv
2023-09-21,17,,2023,tagged_lifespan_code,data_taggedFruit_lifespan_2023.csv
2023-09-24,17,,2023,tagged_lifespan_code,data_taggedFruit_lifespan_2023.csv
2023-09-28,17,,2023,tagged_lifespan_code,data_taggedFruit_lifespan_2023.csv
2023-07-26,18,1.0,2023,tagged_lifespan_code,data_taggedFruit_lifespan_2023.csv
2023-07-29,18,1.0,2023,tagged_lifespan_code,data_taggedFruit_lifespan_2023.csv
2023-08-01,18,1.0,2023,tagged_lifespan_code,data_taggedFruit_lifespan_2023.csv
2023-08-04,18,1.0,2023,tagged_lifespan_code,data_taggedFruit_lifespan_2023.csv
2023-08-07,18,1.0,2023,tagged_lifespan_code,data_taggedFruit_lifespan_2023.csv
2023-08-11,18,1.0,2023,tagged_lifespan_code,data_taggedFruit_lifespan_2023.csv
2023-08-13,18,1.0,2023,tagged_lifespan_code,data_taggedFruit_lifespan_2023.csv
2023-08-17,18,,2023,tagged_lifespan_code,data_taggedFruit_lifespan_2023.csv
2023-08-21,18,,2023,tagged_lifespan_code,data_taggedFruit_lifespan_2023.csv
2023-08-24,18,,2023,tagged_lifespan_code,data_taggedFruit_lifespan_2023.csv
2023-08-27,18,,2023,tagged_lifespan_code,data_taggedFruit_lifespan_2023.csv
2023-08-31,18,,2023,tagged_lifespan_code,data_taggedFruit_lifespan_2023.csv
2023-09-05,18,,2023,tagged_lifespan_code,data_taggedFruit_lifespan_2023.csv
2023-09-09,18,,2023,tagged_lifespan_code,data_taggedFruit_lifespan_2023.csv
2023-09-13,18,,2023,tagged_lifespan_code,data_taggedFruit_lifespan_2023.csv
2023-09-17,18,,2023,tagged_lifespan_code,data_taggedFruit_lifespan_2023.csv
2023-09-21,18,,2023,tagged_lifespan_code,data_taggedFruit_lifespan_2023.csv
2023-09-24,18,,2023,tagged_lifespan_code,data_taggedFruit_lifespan_2023.csv
2023-09-28,18,,2023,tagged_lifespan_code,data_taggedFruit_lifespan_2023.csv
2023-07-26,19,1.0,2023,tagged_lifespan_code,data_taggedFruit_lifespan_2023.csv
2023-07-29,19,1.0,2023,tagged_lifespan_code,data_taggedFruit_lifespan_2023.csv
2023-08-01,19,1.0,2023,tagged_lifespan_code,data_taggedFruit_lifespan_2023.csv
2023-08-04,19,1.0,2023,tagged_lifespan_code,data_taggedFruit_lifespan_2023.csv
2023-08-07,19,1.0,2023,tagged_lifespan_code,data_taggedFruit_lifespan_2023.csv
2023-08-11,19,1.0,2023,tagged_lifespan_code,data_taggedFruit_lifespan_2023.csv
2023-08-13,19,,2023,tagged_lifespan_code,data_taggedFruit_lifespan_2023.csv
2023-08-17,19,,2023,tagged_lifespan_code,data_taggedFruit_lifespan_2023.csv
2023-08-21,19,,2023,tagged_lifespan_code,data_taggedFruit_lifespan_2023.csv
2023-08-24,19,2.0,2023,tagged_lifespan_code,data_taggedFruit_lifespan_2023.csv
2023-08-27,19,2.0,2023,tagged_lifespan_code,data_taggedFruit_lifespan_2023.csv
2023-08-31,19,2.0,2023,tagged_lifespan_code,data_taggedFruit_lifespan_2023.csv
2023-09-05,19,2.0,2023,tagged_lifespan_code,data_taggedFruit_lifespan_2023.csv
2023-09-09,19,2.0,2023,tagged_lifespan_code,data_taggedFruit_lifespan_2023.csv
2023-09-13,19,2.0,2023,tagged_lifespan_code,data_taggedFruit_lifespan_2023.csv
2023-09-17,19,2.0,2023,tagged_lifespan_code,data_taggedFruit_lifespan_2023.csv
2023-09-21,19,2.0,2023,tagged_lifespan_code,data_taggedFruit_lifespan_2023.csv
2023-09-24,19,2.0,2023,tagged_lifespan_code,data_taggedFruit_lifespan_2023.csv
2023-09-28,19,2.0,2023,tagged_lifespan_code,data_taggedFruit_lifespan_2023.csv
2023-07-26,20,1.0,2023,tagged_lifespan_code,data_taggedFruit_lifespan_2023.csv
2023-07-29,20,1.0,2023,tagged_lifespan_code,data_taggedFruit_lifespan_2023.csv
2023-08-01,20,1.0,2023,tagged_lifespan_code,data_taggedFruit_lifespan_2023.csv
2023-08-04,20,1.0,2023,tagged_lifespan_code,data_taggedFruit_lifespan_2023.csv
2023-08-07,20,1.0,2023,tagged_lifespan_code,data_taggedFruit_lifespan_2023.csv
2023-08-11,20,1.0,2023,tagged_lifespan_code,data_taggedFruit_lifespan_2023.csv
2023-08-13,20,1.0,2023,tagged_lifespan_code,data_taggedFruit_lifespan_2023.csv
2023-08-17,20,,2023,tagged_lifespan_code,data_taggedFruit_lifespan_2023.csv
2023-08-21,20,,2023,tagged_lifespan_code,data_taggedFruit_lifespan_2023.csv
2023-08-24,20,2.0,2023,tagged_lifespan_code,data_taggedFruit_lifespan_2023.csv
2023-08-27,20,2.0,2023,tagged_lifespan_code,data_taggedFruit_lifespan_2023.csv
2023-08-31,20,2.0,2023,tagged_lifespan_code,data_taggedFruit_lifespan_2023.csv
2023-09-05,20,2.0,2023,tagged_lifespan_code,data_taggedFruit_lifespan_2023.csv
2023-09-09,20,2.0,2023,tagged_lifespan_code,data_taggedFruit_lifespan_2023.csv
2023-09-13,20,2.0,2023,tagged_lifespan_code,data_taggedFruit_lifespan_2023.csv
2023-09-17,20,2.0,2023,tagged_lifespan_code,data_taggedFruit_lifespan_2023.csv
2023-09-21,20,,2023,tagged_lifespan_code,data_taggedFruit_lifespan_2023.csv
2023-09-24,20,,2023,tagged_lifespan_code,data_taggedFruit_lifespan_2023.csv
2023-09-28,20,,2023,tagged_lifespan_code,data_taggedFruit_lifespan_2023.csv
